customer_id,Segment,Total_score,L_score,R_score,F_score,S_score,first_visit,last_visit,L_days,R_days,F_count,S_value,region,primary_device,visitor_type
2395,Gold,15,4,5,4,2,2024-09-03,2025-08-22,353,3,10,609.75,Central,Desktop,New
3068,Gold,15,4,5,4,2,2024-09-29,2025-08-22,327,3,10,558.93,East,Desktop,New
30,Silver,14,4,4,4,2,2024-08-30,2025-08-15,350,10,10,539.67,East,Desktop,New
31,Silver,14,4,4,4,2,2024-09-24,2025-08-14,324,11,13,691.26,Central,Desktop,New
286,Silver,14,4,5,3,2,2024-09-06,2025-08-22,350,3,7,516.65,Central,Desktop,New
406,Silver,14,4,5,3,2,2024-11-24,2025-08-20,269,5,8,505.77,Central,Desktop,New
438,Silver,14,4,4,4,2,2024-09-08,2025-08-15,341,10,13,528.28,Central,Desktop,New
568,Silver,14,4,5,3,2,2024-09-16,2025-08-24,342,1,8,505.13,Central,Desktop,New
736,Silver,14,4,5,4,1,2024-08-26,2025-08-25,364,0,12,197.20,Central,Desktop,Returning
874,Silver,14,4,4,4,2,2024-10-07,2025-08-12,309,13,10,599.98,Central,Desktop,New
900,Silver,14,4,5,4,1,2024-12-02,2025-08-25,266,0,11,439.31,East,Desktop,New
1482,Silver,14,4,4,4,2,2025-01-20,2025-08-15,207,10,11,501.73,Central,Desktop,New
1552,Silver,14,4,5,4,1,2024-09-27,2025-08-20,327,5,11,477.48,Central,Desktop,New
1758,Silver,14,4,5,4,1,2024-09-14,2025-08-23,343,2,10,357.68,East,Desktop,New
1863,Silver,14,4,5,3,2,2024-09-16,2025-08-25,343,0,8,571.95,Central,Desktop,New
1910,Silver,14,4,5,3,2,2024-09-14,2025-08-25,345,0,8,562.64,East,Desktop,New
2229,Silver,14,4,5,4,1,2024-09-07,2025-08-25,352,0,10,446.99,North,Desktop,New
2427,Silver,14,4,5,4,1,2024-09-12,2025-08-23,345,2,10,373.12,East,Desktop,New
2667,Silver,14,4,5,3,2,2024-10-29,2025-08-25,300,0,6,506.49,Central,Desktop,Returning
2772,Silver,14,4,5,3,2,2024-09-19,2025-08-21,336,4,8,686.58,East,Desktop,Returning
2939,Silver,14,4,4,4,2,2024-10-10,2025-08-10,304,15,10,660.12,International,Desktop,New
3213,Silver,14,4,4,4,2,2024-09-01,2025-08-14,347,11,10,526.13,East,Desktop,New
3218,Silver,14,4,4,4,2,2024-09-14,2025-08-11,331,14,10,516.44,Central,Desktop,New
3539,Silver,14,4,4,4,2,2024-09-01,2025-08-14,347,11,10,520.86,East,Desktop,New
3666,Silver,14,4,5,3,2,2025-01-14,2025-08-25,223,0,7,604.10,Central,Desktop,Returning
3703,Silver,14,4,5,3,2,2024-10-20,2025-08-21,305,4,7,535.38,Central,Desktop,New
3716,Silver,14,4,5,4,1,2024-09-18,2025-08-25,341,0,10,409.83,Central,Desktop,New
3780,Silver,14,4,4,4,2,2024-10-10,2025-08-16,310,9,10,552.22,Central,Desktop,New
3962,Silver,14,4,5,3,2,2024-09-25,2025-08-20,329,5,8,569.29,Central,Desktop,New
4087,Silver,14,4,4,4,2,2024-09-28,2025-08-14,320,11,12,607.50,Central,Desktop,New
4097,Silver,14,4,4,4,2,2024-09-24,2025-08-18,328,7,11,616.17,Central,Desktop,New
4750,Silver,14,4,5,4,1,2024-09-01,2025-08-25,358,0,10,428.58,Central,Desktop,New
3706,Silver,13,4,5,3,1,2024-10-01,2025-08-21,324,4,8,447.79,Central,Desktop,New
3711,Silver,13,4,5,3,1,2024-09-22,2025-08-20,332,5,6,294.57,Central,Desktop,Returning
3729,Silver,13,4,5,3,1,2024-10-26,2025-08-22,300,3,6,454.99,East,Desktop,Returning
3756,Silver,13,4,5,3,1,2024-09-18,2025-08-22,338,3,6,243.70,Central,Desktop,New
3809,Silver,13,4,5,3,1,2024-08-28,2025-08-23,360,2,8,499.76,Central,Desktop,New
3898,Silver,13,4,5,3,1,2024-08-31,2025-08-21,355,4,9,379.48,East,Desktop,New
3900,Silver,13,4,5,3,1,2024-10-11,2025-08-24,317,1,7,425.55,Central,Desktop,New
3906,Silver,13,4,5,3,1,2024-10-01,2025-08-21,324,4,8,469.91,Central,Desktop,New
3943,Silver,13,4,5,3,1,2024-09-14,2025-08-21,341,4,6,267.70,Central,Desktop,New
3955,Silver,13,4,5,3,1,2024-12-19,2025-08-21,245,4,6,249.75,Central,Desktop,New
3980,Silver,13,4,5,3,1,2024-12-03,2025-08-23,263,2,7,470.51,Central,Desktop,New
3992,Silver,13,4,5,3,1,2024-09-24,2025-08-25,335,0,6,331.92,Central,Desktop,New
3994,Silver,13,4,5,3,1,2024-09-30,2025-08-23,327,2,7,458.29,Central,Desktop,New
4028,Silver,13,4,5,3,1,2024-10-11,2025-08-24,317,1,6,473.86,Central,Desktop,New
4076,Silver,13,4,5,3,1,2024-09-08,2025-08-22,348,3,7,368.09,East,Desktop,New
4187,Silver,13,4,5,3,1,2024-09-12,2025-08-24,346,1,7,473.31,Central,Desktop,New
4210,Silver,13,4,5,3,1,2024-11-06,2025-08-23,290,2,6,204.14,Central,Desktop,Returning
4248,Silver,13,4,5,3,1,2024-09-07,2025-08-22,349,3,7,380.34,Central,Desktop,New
4289,Silver,13,4,5,3,1,2024-09-15,2025-08-23,342,2,7,260.73,International,Desktop,New
4380,Silver,13,4,5,3,1,2024-09-28,2025-08-22,328,3,6,480.18,Central,Desktop,New
4394,Silver,13,4,4,3,2,2024-09-16,2025-08-14,332,11,8,513.87,Central,Desktop,New
4420,Silver,13,4,4,4,1,2024-08-27,2025-08-17,355,8,10,480.35,Central,Desktop,New
4462,Silver,13,4,5,3,1,2024-11-21,2025-08-24,276,1,7,406.70,Central,Desktop,New
4505,Silver,13,4,4,3,2,2024-11-25,2025-08-16,264,9,7,580.88,Central,Mobile,New
4578,Silver,13,4,5,3,1,2024-10-24,2025-08-23,303,2,6,328.33,Central,Desktop,New
4590,Silver,13,4,5,3,1,2024-09-12,2025-08-25,347,0,8,258.95,Central,Desktop,New
4613,Silver,13,4,5,3,1,2024-09-27,2025-08-21,328,4,7,474.86,Central,Desktop,Returning
4617,Silver,13,4,5,3,1,2024-09-27,2025-08-22,329,3,7,499.61,East,Desktop,New
4622,Silver,13,4,5,3,1,2024-08-30,2025-08-20,355,5,9,292.99,Central,Desktop,New
4635,Silver,13,4,3,4,2,2024-08-28,2025-08-05,342,20,13,536.75,Central,Desktop,New
4646,Silver,13,4,4,3,2,2024-09-27,2025-08-12,319,13,8,506.71,Central,Desktop,New
4655,Silver,13,4,5,3,1,2024-09-04,2025-08-24,354,1,6,112.05,East,Desktop,New
4724,Silver,13,4,5,3,1,2024-09-17,2025-08-25,342,0,7,315.09,Central,Desktop,New
4787,Silver,13,4,4,3,2,2024-09-18,2025-08-16,332,9,9,696.53,Central,Desktop,New
4859,Silver,13,4,5,3,1,2024-10-26,2025-08-20,298,5,7,164.68,Central,Desktop,New
4864,Silver,13,4,5,3,1,2024-10-07,2025-08-22,319,3,7,369.98,East,Desktop,New
4870,Silver,13,4,5,3,1,2024-10-31,2025-08-25,298,0,9,416.83,East,Desktop,New
9,Silver,13,4,5,3,1,2024-10-02,2025-08-24,326,1,9,477.03,Central,Desktop,New
13,Silver,13,4,5,3,1,2024-09-01,2025-08-22,355,3,6,285.12,East,Desktop,New
41,Silver,13,4,4,3,2,2024-09-04,2025-08-11,341,14,7,505.26,Central,Desktop,New
52,Silver,13,4,5,3,1,2024-09-25,2025-08-25,334,0,7,450.65,East,Desktop,New
61,Silver,13,4,4,4,1,2024-10-03,2025-08-11,312,14,13,380.71,Central,Desktop,New
96,Silver,13,4,5,3,1,2024-10-05,2025-08-22,321,3,7,221.45,Central,Desktop,Returning
101,Silver,13,4,5,3,1,2024-09-12,2025-08-25,347,0,7,387.50,Central,Desktop,New
153,Silver,13,4,3,4,2,2024-10-11,2025-07-30,292,26,11,522.27,Central,Desktop,New
208,Silver,13,4,4,4,1,2024-09-10,2025-08-12,336,13,11,473.20,Central,Desktop,New
281,Silver,13,4,5,3,1,2024-11-08,2025-08-24,289,1,7,399.39,Central,Desktop,New
307,Silver,13,4,5,3,1,2024-09-11,2025-08-25,348,0,9,459.43,Central,Desktop,New
377,Silver,13,4,5,3,1,2024-09-04,2025-08-23,353,2,7,379.03,Central,Desktop,New
451,Silver,13,4,5,3,1,2024-10-01,2025-08-22,325,3,6,280.30,Central,Desktop,Returning
496,Silver,13,4,4,4,1,2024-10-02,2025-08-10,312,15,10,431.26,Central,Desktop,New
498,Silver,13,4,5,3,1,2024-11-26,2025-08-23,270,2,7,380.29,Central,Desktop,New
541,Silver,13,4,4,3,2,2024-09-10,2025-08-11,335,14,8,636.88,International,Desktop,Returning
543,Silver,13,4,5,3,1,2024-09-14,2025-08-23,343,2,7,472.16,Central,Desktop,New
614,Silver,13,4,4,4,1,2024-11-16,2025-08-10,267,15,10,485.09,Central,Desktop,New
631,Silver,13,4,3,4,2,2024-09-09,2025-08-07,332,18,11,573.53,Central,Desktop,Returning
696,Silver,13,4,5,3,1,2024-09-22,2025-08-24,336,1,7,245.12,Central,Desktop,New
761,Silver,13,4,5,3,1,2024-11-16,2025-08-24,281,1,6,232.82,Central,Desktop,New
763,Silver,13,4,4,3,2,2024-08-27,2025-08-13,351,12,9,569.50,Central,Desktop,New
860,Silver,13,4,5,3,1,2024-10-14,2025-08-24,314,1,7,340.97,International,Desktop,Returning
924,Silver,13,4,5,3,1,2024-12-26,2025-08-24,241,1,7,483.69,Central,Desktop,New
930,Silver,13,4,5,3,1,2024-11-10,2025-08-20,283,5,7,270.59,Central,Desktop,New
943,Silver,13,4,5,3,1,2024-12-02,2025-08-23,264,2,7,341.88,Central,Desktop,New
959,Silver,13,4,5,3,1,2024-09-09,2025-08-25,350,0,7,196.69,Central,Desktop,New
984,Silver,13,4,3,4,2,2024-09-25,2025-07-27,305,29,11,780.72,Central,Desktop,Returning
1060,Silver,13,4,3,4,2,2024-09-15,2025-07-29,317,27,12,824.23,East,Desktop,New
1065,Silver,13,4,5,3,1,2024-09-14,2025-08-25,345,0,7,194.19,Central,Desktop,New
1220,Silver,13,4,4,3,2,2024-11-01,2025-08-14,286,11,9,521.29,Central,Desktop,New
1241,Silver,13,4,5,3,1,2024-11-13,2025-08-22,282,3,6,189.36,Central,Desktop,New
1261,Silver,13,4,5,3,1,2024-12-19,2025-08-25,249,0,7,325.51,East,Desktop,New
1267,Silver,13,4,5,3,1,2024-12-03,2025-08-23,263,2,8,412.31,International,Desktop,New
1283,Silver,13,4,5,3,1,2024-09-27,2025-08-21,328,4,8,330.73,Central,Desktop,New
1321,Silver,13,4,5,3,1,2024-09-22,2025-08-24,336,1,7,499.61,Central,Mobile,Returning
1337,Silver,13,4,5,3,1,2024-10-22,2025-08-21,303,4,6,266.22,Central,Desktop,New
1505,Silver,13,4,5,3,1,2024-10-18,2025-08-24,310,1,6,400.86,Central,Desktop,Returning
1567,Silver,13,4,5,3,1,2024-10-13,2025-08-20,311,5,6,178.62,Central,Desktop,New
1656,Silver,13,4,5,3,1,2024-09-24,2025-08-22,332,3,6,229.11,Central,Desktop,New
1661,Silver,13,4,5,3,1,2024-11-07,2025-08-21,287,4,6,350.00,East,Desktop,New
1663,Silver,13,4,5,3,1,2024-11-23,2025-08-20,270,5,8,440.31,East,Desktop,New
1683,Silver,13,4,4,3,2,2024-08-26,2025-08-15,354,10,8,539.45,Central,Desktop,New
1695,Silver,13,4,5,3,1,2024-10-13,2025-08-25,316,0,7,211.08,Central,Mobile,Returning
1702,Silver,13,4,4,4,1,2024-09-28,2025-08-10,316,15,10,261.46,Central,Desktop,Returning
1710,Silver,13,4,5,3,1,2024-09-01,2025-08-25,358,0,8,325.94,East,Mobile,New
1716,Silver,13,4,5,3,1,2024-08-27,2025-08-24,362,1,7,364.93,Central,Desktop,New
1800,Silver,13,4,5,3,1,2024-12-16,2025-08-23,250,2,6,251.01,Central,Desktop,New
1803,Silver,13,4,5,3,1,2024-08-31,2025-08-24,358,1,6,350.68,East,Mobile,New
1817,Silver,13,4,5,3,1,2024-08-27,2025-08-23,361,2,9,383.84,East,Desktop,New
1846,Silver,13,4,3,4,2,2024-09-13,2025-08-03,324,22,10,586.41,Central,Desktop,Returning
1881,Silver,13,4,5,3,1,2024-12-14,2025-08-20,249,5,7,305.80,Central,Desktop,New
1901,Silver,13,4,5,3,1,2024-09-02,2025-08-25,357,0,6,328.39,Central,Desktop,New
1906,Silver,13,4,5,3,1,2024-12-07,2025-08-22,258,3,6,453.89,East,Desktop,Returning
1922,Silver,13,4,5,3,1,2024-12-02,2025-08-22,263,3,7,325.31,Central,Desktop,New
1928,Silver,13,4,5,3,1,2024-09-15,2025-08-24,343,1,7,418.70,East,Desktop,New
1957,Silver,13,4,5,3,1,2024-10-29,2025-08-23,298,2,6,441.78,East,Desktop,New
1974,Silver,13,4,5,3,1,2024-09-19,2025-08-24,339,1,7,407.24,Central,Desktop,New
1975,Silver,13,4,5,3,1,2024-09-13,2025-08-20,341,5,9,375.23,Central,Desktop,New
2106,Silver,13,4,4,3,2,2024-10-20,2025-08-11,295,14,8,693.83,Central,Desktop,New
2134,Silver,13,4,5,3,1,2024-10-08,2025-08-21,317,4,7,387.54,Central,Desktop,New
2148,Silver,13,4,5,3,1,2024-09-19,2025-08-20,335,5,6,368.54,Central,Desktop,New
2170,Silver,13,4,5,3,1,2025-02-09,2025-08-25,197,0,7,457.29,Central,Mobile,Returning
2187,Silver,13,4,3,4,2,2024-11-02,2025-08-06,277,19,10,593.34,Central,Desktop,New
2188,Silver,13,4,5,3,1,2024-09-01,2025-08-20,353,5,6,210.61,East,Desktop,New
2190,Silver,13,4,5,3,1,2024-09-15,2025-08-22,341,3,8,367.47,Central,Desktop,New
2210,Silver,13,4,5,3,1,2024-12-23,2025-08-23,243,2,7,306.18,International,Desktop,New
2221,Silver,13,4,5,3,1,2024-09-07,2025-08-24,351,1,7,283.19,Central,Desktop,Returning
2251,Silver,13,4,5,3,1,2024-09-28,2025-08-25,331,0,6,409.40,Central,Desktop,New
2264,Silver,13,4,5,3,1,2025-02-04,2025-08-22,199,3,6,407.90,Central,Mobile,Returning
2288,Silver,13,4,4,3,2,2024-10-31,2025-08-10,283,15,7,541.42,East,Desktop,New
2309,Silver,13,4,5,3,1,2024-09-21,2025-08-22,335,3,6,313.55,East,Desktop,Returning
2310,Silver,13,4,5,3,1,2024-10-01,2025-08-24,327,1,6,284.63,Central,Desktop,New
2323,Silver,13,4,5,3,1,2025-01-15,2025-08-24,221,1,8,376.07,East,Desktop,New
2337,Silver,13,4,4,3,2,2024-09-23,2025-08-18,329,7,8,662.78,Central,Desktop,New
2375,Silver,13,4,5,3,1,2024-08-29,2025-08-23,359,2,9,383.25,Central,Desktop,New
2376,Silver,13,4,5,3,1,2024-09-04,2025-08-20,350,5,7,310.02,Central,Desktop,New
2463,Silver,13,4,5,3,1,2024-09-10,2025-08-25,349,0,6,205.31,Central,Desktop,New
2508,Silver,13,4,4,3,2,2024-10-20,2025-08-17,301,8,6,607.48,Central,Desktop,New
2569,Silver,13,4,5,3,1,2024-09-24,2025-08-20,330,5,6,190.87,Central,Desktop,New
2596,Silver,13,4,4,3,2,2025-01-04,2025-08-14,222,11,9,615.74,East,Desktop,Returning
2632,Silver,13,4,5,3,1,2025-02-14,2025-08-25,192,0,8,301.98,Central,Desktop,New
2675,Silver,13,4,5,3,1,2024-10-08,2025-08-21,317,4,7,322.61,East,Desktop,New
2685,Silver,13,4,5,3,1,2024-09-02,2025-08-25,357,0,7,147.61,Central,Mobile,New
2703,Silver,13,4,5,3,1,2024-10-02,2025-08-21,323,4,8,485.03,Central,Desktop,New
2745,Silver,13,4,5,3,1,2024-12-01,2025-08-22,264,3,9,429.06,International,Desktop,New
2762,Silver,13,4,5,3,1,2024-12-24,2025-08-23,242,2,6,376.58,Central,Desktop,New
2786,Silver,13,4,5,3,1,2025-02-11,2025-08-22,192,3,8,164.89,East,Desktop,New
2919,Silver,13,4,5,3,1,2024-08-26,2025-08-22,361,3,6,389.14,East,Desktop,Returning
2999,Silver,13,4,4,3,2,2024-09-08,2025-08-15,341,10,7,543.38,East,Desktop,New
3047,Silver,13,4,5,3,1,2024-10-28,2025-08-23,299,2,6,325.58,Central,Desktop,New
3081,Silver,13,4,5,3,1,2024-11-28,2025-08-21,266,4,6,237.00,Central,Desktop,New
3109,Silver,13,4,3,4,2,2024-09-15,2025-08-07,326,18,10,550.56,Central,Desktop,New
3140,Silver,13,4,5,3,1,2024-09-03,2025-08-21,352,4,7,251.42,East,Desktop,New
3261,Silver,13,4,5,3,1,2024-09-16,2025-08-25,343,0,6,216.80,Central,Desktop,Returning
3286,Silver,13,4,5,3,1,2025-01-12,2025-08-22,222,3,6,317.65,Central,Desktop,New
3330,Silver,13,4,5,3,1,2024-12-06,2025-08-20,257,5,6,157.88,Central,Desktop,New
3370,Silver,13,4,5,3,1,2024-11-22,2025-08-24,275,1,6,283.14,International,Desktop,New
3404,Silver,13,4,5,3,1,2024-10-31,2025-08-25,298,0,9,365.26,Central,Desktop,Returning
3410,Silver,13,4,5,3,1,2025-02-08,2025-08-22,195,3,6,165.73,Central,Mobile,New
3422,Silver,13,4,5,3,1,2024-10-06,2025-08-21,319,4,6,357.18,International,Desktop,New
3453,Silver,13,4,5,3,1,2024-08-26,2025-08-21,360,4,7,293.73,Central,Desktop,New
3454,Silver,13,4,3,4,2,2024-09-17,2025-08-09,326,16,10,608.14,Central,Desktop,New
3528,Silver,13,4,4,3,2,2024-09-05,2025-08-19,348,6,8,541.75,East,Desktop,New
3535,Silver,13,4,5,3,1,2024-10-22,2025-08-21,303,4,7,310.64,Central,Desktop,Returning
37,Silver,12,4,4,3,1,2024-10-14,2025-08-18,308,7,7,393.92,Central,Desktop,New
45,Silver,12,4,5,2,1,2024-09-02,2025-08-21,353,4,5,175.47,Central,Desktop,New
50,Silver,12,4,5,2,1,2024-12-27,2025-08-21,237,4,5,113.08,East,Desktop,New
55,Silver,12,4,5,2,1,2024-09-17,2025-08-25,342,0,5,267.12,International,Desktop,Returning
60,Silver,12,4,4,3,1,2025-02-02,2025-08-16,195,9,6,328.81,Central,Mobile,Returning
68,Silver,12,4,5,2,1,2024-09-21,2025-08-21,334,4,5,128.00,Central,Desktop,New
80,Silver,12,4,5,2,1,2024-12-29,2025-08-21,235,4,4,127.47,East,Desktop,Returning
89,Silver,12,4,4,3,1,2024-09-22,2025-08-16,328,9,7,251.69,Central,Desktop,New
98,Silver,12,4,3,3,2,2024-09-18,2025-07-30,315,26,9,660.44,East,Desktop,New
99,Silver,12,4,4,3,1,2024-08-31,2025-08-16,350,9,8,379.16,Central,Desktop,New
108,Silver,12,4,5,2,1,2024-09-28,2025-08-20,326,5,4,110.09,North,Desktop,New
131,Silver,12,4,5,2,1,2024-11-23,2025-08-21,271,4,4,348.99,North,Desktop,Returning
139,Silver,12,4,4,3,1,2024-11-10,2025-08-10,273,15,7,167.15,Central,Desktop,New
150,Silver,12,4,3,3,2,2024-09-01,2025-08-01,334,24,8,618.08,Central,Desktop,New
172,Silver,12,4,5,2,1,2024-09-18,2025-08-25,341,0,4,244.64,International,Mobile,New
174,Silver,12,4,4,3,1,2024-10-09,2025-08-14,309,11,9,330.26,Central,Desktop,New
186,Silver,12,4,3,4,1,2024-09-15,2025-08-01,320,24,10,355.35,East,Desktop,New
188,Silver,12,4,4,3,1,2024-08-28,2025-08-18,355,7,8,353.05,Central,Desktop,New
189,Silver,12,4,2,4,2,2024-08-30,2025-07-20,324,36,10,559.97,Central,Desktop,New
191,Silver,12,4,5,2,1,2024-10-07,2025-08-21,318,4,4,145.99,International,Desktop,Returning
196,Silver,12,4,4,3,1,2024-09-10,2025-08-17,341,8,9,412.09,Central,Desktop,New
218,Silver,12,4,4,3,1,2024-10-10,2025-08-19,313,6,7,215.85,Central,Desktop,New
222,Silver,12,4,4,3,1,2024-12-31,2025-08-15,227,10,6,385.16,Central,Desktop,Returning
253,Silver,12,4,5,2,1,2024-08-31,2025-08-22,356,3,4,204.14,Central,Desktop,Returning
269,Silver,12,4,5,2,1,2024-09-02,2025-08-23,355,2,5,311.55,Central,Desktop,New
340,Silver,12,4,5,2,1,2025-01-20,2025-08-23,215,2,4,410.79,Central,Desktop,Returning
342,Silver,12,4,4,3,1,2024-09-27,2025-08-17,324,8,6,278.15,East,Desktop,New
344,Silver,12,4,3,3,2,2024-09-07,2025-08-02,329,23,9,610.59,Central,Desktop,New
360,Silver,12,4,4,3,1,2024-09-28,2025-08-17,323,8,6,240.09,Central,Mobile,New
363,Silver,12,4,4,3,1,2024-11-07,2025-08-13,279,12,6,306.38,Central,Desktop,Returning
398,Silver,12,4,4,3,1,2024-08-30,2025-08-14,349,11,6,319.29,International,Desktop,New
427,Silver,12,4,5,2,1,2024-09-30,2025-08-23,327,2,5,202.81,East,Desktop,New
431,Silver,12,4,3,4,1,2024-10-04,2025-08-06,306,19,10,430.09,Central,Desktop,New
489,Silver,12,4,5,2,1,2024-11-08,2025-08-23,288,2,4,357.60,North,Desktop,New
491,Silver,12,4,4,3,1,2024-09-29,2025-08-15,320,10,7,424.01,Central,Desktop,New
506,Silver,12,4,4,3,1,2024-12-30,2025-08-10,223,15,6,310.28,Central,Desktop,New
512,Silver,12,4,4,3,1,2024-09-24,2025-08-10,320,15,6,362.34,Central,Mobile,New
518,Silver,12,4,5,2,1,2025-01-13,2025-08-22,221,3,3,156.31,Central,Desktop,New
534,Silver,12,4,5,2,1,2024-10-26,2025-08-21,299,4,4,188.64,East,Desktop,Returning
556,Silver,12,4,3,3,2,2024-10-15,2025-08-05,294,20,6,537.90,Central,Desktop,New
558,Silver,12,4,4,3,1,2024-09-22,2025-08-17,329,8,6,246.68,International,Mobile,New
574,Silver,12,4,4,3,1,2024-08-30,2025-08-19,354,6,6,439.20,Central,Desktop,New
597,Silver,12,4,3,3,2,2024-09-07,2025-08-09,336,16,7,504.46,International,Desktop,New
598,Silver,12,4,5,2,1,2024-09-15,2025-08-20,339,5,4,130.95,Central,Mobile,New
703,Silver,12,4,4,3,1,2025-02-07,2025-08-10,184,15,7,183.17,Central,Desktop,New
708,Silver,12,4,4,3,1,2025-01-29,2025-08-17,200,8,6,425.22,Central,Mobile,New
717,Silver,12,4,5,2,1,2024-09-08,2025-08-21,347,4,3,179.73,Central,Desktop,Returning
719,Silver,12,4,5,2,1,2024-11-06,2025-08-24,291,1,3,161.09,Central,Mobile,Returning
751,Silver,12,4,4,3,1,2024-09-30,2025-08-16,320,9,8,494.40,East,Desktop,New
754,Silver,12,4,4,3,1,2024-12-01,2025-08-16,258,9,7,391.92,Central,Mobile,Returning
755,Silver,12,4,5,2,1,2024-09-05,2025-08-23,352,2,5,218.73,International,Desktop,New
760,Silver,12,4,4,3,1,2024-12-03,2025-08-18,258,7,8,434.77,Central,Desktop,New
792,Silver,12,4,5,2,1,2024-10-12,2025-08-20,312,5,3,97.53,North,Desktop,Returning
803,Silver,12,4,5,2,1,2024-10-04,2025-08-22,322,3,4,204.76,International,Desktop,New
822,Silver,12,4,4,3,1,2024-09-28,2025-08-16,322,9,7,345.96,Central,Desktop,Returning
832,Silver,12,4,5,2,1,2024-10-15,2025-08-25,314,0,4,318.94,Central,Desktop,New
853,Silver,12,4,5,2,1,2024-09-15,2025-08-21,340,4,4,159.55,Central,Desktop,New
870,Silver,12,4,5,2,1,2024-09-24,2025-08-21,331,4,2,45.82,International,Mobile,Returning
896,Silver,12,4,4,3,1,2024-08-31,2025-08-13,347,12,6,411.04,East,Desktop,New
918,Silver,12,4,4,3,1,2024-10-27,2025-08-14,291,11,6,155.39,East,Desktop,New
919,Silver,12,4,5,2,1,2024-10-05,2025-08-23,322,2,5,372.06,Central,Desktop,Returning
963,Silver,12,4,4,3,1,2024-09-25,2025-08-19,328,6,6,302.81,East,Desktop,New
1010,Silver,12,4,5,2,1,2024-10-10,2025-08-20,314,5,5,278.99,East,Desktop,New
1022,Silver,12,4,4,3,1,2025-01-28,2025-08-18,202,7,6,306.61,North,Desktop,New
1057,Silver,12,4,4,3,1,2024-12-02,2025-08-13,254,12,7,342.95,Central,Desktop,Returning
1062,Silver,12,4,4,3,1,2025-01-09,2025-08-19,222,6,6,349.83,Central,Desktop,Returning
1090,Silver,12,4,3,3,2,2024-12-09,2025-07-30,233,26,7,654.58,Central,Desktop,New
1126,Silver,12,4,4,3,1,2024-10-12,2025-08-14,306,11,9,466.46,Central,Desktop,New
1148,Silver,12,4,4,3,1,2024-09-05,2025-08-14,343,11,8,410.35,Central,Desktop,New
1157,Silver,12,4,4,3,1,2024-11-07,2025-08-13,279,12,7,386.71,East,Desktop,New
1166,Silver,12,4,4,3,1,2024-09-08,2025-08-15,341,10,9,481.62,Central,Desktop,Returning
1168,Silver,12,4,4,3,1,2024-11-28,2025-08-11,256,14,7,262.62,Central,Desktop,Returning
1180,Silver,12,4,5,2,1,2024-10-11,2025-08-24,317,1,3,192.64,International,Desktop,New
1190,Silver,12,4,4,3,1,2024-08-28,2025-08-18,355,7,9,401.28,Central,Mobile,New
1197,Silver,12,4,4,3,1,2025-01-17,2025-08-17,212,8,8,412.64,Central,Desktop,New
1199,Silver,12,4,4,3,1,2024-11-09,2025-08-10,274,15,8,426.63,Central,Desktop,New
1210,Silver,12,4,4,3,1,2024-09-28,2025-08-14,320,11,6,345.22,East,Desktop,New
1214,Silver,12,4,5,2,1,2024-12-28,2025-08-20,235,5,3,88.03,Central,Mobile,New
1218,Silver,12,4,5,2,1,2024-12-27,2025-08-22,238,3,5,253.86,East,Desktop,Returning
1250,Silver,12,4,4,3,1,2024-12-04,2025-08-10,249,15,6,370.17,International,Desktop,New
1266,Silver,12,4,5,2,1,2024-11-12,2025-08-20,281,5,3,68.28,Central,Desktop,New
1281,Silver,12,4,4,3,1,2024-10-02,2025-08-15,317,10,9,338.09,East,Desktop,New
1293,Silver,12,4,4,3,1,2025-01-02,2025-08-17,227,8,7,112.83,Central,Desktop,Returning
1297,Silver,12,4,4,3,1,2024-12-29,2025-08-16,230,9,6,199.48,Central,Desktop,Returning
1314,Silver,12,4,4,3,1,2024-08-27,2025-08-10,348,15,6,133.15,East,Desktop,New
1324,Silver,12,4,5,2,1,2024-09-07,2025-08-21,348,4,5,164.67,East,Desktop,New
1338,Silver,12,4,3,4,1,2024-11-14,2025-08-07,266,18,10,475.44,Central,Desktop,New
1347,Silver,12,4,5,2,1,2024-09-03,2025-08-20,351,5,5,241.18,Central,Mobile,New
1348,Silver,12,4,5,2,1,2024-09-04,2025-08-24,354,1,4,85.42,North,Desktop,Returning
1378,Silver,12,4,5,2,1,2024-09-15,2025-08-22,341,3,5,317.17,South,Desktop,New
1386,Silver,12,4,3,3,2,2024-09-22,2025-08-01,313,24,8,562.04,East,Desktop,Returning
1416,Silver,12,4,4,3,1,2024-09-29,2025-08-14,319,11,6,242.34,Central,Mobile,Returning
1417,Silver,12,4,4,3,1,2024-11-17,2025-08-14,270,11,7,190.80,East,Desktop,New
1444,Silver,12,4,4,3,1,2024-12-07,2025-08-18,254,7,6,498.22,Central,Desktop,New
1450,Silver,12,4,5,2,1,2024-11-21,2025-08-23,275,2,4,239.82,International,Desktop,New
1470,Silver,12,4,4,3,1,2024-09-14,2025-08-17,337,8,6,350.30,Central,Desktop,Returning
1473,Silver,12,4,4,3,1,2024-09-20,2025-08-17,331,8,8,368.27,Central,Desktop,New
1495,Silver,12,4,4,3,1,2024-10-04,2025-08-19,319,6,6,312.32,Central,Desktop,Returning
1497,Silver,12,4,5,2,1,2024-12-10,2025-08-23,256,2,4,157.82,North,Desktop,New
1507,Silver,12,4,4,3,1,2024-10-28,2025-08-12,288,13,7,256.17,Central,Desktop,New
1531,Silver,12,4,4,3,1,2024-11-09,2025-08-16,280,9,6,246.77,Central,Desktop,Returning
1579,Silver,12,4,4,3,1,2024-09-07,2025-08-12,339,13,8,342.89,East,Desktop,New
1580,Silver,12,4,4,3,1,2024-10-12,2025-08-15,307,10,6,209.60,Central,Desktop,New
1583,Silver,12,4,4,3,1,2024-09-01,2025-08-17,350,8,6,258.46,Central,Desktop,New
1594,Silver,12,4,5,2,1,2024-09-04,2025-08-22,352,3,5,144.48,East,Desktop,Returning
1604,Silver,12,4,5,2,1,2024-11-01,2025-08-20,292,5,5,215.82,East,Desktop,New
1607,Silver,12,4,3,4,1,2024-09-14,2025-07-28,317,28,10,478.40,Central,Desktop,New
1619,Silver,12,4,3,4,1,2024-08-28,2025-07-29,335,27,11,469.71,Central,Desktop,New
1621,Silver,12,4,5,2,1,2024-11-17,2025-08-22,278,3,4,238.23,Central,Desktop,Returning
1646,Silver,12,4,4,3,1,2024-10-13,2025-08-18,309,7,7,309.96,Central,Desktop,New
1648,Silver,12,4,4,3,1,2024-10-29,2025-08-17,292,8,6,130.57,East,Desktop,Returning
1662,Silver,12,4,5,2,1,2024-09-20,2025-08-20,334,5,5,204.28,International,Desktop,New
1676,Silver,12,4,5,2,1,2024-08-30,2025-08-23,358,2,5,292.65,East,Desktop,New
1680,Silver,12,4,5,2,1,2024-11-03,2025-08-25,295,0,4,179.57,Central,Desktop,New
1690,Silver,12,4,3,3,2,2024-09-08,2025-07-31,326,25,8,506.93,Central,Desktop,New
1717,Silver,12,4,5,2,1,2024-09-09,2025-08-20,345,5,4,91.42,Central,Mobile,New
1720,Silver,12,4,4,3,1,2024-09-07,2025-08-10,337,15,7,464.47,Central,Desktop,New
1724,Silver,12,4,5,2,1,2025-01-14,2025-08-23,221,2,4,34.38,Central,Desktop,New
1730,Silver,12,4,5,2,1,2024-09-02,2025-08-25,357,0,5,403.88,East,Desktop,New
1745,Silver,12,4,4,3,1,2024-08-27,2025-08-12,350,13,6,344.46,Central,Desktop,New
1753,Silver,12,4,5,2,1,2024-11-05,2025-08-22,290,3,3,165.85,Central,Desktop,New
1759,Silver,12,4,4,3,1,2024-10-10,2025-08-12,306,13,6,243.16,East,Desktop,New
1780,Silver,12,4,4,3,1,2024-10-23,2025-08-10,291,15,6,212.78,East,Desktop,Returning
1788,Silver,12,4,4,3,1,2024-08-30,2025-08-19,354,6,8,299.54,East,Desktop,New
1806,Silver,12,4,4,3,1,2024-10-27,2025-08-14,291,11,8,285.49,Central,Desktop,New
1807,Silver,12,4,4,3,1,2024-11-20,2025-08-10,263,15,7,475.15,East,Desktop,New
1829,Silver,12,4,5,2,1,2024-08-30,2025-08-22,357,3,5,328.68,East,Mobile,New
1835,Silver,12,4,5,2,1,2024-09-19,2025-08-25,340,0,2,191.70,Central,Mobile,New
1843,Silver,12,4,5,2,1,2024-08-28,2025-08-23,360,2,5,381.69,International,Desktop,New
1851,Silver,12,4,5,2,1,2024-10-30,2025-08-20,294,5,5,239.21,Central,Desktop,Returning
1858,Silver,12,4,5,2,1,2024-09-03,2025-08-22,353,3,3,214.66,Central,Desktop,Returning
1864,Silver,12,4,4,3,1,2024-09-26,2025-08-17,325,8,6,184.88,East,Desktop,Returning
1879,Silver,12,4,5,2,1,2024-09-19,2025-08-25,340,0,5,206.33,Central,Desktop,Returning
1888,Silver,12,4,4,3,1,2024-10-12,2025-08-17,309,8,6,380.71,Central,Desktop,Returning
1897,Silver,12,4,4,3,1,2024-09-01,2025-08-18,351,7,6,460.47,Central,Desktop,New
1898,Silver,12,4,5,2,1,2025-01-24,2025-08-25,213,0,5,308.74,East,Desktop,New
1950,Silver,12,4,4,3,1,2024-12-16,2025-08-15,242,10,7,191.30,East,Desktop,New
1954,Silver,12,4,4,3,1,2024-10-20,2025-08-13,297,12,6,254.20,Central,Desktop,New
1956,Silver,12,4,4,3,1,2024-12-15,2025-08-11,239,14,7,221.53,Central,Desktop,Returning
1960,Silver,12,4,5,2,1,2025-01-25,2025-08-20,207,5,5,221.15,Central,Desktop,New
1964,Silver,12,4,4,3,1,2025-02-02,2025-08-12,191,13,6,222.30,Central,Desktop,New
1983,Silver,12,4,5,2,1,2024-11-30,2025-08-20,263,5,4,230.20,East,Desktop,New
2025,Silver,12,4,5,2,1,2024-10-24,2025-08-25,305,0,5,255.46,International,Desktop,New
2039,Silver,12,4,5,2,1,2025-02-11,2025-08-23,193,2,4,225.98,International,Desktop,New
2051,Silver,12,4,5,2,1,2024-11-12,2025-08-20,281,5,5,381.61,Central,Desktop,Returning
2103,Silver,12,4,5,2,1,2024-10-07,2025-08-20,317,5,5,458.91,Central,Desktop,New
2109,Silver,12,4,4,2,2,2024-09-28,2025-08-19,325,6,5,524.61,Central,Desktop,New
2111,Silver,12,4,3,4,1,2024-09-23,2025-08-05,316,20,11,491.68,Central,Desktop,New
2118,Silver,12,4,5,2,1,2024-11-21,2025-08-21,273,4,3,104.00,Central,Desktop,Returning
2120,Silver,12,4,5,2,1,2024-12-27,2025-08-25,241,0,4,187.56,North,Desktop,New
2128,Silver,12,4,4,3,1,2024-09-12,2025-08-18,340,7,7,235.31,Central,Desktop,New
2130,Silver,12,4,5,2,1,2024-11-11,2025-08-23,285,2,5,249.37,Central,Mobile,Returning
2146,Silver,12,4,5,2,1,2024-10-14,2025-08-25,315,0,4,305.01,Central,Desktop,New
2174,Silver,12,4,4,3,1,2024-09-22,2025-08-19,331,6,8,339.71,Central,Desktop,New
2225,Silver,12,4,5,2,1,2025-01-06,2025-08-21,227,4,3,279.06,East,Mobile,New
2252,Silver,12,4,4,3,1,2024-09-23,2025-08-18,329,7,6,196.68,Central,Desktop,New
2269,Silver,12,4,4,3,1,2024-11-23,2025-08-16,266,9,6,277.64,Central,Desktop,Returning
2291,Silver,12,4,4,3,1,2024-09-14,2025-08-14,334,11,8,391.01,East,Mobile,Returning
2320,Silver,12,4,3,3,2,2024-10-14,2025-08-02,292,23,7,610.69,Central,Desktop,Returning
2324,Silver,12,4,4,3,1,2024-09-13,2025-08-17,338,8,6,220.53,East,Desktop,Returning
2342,Silver,12,4,5,2,1,2025-01-19,2025-08-23,216,2,2,201.09,Central,Tablet,Returning
2347,Silver,12,3,5,3,1,2025-05-12,2025-08-21,101,4,6,384.18,Central,Desktop,New
2352,Silver,12,4,5,2,1,2024-10-05,2025-08-25,324,0,5,145.07,International,Desktop,New
2357,Silver,12,4,5,2,1,2024-11-05,2025-08-21,289,4,3,158.82,East,Desktop,Returning
2362,Silver,12,4,4,3,1,2024-09-19,2025-08-13,328,12,7,351.62,Central,Desktop,New
2365,Silver,12,4,4,3,1,2024-09-23,2025-08-19,330,6,6,254.26,East,Desktop,Returning
2369,Silver,12,4,5,2,1,2024-09-19,2025-08-24,339,1,4,41.73,Central,Desktop,New
2378,Silver,12,4,5,2,1,2024-11-18,2025-08-20,275,5,4,287.11,East,Desktop,Returning
2382,Silver,12,4,5,2,1,2024-10-21,2025-08-24,307,1,5,330.77,East,Desktop,Returning
2403,Silver,12,4,4,3,1,2024-09-06,2025-08-11,339,14,8,460.10,East,Desktop,New
2417,Silver,12,4,5,2,1,2024-11-05,2025-08-25,293,0,5,238.24,Central,Desktop,Returning
2418,Silver,12,4,5,2,1,2024-12-14,2025-08-22,251,3,5,290.71,East,Desktop,Returning
2460,Silver,12,4,5,2,1,2024-12-27,2025-08-21,237,4,5,267.01,International,Desktop,New
2482,Silver,12,4,5,2,1,2024-12-16,2025-08-24,251,1,2,85.90,West,Tablet,New
2497,Silver,12,4,5,2,1,2024-10-16,2025-08-20,308,5,5,182.58,North,Desktop,Returning
2517,Silver,12,4,4,3,1,2024-08-28,2025-08-11,348,14,6,382.80,East,Desktop,New
2547,Silver,12,4,5,2,1,2024-10-16,2025-08-20,308,5,3,189.71,South,Desktop,Returning
2560,Silver,12,4,4,3,1,2024-11-20,2025-08-14,267,11,9,476.71,Central,Desktop,New
2588,Silver,12,4,4,3,1,2024-10-08,2025-08-10,306,15,7,479.85,East,Desktop,New
2590,Silver,12,4,3,3,2,2024-11-12,2025-08-08,269,17,7,621.99,Central,Desktop,New
2604,Silver,12,4,4,3,1,2024-10-06,2025-08-12,310,13,6,424.27,Central,Desktop,New
2613,Silver,12,4,5,2,1,2024-10-08,2025-08-23,319,2,5,179.96,Central,Desktop,New
2624,Silver,12,4,5,2,1,2024-12-30,2025-08-20,233,5,4,206.21,Central,Mobile,Returning
2636,Silver,12,4,3,3,2,2024-11-10,2025-08-04,267,21,8,541.56,Central,Desktop,New
2646,Silver,12,4,5,2,1,2024-09-14,2025-08-22,342,3,4,135.26,Central,Desktop,New
2647,Silver,12,4,4,3,1,2024-12-10,2025-08-12,245,13,8,425.25,Central,Desktop,Returning
2648,Silver,12,4,5,2,1,2025-01-15,2025-08-24,221,1,3,138.24,Central,Desktop,Returning
2663,Silver,12,3,5,3,1,2025-03-03,2025-08-23,173,2,7,473.03,Central,Desktop,New
2664,Silver,12,4,4,3,1,2024-10-06,2025-08-12,310,13,8,350.38,Central,Desktop,Returning
2692,Silver,12,4,4,3,1,2024-09-07,2025-08-11,338,14,6,438.56,East,Desktop,Returning
2694,Silver,12,4,5,2,1,2024-10-18,2025-08-21,307,4,5,229.43,Central,Desktop,New
2701,Silver,12,4,4,3,1,2024-10-11,2025-08-11,304,14,7,462.30,Central,Desktop,New
2743,Silver,12,4,5,2,1,2024-09-21,2025-08-20,333,5,4,427.15,East,Desktop,Returning
2744,Silver,12,4,5,2,1,2024-11-16,2025-08-20,277,5,4,125.93,International,Desktop,New
2801,Silver,12,4,5,2,1,2025-01-20,2025-08-22,214,3,3,51.09,Central,Desktop,New
2826,Silver,12,4,5,2,1,2024-12-04,2025-08-20,259,5,4,137.41,International,Desktop,New
2831,Silver,12,4,4,3,1,2024-10-16,2025-08-19,307,6,6,194.74,East,Desktop,New
2834,Silver,12,4,4,3,1,2024-08-31,2025-08-12,346,13,6,450.74,Central,Desktop,New
2835,Silver,12,4,5,2,1,2024-09-25,2025-08-23,332,2,5,223.47,Central,Desktop,New
2842,Silver,12,4,5,2,1,2024-09-24,2025-08-23,333,2,3,136.50,International,Desktop,New
2843,Silver,12,4,3,4,1,2024-09-30,2025-07-29,302,27,10,435.40,Central,Desktop,Returning
2859,Silver,12,4,3,3,2,2024-09-18,2025-08-06,322,19,6,577.80,Central,Desktop,New
2873,Silver,12,4,4,3,1,2024-09-26,2025-08-17,325,8,7,446.11,Central,Desktop,New
2880,Silver,12,4,4,3,1,2024-09-05,2025-08-16,345,9,8,428.21,Central,Desktop,Returning
2882,Silver,12,4,5,2,1,2024-08-28,2025-08-25,362,0,4,104.03,Central,Desktop,New
2899,Silver,12,4,4,3,1,2024-09-23,2025-08-14,325,11,6,387.49,International,Desktop,New
2908,Silver,12,4,5,2,1,2025-02-20,2025-08-23,184,2,2,111.14,East,Desktop,New
2927,Silver,12,4,5,2,1,2025-02-19,2025-08-24,186,1,2,112.76,East,Desktop,Returning
2928,Silver,12,4,4,3,1,2024-10-13,2025-08-18,309,7,6,253.38,Central,Desktop,New
2931,Silver,12,4,3,3,2,2024-11-28,2025-08-08,253,17,6,649.37,East,Desktop,New
2960,Silver,12,4,5,2,1,2024-09-19,2025-08-23,338,2,5,191.14,East,Mobile,Returning
2973,Silver,12,4,5,2,1,2024-09-11,2025-08-22,345,3,4,370.44,International,Desktop,New
2975,Silver,12,4,5,2,1,2024-11-11,2025-08-21,283,4,5,173.47,Central,Desktop,New
2985,Silver,12,4,5,2,1,2024-12-24,2025-08-20,239,5,5,294.03,Central,Desktop,Returning
3009,Silver,12,4,3,4,1,2024-11-14,2025-08-03,262,22,10,312.92,Central,Desktop,New
3022,Silver,12,4,4,3,1,2025-02-02,2025-08-19,198,6,7,266.83,East,Desktop,New
3033,Silver,12,4,4,3,1,2024-11-07,2025-08-16,282,9,6,307.87,East,Mobile,New
3039,Silver,12,4,5,2,1,2024-11-19,2025-08-21,275,4,4,217.84,Central,Mobile,Returning
3040,Silver,12,4,5,2,1,2024-08-26,2025-08-25,364,0,2,11.14,East,Desktop,Returning
3062,Silver,12,4,5,2,1,2024-12-29,2025-08-24,238,1,3,89.42,East,Tablet,Returning
3092,Silver,12,4,5,2,1,2024-09-08,2025-08-23,349,2,5,215.61,Central,Desktop,New
3096,Silver,12,4,5,2,1,2025-02-07,2025-08-22,196,3,5,116.40,East,Desktop,New
3121,Silver,12,4,4,3,1,2024-09-19,2025-08-18,333,7,6,362.55,Central,Desktop,New
3133,Silver,12,4,3,3,2,2024-09-19,2025-08-09,324,16,9,503.80,Central,Desktop,New
3136,Silver,12,4,4,3,1,2025-01-17,2025-08-15,210,10,7,303.76,Central,Desktop,Returning
3143,Silver,12,4,5,2,1,2024-08-27,2025-08-22,360,3,2,17.80,International,Desktop,Returning
3168,Silver,12,4,4,3,1,2024-08-31,2025-08-16,350,9,8,390.12,Central,Desktop,New
3208,Silver,12,4,4,3,1,2024-09-05,2025-08-11,340,14,7,375.14,Central,Desktop,New
3210,Silver,12,4,4,3,1,2024-10-02,2025-08-14,316,11,7,412.78,Central,Desktop,New
3224,Silver,12,4,4,3,1,2024-11-21,2025-08-12,264,13,6,350.26,East,Desktop,New
3231,Silver,12,4,4,3,1,2024-08-28,2025-08-12,349,13,8,401.13,Central,Desktop,New
3234,Silver,12,4,5,2,1,2025-01-02,2025-08-21,231,4,3,89.80,East,Mobile,New
3252,Silver,12,4,5,2,1,2025-02-04,2025-08-21,198,4,5,261.81,Central,Desktop,New
3255,Silver,12,4,4,3,1,2024-09-07,2025-08-18,345,7,8,378.59,Central,Desktop,New
3270,Silver,12,4,4,3,1,2024-10-29,2025-08-19,294,6,8,405.77,Central,Desktop,New
3285,Silver,12,4,5,2,1,2024-09-12,2025-08-21,343,4,4,321.44,Central,Tablet,New
3323,Silver,12,4,4,3,1,2024-10-13,2025-08-16,307,9,6,163.23,East,Mobile,New
3352,Silver,12,4,5,2,1,2025-02-19,2025-08-24,186,1,3,131.95,East,Desktop,Returning
3363,Silver,12,4,5,2,1,2024-09-25,2025-08-25,334,0,3,123.26,International,Mobile,New
3367,Silver,12,4,4,3,1,2024-09-11,2025-08-19,342,6,6,204.06,Central,Desktop,Returning
3396,Silver,12,4,4,3,1,2024-10-17,2025-08-16,303,9,7,220.46,Central,Desktop,New
3397,Silver,12,4,5,2,1,2024-12-09,2025-08-23,257,2,2,72.67,North,Tablet,Returning
3406,Silver,12,4,3,3,2,2024-09-06,2025-08-01,329,24,8,619.34,Central,Desktop,New
3414,Silver,12,4,5,2,1,2024-11-18,2025-08-22,277,3,4,208.17,International,Desktop,New
3455,Silver,12,4,5,2,1,2024-09-05,2025-08-24,353,1,3,247.99,Central,Desktop,New
3466,Silver,12,4,4,3,1,2024-09-23,2025-08-14,325,11,6,123.78,East,Desktop,New
3510,Silver,12,4,3,3,2,2024-11-22,2025-07-29,249,27,6,507.85,Central,Mobile,New
3525,Silver,12,4,4,3,1,2024-08-28,2025-08-13,350,12,8,287.45,Central,Desktop,New
3559,Silver,12,4,4,3,1,2024-09-28,2025-08-16,322,9,7,357.92,International,Desktop,New
3565,Silver,12,4,5,2,1,2024-10-12,2025-08-25,317,0,5,294.14,Central,Desktop,Returning
3568,Silver,12,4,5,2,1,2025-01-27,2025-08-23,208,2,3,127.38,Central,Mobile,Returning
3569,Silver,12,4,4,3,1,2024-09-05,2025-08-10,339,15,6,172.73,East,Desktop,Returning
3583,Silver,12,4,5,2,1,2024-11-15,2025-08-21,279,4,5,264.25,Central,Mobile,Returning
3614,Silver,12,4,5,2,1,2024-09-12,2025-08-24,346,1,5,289.65,Central,Desktop,New
3615,Silver,12,4,4,3,1,2025-01-01,2025-08-13,224,12,9,425.80,East,Desktop,New
3630,Silver,12,4,4,3,1,2024-10-13,2025-08-11,302,14,9,448.26,Central,Desktop,New
3650,Silver,12,4,5,2,1,2024-11-16,2025-08-22,279,3,4,436.65,Central,Desktop,Returning
3668,Silver,12,4,3,4,1,2024-09-12,2025-07-29,320,27,11,462.46,Central,Desktop,New
3675,Silver,12,4,5,2,1,2024-10-09,2025-08-25,320,0,4,274.28,Central,Desktop,New
3690,Silver,12,4,4,3,1,2024-11-20,2025-08-11,264,14,7,243.90,Central,Desktop,New
3724,Silver,12,4,5,2,1,2024-11-08,2025-08-21,286,4,4,346.66,International,Desktop,New
3746,Silver,12,4,4,3,1,2024-10-27,2025-08-11,288,14,6,265.20,Central,Desktop,New
3755,Silver,12,4,4,3,1,2024-11-04,2025-08-11,280,14,6,276.68,East,Desktop,Returning
3765,Silver,12,4,5,2,1,2025-01-25,2025-08-21,208,4,5,249.85,East,Desktop,New
3773,Silver,12,4,5,2,1,2025-01-31,2025-08-20,201,5,4,372.83,East,Mobile,Returning
3783,Silver,12,4,4,3,1,2024-10-29,2025-08-10,285,15,7,372.19,East,Desktop,New
3796,Silver,12,4,4,3,1,2024-10-08,2025-08-13,309,12,7,378.71,Central,Desktop,New
3797,Silver,12,4,4,3,1,2024-09-04,2025-08-16,346,9,9,315.65,Central,Desktop,New
3822,Silver,12,4,4,3,1,2025-01-10,2025-08-16,218,9,6,360.64,North,Desktop,Returning
3823,Silver,12,4,5,2,1,2024-10-23,2025-08-22,303,3,4,259.50,Central,Desktop,New
3850,Silver,12,4,5,2,1,2024-10-06,2025-08-23,321,2,2,58.43,Central,Mobile,Returning
3855,Silver,12,4,5,2,1,2025-01-08,2025-08-22,226,3,2,167.07,International,Desktop,Returning
3864,Silver,12,4,4,3,1,2024-12-06,2025-08-15,252,10,6,287.29,International,Desktop,New
3873,Silver,12,4,4,3,1,2024-09-04,2025-08-12,342,13,6,320.35,East,Desktop,New
3899,Silver,12,4,5,2,1,2024-11-05,2025-08-23,291,2,5,226.83,Central,Desktop,New
3913,Silver,12,4,4,3,1,2024-10-27,2025-08-18,295,7,8,366.55,Central,Desktop,New
3930,Silver,12,4,4,3,1,2024-10-20,2025-08-15,299,10,7,266.90,Central,Desktop,New
3933,Silver,12,4,3,3,2,2025-02-08,2025-08-09,182,16,7,553.42,Central,Desktop,New
3938,Silver,12,4,5,2,1,2024-09-01,2025-08-20,353,5,5,133.65,East,Desktop,New
3948,Silver,12,4,5,2,1,2024-12-10,2025-08-21,254,4,5,372.91,Central,Desktop,New
3965,Silver,12,4,5,2,1,2024-09-06,2025-08-25,353,0,4,263.67,Central,Mobile,New
3984,Silver,12,4,4,3,1,2024-09-29,2025-08-16,321,9,6,430.18,Central,Desktop,New
3987,Silver,12,4,4,3,1,2024-11-22,2025-08-16,267,9,9,470.55,Central,Desktop,New
3990,Silver,12,4,5,2,1,2024-09-28,2025-08-25,331,0,4,226.62,Central,Mobile,New
4000,Silver,12,4,4,3,1,2024-10-17,2025-08-13,300,12,6,292.58,East,Desktop,New
4013,Silver,12,4,3,4,1,2024-09-21,2025-07-29,311,27,12,433.77,Central,Desktop,New
4018,Silver,12,4,5,2,1,2024-11-20,2025-08-24,277,1,3,173.61,East,Desktop,New
4021,Silver,12,4,4,3,1,2024-09-04,2025-08-14,344,11,8,296.57,East,Desktop,Returning
4025,Silver,12,4,5,2,1,2025-01-14,2025-08-24,222,1,3,84.85,Central,Desktop,New
4043,Silver,12,4,5,2,1,2024-10-21,2025-08-21,304,4,4,305.06,South,Desktop,New
4060,Silver,12,4,3,3,2,2024-10-11,2025-07-29,291,27,6,574.45,East,Desktop,Returning
4084,Silver,12,4,5,2,1,2024-11-04,2025-08-22,291,3,5,257.87,Central,Desktop,New
4088,Silver,12,4,4,3,1,2024-11-25,2025-08-14,262,11,6,286.43,International,Desktop,Returning
4099,Silver,12,4,4,3,1,2024-09-18,2025-08-19,335,6,9,443.20,Central,Desktop,New
4110,Silver,12,4,4,3,1,2024-09-06,2025-08-13,341,12,6,249.61,Central,Desktop,New
4124,Silver,12,4,5,2,1,2024-12-15,2025-08-25,253,0,4,208.33,South,Desktop,New
4125,Silver,12,4,5,2,1,2025-02-12,2025-08-25,194,0,5,219.35,Central,Desktop,New
4143,Silver,12,4,3,3,2,2024-10-04,2025-08-08,308,17,8,569.36,Central,Desktop,New
4144,Silver,12,4,5,2,1,2024-11-11,2025-08-23,285,2,5,194.56,Central,Desktop,New
4162,Silver,12,4,5,2,1,2024-10-23,2025-08-25,306,0,5,152.58,Central,Desktop,New
4163,Silver,12,4,5,2,1,2024-09-05,2025-08-23,352,2,5,105.41,Central,Mobile,Returning
4176,Silver,12,4,4,3,1,2024-09-13,2025-08-11,332,14,7,325.44,Central,Desktop,New
4188,Silver,12,4,4,3,1,2024-11-29,2025-08-18,262,7,8,283.19,Central,Desktop,New
4199,Silver,12,4,4,3,1,2024-12-30,2025-08-11,224,14,7,340.00,Central,Desktop,New
4201,Silver,12,4,5,2,1,2025-01-14,2025-08-25,223,0,3,153.09,Central,Desktop,Returning
4221,Silver,12,4,2,4,2,2024-10-11,2025-07-17,279,39,12,787.41,East,Desktop,New
4237,Silver,12,4,4,3,1,2024-09-17,2025-08-16,333,9,7,144.18,Central,Desktop,New
4238,Silver,12,4,4,3,1,2024-11-21,2025-08-12,264,13,7,260.48,Central,Desktop,New
4241,Silver,12,4,4,3,1,2024-09-30,2025-08-11,315,14,6,375.46,Central,Desktop,New
4262,Silver,12,4,5,2,1,2024-09-12,2025-08-20,342,5,4,168.65,East,Desktop,New
4265,Silver,12,4,5,2,1,2024-09-12,2025-08-22,344,3,4,130.04,Central,Desktop,Returning
4266,Silver,12,4,3,4,1,2024-09-12,2025-07-30,321,26,10,336.53,East,Desktop,New
4271,Silver,12,4,4,3,1,2024-12-18,2025-08-18,243,7,9,434.40,Central,Desktop,New
4276,Silver,12,4,5,2,1,2024-09-14,2025-08-21,341,4,5,431.44,Central,Desktop,Returning
4277,Silver,12,4,5,2,1,2024-09-04,2025-08-20,350,5,5,331.78,Central,Desktop,Returning
4286,Silver,12,4,4,3,1,2024-09-20,2025-08-19,333,6,9,240.17,East,Desktop,New
4288,Silver,12,4,4,3,1,2024-10-27,2025-08-18,295,7,6,253.12,Central,Desktop,New
4295,Silver,12,4,4,3,1,2024-09-19,2025-08-14,329,11,8,376.25,Central,Desktop,New
4315,Silver,12,4,5,2,1,2025-02-13,2025-08-22,190,3,4,285.76,Central,Desktop,New
4334,Silver,12,4,4,3,1,2024-11-19,2025-08-18,272,7,6,291.24,Central,Desktop,New
4335,Silver,12,4,4,3,1,2024-09-09,2025-08-17,342,8,6,235.45,Central,Desktop,New
4350,Silver,12,4,4,3,1,2024-10-20,2025-08-12,296,13,6,479.35,Central,Desktop,New
4361,Silver,12,4,3,3,2,2024-08-31,2025-08-05,339,20,9,619.80,Central,Desktop,New
4363,Silver,12,4,5,2,1,2024-09-02,2025-08-24,356,1,4,174.94,Central,Desktop,Returning
4392,Silver,12,4,4,3,1,2024-11-11,2025-08-13,275,12,6,179.43,East,Desktop,New
4398,Silver,12,4,4,3,1,2024-10-26,2025-08-10,288,15,9,470.77,Central,Desktop,New
4412,Silver,12,4,4,3,1,2024-08-27,2025-08-16,354,9,6,148.59,International,Desktop,Returning
4422,Silver,12,4,4,3,1,2024-10-15,2025-08-11,300,14,8,356.37,Central,Desktop,New
4436,Silver,12,4,4,3,1,2024-09-06,2025-08-10,338,15,6,179.35,East,Desktop,New
4454,Silver,12,4,5,2,1,2024-09-05,2025-08-22,351,3,3,29.74,International,Desktop,New
4455,Silver,12,4,5,2,1,2024-11-02,2025-08-20,291,5,3,43.93,Central,Mobile,New
4456,Silver,12,4,5,2,1,2024-09-20,2025-08-23,337,2,5,383.64,Central,Desktop,New
4470,Silver,12,4,4,3,1,2024-11-15,2025-08-19,277,6,9,351.33,Central,Desktop,Returning
4471,Silver,12,4,4,3,1,2024-09-13,2025-08-11,332,14,6,266.80,Central,Desktop,New
4477,Silver,12,4,4,3,1,2024-09-26,2025-08-16,324,9,6,252.68,Central,Desktop,New
4498,Silver,12,4,4,3,1,2024-11-28,2025-08-12,257,13,7,242.60,Central,Desktop,New
4508,Silver,12,4,2,4,2,2024-09-03,2025-07-13,313,43,10,616.34,Central,Desktop,New
4524,Silver,12,4,3,3,2,2024-10-02,2025-08-04,306,21,9,531.77,Central,Desktop,New
4537,Silver,12,4,5,2,1,2024-10-21,2025-08-22,305,3,4,241.61,International,Desktop,New
4543,Silver,12,4,5,2,1,2025-01-31,2025-08-22,203,3,4,49.04,East,Mobile,New
4546,Silver,12,4,3,3,2,2024-09-28,2025-07-29,304,27,7,603.41,Central,Desktop,New
4580,Silver,12,4,4,3,1,2024-09-19,2025-08-13,328,12,7,392.01,East,Desktop,New
4582,Silver,12,4,4,3,1,2024-09-27,2025-08-17,324,8,9,481.10,Central,Desktop,New
4587,Silver,12,4,3,4,1,2024-10-02,2025-07-31,302,25,12,281.51,Central,Desktop,New
4601,Silver,12,4,4,3,1,2024-09-18,2025-08-14,330,11,7,475.12,East,Desktop,Returning
4624,Silver,12,4,5,2,1,2024-10-21,2025-08-24,307,1,5,222.86,Central,Desktop,New
4626,Silver,12,4,5,2,1,2025-02-21,2025-08-21,181,4,5,267.16,Central,Desktop,Returning
4649,Silver,12,4,4,3,1,2024-09-12,2025-08-17,339,8,6,159.83,East,Desktop,Returning
4654,Silver,12,4,3,3,2,2024-10-07,2025-08-07,304,18,9,563.15,Central,Desktop,New
4674,Silver,12,4,5,2,1,2024-08-31,2025-08-24,358,1,5,168.66,International,Desktop,Returning
4687,Silver,12,4,4,3,1,2024-09-08,2025-08-16,342,9,8,391.21,East,Desktop,New
4702,Silver,12,4,4,3,1,2025-02-13,2025-08-13,181,12,6,355.43,East,Desktop,New
4749,Silver,12,4,3,3,2,2024-12-02,2025-08-09,250,16,8,525.42,East,Desktop,New
4753,Silver,12,4,4,3,1,2024-09-28,2025-08-14,320,11,6,232.79,Central,Desktop,New
4771,Silver,12,4,4,3,1,2024-09-26,2025-08-17,325,8,6,190.55,East,Mobile,New
4777,Silver,12,4,5,2,1,2024-11-22,2025-08-23,274,2,3,205.19,Central,Mobile,Returning
4782,Silver,12,4,4,3,1,2024-08-26,2025-08-13,352,12,7,256.13,Central,Desktop,New
4792,Silver,12,4,4,3,1,2024-10-03,2025-08-16,317,9,6,277.61,East,Desktop,New
4800,Silver,12,4,5,2,1,2024-10-06,2025-08-23,321,2,3,112.90,Central,Desktop,New
4802,Silver,12,4,4,3,1,2024-09-07,2025-08-15,342,10,7,394.73,Central,Desktop,New
4803,Silver,12,4,5,2,1,2024-09-17,2025-08-25,342,0,5,242.30,Central,Desktop,New
4811,Silver,12,4,5,2,1,2024-10-03,2025-08-22,323,3,5,297.32,East,Mobile,Returning
4826,Silver,12,4,4,3,1,2025-01-06,2025-08-13,219,12,6,323.35,Central,Mobile,New
4835,Silver,12,4,5,2,1,2024-11-25,2025-08-21,269,4,4,56.91,East,Desktop,New
4842,Silver,12,4,4,3,1,2024-08-31,2025-08-10,344,15,6,494.74,Central,Desktop,New
4874,Silver,12,4,4,3,1,2024-08-28,2025-08-12,349,13,6,212.57,Central,Desktop,New
4881,Silver,12,4,2,4,2,2024-10-07,2025-07-12,278,44,11,563.34,Central,Desktop,New
4911,Silver,12,4,5,2,1,2025-02-12,2025-08-22,191,3,2,20.14,International,Desktop,New
4949,Silver,12,4,5,2,1,2025-02-03,2025-08-25,203,0,4,307.95,Central,Desktop,New
4992,Silver,12,4,5,2,1,2024-11-29,2025-08-20,264,5,4,168.89,East,Desktop,New
4069,Silver,11,4,2,3,2,2024-08-28,2025-07-23,329,33,8,534.10,Central,Desktop,New
4085,Silver,11,4,4,2,1,2024-11-04,2025-08-15,284,10,5,312.86,Central,Desktop,Returning
4094,Silver,11,4,4,2,1,2024-11-09,2025-08-19,283,6,4,363.73,International,Desktop,Returning
4098,Silver,11,4,2,3,2,2024-10-24,2025-07-24,273,32,7,571.33,Central,Mobile,New
4105,Silver,11,4,4,2,1,2024-10-27,2025-08-18,295,7,2,120.94,North,Mobile,New
4121,Silver,11,4,4,2,1,2025-01-03,2025-08-11,220,14,5,295.22,East,Desktop,Returning
4128,Silver,11,4,4,2,1,2025-01-25,2025-08-16,203,9,3,193.27,East,Desktop,New
4170,Silver,11,4,4,2,1,2024-09-20,2025-08-11,325,14,5,132.68,Central,Desktop,Returning
4181,Silver,11,4,3,3,1,2024-08-31,2025-08-05,339,20,6,377.54,Central,Desktop,Returning
4185,Silver,11,4,2,4,1,2024-09-14,2025-07-23,312,33,10,464.44,Central,Desktop,New
4190,Silver,11,4,4,2,1,2024-10-09,2025-08-18,313,7,3,80.17,Central,Desktop,New
4204,Silver,11,4,4,2,1,2024-09-23,2025-08-14,325,11,5,247.36,Central,Desktop,New
4216,Silver,11,4,2,3,2,2024-09-17,2025-07-24,310,32,8,642.61,Central,Mobile,New
4227,Silver,11,4,3,3,1,2024-10-19,2025-07-29,283,27,7,445.18,East,Desktop,Returning
4239,Silver,11,4,3,3,1,2024-12-27,2025-08-05,221,20,6,211.23,Central,Desktop,New
4250,Silver,11,4,4,2,1,2024-10-03,2025-08-13,314,12,3,107.08,Central,Desktop,Returning
4252,Silver,11,4,4,2,1,2024-10-22,2025-08-15,297,10,4,160.21,Central,Mobile,New
4258,Silver,11,4,3,3,1,2024-09-09,2025-08-01,326,24,7,272.45,Central,Desktop,New
4259,Silver,11,4,3,3,1,2024-11-17,2025-08-09,265,16,6,374.91,Central,Desktop,New
4282,Silver,11,4,4,2,1,2024-10-25,2025-08-16,295,9,5,205.40,East,Desktop,New
4293,Silver,11,4,4,2,1,2024-09-15,2025-08-10,329,15,4,287.36,Central,Desktop,Returning
4303,Silver,11,4,4,2,1,2024-11-05,2025-08-16,284,9,5,235.96,Central,Desktop,Returning
4313,Silver,11,4,4,2,1,2024-10-31,2025-08-14,287,11,5,364.19,International,Desktop,New
4314,Silver,11,4,4,2,1,2024-09-04,2025-08-11,341,14,3,46.77,International,Mobile,Returning
4331,Silver,11,4,4,2,1,2024-09-24,2025-08-16,326,9,5,353.18,Central,Desktop,Returning
4341,Silver,11,4,3,3,1,2024-08-29,2025-07-28,333,28,8,332.52,Central,Desktop,Returning
4344,Silver,11,4,4,2,1,2024-12-28,2025-08-13,228,12,5,230.32,East,Desktop,New
4353,Silver,11,4,4,2,1,2025-01-25,2025-08-13,200,12,5,136.20,Central,Desktop,New
4355,Silver,11,4,3,3,1,2024-09-11,2025-07-27,319,29,6,304.53,Central,Desktop,New
4360,Silver,11,4,3,3,1,2024-09-12,2025-08-08,330,17,8,372.04,Central,Desktop,New
4366,Silver,11,4,3,3,1,2024-12-22,2025-08-08,229,17,6,202.39,East,Desktop,New
4379,Silver,11,4,3,3,1,2024-11-18,2025-07-27,251,29,6,251.75,East,Desktop,New
4397,Silver,11,3,5,2,1,2025-04-02,2025-08-21,141,4,4,150.41,Central,Desktop,New
4409,Silver,11,4,4,2,1,2024-12-25,2025-08-15,233,10,4,162.64,International,Desktop,New
4426,Silver,11,4,3,3,1,2024-12-21,2025-08-05,227,20,6,184.17,Central,Desktop,Returning
4433,Silver,11,4,4,2,1,2024-10-09,2025-08-12,307,13,3,189.62,Central,Desktop,New
4440,Silver,11,4,3,3,1,2024-11-03,2025-08-02,272,23,7,456.39,East,Desktop,New
4452,Silver,11,4,2,3,2,2024-10-02,2025-07-07,278,49,9,531.85,Central,Desktop,New
4463,Silver,11,4,3,3,1,2024-10-08,2025-08-04,300,21,6,299.09,Central,Desktop,Returning
4465,Silver,11,4,3,3,1,2024-10-26,2025-08-08,286,17,7,255.48,Central,Desktop,New
4483,Silver,11,4,3,3,1,2024-09-05,2025-08-07,336,18,7,441.15,Central,Mobile,New
4486,Silver,11,4,4,2,1,2025-02-07,2025-08-17,191,8,4,134.66,East,Desktop,New
4491,Silver,11,4,4,2,1,2025-02-02,2025-08-13,192,12,4,192.81,Central,Desktop,Returning
4494,Silver,11,4,3,3,1,2024-10-09,2025-08-06,301,19,7,428.70,East,Desktop,New
4510,Silver,11,4,3,3,1,2024-09-05,2025-07-31,329,25,6,453.79,Central,Desktop,New
4515,Silver,11,4,4,2,1,2025-01-11,2025-08-11,212,14,2,129.85,International,Desktop,Returning
4521,Silver,11,4,4,2,1,2024-11-13,2025-08-16,276,9,5,214.99,International,Desktop,Returning
4535,Silver,11,4,4,2,1,2024-10-14,2025-08-12,302,13,5,272.27,Central,Mobile,New
4538,Silver,11,4,4,2,1,2024-10-19,2025-08-10,295,15,5,289.34,North,Desktop,New
4552,Silver,11,3,4,3,1,2025-02-23,2025-08-13,171,12,9,473.72,Central,Desktop,New
4556,Silver,11,4,4,2,1,2025-02-07,2025-08-17,191,8,3,187.16,Central,Desktop,Returning
4560,Silver,11,4,3,3,1,2024-09-21,2025-08-06,319,19,6,180.99,East,Desktop,New
4565,Silver,11,4,4,2,1,2024-08-27,2025-08-14,352,11,5,244.23,East,Desktop,Returning
4567,Silver,11,4,4,2,1,2024-10-05,2025-08-13,312,12,4,239.96,East,Desktop,New
4579,Silver,11,4,4,2,1,2024-11-11,2025-08-15,277,10,4,98.01,Central,Desktop,New
4608,Silver,11,4,3,3,1,2024-12-11,2025-08-09,241,16,7,393.06,Central,Desktop,New
4614,Silver,11,4,4,2,1,2024-09-10,2025-08-13,337,12,3,74.02,International,Desktop,New
4616,Silver,11,4,4,2,1,2024-09-29,2025-08-15,320,10,4,339.11,East,Desktop,Returning
4623,Silver,11,4,3,3,1,2024-10-28,2025-07-31,276,25,6,338.10,Central,Desktop,New
4642,Silver,11,4,4,2,1,2024-10-07,2025-08-16,313,9,4,230.43,East,Desktop,Returning
4644,Silver,11,4,2,3,2,2024-12-17,2025-07-06,201,50,8,732.40,Central,Desktop,New
4650,Silver,11,4,4,2,1,2025-01-23,2025-08-18,207,7,2,33.95,North,Mobile,New
4651,Silver,11,4,3,3,1,2024-09-04,2025-07-27,326,29,8,449.37,Central,Desktop,New
4667,Silver,11,3,5,2,1,2025-04-09,2025-08-25,138,0,3,137.98,Central,Mobile,Returning
4673,Silver,11,4,2,3,2,2024-11-25,2025-07-06,223,50,6,556.28,Central,Desktop,New
4696,Silver,11,4,4,2,1,2024-09-08,2025-08-17,343,8,4,181.61,Central,Desktop,New
4713,Silver,11,4,4,2,1,2025-01-02,2025-08-14,224,11,3,267.93,North,Desktop,New
4714,Silver,11,4,4,2,1,2024-12-13,2025-08-10,240,15,4,440.48,Central,Mobile,New
4728,Silver,11,4,3,3,1,2024-10-05,2025-08-06,305,19,7,450.71,East,Desktop,New
4733,Silver,11,4,3,3,1,2024-09-07,2025-08-02,329,23,7,429.08,East,Desktop,New
4762,Silver,11,4,4,2,1,2024-08-27,2025-08-12,350,13,4,211.74,East,Desktop,Returning
4774,Silver,11,4,3,3,1,2024-09-26,2025-08-04,312,21,6,215.50,Central,Mobile,Returning
4781,Silver,11,4,3,3,1,2024-10-06,2025-08-09,307,16,6,313.22,Central,Desktop,New
4790,Silver,11,4,3,3,1,2024-11-22,2025-07-28,248,28,6,352.11,Central,Desktop,Returning
4798,Silver,11,4,4,2,1,2024-10-31,2025-08-18,291,7,4,181.80,International,Desktop,New
4809,Silver,11,4,4,2,1,2024-11-30,2025-08-16,259,9,2,78.62,International,Desktop,Returning
4814,Silver,11,4,4,2,1,2024-11-22,2025-08-10,261,15,3,238.25,International,Mobile,Returning
4836,Silver,11,4,4,2,1,2024-09-01,2025-08-19,352,6,5,225.69,International,Desktop,Returning
4858,Silver,11,4,4,2,1,2024-10-16,2025-08-16,304,9,5,151.33,Central,Desktop,New
4860,Silver,11,4,4,2,1,2024-12-18,2025-08-11,236,14,2,90.27,Central,Mobile,New
4865,Silver,11,4,4,2,1,2025-01-19,2025-08-11,204,14,5,144.17,East,Mobile,New
4866,Silver,11,4,3,3,1,2024-10-19,2025-08-03,288,22,6,303.76,Central,Desktop,New
4875,Silver,11,4,3,3,1,2024-10-08,2025-07-28,293,28,7,278.84,Central,Desktop,New
4905,Silver,11,4,2,3,2,2024-09-11,2025-07-23,315,33,7,636.47,Central,Desktop,New
4908,Silver,11,4,4,2,1,2024-09-03,2025-08-19,350,6,3,179.84,Central,Desktop,New
4952,Silver,11,4,4,2,1,2024-09-22,2025-08-18,330,7,4,173.98,East,Desktop,New
4963,Silver,11,4,4,2,1,2024-11-25,2025-08-13,261,12,4,102.33,East,Desktop,Returning
4967,Silver,11,4,3,3,1,2024-10-04,2025-08-09,309,16,9,463.16,Central,Desktop,New
4994,Silver,11,4,4,2,1,2024-10-04,2025-08-14,314,11,4,164.97,Central,Tablet,New
4996,Silver,11,4,3,3,1,2024-11-17,2025-08-02,258,23,6,236.13,North,Desktop,New
1,Silver,11,4,2,3,2,2024-11-13,2025-07-15,244,41,8,542.35,Central,Desktop,New
4,Silver,11,4,4,2,1,2024-11-25,2025-08-10,258,15,4,159.59,East,Desktop,New
19,Silver,11,4,2,3,2,2024-08-28,2025-07-11,317,45,9,530.99,East,Desktop,New
21,Silver,11,4,4,2,1,2024-09-04,2025-08-14,344,11,5,243.47,East,Desktop,Returning
26,Silver,11,4,3,3,1,2024-08-31,2025-07-31,334,25,6,247.28,Central,Mobile,Returning
32,Silver,11,4,3,3,1,2024-10-23,2025-07-26,276,30,6,257.86,East,Desktop,New
35,Silver,11,4,2,3,2,2024-09-02,2025-07-02,303,54,8,687.32,East,Desktop,New
39,Silver,11,4,3,3,1,2024-09-16,2025-08-09,327,16,7,357.36,East,Mobile,New
42,Silver,11,4,3,3,1,2024-11-01,2025-08-09,281,16,6,241.77,Central,Desktop,New
43,Silver,11,4,1,4,2,2024-08-31,2025-06-18,291,68,10,551.24,East,Desktop,Returning
54,Silver,11,4,4,2,1,2024-09-16,2025-08-16,334,9,3,109.43,Central,Desktop,New
57,Silver,11,4,4,2,1,2024-11-11,2025-08-16,278,9,2,158.41,Central,Desktop,Returning
66,Silver,11,4,3,3,1,2024-10-08,2025-07-26,291,30,7,297.02,Central,Desktop,New
69,Silver,11,4,4,2,1,2024-10-11,2025-08-19,312,6,3,102.45,North,Desktop,Returning
74,Silver,11,4,3,3,1,2024-09-30,2025-08-01,305,24,9,337.96,International,Desktop,New
79,Silver,11,4,4,2,1,2024-09-30,2025-08-13,317,12,4,196.77,Central,Desktop,Returning
93,Silver,11,4,3,3,1,2024-10-07,2025-08-04,301,21,7,215.39,Central,Desktop,New
112,Silver,11,4,4,2,1,2024-10-12,2025-08-13,305,12,5,77.89,Central,Desktop,New
115,Silver,11,4,4,2,1,2024-10-09,2025-08-17,312,8,5,319.96,Central,Desktop,Returning
118,Silver,11,4,4,2,1,2024-12-04,2025-08-15,254,10,4,170.39,Central,Desktop,New
122,Silver,11,3,5,2,1,2025-05-19,2025-08-24,97,1,4,236.42,Central,Desktop,New
125,Silver,11,4,4,2,1,2024-12-08,2025-08-19,254,6,5,207.72,Central,Desktop,New
128,Silver,11,4,3,3,1,2024-08-26,2025-07-28,336,28,6,369.16,East,Desktop,New
141,Silver,11,4,2,3,2,2024-09-15,2025-06-29,287,57,8,657.14,East,Desktop,Returning
146,Silver,11,4,4,2,1,2024-09-10,2025-08-13,337,12,5,190.38,Central,Desktop,Returning
149,Silver,11,4,4,2,1,2024-09-21,2025-08-10,323,15,3,137.69,East,Desktop,New
157,Silver,11,4,2,3,2,2024-11-06,2025-06-29,235,57,6,561.21,Central,Desktop,New
162,Silver,11,4,4,2,1,2025-02-06,2025-08-12,187,13,2,62.44,International,Desktop,New
163,Silver,11,4,4,2,1,2024-09-23,2025-08-12,323,13,3,38.66,East,Desktop,New
168,Silver,11,4,3,3,1,2024-09-03,2025-08-02,333,23,7,452.79,Central,Desktop,New
169,Silver,11,4,4,2,1,2024-11-01,2025-08-12,284,13,3,124.71,International,Desktop,New
198,Silver,11,4,4,2,1,2024-11-02,2025-08-16,287,9,5,254.84,International,Desktop,New
207,Silver,11,4,4,2,1,2024-10-03,2025-08-14,315,11,4,240.94,International,Desktop,New
211,Silver,11,4,3,3,1,2024-10-13,2025-07-31,291,25,6,80.49,Central,Desktop,Returning
219,Silver,11,4,4,2,1,2024-09-08,2025-08-11,337,14,4,196.66,North,Mobile,New
242,Silver,11,4,4,2,1,2025-01-31,2025-08-16,197,9,5,249.61,Central,Desktop,Returning
264,Silver,11,4,3,3,1,2024-08-29,2025-08-02,338,23,6,446.75,East,Mobile,New
268,Silver,11,4,4,2,1,2024-12-03,2025-08-18,258,7,4,279.83,East,Desktop,Returning
274,Silver,11,4,4,2,1,2024-09-25,2025-08-14,323,11,4,118.39,Central,Desktop,New
278,Silver,11,4,3,3,1,2024-11-25,2025-08-05,253,20,6,198.33,East,Desktop,New
289,Silver,11,4,3,3,1,2024-09-14,2025-07-26,315,30,8,276.72,Central,Desktop,New
296,Silver,11,4,4,2,1,2024-08-29,2025-08-14,350,11,4,237.97,International,Desktop,Returning
321,Silver,11,4,2,3,2,2024-09-16,2025-07-18,305,38,9,670.81,Central,Desktop,New
335,Silver,11,4,4,2,1,2024-12-09,2025-08-11,245,14,3,60.04,Central,Desktop,New
337,Silver,11,4,3,3,1,2024-12-03,2025-08-02,242,23,7,300.53,Central,Desktop,New
341,Silver,11,4,4,2,1,2024-11-18,2025-08-15,270,10,4,320.80,Central,Desktop,New
346,Silver,11,4,4,2,1,2024-10-10,2025-08-16,310,9,5,266.96,Central,Desktop,New
375,Silver,11,4,3,3,1,2024-10-05,2025-07-27,295,29,8,194.21,Central,Desktop,New
411,Silver,11,4,4,2,1,2024-09-11,2025-08-13,336,12,5,201.90,Central,Desktop,Returning
421,Silver,11,4,4,2,1,2024-11-20,2025-08-14,267,11,2,153.97,East,Desktop,New
425,Silver,11,4,3,3,1,2024-10-23,2025-07-28,278,28,6,457.01,East,Desktop,New
433,Silver,11,4,3,3,1,2024-12-08,2025-08-06,241,19,8,99.33,Central,Desktop,Returning
439,Silver,11,4,4,2,1,2024-09-24,2025-08-14,324,11,3,148.03,International,Desktop,Returning
447,Silver,11,4,4,2,1,2025-01-01,2025-08-19,230,6,5,371.12,International,Desktop,New
454,Silver,11,4,3,3,1,2025-01-03,2025-08-07,216,18,6,353.51,Central,Desktop,New
466,Silver,11,3,5,2,1,2025-03-25,2025-08-23,151,2,3,126.35,North,Mobile,Returning
472,Silver,11,4,3,3,1,2024-09-29,2025-07-27,301,29,7,341.84,Central,Desktop,New
477,Silver,11,4,4,2,1,2024-09-06,2025-08-13,341,12,5,374.61,East,Desktop,Returning
490,Silver,11,4,3,3,1,2024-10-13,2025-08-03,294,22,7,204.95,Central,Desktop,New
497,Silver,11,4,4,2,1,2024-11-29,2025-08-13,257,12,5,325.83,East,Mobile,New
514,Silver,11,4,4,2,1,2024-09-18,2025-08-11,327,14,5,363.58,Central,Desktop,New
516,Silver,11,4,4,2,1,2024-12-13,2025-08-16,246,9,3,206.25,International,Mobile,Returning
517,Silver,11,4,3,3,1,2024-08-29,2025-08-03,339,22,6,411.39,Central,Desktop,Returning
521,Silver,11,4,3,3,1,2024-10-02,2025-08-04,306,21,6,230.56,East,Desktop,New
523,Silver,11,4,3,3,1,2024-10-12,2025-08-05,297,20,6,221.93,Central,Desktop,Returning
527,Silver,11,4,4,2,1,2024-10-13,2025-08-10,301,15,4,193.04,East,Desktop,Returning
536,Silver,11,4,3,3,1,2024-11-17,2025-08-01,257,24,6,389.30,International,Desktop,Returning
540,Silver,11,4,4,2,1,2024-10-27,2025-08-10,287,15,5,206.73,East,Desktop,New
542,Silver,11,4,4,2,1,2025-01-10,2025-08-18,220,7,4,256.35,East,Desktop,New
545,Silver,11,4,3,3,1,2024-12-11,2025-08-07,239,18,6,247.24,Central,Desktop,New
560,Silver,11,4,4,2,1,2024-12-07,2025-08-17,253,8,3,83.04,Central,Desktop,Returning
564,Silver,11,4,4,2,1,2025-02-18,2025-08-19,182,6,3,98.76,Central,Desktop,New
577,Silver,11,4,4,2,1,2025-01-07,2025-08-14,219,11,4,255.08,International,Desktop,New
602,Silver,11,4,3,3,1,2024-09-28,2025-08-04,310,21,8,482.71,Central,Desktop,New
609,Silver,11,3,5,2,1,2025-03-08,2025-08-22,167,3,3,267.41,Central,Desktop,Returning
610,Silver,11,4,2,3,2,2024-10-12,2025-07-10,271,46,7,504.38,Central,Mobile,New
624,Silver,11,4,3,3,1,2024-12-01,2025-08-06,248,19,7,437.45,East,Desktop,Returning
630,Silver,11,4,2,3,2,2024-10-10,2025-07-06,269,50,7,620.68,Central,Desktop,New
658,Silver,11,4,3,3,1,2024-09-18,2025-07-30,315,26,8,327.80,Central,Desktop,New
665,Silver,11,4,4,2,1,2024-10-07,2025-08-15,312,10,2,61.43,East,Desktop,Returning
669,Silver,11,4,3,3,1,2024-12-13,2025-08-08,238,17,6,453.60,Central,Desktop,Returning
675,Silver,11,4,3,3,1,2024-11-08,2025-08-04,269,21,6,355.36,Central,Desktop,New
699,Silver,11,4,4,2,1,2024-09-10,2025-08-17,341,8,4,115.82,Central,Mobile,Returning
701,Silver,11,4,4,2,1,2024-10-23,2025-08-18,299,7,5,236.92,East,Desktop,New
704,Silver,11,4,3,3,1,2024-09-17,2025-07-28,314,28,6,280.14,Central,Desktop,New
737,Silver,11,4,4,2,1,2024-11-03,2025-08-13,283,12,5,198.17,Central,Desktop,New
742,Silver,11,4,3,3,1,2024-10-15,2025-07-29,287,27,6,300.98,East,Desktop,Returning
758,Silver,11,4,4,2,1,2025-01-01,2025-08-13,224,12,5,164.78,International,Desktop,New
768,Silver,11,4,4,2,1,2024-10-07,2025-08-10,307,15,5,359.37,East,Desktop,New
771,Silver,11,4,4,2,1,2024-08-31,2025-08-14,348,11,5,464.47,Central,Desktop,New
775,Silver,11,4,4,2,1,2025-02-06,2025-08-13,188,12,4,107.44,International,Desktop,Returning
779,Silver,11,4,3,3,1,2024-09-06,2025-08-08,336,17,8,192.96,Central,Desktop,New
786,Silver,11,4,4,2,1,2024-10-01,2025-08-17,320,8,4,127.54,Central,Desktop,Returning
794,Silver,11,4,4,2,1,2024-10-14,2025-08-13,303,12,3,281.70,Central,Mobile,Returning
795,Silver,11,4,4,2,1,2024-10-25,2025-08-10,289,15,5,252.89,Central,Desktop,Returning
815,Silver,11,4,3,3,1,2024-12-07,2025-07-27,232,29,7,254.81,Central,Desktop,New
830,Silver,11,4,4,2,1,2024-12-14,2025-08-18,247,7,5,242.20,Central,Desktop,New
842,Silver,11,4,3,3,1,2024-08-31,2025-07-26,329,30,8,413.58,Central,Desktop,New
846,Silver,11,4,3,3,1,2024-08-28,2025-08-05,342,20,6,249.33,East,Desktop,New
851,Silver,11,4,3,3,1,2024-10-09,2025-08-01,296,24,6,411.18,Central,Desktop,New
854,Silver,11,4,4,2,1,2024-11-01,2025-08-11,283,14,5,232.15,Central,Desktop,Returning
855,Silver,11,4,2,4,1,2024-09-24,2025-07-18,297,38,10,377.07,Central,Desktop,Returning
858,Silver,11,3,5,2,1,2025-03-11,2025-08-23,165,2,5,368.98,East,Desktop,New
863,Silver,11,4,3,3,1,2024-11-16,2025-08-04,261,21,6,278.46,Central,Desktop,New
864,Silver,11,4,3,3,1,2024-11-28,2025-07-26,240,30,8,362.62,Central,Desktop,New
873,Silver,11,4,4,2,1,2024-11-10,2025-08-16,279,9,2,31.12,East,Desktop,New
888,Silver,11,4,3,3,1,2024-11-28,2025-08-08,253,17,6,296.57,Central,Desktop,Returning
891,Silver,11,4,4,2,1,2024-11-11,2025-08-18,280,7,3,205.26,Central,Desktop,Returning
898,Silver,11,4,3,3,1,2024-08-31,2025-07-26,329,30,7,328.21,East,Desktop,New
901,Silver,11,4,3,3,1,2024-09-24,2025-07-30,309,26,6,64.69,Central,Desktop,New
902,Silver,11,4,3,3,1,2024-09-02,2025-07-28,329,28,8,430.00,Central,Desktop,New
911,Silver,11,4,4,2,1,2024-09-01,2025-08-16,349,9,5,165.60,East,Desktop,New
915,Silver,11,4,4,2,1,2024-11-18,2025-08-13,268,12,4,337.27,East,Desktop,New
941,Silver,11,4,4,2,1,2025-01-09,2025-08-17,220,8,3,82.78,North,Tablet,New
973,Silver,11,4,3,3,1,2024-08-31,2025-07-30,333,26,7,384.81,Central,Desktop,Returning
977,Silver,11,4,3,3,1,2024-10-18,2025-08-08,294,17,7,343.47,Central,Desktop,New
983,Silver,11,4,3,3,1,2024-09-06,2025-07-30,327,26,6,325.71,Central,Desktop,Returning
1006,Silver,11,4,4,2,1,2024-10-23,2025-08-19,300,6,3,202.44,Central,Desktop,Returning
1007,Silver,11,4,4,2,1,2024-09-18,2025-08-10,326,15,4,94.78,Central,Desktop,New
1013,Silver,11,4,4,2,1,2024-09-01,2025-08-12,345,13,5,268.88,Central,Desktop,New
1017,Silver,11,4,4,2,1,2024-08-26,2025-08-17,356,8,4,253.73,East,Desktop,New
1018,Silver,11,4,4,2,1,2024-12-10,2025-08-16,249,9,4,239.08,Central,Desktop,Returning
1023,Silver,11,4,2,3,2,2024-11-07,2025-07-20,255,36,6,592.03,Central,Desktop,New
1025,Silver,11,4,4,2,1,2024-10-29,2025-08-10,285,15,3,152.94,Central,Mobile,New
1027,Silver,11,4,4,2,1,2024-12-30,2025-08-10,223,15,5,146.53,Central,Desktop,New
1041,Silver,11,4,3,3,1,2024-11-23,2025-07-28,247,28,6,340.02,Central,Desktop,New
1069,Silver,11,4,4,2,1,2024-09-26,2025-08-18,326,7,5,193.79,East,Desktop,New
1084,Silver,11,4,4,2,1,2024-11-07,2025-08-17,283,8,4,198.72,East,Mobile,New
1093,Silver,11,4,3,3,1,2024-09-05,2025-08-05,334,20,6,423.32,East,Desktop,New
1097,Silver,11,4,4,2,1,2024-11-18,2025-08-13,268,12,4,235.88,North,Mobile,Returning
1115,Silver,11,4,3,3,1,2024-09-18,2025-08-02,318,23,7,302.24,Central,Desktop,New
1116,Silver,11,4,3,3,1,2024-11-28,2025-07-27,241,29,8,283.28,East,Desktop,New
1122,Silver,11,4,4,2,1,2024-12-26,2025-08-16,233,9,3,185.87,Central,Desktop,Returning
1123,Silver,11,4,3,3,1,2024-09-02,2025-08-06,338,19,8,479.80,Central,Desktop,Returning
1133,Silver,11,4,4,2,1,2024-09-07,2025-08-16,343,9,4,175.89,Central,Desktop,Returning
1134,Silver,11,4,4,2,1,2025-01-21,2025-08-19,210,6,3,80.27,East,Desktop,Returning
1137,Silver,11,3,5,2,1,2025-03-26,2025-08-23,150,2,4,145.46,North,Mobile,New
1139,Silver,11,4,4,2,1,2024-08-28,2025-08-17,354,8,5,186.52,Central,Desktop,Returning
1143,Silver,11,4,4,2,1,2024-12-06,2025-08-14,251,11,5,406.69,Central,Desktop,New
1146,Silver,11,4,2,3,2,2024-10-14,2025-07-13,272,43,8,560.16,Central,Desktop,New
1149,Silver,11,4,3,3,1,2024-11-09,2025-08-09,273,16,6,208.38,Central,Desktop,Returning
1152,Silver,11,4,4,2,1,2024-10-11,2025-08-13,306,12,4,221.76,North,Desktop,New
1154,Silver,11,4,4,2,1,2024-08-30,2025-08-18,353,7,5,72.97,Central,Mobile,New
1170,Silver,11,4,4,2,1,2024-12-06,2025-08-13,250,12,5,288.68,Central,Desktop,Returning
1176,Silver,11,4,4,2,1,2024-08-29,2025-08-11,347,14,2,96.21,Central,Mobile,Returning
1179,Silver,11,4,2,3,2,2024-09-25,2025-07-13,291,43,7,539.31,Central,Desktop,New
1203,Silver,11,3,5,2,1,2025-03-21,2025-08-23,155,2,3,42.80,Central,Desktop,Returning
1205,Silver,11,4,3,3,1,2024-11-12,2025-08-03,264,22,6,161.67,Central,Desktop,Returning
1212,Silver,11,4,4,2,1,2025-02-12,2025-08-14,183,11,5,363.35,East,Desktop,New
1213,Silver,11,4,4,2,1,2024-11-17,2025-08-18,274,7,5,228.29,East,Desktop,New
1245,Silver,11,4,4,2,1,2024-11-01,2025-08-16,288,9,4,139.46,Central,Desktop,New
1246,Silver,11,4,4,2,1,2024-11-07,2025-08-13,279,12,3,30.94,International,Mobile,Returning
1257,Silver,11,4,4,2,1,2024-12-11,2025-08-11,243,14,5,343.57,Central,Desktop,New
1259,Silver,11,4,4,2,1,2024-12-18,2025-08-12,237,13,5,210.64,East,Mobile,New
1274,Silver,11,4,4,2,1,2024-09-30,2025-08-10,314,15,2,212.87,East,Desktop,Returning
1279,Silver,11,4,3,3,1,2024-10-18,2025-08-01,287,24,6,273.69,Central,Desktop,Returning
1302,Silver,11,4,4,2,1,2024-12-17,2025-08-16,242,9,4,301.72,Central,Desktop,Returning
1305,Silver,11,4,4,2,1,2025-01-20,2025-08-13,205,12,3,117.44,East,Desktop,Returning
1316,Silver,11,4,3,3,1,2024-09-24,2025-08-07,317,18,6,467.47,Central,Desktop,New
1318,Silver,11,4,3,3,1,2024-10-22,2025-08-07,289,18,7,337.94,Central,Mobile,New
1328,Silver,11,4,4,2,1,2024-10-30,2025-08-13,287,12,4,282.38,East,Desktop,Returning
1333,Silver,11,4,3,3,1,2024-11-12,2025-08-01,262,24,6,215.97,Central,Desktop,New
1334,Silver,11,4,3,3,1,2024-11-10,2025-08-03,266,22,7,412.43,Central,Desktop,New
1339,Silver,11,3,5,2,1,2025-03-02,2025-08-22,173,3,3,224.15,Central,Desktop,Returning
1350,Silver,11,4,3,3,1,2024-09-22,2025-08-02,314,23,6,403.91,East,Desktop,New
1353,Silver,11,4,3,3,1,2024-11-05,2025-08-05,273,20,6,349.64,Central,Mobile,Returning
1362,Silver,11,4,4,2,1,2024-09-02,2025-08-18,350,7,4,48.29,Central,Desktop,New
1372,Silver,11,4,4,2,1,2024-11-27,2025-08-19,265,6,3,252.53,Central,Mobile,New
1376,Silver,11,4,2,3,2,2025-01-01,2025-07-10,190,46,9,574.34,Central,Desktop,New
1392,Silver,11,4,4,2,1,2024-11-25,2025-08-18,266,7,5,288.84,Central,Desktop,Returning
1410,Silver,11,4,4,2,1,2024-12-02,2025-08-17,258,8,5,259.82,Central,Desktop,New
1413,Silver,11,4,4,2,1,2024-09-19,2025-08-17,332,8,5,205.52,East,Desktop,Returning
1420,Silver,11,4,4,2,1,2025-02-04,2025-08-15,192,10,4,154.79,Central,Desktop,New
1422,Silver,11,4,4,2,1,2024-09-10,2025-08-11,335,14,4,214.45,International,Desktop,New
1426,Silver,11,4,3,3,1,2024-10-19,2025-08-01,286,24,8,351.47,Central,Desktop,Returning
1439,Silver,11,4,3,3,1,2024-09-13,2025-08-07,328,18,8,323.32,Central,Desktop,Returning
1451,Silver,11,4,3,3,1,2024-12-18,2025-08-09,234,16,6,204.03,Central,Desktop,New
1460,Silver,11,4,4,2,1,2024-10-16,2025-08-17,305,8,4,210.21,Central,Desktop,New
1490,Silver,11,4,4,2,1,2025-01-19,2025-08-19,212,6,3,121.18,Central,Desktop,Returning
1502,Silver,11,3,5,2,1,2025-03-05,2025-08-21,169,4,5,255.56,East,Desktop,New
1513,Silver,11,4,3,3,1,2024-12-31,2025-07-28,209,28,7,268.44,Central,Desktop,Returning
1519,Silver,11,4,4,2,1,2024-09-16,2025-08-15,333,10,4,195.22,Central,Desktop,New
1542,Silver,11,4,4,2,1,2024-09-06,2025-08-13,341,12,5,438.56,Central,Mobile,Returning
1545,Silver,11,4,2,3,2,2024-09-06,2025-07-25,322,31,9,624.18,Central,Desktop,New
1546,Silver,11,4,4,2,1,2024-09-17,2025-08-19,336,6,5,234.20,Central,Desktop,Returning
1550,Silver,11,4,3,3,1,2024-10-04,2025-08-09,309,16,7,274.44,Central,Desktop,New
1555,Silver,11,4,3,3,1,2024-09-21,2025-08-02,315,23,6,169.26,Central,Desktop,Returning
1559,Silver,11,4,4,2,1,2024-11-11,2025-08-10,272,15,5,131.17,Central,Desktop,New
1566,Silver,11,4,3,3,1,2024-08-28,2025-08-07,344,18,6,162.36,Central,Desktop,New
1584,Silver,11,4,2,3,2,2024-08-31,2025-07-23,326,33,9,606.28,Central,Desktop,New
1590,Silver,11,4,4,2,1,2024-11-03,2025-08-12,282,13,2,58.93,East,Mobile,Returning
1592,Silver,11,4,3,3,1,2024-10-22,2025-08-08,290,17,7,179.50,Central,Desktop,New
1593,Silver,11,4,4,2,1,2025-01-27,2025-08-12,197,13,3,75.65,East,Mobile,New
1605,Silver,11,4,4,2,1,2024-12-26,2025-08-10,227,15,3,117.41,East,Tablet,Returning
1618,Silver,11,3,5,2,1,2025-03-24,2025-08-22,151,3,4,183.91,International,Desktop,Returning
1636,Silver,11,4,4,2,1,2024-12-25,2025-08-16,234,9,4,225.96,Central,Tablet,Returning
1641,Silver,11,4,3,3,1,2024-12-20,2025-08-03,226,22,9,389.66,Central,Desktop,New
1653,Silver,11,4,3,3,1,2024-09-08,2025-07-30,325,26,8,433.28,Central,Desktop,New
1655,Silver,11,4,3,3,1,2024-09-07,2025-07-26,322,30,7,368.93,East,Desktop,New
1664,Silver,11,4,4,2,1,2024-12-17,2025-08-13,239,12,4,108.46,International,Desktop,New
1672,Silver,11,4,3,3,1,2024-11-02,2025-08-05,276,20,7,295.59,Central,Desktop,Returning
1677,Silver,11,4,4,2,1,2024-11-13,2025-08-19,279,6,4,172.44,International,Desktop,New
1684,Silver,11,3,5,2,1,2025-04-10,2025-08-24,136,1,4,402.69,Central,Desktop,Returning
1699,Silver,11,4,4,2,1,2024-10-16,2025-08-15,303,10,4,259.07,South,Desktop,Returning
1705,Silver,11,4,3,3,1,2024-10-30,2025-07-30,273,26,6,382.50,Central,Desktop,New
1719,Silver,11,4,4,2,1,2024-10-11,2025-08-11,304,14,4,252.81,Central,Desktop,New
1727,Silver,11,4,4,2,1,2024-12-02,2025-08-16,257,9,5,279.39,East,Mobile,New
1733,Silver,11,4,4,2,1,2024-11-08,2025-08-12,277,13,5,275.47,Central,Desktop,New
1750,Silver,11,4,3,3,1,2024-10-31,2025-07-31,273,25,7,305.42,Central,Desktop,Returning
1760,Silver,11,4,3,3,1,2024-09-30,2025-08-09,313,16,7,240.86,Central,Desktop,New
1767,Silver,11,4,4,2,1,2024-10-01,2025-08-12,315,13,3,83.50,East,Desktop,New
1792,Silver,11,4,4,2,1,2024-09-11,2025-08-16,339,9,5,163.18,East,Desktop,New
1845,Silver,11,4,4,2,1,2024-11-22,2025-08-15,266,10,5,212.65,East,Desktop,Returning
1860,Silver,11,4,3,3,1,2024-11-13,2025-07-29,258,27,8,473.76,Central,Desktop,New
1866,Silver,11,4,4,2,1,2024-09-26,2025-08-14,322,11,3,173.64,International,Desktop,New
1890,Silver,11,4,4,2,1,2024-08-31,2025-08-13,347,12,4,251.60,Central,Desktop,New
1891,Silver,11,4,1,4,2,2024-10-04,2025-06-20,259,66,11,655.97,Central,Desktop,New
1900,Silver,11,4,4,2,1,2024-12-17,2025-08-10,236,15,5,113.14,Central,Desktop,New
1909,Silver,11,4,3,3,1,2024-09-09,2025-08-03,328,22,7,331.99,Central,Desktop,New
1914,Silver,11,3,5,2,1,2025-03-01,2025-08-24,176,1,5,314.18,Central,Desktop,New
1915,Silver,11,4,4,2,1,2024-09-08,2025-08-16,342,9,4,113.09,East,Desktop,New
1927,Silver,11,4,3,3,1,2024-09-09,2025-07-26,320,30,9,432.57,Central,Desktop,New
1929,Silver,11,4,3,3,1,2024-11-03,2025-07-29,268,27,7,286.81,East,Desktop,New
1930,Silver,11,4,4,2,1,2024-11-30,2025-08-13,256,12,5,300.39,Central,Mobile,Returning
1937,Silver,11,4,3,3,1,2025-01-03,2025-07-27,205,29,6,218.03,North,Desktop,New
1938,Silver,11,4,4,2,1,2024-09-27,2025-08-18,325,7,5,293.12,East,Desktop,Returning
1962,Silver,11,4,4,2,1,2024-10-12,2025-08-19,311,6,5,327.93,Central,Desktop,New
1998,Silver,11,4,4,2,1,2024-09-02,2025-08-16,348,9,5,303.19,Central,Desktop,New
1999,Silver,11,4,2,3,2,2024-09-09,2025-07-16,310,40,8,533.13,Central,Desktop,New
2010,Silver,11,4,4,2,1,2024-11-18,2025-08-16,271,9,5,149.63,East,Desktop,New
2019,Silver,11,4,3,3,1,2024-11-05,2025-08-07,275,18,9,372.43,East,Desktop,New
2021,Silver,11,4,4,2,1,2024-09-28,2025-08-11,317,14,4,109.65,Central,Desktop,New
2032,Silver,11,4,2,3,2,2024-09-12,2025-07-13,304,43,7,527.85,Central,Desktop,New
2042,Silver,11,4,3,3,1,2024-08-26,2025-07-27,335,29,7,317.90,East,Desktop,New
2047,Silver,11,4,4,2,1,2025-02-13,2025-08-18,186,7,4,329.49,Central,Desktop,Returning
2050,Silver,11,4,3,3,1,2024-09-26,2025-08-03,311,22,6,163.37,International,Desktop,New
2053,Silver,11,4,4,2,1,2025-01-07,2025-08-18,223,7,5,336.46,Central,Desktop,New
2060,Silver,11,4,3,3,1,2024-11-23,2025-08-07,257,18,6,283.54,Central,Desktop,New
2061,Silver,11,4,3,3,1,2024-11-02,2025-08-09,280,16,7,277.39,International,Desktop,Returning
2066,Silver,11,4,3,3,1,2025-01-26,2025-07-29,184,27,6,165.30,Central,Desktop,Returning
2071,Silver,11,3,5,2,1,2025-05-25,2025-08-23,90,2,3,153.02,Central,Desktop,New
2075,Silver,11,4,4,2,1,2025-01-14,2025-08-10,208,15,5,339.42,Central,Mobile,Returning
2082,Silver,11,4,3,3,1,2024-09-28,2025-08-03,309,22,8,235.88,East,Desktop,New
2086,Silver,11,4,4,2,1,2024-11-19,2025-08-17,271,8,4,257.72,Central,Desktop,Returning
2087,Silver,11,4,4,2,1,2024-12-19,2025-08-19,243,6,5,261.80,East,Desktop,New
2090,Silver,11,4,4,2,1,2024-11-16,2025-08-18,275,7,5,264.85,Central,Desktop,New
2113,Silver,11,4,4,2,1,2024-09-07,2025-08-16,343,9,5,316.14,Central,Desktop,New
2119,Silver,11,4,3,3,1,2024-11-07,2025-08-09,275,16,8,475.47,International,Desktop,New
2141,Silver,11,4,4,2,1,2024-11-19,2025-08-11,265,14,5,242.79,Central,Desktop,New
2142,Silver,11,4,3,3,1,2024-10-10,2025-07-30,293,26,9,373.28,Central,Desktop,New
2166,Silver,11,4,3,3,1,2024-11-27,2025-08-09,255,16,6,268.16,Central,Desktop,Returning
2169,Silver,11,4,4,2,1,2024-08-28,2025-08-14,351,11,4,363.72,East,Desktop,Returning
2177,Silver,11,4,3,3,1,2024-09-25,2025-08-03,312,22,6,197.79,East,Desktop,Returning
2196,Silver,11,4,3,3,1,2024-10-13,2025-08-04,295,21,6,137.85,East,Desktop,New
2213,Silver,11,4,4,2,1,2024-10-14,2025-08-18,308,7,3,156.98,International,Mobile,Returning
2216,Silver,11,4,4,2,1,2024-10-31,2025-08-15,288,10,5,284.22,International,Desktop,New
2219,Silver,11,4,4,2,1,2024-09-17,2025-08-10,327,15,5,255.00,East,Mobile,New
2220,Silver,11,4,3,3,1,2024-11-27,2025-08-01,247,24,8,214.98,East,Desktop,Returning
2224,Silver,11,4,3,3,1,2024-09-22,2025-07-31,312,25,6,126.32,Central,Desktop,Returning
2239,Silver,11,4,4,2,1,2024-09-16,2025-08-13,331,12,4,266.91,Central,Desktop,Returning
2242,Silver,11,4,4,2,1,2024-08-30,2025-08-13,348,12,4,324.74,Central,Desktop,New
2248,Silver,11,4,3,3,1,2024-10-04,2025-08-03,303,22,7,186.23,Central,Desktop,New
2259,Silver,11,4,3,3,1,2024-09-29,2025-07-30,304,26,6,347.17,Central,Desktop,Returning
2263,Silver,11,4,4,2,1,2024-09-09,2025-08-12,337,13,5,215.66,International,Mobile,New
2277,Silver,11,4,4,2,1,2024-11-09,2025-08-18,282,7,3,107.64,Central,Desktop,New
2280,Silver,11,4,4,2,1,2025-01-25,2025-08-13,200,12,5,135.88,Central,Desktop,New
2303,Silver,11,4,3,3,1,2024-09-30,2025-08-04,308,21,7,241.77,Central,Desktop,Returning
2313,Silver,11,4,4,2,1,2024-12-19,2025-08-15,239,10,3,86.90,East,Desktop,New
2335,Silver,11,4,3,3,1,2024-10-12,2025-08-03,295,22,6,344.16,Central,Desktop,New
2339,Silver,11,4,2,3,2,2024-10-09,2025-06-28,262,58,7,500.51,Central,Desktop,New
2345,Silver,11,4,3,3,1,2025-01-31,2025-08-08,189,17,6,420.21,Central,Mobile,New
2354,Silver,11,4,3,3,1,2024-09-11,2025-08-02,325,23,9,339.72,Central,Desktop,New
2368,Silver,11,4,4,2,1,2024-10-19,2025-08-15,300,10,2,138.31,Central,Mobile,New
2384,Silver,11,4,3,3,1,2024-09-26,2025-08-04,312,21,7,393.33,Central,Desktop,New
2407,Silver,11,4,2,3,2,2024-11-06,2025-07-11,247,45,8,521.99,Central,Desktop,New
2415,Silver,11,4,2,3,2,2024-10-07,2025-07-15,281,41,7,526.75,North,Desktop,New
2420,Silver,11,4,3,3,1,2024-09-20,2025-07-29,312,27,6,359.40,International,Desktop,Returning
2428,Silver,11,4,4,2,1,2024-09-22,2025-08-16,328,9,5,403.66,Central,Desktop,New
2433,Silver,11,4,3,3,1,2024-09-02,2025-08-05,337,20,7,325.96,Central,Desktop,New
2438,Silver,11,4,4,2,1,2025-02-01,2025-08-17,197,8,4,260.03,Central,Desktop,New
2445,Silver,11,4,4,2,1,2024-09-26,2025-08-18,326,7,4,162.23,Central,Mobile,New
2450,Silver,11,4,2,3,2,2024-10-01,2025-07-23,295,33,9,541.16,Central,Desktop,New
2466,Silver,11,4,2,3,2,2024-09-16,2025-07-24,311,32,6,575.79,Central,Desktop,New
2513,Silver,11,4,3,3,1,2024-11-06,2025-07-30,266,26,7,446.52,East,Desktop,New
2522,Silver,11,4,3,3,1,2024-09-07,2025-08-02,329,23,7,135.11,North,Desktop,New
2540,Silver,11,4,4,2,1,2024-09-03,2025-08-13,344,12,5,434.52,East,Desktop,New
2542,Silver,11,4,4,2,1,2025-01-18,2025-08-19,213,6,3,170.47,East,Desktop,New
2566,Silver,11,4,4,2,1,2024-12-15,2025-08-18,246,7,3,231.86,East,Desktop,Returning
2567,Silver,11,4,3,3,1,2024-12-30,2025-08-02,215,23,8,283.34,East,Desktop,New
2574,Silver,11,4,2,4,1,2024-09-23,2025-07-13,293,43,12,325.48,East,Desktop,New
2595,Silver,11,4,3,3,1,2024-10-08,2025-08-01,297,24,8,385.08,Central,Desktop,New
2597,Silver,11,4,4,2,1,2024-09-30,2025-08-17,321,8,5,343.41,Central,Desktop,Returning
2611,Silver,11,4,3,3,1,2024-11-14,2025-07-27,255,29,7,296.74,Central,Desktop,New
2612,Silver,11,4,4,2,1,2025-01-27,2025-08-13,198,12,3,109.19,Central,Desktop,New
2623,Silver,11,4,4,2,1,2025-01-24,2025-08-16,204,9,4,204.54,Central,Desktop,New
2626,Silver,11,4,2,3,2,2024-09-23,2025-07-22,302,34,8,545.22,Central,Desktop,New
2627,Silver,11,4,4,2,1,2024-12-02,2025-08-15,256,10,4,218.39,International,Desktop,New
2635,Silver,11,4,4,2,1,2024-10-03,2025-08-19,320,6,5,172.52,Central,Desktop,Returning
2654,Silver,11,4,3,3,1,2024-08-27,2025-07-30,337,26,7,301.26,Central,Desktop,Returning
2655,Silver,11,4,3,3,1,2024-10-21,2025-08-04,287,21,6,386.25,International,Desktop,New
2656,Silver,11,4,3,3,1,2024-09-11,2025-08-03,326,22,7,347.71,Central,Desktop,New
2659,Silver,11,3,5,2,1,2025-04-21,2025-08-22,123,3,4,263.09,Central,Tablet,New
2665,Silver,11,4,3,3,1,2024-08-27,2025-08-09,347,16,6,272.64,Central,Desktop,Returning
2712,Silver,11,4,3,3,1,2025-01-23,2025-08-02,191,23,7,260.78,Central,Desktop,New
2726,Silver,11,4,4,2,1,2024-08-28,2025-08-10,347,15,5,121.84,Central,Mobile,New
2748,Silver,11,4,4,2,1,2024-10-30,2025-08-16,290,9,3,140.94,International,Desktop,Returning
2750,Silver,11,4,4,2,1,2024-12-05,2025-08-17,255,8,5,454.31,East,Desktop,Returning
2759,Silver,11,4,3,3,1,2024-09-30,2025-07-29,302,27,6,390.51,Central,Desktop,Returning
2769,Silver,11,4,4,2,1,2024-09-20,2025-08-12,326,13,4,306.61,International,Mobile,Returning
2770,Silver,11,4,4,2,1,2024-09-19,2025-08-17,332,8,3,328.25,South,Mobile,New
2773,Silver,11,4,4,2,1,2024-09-27,2025-08-11,318,14,4,207.48,East,Desktop,New
2778,Silver,11,4,2,4,1,2024-11-03,2025-07-06,245,50,10,391.72,Central,Desktop,New
2787,Silver,11,4,4,2,1,2024-12-13,2025-08-19,249,6,5,388.33,Central,Desktop,Returning
2788,Silver,11,4,3,3,1,2024-09-05,2025-08-02,331,23,6,404.32,Central,Desktop,New
2789,Silver,11,4,4,2,1,2024-12-21,2025-08-15,237,10,5,291.82,East,Desktop,New
2791,Silver,11,4,4,2,1,2024-11-30,2025-08-17,260,8,3,83.71,Central,Desktop,Returning
2794,Silver,11,3,5,2,1,2025-04-29,2025-08-20,113,5,2,55.22,East,Desktop,Returning
2796,Silver,11,4,4,2,1,2025-02-15,2025-08-19,185,6,4,196.38,Central,Mobile,Returning
2802,Silver,11,4,3,3,1,2024-10-16,2025-08-05,293,20,6,304.00,East,Desktop,New
2816,Silver,11,4,4,2,1,2024-11-29,2025-08-19,263,6,2,9.11,Central,Desktop,Returning
2819,Silver,11,3,5,2,1,2025-03-22,2025-08-25,156,0,3,175.27,East,Mobile,Returning
2833,Silver,11,4,2,3,2,2024-08-29,2025-07-23,328,33,8,609.60,Central,Desktop,New
2838,Silver,11,4,2,3,2,2024-09-23,2025-07-14,294,42,9,543.65,Central,Desktop,New
2839,Silver,11,4,2,3,2,2024-09-10,2025-07-13,306,43,8,581.52,East,Desktop,New
2845,Silver,11,4,4,2,1,2024-09-15,2025-08-11,330,14,4,176.73,Central,Desktop,New
2849,Silver,11,4,4,2,1,2024-10-26,2025-08-17,295,8,5,176.46,North,Desktop,Returning
2851,Silver,11,4,4,2,1,2024-08-27,2025-08-10,348,15,5,233.04,East,Desktop,Returning
2864,Silver,11,4,4,2,1,2024-10-31,2025-08-12,285,13,4,209.21,Central,Desktop,Returning
2871,Silver,11,4,4,2,1,2024-09-17,2025-08-13,330,12,4,322.97,International,Desktop,New
2875,Silver,11,4,4,2,1,2024-08-26,2025-08-15,354,10,5,171.05,Central,Mobile,New
2879,Silver,11,3,5,2,1,2025-03-08,2025-08-24,169,1,2,79.20,Central,Desktop,Returning
2884,Silver,11,4,3,3,1,2024-09-09,2025-07-27,321,29,6,300.90,East,Desktop,Returning
2929,Silver,11,4,3,3,1,2025-02-03,2025-08-03,181,22,6,416.23,East,Desktop,Returning
2932,Silver,11,4,4,2,1,2024-11-30,2025-08-12,255,13,5,341.11,Central,Desktop,Returning
2940,Silver,11,4,4,2,1,2024-10-25,2025-08-16,295,9,5,92.03,Central,Mobile,Returning
2953,Silver,11,4,3,3,1,2024-11-28,2025-07-27,241,29,6,245.48,East,Desktop,New
2962,Silver,11,4,2,3,2,2024-09-11,2025-07-01,293,55,6,500.84,East,Desktop,Returning
2963,Silver,11,4,4,2,1,2024-08-29,2025-08-11,347,14,4,103.40,International,Mobile,New
2969,Silver,11,3,5,2,1,2025-03-07,2025-08-21,167,4,3,104.20,East,Desktop,New
2983,Silver,11,4,4,2,1,2025-01-12,2025-08-16,216,9,4,93.61,Central,Desktop,Returning
3007,Silver,11,4,3,3,1,2024-10-14,2025-08-06,296,19,8,356.18,Central,Desktop,New
3027,Silver,11,4,4,2,1,2024-09-09,2025-08-18,343,7,3,233.68,Central,Desktop,Returning
3030,Silver,11,4,3,3,1,2024-08-31,2025-08-02,336,23,7,300.70,Central,Desktop,New
3035,Silver,11,4,2,3,2,2024-09-08,2025-07-16,311,40,6,542.59,Central,Desktop,Returning
3038,Silver,11,4,3,3,1,2024-08-30,2025-08-02,337,23,6,303.06,Central,Desktop,Returning
3050,Silver,11,3,5,2,1,2025-04-13,2025-08-20,129,5,4,160.11,Central,Desktop,New
3083,Silver,11,4,3,3,1,2024-11-26,2025-08-01,248,24,8,498.42,Central,Desktop,New
3108,Silver,11,4,4,2,1,2025-01-19,2025-08-12,205,13,2,37.32,Central,Mobile,New
3122,Silver,11,4,4,2,1,2024-09-27,2025-08-17,324,8,5,150.53,East,Desktop,New
3123,Silver,11,4,3,3,1,2024-09-22,2025-08-09,321,16,6,343.26,Central,Desktop,New
3129,Silver,11,4,2,3,2,2024-11-23,2025-07-18,237,38,8,585.40,Central,Desktop,New
3132,Silver,11,4,4,2,1,2024-10-20,2025-08-15,299,10,4,158.27,East,Desktop,Returning
3151,Silver,11,4,3,3,1,2024-10-30,2025-07-29,272,27,7,382.77,International,Desktop,New
3161,Silver,11,4,3,3,1,2024-10-01,2025-07-29,301,27,6,316.61,International,Desktop,New
3172,Silver,11,4,3,3,1,2024-10-30,2025-07-26,269,30,6,301.54,Central,Desktop,New
3212,Silver,11,4,3,3,1,2024-11-15,2025-07-30,257,26,6,201.10,Central,Desktop,New
3214,Silver,11,4,3,3,1,2024-11-19,2025-08-04,258,21,6,402.21,Central,Desktop,New
3238,Silver,11,4,3,3,1,2024-09-25,2025-08-07,316,18,6,399.27,East,Desktop,Returning
3247,Silver,11,4,3,3,1,2024-08-27,2025-08-05,343,20,8,198.86,Central,Desktop,New
3265,Silver,11,4,3,3,1,2024-11-23,2025-08-03,253,22,6,354.07,Central,Desktop,New
3273,Silver,11,4,3,3,1,2024-10-10,2025-08-08,302,17,6,291.73,Central,Desktop,Returning
3277,Silver,11,4,3,3,1,2024-11-03,2025-08-01,271,24,6,284.26,Central,Desktop,New
3304,Silver,11,4,3,3,1,2024-12-21,2025-08-03,225,22,6,263.86,Central,Desktop,Returning
3316,Silver,11,4,4,2,1,2025-01-14,2025-08-16,214,9,4,89.39,Central,Desktop,Returning
3320,Silver,11,4,4,2,1,2025-01-24,2025-08-13,201,12,3,76.44,North,Mobile,New
3322,Silver,11,4,3,3,1,2024-09-09,2025-07-29,323,27,6,485.83,Central,Desktop,Returning
3325,Silver,11,4,4,2,1,2024-11-27,2025-08-14,260,11,4,299.98,East,Desktop,Returning
3328,Silver,11,4,3,3,1,2024-09-14,2025-07-26,315,30,6,242.93,Central,Desktop,New
3332,Silver,11,4,3,3,1,2024-10-23,2025-07-31,281,25,6,161.80,East,Mobile,New
3333,Silver,11,4,4,2,1,2024-10-04,2025-08-16,316,9,4,189.86,East,Mobile,New
3341,Silver,11,4,3,3,1,2024-09-13,2025-07-28,318,28,7,341.32,Central,Desktop,Returning
3342,Silver,11,4,4,2,1,2024-11-27,2025-08-16,262,9,4,204.14,East,Desktop,Returning
3347,Silver,11,4,4,2,1,2025-01-29,2025-08-15,198,10,2,89.30,East,Desktop,Returning
3353,Silver,11,4,3,3,1,2024-08-26,2025-08-01,340,24,6,288.82,Central,Desktop,New
3362,Silver,11,4,3,3,1,2024-10-13,2025-08-06,297,19,7,345.87,Central,Desktop,Returning
3369,Silver,11,4,3,3,1,2024-12-26,2025-08-05,222,20,6,374.98,East,Desktop,Returning
3374,Silver,11,4,3,3,1,2024-10-01,2025-08-05,308,20,6,262.40,Central,Desktop,Returning
3383,Silver,11,4,4,2,1,2024-09-21,2025-08-18,331,7,4,205.08,Central,Desktop,New
3387,Silver,11,4,4,2,1,2024-09-16,2025-08-16,334,9,5,172.62,Central,Mobile,Returning
3391,Silver,11,4,2,3,2,2024-09-07,2025-07-23,319,33,9,543.84,Central,Desktop,New
3408,Silver,11,4,3,3,1,2024-08-29,2025-07-28,333,28,6,230.90,East,Desktop,New
3412,Silver,11,4,1,4,2,2024-09-07,2025-06-10,276,76,10,574.94,Central,Desktop,New
3416,Silver,11,4,4,2,1,2024-11-25,2025-08-10,258,15,2,112.90,Central,Desktop,New
3418,Silver,11,4,4,2,1,2024-11-14,2025-08-12,271,13,3,123.37,North,Desktop,New
3423,Silver,11,4,4,2,1,2024-11-26,2025-08-11,258,14,3,135.05,East,Desktop,Returning
3432,Silver,11,4,3,3,1,2024-08-26,2025-08-05,344,20,6,208.03,East,Desktop,New
3433,Silver,11,4,4,2,1,2025-01-06,2025-08-10,216,15,4,75.41,International,Desktop,New
3437,Silver,11,4,4,2,1,2024-09-17,2025-08-13,330,12,4,160.88,East,Desktop,New
3440,Silver,11,4,3,3,1,2024-10-03,2025-08-02,303,23,6,400.93,Central,Desktop,New
3442,Silver,11,4,4,2,1,2024-09-18,2025-08-10,326,15,3,137.47,Central,Mobile,Returning
3443,Silver,11,4,3,3,1,2024-10-05,2025-08-07,306,18,7,348.71,Central,Desktop,New
3447,Silver,11,4,4,2,1,2024-11-10,2025-08-19,282,6,2,161.95,South,Desktop,Returning
3458,Silver,11,4,3,3,1,2024-08-31,2025-07-26,329,30,7,453.57,Central,Desktop,New
3459,Silver,11,4,3,3,1,2024-09-20,2025-08-07,321,18,7,407.58,East,Desktop,Returning
3461,Silver,11,4,4,2,1,2024-09-10,2025-08-14,338,11,5,95.68,Central,Desktop,New
3490,Silver,11,4,2,4,1,2024-10-27,2025-06-28,244,58,10,466.43,Central,Desktop,New
3496,Silver,11,4,3,3,1,2024-10-13,2025-08-04,295,21,9,454.69,East,Desktop,New
3515,Silver,11,4,4,2,1,2024-09-27,2025-08-12,319,13,4,133.11,East,Desktop,New
3526,Silver,11,4,3,3,1,2024-11-20,2025-08-03,256,22,7,295.43,Central,Desktop,New
3541,Silver,11,4,3,3,1,2024-09-03,2025-08-09,340,16,7,156.76,Central,Desktop,New
3547,Silver,11,4,3,3,1,2024-10-27,2025-08-01,278,24,6,221.36,Central,Desktop,Returning
3553,Silver,11,4,4,2,1,2024-10-16,2025-08-17,305,8,4,84.10,East,Desktop,New
3557,Silver,11,4,3,3,1,2024-10-14,2025-08-09,299,16,9,448.26,Central,Desktop,New
3562,Silver,11,4,3,3,1,2024-12-20,2025-08-07,230,18,6,270.78,Central,Desktop,New
3577,Silver,11,4,4,2,1,2024-10-06,2025-08-14,312,11,5,297.23,East,Desktop,New
3592,Silver,11,4,2,4,1,2024-09-02,2025-07-20,321,36,12,415.60,Central,Desktop,New
3596,Silver,11,4,4,2,1,2025-01-16,2025-08-14,210,11,4,193.81,Central,Desktop,Returning
3605,Silver,11,4,4,2,1,2025-01-03,2025-08-16,225,9,3,117.69,Central,Desktop,Returning
3610,Silver,11,4,4,2,1,2024-12-20,2025-08-13,236,12,4,165.72,South,Desktop,New
3620,Silver,11,4,4,2,1,2025-02-03,2025-08-11,189,14,4,206.42,Central,Desktop,New
3633,Silver,11,4,4,2,1,2024-11-07,2025-08-18,284,7,2,142.58,East,Desktop,Returning
3688,Silver,11,4,4,2,1,2024-10-03,2025-08-10,311,15,4,191.65,Central,Desktop,Returning
3689,Silver,11,4,4,2,1,2024-09-25,2025-08-12,321,13,5,270.95,Central,Desktop,New
3697,Silver,11,4,3,3,1,2024-10-21,2025-08-06,289,19,6,132.82,Central,Desktop,Returning
3712,Silver,11,4,4,2,1,2024-09-09,2025-08-17,342,8,3,149.54,South,Desktop,New
3713,Silver,11,4,4,2,1,2024-09-28,2025-08-17,323,8,4,171.63,Central,Desktop,New
3720,Silver,11,4,4,2,1,2024-09-05,2025-08-14,343,11,4,209.14,East,Desktop,Returning
3739,Silver,11,4,4,2,1,2024-10-11,2025-08-15,308,10,5,346.25,East,Desktop,New
3763,Silver,11,4,3,3,1,2024-08-27,2025-07-27,334,29,7,288.55,Central,Desktop,Returning
3771,Silver,11,4,4,2,1,2024-11-13,2025-08-10,270,15,4,157.36,Central,Desktop,Returning
3772,Silver,11,4,4,2,1,2024-10-08,2025-08-12,308,13,3,151.11,Central,Desktop,New
3781,Silver,11,4,4,2,1,2024-09-26,2025-08-19,327,6,5,232.44,East,Desktop,New
3784,Silver,11,4,3,3,1,2024-09-30,2025-07-30,303,26,7,316.64,East,Desktop,New
3787,Silver,11,4,4,2,1,2024-10-26,2025-08-19,297,6,2,168.47,East,Desktop,New
3800,Silver,11,4,2,4,1,2024-10-06,2025-07-20,287,36,10,414.03,East,Desktop,New
3812,Silver,11,4,4,2,1,2024-11-28,2025-08-17,262,8,3,162.20,East,Desktop,New
3820,Silver,11,4,3,3,1,2024-11-04,2025-08-02,271,23,7,415.02,Central,Desktop,New
3826,Silver,11,4,3,3,1,2024-09-09,2025-08-07,332,18,8,301.85,Central,Desktop,New
3841,Silver,11,4,3,3,1,2024-08-26,2025-08-05,344,20,8,373.66,Central,Desktop,New
3847,Silver,11,4,3,3,1,2024-09-12,2025-08-03,325,22,6,319.67,Central,Desktop,New
3848,Silver,11,4,2,3,2,2024-10-17,2025-07-20,276,36,7,610.74,Central,Desktop,New
3851,Silver,11,4,4,2,1,2024-10-16,2025-08-16,304,9,4,489.48,Central,Mobile,Returning
3860,Silver,11,4,2,3,2,2024-09-28,2025-07-11,286,45,7,503.35,Central,Desktop,New
3863,Silver,11,4,4,2,1,2024-10-28,2025-08-12,288,13,4,223.95,East,Desktop,Returning
3885,Silver,11,4,3,3,1,2024-09-21,2025-08-09,322,16,7,384.79,East,Mobile,New
3888,Silver,11,4,3,3,1,2024-09-21,2025-08-01,314,24,6,110.50,Central,Desktop,New
3904,Silver,11,4,2,4,1,2024-09-02,2025-07-06,307,50,10,390.95,Central,Desktop,New
3922,Silver,11,3,5,2,1,2025-04-06,2025-08-24,140,1,3,142.17,East,Mobile,New
3932,Silver,11,4,4,2,1,2024-09-23,2025-08-19,330,6,5,197.83,Central,Desktop,New
3952,Silver,11,4,4,2,1,2025-01-23,2025-08-17,206,8,5,382.28,North,Desktop,New
3956,Silver,11,4,4,2,1,2024-09-01,2025-08-10,343,15,4,279.39,Central,Desktop,New
3958,Silver,11,4,4,2,1,2024-10-29,2025-08-10,285,15,4,387.23,Central,Desktop,New
3975,Silver,11,4,3,3,1,2024-09-10,2025-08-01,325,24,6,296.43,Central,Desktop,New
3981,Silver,11,3,5,2,1,2025-03-19,2025-08-25,159,0,4,310.88,East,Desktop,New
4006,Silver,11,4,3,3,1,2024-09-10,2025-07-28,321,28,6,182.67,East,Desktop,New
4027,Silver,11,4,4,2,1,2024-09-22,2025-08-16,328,9,5,164.47,Central,Desktop,New
4031,Silver,11,4,4,2,1,2024-11-25,2025-08-18,266,7,5,186.00,Central,Desktop,New
4033,Silver,11,4,3,3,1,2024-10-10,2025-07-29,292,27,6,418.64,Central,Mobile,Returning
4034,Silver,11,4,3,3,1,2024-10-14,2025-07-28,287,28,7,278.32,Central,Desktop,New
4044,Silver,11,4,3,3,1,2024-08-31,2025-07-30,333,26,8,405.77,Central,Desktop,New
4052,Silver,11,4,4,2,1,2024-09-18,2025-08-12,328,13,4,241.09,East,Desktop,New
4065,Silver,11,4,3,3,1,2024-11-12,2025-07-27,257,29,8,346.71,East,Desktop,New
585,Silver,10,4,2,3,1,2024-10-19,2025-06-30,254,56,7,316.05,East,Desktop,New
591,Silver,10,2,5,2,1,2025-06-17,2025-08-21,65,4,3,204.11,International,Desktop,New
615,Silver,10,3,4,2,1,2025-02-16,2025-08-11,176,14,5,285.34,East,Desktop,New
616,Silver,10,4,2,3,1,2024-09-07,2025-07-17,313,39,8,217.12,East,Desktop,New
618,Silver,10,4,3,2,1,2024-10-03,2025-08-03,304,22,5,326.25,Central,Desktop,New
622,Silver,10,4,3,2,1,2025-02-01,2025-08-04,184,21,4,316.69,Central,Desktop,New
636,Silver,10,4,2,3,1,2024-09-25,2025-06-30,278,56,6,248.62,Central,Desktop,New
639,Silver,10,4,3,2,1,2024-12-10,2025-07-30,232,26,3,95.28,Central,Desktop,New
641,Silver,10,4,3,2,1,2024-09-27,2025-07-29,305,27,2,88.27,North,Desktop,Returning
643,Silver,10,4,3,2,1,2024-09-29,2025-07-26,300,30,4,144.62,Central,Desktop,New
649,Silver,10,4,2,3,1,2024-12-05,2025-07-14,221,42,8,422.51,Central,Desktop,Returning
651,Silver,10,4,2,3,1,2024-09-30,2025-06-29,272,57,8,196.98,Central,Desktop,New
655,Silver,10,4,3,2,1,2024-09-04,2025-07-31,330,25,4,199.00,East,Desktop,Returning
659,Silver,10,4,2,3,1,2024-11-30,2025-06-28,210,58,6,421.55,Central,Desktop,Returning
660,Silver,10,3,4,2,1,2025-03-12,2025-08-15,156,10,5,383.81,International,Mobile,New
674,Silver,10,4,3,2,1,2025-01-26,2025-08-04,190,21,4,312.69,Central,Desktop,Returning
677,Silver,10,4,3,2,1,2025-01-24,2025-08-01,189,24,5,278.53,Central,Mobile,New
683,Silver,10,4,2,3,1,2024-09-12,2025-07-13,304,43,8,326.47,Central,Desktop,New
686,Silver,10,4,3,2,1,2024-12-02,2025-08-03,244,22,5,296.50,Central,Desktop,Returning
687,Silver,10,4,2,3,1,2024-09-09,2025-07-10,304,46,7,351.95,Central,Desktop,New
688,Silver,10,4,2,3,1,2024-10-04,2025-07-23,292,33,7,282.44,Central,Desktop,New
689,Silver,10,4,3,2,1,2024-12-01,2025-07-29,240,27,3,132.21,Central,Desktop,Returning
723,Silver,10,4,3,2,1,2024-11-05,2025-07-27,264,29,3,166.18,East,Desktop,Returning
724,Silver,10,4,3,2,1,2024-10-25,2025-07-31,279,25,2,233.41,Central,Tablet,New
725,Silver,10,4,2,3,1,2024-10-31,2025-07-05,247,51,8,343.58,Central,Desktop,New
726,Silver,10,4,3,2,1,2024-09-28,2025-08-01,307,24,4,176.14,Central,Desktop,New
728,Silver,10,3,4,2,1,2025-03-24,2025-08-13,142,12,3,220.72,International,Desktop,New
733,Silver,10,4,2,3,1,2024-09-17,2025-07-15,301,41,6,241.79,Central,Desktop,Returning
744,Silver,10,4,3,2,1,2024-12-25,2025-07-26,213,30,5,370.90,Central,Desktop,Returning
745,Silver,10,4,3,2,1,2024-10-11,2025-07-28,290,28,2,111.78,Central,Desktop,Returning
752,Silver,10,4,2,3,1,2024-11-05,2025-07-18,255,38,6,305.04,North,Desktop,Returning
764,Silver,10,4,3,2,1,2024-09-14,2025-08-01,321,24,5,212.14,International,Mobile,Returning
770,Silver,10,2,5,2,1,2025-06-29,2025-08-23,55,2,3,74.62,North,Mobile,Returning
787,Silver,10,4,3,2,1,2024-08-28,2025-08-09,346,16,5,378.42,Central,Desktop,New
788,Silver,10,4,3,2,1,2024-11-18,2025-07-31,255,25,5,367.69,East,Mobile,New
809,Silver,10,4,3,2,1,2024-08-30,2025-07-26,330,30,4,208.28,East,Desktop,Returning
818,Silver,10,4,3,2,1,2024-10-22,2025-08-05,287,20,4,185.34,Central,Desktop,New
829,Silver,10,4,3,2,1,2024-11-06,2025-08-09,276,16,4,355.70,Central,Desktop,Returning
857,Silver,10,4,3,2,1,2025-01-19,2025-08-01,194,24,5,210.94,Central,Desktop,New
879,Silver,10,4,3,2,1,2024-12-28,2025-07-31,215,25,3,82.16,South,Desktop,New
885,Silver,10,4,3,2,1,2024-11-13,2025-07-27,256,29,5,217.07,Central,Desktop,New
886,Silver,10,4,3,2,1,2024-09-08,2025-08-04,330,21,3,110.67,East,Mobile,Returning
889,Silver,10,4,1,3,2,2024-12-05,2025-06-18,195,68,8,543.01,Central,Desktop,New
904,Silver,10,4,3,2,1,2024-11-08,2025-07-30,264,26,4,321.19,Central,Mobile,Returning
908,Silver,10,4,2,3,1,2024-09-07,2025-06-29,295,57,6,183.95,East,Desktop,New
917,Silver,10,4,3,2,1,2024-12-31,2025-08-02,214,23,2,116.60,East,Desktop,Returning
936,Silver,10,4,2,3,1,2024-09-12,2025-07-19,310,37,6,276.73,East,Desktop,Returning
937,Silver,10,4,3,2,1,2024-08-27,2025-08-09,347,16,5,343.81,Central,Desktop,Returning
938,Silver,10,4,2,3,1,2024-09-17,2025-07-19,305,37,9,358.21,Central,Desktop,New
939,Silver,10,4,3,2,1,2024-10-28,2025-07-30,275,26,5,174.50,Central,Desktop,New
950,Silver,10,4,3,2,1,2024-10-02,2025-08-05,307,20,5,177.24,Central,Desktop,New
954,Silver,10,4,3,2,1,2024-11-22,2025-07-31,251,25,4,196.93,Central,Desktop,New
961,Silver,10,4,2,3,1,2024-09-04,2025-07-16,315,40,6,282.85,Central,Desktop,New
962,Silver,10,4,2,3,1,2024-10-04,2025-07-10,279,46,7,241.40,East,Desktop,New
970,Silver,10,4,2,3,1,2024-08-26,2025-06-29,307,57,7,399.26,East,Desktop,Returning
998,Silver,10,4,2,3,1,2024-09-25,2025-06-28,276,58,8,391.85,Central,Desktop,Returning
1002,Silver,10,4,3,2,1,2024-11-30,2025-08-01,244,24,4,236.59,Central,Desktop,New
1003,Silver,10,4,2,3,1,2024-10-04,2025-07-22,291,34,6,273.11,Central,Desktop,New
1029,Silver,10,4,2,3,1,2024-10-21,2025-07-21,273,35,6,361.07,Central,Desktop,Returning
1036,Silver,10,4,3,2,1,2024-08-27,2025-08-02,340,23,5,184.97,International,Desktop,Returning
1045,Silver,10,4,3,2,1,2024-12-24,2025-07-29,217,27,3,239.30,East,Desktop,New
1047,Silver,10,3,4,2,1,2025-03-21,2025-08-13,145,12,4,177.15,East,Desktop,New
1049,Silver,10,4,2,3,1,2024-09-04,2025-07-02,301,54,9,275.55,International,Desktop,New
1052,Silver,10,4,3,2,1,2024-09-19,2025-07-31,315,25,5,198.35,Central,Desktop,Returning
1054,Silver,10,4,3,2,1,2024-09-18,2025-08-06,322,19,4,149.57,Central,Desktop,New
1067,Silver,10,4,2,3,1,2024-09-29,2025-06-29,273,57,7,286.70,Central,Desktop,New
1091,Silver,10,4,2,3,1,2024-09-15,2025-06-29,287,57,6,355.55,Central,Desktop,New
1092,Silver,10,4,3,2,1,2024-11-01,2025-08-04,276,21,3,45.96,East,Desktop,Returning
1094,Silver,10,4,2,3,1,2024-11-16,2025-07-18,244,38,6,344.08,Central,Desktop,Returning
1095,Silver,10,4,1,3,2,2024-09-23,2025-06-25,275,61,8,563.17,Central,Desktop,New
1098,Silver,10,4,3,2,1,2024-09-13,2025-08-08,329,17,5,195.21,Central,Mobile,New
1100,Silver,10,4,3,2,1,2024-09-20,2025-07-26,309,30,4,312.01,Central,Mobile,New
1101,Silver,10,4,3,2,1,2024-10-06,2025-07-29,296,27,3,219.34,South,Desktop,Returning
1110,Silver,10,4,2,3,1,2024-09-01,2025-07-17,319,39,7,481.23,Central,Desktop,New
1111,Silver,10,4,2,3,1,2024-09-11,2025-07-05,297,51,6,195.71,Central,Desktop,New
1117,Silver,10,4,2,3,1,2024-10-28,2025-07-21,266,35,7,223.48,Central,Desktop,New
1119,Silver,10,4,3,2,1,2024-09-07,2025-08-08,335,17,5,83.43,East,Desktop,New
1129,Silver,10,4,3,2,1,2025-01-25,2025-07-29,185,27,3,212.17,East,Desktop,New
1132,Silver,10,4,3,2,1,2024-12-19,2025-08-08,232,17,5,256.77,East,Desktop,Returning
1136,Silver,10,4,2,3,1,2024-09-10,2025-07-24,317,32,6,222.50,Central,Desktop,Returning
1158,Silver,10,4,3,2,1,2024-10-23,2025-07-28,278,28,4,234.68,Central,Desktop,Returning
1173,Silver,10,4,2,3,1,2024-09-12,2025-07-23,314,33,7,365.18,Central,Desktop,New
1185,Silver,10,3,4,2,1,2025-03-09,2025-08-16,160,9,5,175.14,Central,Mobile,New
1186,Silver,10,4,2,3,1,2024-10-14,2025-07-07,266,49,6,332.69,Central,Desktop,New
1196,Silver,10,4,2,3,1,2024-09-01,2025-07-23,325,33,6,214.43,East,Desktop,Returning
1207,Silver,10,4,2,3,1,2024-10-16,2025-07-15,272,41,8,404.62,Central,Desktop,New
1229,Silver,10,4,2,3,1,2024-09-17,2025-06-29,285,57,8,287.52,Central,Desktop,New
1233,Silver,10,4,1,3,2,2024-08-29,2025-04-01,215,146,6,519.16,East,Desktop,New
1243,Silver,10,4,3,2,1,2025-01-12,2025-08-03,203,22,3,211.84,International,Mobile,New
1251,Silver,10,4,2,3,1,2024-11-14,2025-07-02,230,54,8,244.81,East,Desktop,New
1255,Silver,10,4,3,2,1,2024-09-28,2025-08-04,310,21,5,303.61,International,Desktop,New
1262,Silver,10,4,3,2,1,2024-12-25,2025-08-02,220,23,3,119.18,International,Mobile,New
1264,Silver,10,4,3,2,1,2024-10-02,2025-08-05,307,20,5,217.99,East,Desktop,Returning
1286,Silver,10,4,2,3,1,2024-11-01,2025-07-07,248,49,7,466.51,East,Desktop,New
1296,Silver,10,4,3,2,1,2024-11-01,2025-07-30,271,26,5,268.67,East,Desktop,New
1300,Silver,10,3,3,3,1,2025-04-07,2025-07-27,111,29,7,214.48,Central,Desktop,New
1313,Silver,10,4,3,2,1,2024-11-15,2025-07-30,257,26,5,169.84,East,Desktop,New
1329,Silver,10,4,3,2,1,2024-10-09,2025-08-02,297,23,5,221.48,Central,Mobile,Returning
1332,Silver,10,4,3,2,1,2024-09-16,2025-07-29,316,27,5,247.09,East,Desktop,New
1371,Silver,10,4,2,2,2,2024-09-20,2025-07-21,304,35,5,519.59,North,Desktop,New
1385,Silver,10,4,2,3,1,2024-10-09,2025-07-22,286,34,6,376.25,Central,Desktop,New
1387,Silver,10,3,4,2,1,2025-04-14,2025-08-18,126,7,3,175.54,Central,Mobile,New
1389,Silver,10,4,3,2,1,2025-01-03,2025-07-30,208,26,4,100.67,East,Mobile,Returning
1391,Silver,10,4,3,2,1,2024-11-19,2025-08-04,258,21,4,231.72,Central,Desktop,Returning
1393,Silver,10,4,3,2,1,2024-11-07,2025-08-02,268,23,3,152.55,East,Desktop,Returning
1402,Silver,10,4,2,3,1,2024-09-04,2025-07-13,312,43,7,332.00,East,Desktop,New
1403,Silver,10,4,3,2,1,2024-11-17,2025-08-05,261,20,5,298.22,Central,Desktop,New
1412,Silver,10,4,2,3,1,2024-11-13,2025-07-19,248,37,6,272.31,East,Desktop,New
1414,Silver,10,4,3,2,1,2024-09-07,2025-08-09,336,16,5,488.91,Central,Desktop,Returning
1424,Silver,10,4,3,2,1,2024-11-21,2025-07-27,248,29,3,217.83,East,Desktop,New
1429,Silver,10,4,3,2,1,2024-09-30,2025-07-27,300,29,4,214.79,Central,Desktop,Returning
1433,Silver,10,4,3,2,1,2024-10-03,2025-08-04,305,21,3,107.47,North,Desktop,New
1440,Silver,10,4,2,3,1,2024-09-18,2025-07-06,291,50,8,323.32,Central,Desktop,New
1448,Silver,10,4,3,2,1,2024-10-30,2025-08-05,279,20,3,85.43,North,Desktop,Returning
1449,Silver,10,3,4,2,1,2025-04-30,2025-08-10,102,15,3,94.99,International,Mobile,New
1475,Silver,10,4,3,2,1,2024-10-12,2025-07-27,288,29,5,239.48,Central,Desktop,New
1488,Silver,10,4,2,3,1,2024-11-04,2025-07-18,256,38,6,269.20,International,Desktop,New
1501,Silver,10,4,3,2,1,2025-01-10,2025-08-04,206,21,5,292.78,Central,Desktop,Returning
1511,Silver,10,4,3,2,1,2024-09-05,2025-08-01,330,24,5,263.98,Central,Desktop,New
1520,Silver,10,4,3,2,1,2025-01-19,2025-08-08,201,17,4,181.07,East,Desktop,Returning
1522,Silver,10,4,2,3,1,2024-11-27,2025-07-01,216,55,6,337.50,East,Desktop,New
1523,Silver,10,4,2,2,2,2024-09-16,2025-07-14,301,42,5,625.03,Central,Desktop,New
1526,Silver,10,4,3,2,1,2024-09-24,2025-08-01,311,24,4,291.23,East,Desktop,Returning
1527,Silver,10,4,3,2,1,2024-10-23,2025-08-06,287,19,3,63.40,Central,Mobile,Returning
1529,Silver,10,4,3,2,1,2024-10-08,2025-07-27,292,29,5,310.75,Central,Desktop,Returning
1535,Silver,10,4,3,2,1,2024-10-25,2025-08-04,283,21,4,66.66,Central,Desktop,New
1536,Silver,10,4,3,2,1,2024-10-29,2025-08-01,276,24,4,155.99,Central,Desktop,New
1541,Silver,10,4,2,3,1,2024-10-31,2025-06-30,242,56,8,294.66,Central,Desktop,New
1543,Silver,10,4,3,2,1,2024-11-24,2025-08-06,255,19,5,158.59,East,Desktop,New
1551,Silver,10,4,1,3,2,2024-08-28,2025-06-24,300,62,7,518.53,East,Desktop,New
1570,Silver,10,4,3,2,1,2024-11-03,2025-08-04,274,21,5,65.25,International,Desktop,New
1575,Silver,10,4,2,3,1,2024-10-14,2025-07-16,275,40,7,281.28,Central,Desktop,New
1585,Silver,10,4,3,2,1,2024-10-08,2025-08-06,302,19,5,175.63,Central,Desktop,Returning
1596,Silver,10,4,2,3,1,2024-12-14,2025-07-19,217,37,6,158.08,Central,Desktop,Returning
1597,Silver,10,4,2,3,1,2024-08-26,2025-07-19,327,37,6,162.70,East,Mobile,New
1608,Silver,10,4,2,3,1,2024-12-04,2025-07-01,209,55,7,457.34,Central,Desktop,Returning
1625,Silver,10,4,2,3,1,2024-10-05,2025-07-23,291,33,6,219.22,East,Desktop,New
1632,Silver,10,4,2,3,1,2024-09-06,2025-07-03,300,53,6,384.03,Central,Desktop,New
1635,Silver,10,4,3,2,1,2024-10-13,2025-08-05,296,20,4,206.32,East,Mobile,Returning
1642,Silver,10,3,4,2,1,2025-04-02,2025-08-13,133,12,5,214.16,Central,Desktop,New
1643,Silver,10,4,2,3,1,2024-10-03,2025-07-10,280,46,6,301.64,Central,Desktop,New
1649,Silver,10,4,3,2,1,2024-12-19,2025-08-09,233,16,4,169.71,Central,Desktop,Returning
1658,Silver,10,4,3,2,1,2024-10-25,2025-08-04,283,21,5,148.54,Central,Desktop,New
1659,Silver,10,4,2,3,1,2024-09-20,2025-06-29,282,57,6,313.96,East,Desktop,New
1666,Silver,10,4,3,2,1,2025-01-20,2025-08-05,197,20,5,374.39,International,Desktop,New
1671,Silver,10,4,2,3,1,2024-10-30,2025-06-29,242,57,8,298.98,Central,Desktop,New
1679,Silver,10,4,2,3,1,2024-10-13,2025-07-13,273,43,6,428.68,East,Desktop,New
1682,Silver,10,3,4,2,1,2025-03-05,2025-08-11,159,14,2,49.67,International,Tablet,Returning
1686,Silver,10,4,2,3,1,2024-10-30,2025-07-24,267,32,6,137.13,East,Desktop,New
1692,Silver,10,3,3,3,1,2025-02-10,2025-07-30,170,26,6,193.37,Central,Desktop,New
1694,Silver,10,4,2,3,1,2024-09-04,2025-07-11,310,45,6,454.54,Central,Desktop,Returning
1712,Silver,10,4,3,2,1,2025-01-01,2025-07-28,208,28,4,100.72,Central,Mobile,New
1722,Silver,10,4,2,3,1,2024-10-02,2025-07-01,272,55,7,443.11,Central,Desktop,New
1734,Silver,10,4,3,2,1,2024-09-29,2025-08-04,309,21,5,332.88,Central,Desktop,New
1738,Silver,10,4,3,2,1,2025-01-14,2025-08-01,199,24,3,45.47,Central,Desktop,Returning
1742,Silver,10,4,2,3,1,2024-10-15,2025-07-10,268,46,6,219.63,East,Desktop,New
1755,Silver,10,4,3,2,1,2024-08-26,2025-07-28,336,28,3,206.22,East,Desktop,Returning
1772,Silver,10,3,4,2,1,2025-02-24,2025-08-15,172,10,5,239.87,Central,Desktop,Returning
1773,Silver,10,4,2,3,1,2024-10-05,2025-07-04,272,52,6,380.37,East,Desktop,New
1781,Silver,10,4,3,2,1,2025-01-11,2025-07-26,196,30,4,141.81,East,Mobile,New
1784,Silver,10,4,3,2,1,2024-10-03,2025-08-06,307,19,5,134.89,East,Desktop,New
1789,Silver,10,4,3,2,1,2024-10-18,2025-08-04,290,21,3,50.33,Central,Desktop,Returning
1799,Silver,10,4,2,3,1,2024-09-08,2025-07-22,317,34,6,141.15,East,Desktop,New
1805,Silver,10,4,3,2,1,2024-10-06,2025-07-30,297,26,5,336.88,International,Desktop,New
1826,Silver,10,4,1,3,2,2024-09-09,2025-06-12,276,74,8,527.89,East,Desktop,New
1834,Silver,10,4,1,4,1,2024-09-03,2025-04-22,231,125,11,382.97,Central,Desktop,New
1837,Silver,10,2,5,2,1,2025-07-21,2025-08-25,35,0,3,126.56,South,Desktop,New
1844,Silver,10,4,2,3,1,2024-09-01,2025-07-22,324,34,7,360.88,Central,Desktop,New
1849,Silver,10,4,2,3,1,2024-09-06,2025-07-16,313,40,8,297.34,Central,Desktop,New
1857,Silver,10,4,2,3,1,2024-09-25,2025-06-27,275,59,6,156.06,Central,Desktop,Returning
1867,Silver,10,4,3,2,1,2024-09-09,2025-08-09,334,16,3,134.79,Central,Mobile,New
1873,Silver,10,4,2,3,1,2024-10-21,2025-07-04,256,52,7,370.94,Central,Desktop,New
1880,Silver,10,4,3,2,1,2025-02-01,2025-08-03,183,22,3,57.15,North,Desktop,New
1883,Silver,10,4,1,3,2,2024-10-19,2025-06-07,231,79,6,514.84,International,Mobile,New
1885,Silver,10,4,2,3,1,2024-10-01,2025-07-15,287,41,9,437.06,Central,Desktop,New
1908,Silver,10,4,2,3,1,2024-10-13,2025-06-26,256,60,7,203.23,East,Desktop,New
1918,Silver,10,4,3,2,1,2024-09-16,2025-08-06,324,19,5,71.24,East,Desktop,New
1921,Silver,10,4,3,2,1,2024-12-04,2025-08-08,247,17,4,230.17,Central,Desktop,Returning
1925,Silver,10,4,3,2,1,2025-01-21,2025-08-03,194,22,4,258.77,Central,Mobile,New
1931,Silver,10,4,3,2,1,2024-10-08,2025-08-03,299,22,5,68.89,Central,Desktop,Returning
1934,Silver,10,4,3,2,1,2024-09-13,2025-08-03,324,22,4,236.99,North,Desktop,Returning
1936,Silver,10,3,3,3,1,2025-02-07,2025-07-31,174,25,6,244.84,Central,Desktop,New
1939,Silver,10,4,3,2,1,2024-11-27,2025-08-08,254,17,4,90.92,Central,Desktop,New
1940,Silver,10,4,2,3,1,2024-12-09,2025-07-03,206,53,6,375.77,East,Desktop,New
1944,Silver,10,4,2,3,1,2024-10-26,2025-07-01,248,55,6,282.00,International,Mobile,Returning
1953,Silver,10,4,2,3,1,2024-10-24,2025-07-20,269,36,6,219.50,Central,Mobile,New
1967,Silver,10,4,3,2,1,2024-12-10,2025-08-01,234,24,3,87.39,International,Desktop,Returning
1976,Silver,10,4,2,3,1,2024-09-29,2025-06-28,272,58,6,189.97,East,Desktop,New
1977,Silver,10,4,3,2,1,2024-08-29,2025-08-03,339,22,4,331.09,East,Mobile,New
2004,Silver,10,4,2,3,1,2024-08-31,2025-07-15,318,41,7,321.69,Central,Desktop,Returning
2006,Silver,10,4,3,2,1,2024-10-12,2025-08-04,296,21,5,139.38,International,Desktop,New
2009,Silver,10,4,3,2,1,2024-11-03,2025-08-03,273,22,5,109.03,Central,Desktop,New
2015,Silver,10,4,2,3,1,2024-11-27,2025-07-21,236,35,7,300.20,East,Desktop,New
2017,Silver,10,4,3,2,1,2024-08-30,2025-07-29,333,27,4,216.25,Central,Desktop,New
2018,Silver,10,4,3,2,1,2024-09-27,2025-07-30,306,26,4,68.66,East,Desktop,Returning
2028,Silver,10,4,2,3,1,2024-11-25,2025-07-12,229,44,6,244.30,Central,Mobile,Returning
2038,Silver,10,4,3,2,1,2024-10-05,2025-07-26,294,30,4,56.53,International,Desktop,Returning
2045,Silver,10,4,2,3,1,2024-09-04,2025-07-12,311,44,7,430.53,Central,Desktop,New
2046,Silver,10,4,2,3,1,2024-08-30,2025-06-26,300,60,6,316.90,Central,Desktop,Returning
2055,Silver,10,4,3,2,1,2024-08-28,2025-08-07,344,18,3,111.66,International,Mobile,Returning
2059,Silver,10,4,2,3,1,2024-09-01,2025-07-24,326,32,9,312.81,East,Desktop,New
2063,Silver,10,4,3,2,1,2024-10-12,2025-08-09,301,16,5,177.06,Central,Desktop,New
2072,Silver,10,4,3,2,1,2024-09-24,2025-08-05,315,20,5,217.92,Central,Desktop,New
2081,Silver,10,4,3,2,1,2024-12-30,2025-08-08,221,17,3,76.67,East,Desktop,Returning
2085,Silver,10,4,2,3,1,2024-10-06,2025-07-22,289,34,8,238.23,International,Desktop,New
2089,Silver,10,3,3,3,1,2025-02-12,2025-08-03,172,22,6,281.68,East,Desktop,New
2099,Silver,10,4,2,3,1,2024-09-13,2025-07-17,307,39,7,272.61,Central,Mobile,Returning
2112,Silver,10,4,3,2,1,2024-10-20,2025-08-08,292,17,4,354.48,International,Mobile,Returning
2117,Silver,10,4,2,3,1,2024-10-10,2025-07-07,270,49,6,326.44,Central,Desktop,Returning
2121,Silver,10,4,2,3,1,2025-01-01,2025-07-22,202,34,8,499.59,Central,Desktop,New
2125,Silver,10,4,3,2,1,2024-09-07,2025-07-29,325,27,4,114.92,Central,Desktop,New
2135,Silver,10,4,3,2,1,2024-10-01,2025-08-09,312,16,5,134.60,Central,Desktop,Returning
2152,Silver,10,3,3,3,1,2025-02-16,2025-07-28,162,28,8,316.11,Central,Desktop,Returning
2168,Silver,10,4,3,2,1,2025-01-01,2025-07-28,208,28,4,139.27,Central,Desktop,New
2172,Silver,10,4,3,2,1,2024-09-17,2025-07-31,317,25,2,73.30,International,Mobile,Returning
2173,Silver,10,4,3,2,1,2024-12-12,2025-07-30,230,26,2,13.37,East,Desktop,Returning
2189,Silver,10,3,4,2,1,2025-02-28,2025-08-16,169,9,3,224.07,East,Mobile,Returning
2195,Silver,10,4,3,2,1,2024-09-11,2025-07-27,319,29,4,180.27,Central,Desktop,New
2198,Silver,10,4,2,3,1,2024-09-11,2025-07-17,309,39,6,150.68,Central,Desktop,New
2201,Silver,10,4,2,3,1,2024-10-25,2025-07-11,259,45,6,336.40,Central,Desktop,New
2208,Silver,10,4,3,2,1,2024-12-06,2025-07-27,233,29,4,165.27,Central,Desktop,New
2226,Silver,10,3,4,2,1,2025-02-19,2025-08-16,178,9,3,115.17,North,Desktop,Returning
2228,Silver,10,4,3,2,1,2024-10-24,2025-08-08,288,17,4,188.70,Central,Desktop,Returning
2230,Silver,10,4,3,2,1,2024-10-10,2025-07-30,293,26,5,302.98,Central,Mobile,New
2231,Silver,10,4,2,3,1,2024-10-10,2025-07-11,274,45,7,308.20,Central,Desktop,New
2233,Silver,10,4,2,3,1,2025-01-03,2025-07-14,192,42,6,302.03,Central,Desktop,Returning
2254,Silver,10,4,3,2,1,2024-09-19,2025-08-02,317,23,3,99.17,East,Desktop,Returning
2260,Silver,10,4,3,2,1,2024-10-11,2025-07-28,290,28,5,257.60,East,Desktop,Returning
2286,Silver,10,4,2,3,1,2024-10-07,2025-06-29,265,57,6,229.42,Central,Desktop,New
2293,Silver,10,4,3,2,1,2024-09-15,2025-08-09,328,16,5,333.36,International,Desktop,New
2294,Silver,10,4,3,2,1,2024-09-04,2025-07-28,327,28,4,262.37,Central,Desktop,New
2302,Silver,10,4,2,3,1,2024-10-08,2025-07-09,274,47,7,381.08,Central,Desktop,New
2312,Silver,10,4,2,3,1,2024-11-03,2025-07-19,258,37,7,380.23,Central,Desktop,New
2332,Silver,10,4,1,3,2,2024-11-30,2025-06-16,198,70,8,524.20,Central,Desktop,New
2340,Silver,10,3,4,2,1,2025-03-14,2025-08-12,151,13,5,127.94,East,Desktop,New
2348,Silver,10,3,4,2,1,2025-03-16,2025-08-15,152,10,3,185.51,International,Desktop,Returning
2349,Silver,10,4,3,2,1,2025-02-05,2025-08-09,185,16,5,310.32,Central,Mobile,New
2360,Silver,10,4,2,3,1,2025-01-03,2025-07-24,202,32,6,327.24,Central,Desktop,New
2364,Silver,10,4,3,2,1,2024-11-10,2025-07-27,259,29,4,192.26,East,Mobile,New
2370,Silver,10,4,2,3,1,2024-08-26,2025-07-20,328,36,6,159.98,Central,Desktop,New
2381,Silver,10,4,3,2,1,2024-09-26,2025-08-08,316,17,4,158.72,Central,Desktop,Returning
2386,Silver,10,4,2,3,1,2024-09-25,2025-07-04,282,52,9,432.13,Central,Desktop,New
2388,Silver,10,3,4,2,1,2025-03-06,2025-08-16,163,9,3,263.36,Central,Desktop,New
2389,Silver,10,4,3,2,1,2024-09-24,2025-08-04,314,21,3,244.33,Central,Mobile,Returning
2393,Silver,10,4,2,3,1,2024-10-17,2025-07-17,273,39,7,225.24,Central,Desktop,Returning
2434,Silver,10,4,3,2,1,2024-11-08,2025-07-26,260,30,4,232.55,East,Desktop,Returning
2443,Silver,10,4,2,3,1,2025-01-11,2025-07-25,195,31,6,344.34,International,Desktop,New
2448,Silver,10,3,4,2,1,2025-03-30,2025-08-15,138,10,2,136.61,Central,Desktop,New
2458,Silver,10,4,3,2,1,2024-10-06,2025-07-31,298,25,4,385.18,Central,Desktop,Returning
2464,Silver,10,4,2,3,1,2024-09-21,2025-07-21,303,35,7,220.32,Central,Desktop,New
2465,Silver,10,4,2,3,1,2024-11-12,2025-07-06,236,50,7,389.46,East,Desktop,Returning
2473,Silver,10,4,3,2,1,2024-11-07,2025-08-06,272,19,4,206.18,Central,Desktop,New
2486,Silver,10,4,2,3,1,2024-09-22,2025-06-30,281,56,6,234.17,Central,Desktop,Returning
2487,Silver,10,4,2,3,1,2024-08-27,2025-07-08,315,48,6,479.08,East,Mobile,New
2501,Silver,10,4,2,3,1,2024-08-29,2025-07-24,329,32,9,462.71,Central,Desktop,New
2504,Silver,10,4,3,2,1,2024-09-21,2025-08-06,319,19,5,210.82,East,Desktop,Returning
2505,Silver,10,4,3,2,1,2024-08-29,2025-08-09,345,16,3,148.97,East,Desktop,Returning
2509,Silver,10,4,2,3,1,2024-11-21,2025-07-14,235,42,8,361.91,East,Desktop,New
2514,Silver,10,4,2,3,1,2024-08-31,2025-07-06,309,50,7,324.02,Central,Desktop,New
2543,Silver,10,4,2,3,1,2024-08-27,2025-07-22,329,34,7,397.85,Central,Desktop,New
2548,Silver,10,4,3,2,1,2024-10-02,2025-07-31,302,25,5,230.23,South,Mobile,New
2558,Silver,10,4,1,3,2,2024-12-16,2025-06-20,186,66,9,506.99,Central,Desktop,New
2559,Silver,10,4,2,3,1,2024-09-14,2025-06-27,286,59,7,313.71,Central,Desktop,New
2561,Silver,10,4,2,3,1,2024-09-20,2025-07-15,298,41,8,130.72,East,Desktop,New
2563,Silver,10,4,2,3,1,2024-08-27,2025-07-08,315,48,6,302.54,East,Mobile,New
2564,Silver,10,4,3,2,1,2024-09-07,2025-07-27,323,29,4,331.12,Central,Desktop,New
2576,Silver,10,4,2,3,1,2024-11-09,2025-07-01,234,55,7,188.71,Central,Desktop,Returning
2577,Silver,10,4,2,3,1,2024-11-17,2025-07-07,232,49,6,252.88,Central,Desktop,Returning
2591,Silver,10,4,3,2,1,2025-01-12,2025-08-07,207,18,4,189.08,Central,Mobile,New
2592,Silver,10,4,2,3,1,2024-10-03,2025-07-23,293,33,6,312.55,Central,Desktop,New
2605,Silver,10,4,2,3,1,2024-10-05,2025-07-05,273,51,6,225.58,Central,Desktop,New
2617,Silver,10,4,2,3,1,2024-10-28,2025-07-19,264,37,6,458.53,East,Desktop,New
2618,Silver,10,4,3,2,1,2025-01-12,2025-08-06,206,19,3,125.52,East,Desktop,Returning
2628,Silver,10,4,3,2,1,2024-10-08,2025-07-26,291,30,3,187.96,International,Mobile,New
2631,Silver,10,4,3,2,1,2024-11-22,2025-08-06,257,19,5,253.64,Central,Desktop,New
2637,Silver,10,4,3,2,1,2024-12-09,2025-08-09,243,16,4,246.50,Central,Desktop,New
2643,Silver,10,4,1,3,2,2024-08-31,2025-05-13,255,104,9,576.65,Central,Desktop,New
2660,Silver,10,4,3,2,1,2024-08-28,2025-08-08,345,17,5,236.69,International,Desktop,New
2661,Silver,10,4,3,2,1,2024-11-10,2025-08-01,264,24,4,194.35,East,Desktop,New
2672,Silver,10,4,2,3,1,2024-09-12,2025-06-30,291,56,8,384.08,East,Desktop,New
2673,Silver,10,4,2,3,1,2024-08-29,2025-06-28,303,58,8,328.18,Central,Desktop,New
2674,Silver,10,4,2,3,1,2024-11-24,2025-07-23,241,33,6,306.19,International,Desktop,New
2679,Silver,10,4,3,2,1,2025-01-29,2025-08-02,185,23,4,134.88,East,Desktop,New
2682,Silver,10,4,3,2,1,2024-10-02,2025-07-31,302,25,4,334.13,Central,Desktop,New
2683,Silver,10,4,2,3,1,2024-10-08,2025-07-05,270,51,7,322.56,Central,Desktop,Returning
2687,Silver,10,4,3,2,1,2024-10-18,2025-08-08,294,17,5,314.46,Central,Desktop,New
2690,Silver,10,2,5,2,1,2025-07-07,2025-08-25,49,0,2,8.01,East,Mobile,Returning
2695,Silver,10,4,3,2,1,2024-10-27,2025-08-05,282,20,4,232.60,East,Desktop,Returning
2699,Silver,10,4,3,2,1,2024-09-16,2025-07-31,318,25,5,112.55,Central,Desktop,New
2709,Silver,10,4,3,2,1,2024-10-10,2025-08-05,299,20,4,395.83,International,Mobile,Returning
2714,Silver,10,4,2,3,1,2024-10-01,2025-07-05,277,51,8,367.80,Central,Desktop,New
2723,Silver,10,4,3,2,1,2024-12-10,2025-08-09,242,16,4,329.59,Central,Desktop,Returning
2736,Silver,10,4,3,2,1,2024-11-20,2025-07-27,249,29,4,151.89,Central,Mobile,New
2739,Silver,10,4,3,2,1,2024-09-26,2025-08-04,312,21,5,300.00,Central,Desktop,New
2742,Silver,10,4,3,2,1,2024-12-14,2025-08-02,231,23,5,316.44,International,Desktop,Returning
2747,Silver,10,4,2,3,1,2024-10-17,2025-07-10,266,46,6,324.03,Central,Desktop,New
2758,Silver,10,4,2,3,1,2024-09-16,2025-07-05,292,51,7,148.46,Central,Desktop,New
2771,Silver,10,4,3,2,1,2025-01-05,2025-08-01,208,24,4,245.98,East,Desktop,New
2774,Silver,10,4,2,3,1,2024-10-08,2025-07-24,289,32,6,330.33,North,Desktop,New
2780,Silver,10,4,2,3,1,2024-10-23,2025-07-12,262,44,6,316.94,Central,Desktop,New
2782,Silver,10,4,3,2,1,2024-10-17,2025-07-26,282,30,4,305.09,East,Desktop,Returning
2800,Silver,10,4,3,2,1,2024-12-12,2025-08-09,240,16,5,337.38,International,Desktop,Returning
2803,Silver,10,4,3,2,1,2024-10-09,2025-08-06,301,19,4,142.14,Central,Desktop,Returning
2818,Silver,10,4,3,2,1,2024-12-21,2025-07-31,222,25,3,224.41,East,Desktop,Returning
2825,Silver,10,3,4,2,1,2025-02-14,2025-08-11,178,14,4,326.55,Central,Desktop,Returning
2828,Silver,10,4,2,3,1,2024-10-15,2025-07-09,267,47,6,287.62,Central,Desktop,New
2840,Silver,10,3,4,2,1,2025-02-21,2025-08-17,177,8,4,148.66,Central,Tablet,Returning
2847,Silver,10,4,2,3,1,2024-10-24,2025-07-15,264,41,9,268.49,Central,Desktop,New
2860,Silver,10,4,3,2,1,2024-09-29,2025-08-03,308,22,5,301.71,East,Desktop,New
2863,Silver,10,4,2,3,1,2024-09-21,2025-07-14,296,42,6,282.39,Central,Desktop,New
2867,Silver,10,4,3,2,1,2024-09-13,2025-08-08,329,17,3,64.00,International,Mobile,Returning
2876,Silver,10,4,2,3,1,2024-11-22,2025-07-18,238,38,6,426.24,Central,Desktop,New
2881,Silver,10,4,2,3,1,2024-11-12,2025-07-07,237,49,8,426.52,Central,Desktop,New
2883,Silver,10,4,3,2,1,2024-10-10,2025-07-27,290,29,2,163.08,South,Desktop,Returning
2887,Silver,10,4,3,2,1,2024-09-28,2025-08-08,314,17,5,408.61,International,Desktop,New
2906,Silver,10,4,3,2,1,2024-10-07,2025-08-02,299,23,4,140.62,East,Desktop,New
2910,Silver,10,4,3,2,1,2024-09-03,2025-07-29,329,27,4,51.56,Central,Desktop,Returning
2912,Silver,10,2,5,2,1,2025-07-14,2025-08-24,41,1,2,72.76,South,Mobile,Returning
2926,Silver,10,4,2,3,1,2024-11-11,2025-07-02,233,54,6,428.21,Central,Desktop,New
2934,Silver,10,4,2,3,1,2024-10-03,2025-07-05,275,51,6,244.79,Central,Desktop,New
2935,Silver,10,4,2,3,1,2024-09-22,2025-07-23,304,33,7,320.06,Central,Desktop,New
2937,Silver,10,4,2,3,1,2024-11-20,2025-07-19,241,37,6,156.74,Central,Desktop,Returning
2945,Silver,10,4,3,2,1,2024-11-12,2025-08-09,270,16,3,175.33,International,Mobile,Returning
2948,Silver,10,3,4,2,1,2025-03-22,2025-08-16,147,9,2,53.00,South,Mobile,Returning
2972,Silver,10,4,3,2,1,2024-08-30,2025-08-06,341,19,3,115.11,International,Desktop,Returning
2979,Silver,10,4,3,2,1,2024-08-27,2025-07-26,333,30,5,88.59,East,Mobile,Returning
2990,Silver,10,4,2,3,1,2024-10-16,2025-06-28,255,58,7,315.89,Central,Desktop,New
2992,Silver,10,4,3,2,1,2024-10-01,2025-07-30,302,26,4,219.10,Central,Desktop,New
3010,Silver,10,4,3,2,1,2024-09-03,2025-08-09,340,16,4,101.14,International,Desktop,Returning
3011,Silver,10,3,4,2,1,2025-03-06,2025-08-12,159,13,3,163.75,International,Desktop,New
3017,Silver,10,4,3,2,1,2024-10-17,2025-07-29,285,27,5,229.26,East,Desktop,Returning
3042,Silver,10,4,3,2,1,2024-11-10,2025-08-01,264,24,4,200.04,Central,Desktop,New
3052,Silver,10,4,3,2,1,2024-10-06,2025-08-06,304,19,3,160.33,Central,Tablet,New
3064,Silver,10,3,4,2,1,2025-02-19,2025-08-12,174,13,4,373.79,North,Mobile,New
3066,Silver,10,4,2,3,1,2024-11-23,2025-07-17,236,39,6,458.37,International,Mobile,Returning
3070,Silver,10,4,2,3,1,2024-10-20,2025-07-01,254,55,6,328.46,International,Desktop,New
3088,Silver,10,4,2,3,1,2024-10-28,2025-07-12,257,44,9,366.78,East,Desktop,Returning
3090,Silver,10,4,2,3,1,2024-10-07,2025-07-24,290,32,8,258.60,Central,Desktop,Returning
3110,Silver,10,4,2,3,1,2024-09-27,2025-07-05,281,51,7,232.18,Central,Desktop,New
3111,Silver,10,4,3,2,1,2024-10-19,2025-08-01,286,24,3,147.50,Central,Mobile,New
3117,Silver,10,4,2,3,1,2024-09-27,2025-07-15,291,41,7,406.14,Central,Mobile,New
3130,Silver,10,4,2,3,1,2024-09-05,2025-07-06,304,50,7,492.65,Central,Desktop,New
3134,Silver,10,4,2,3,1,2024-10-04,2025-07-25,294,31,6,311.74,Central,Desktop,New
3142,Silver,10,4,2,3,1,2024-10-13,2025-07-24,284,32,8,421.11,Central,Desktop,Returning
3158,Silver,10,4,3,2,1,2024-11-19,2025-08-08,262,17,4,199.10,International,Desktop,New
3159,Silver,10,4,1,4,1,2024-10-25,2025-06-21,239,65,10,402.75,Central,Desktop,New
3162,Silver,10,4,3,2,1,2024-09-17,2025-07-30,316,26,3,249.44,Central,Desktop,New
3175,Silver,10,4,2,3,1,2024-09-03,2025-06-28,298,58,6,368.82,Central,Desktop,New
3191,Silver,10,4,2,3,1,2024-08-27,2025-07-09,316,47,6,172.10,Central,Desktop,Returning
3204,Silver,10,4,2,3,1,2024-10-17,2025-07-22,278,34,6,349.03,Central,Desktop,New
3217,Silver,10,4,3,2,1,2024-10-19,2025-07-29,283,27,4,141.67,Central,Desktop,New
3225,Silver,10,4,3,2,1,2024-09-19,2025-07-30,314,26,3,99.99,East,Desktop,Returning
3227,Silver,10,4,3,2,1,2024-12-03,2025-07-29,238,27,3,111.19,East,Desktop,Returning
3228,Silver,10,4,2,3,1,2024-10-02,2025-06-29,270,57,6,305.13,Central,Desktop,Returning
3229,Silver,10,4,3,2,1,2024-10-14,2025-08-05,295,20,3,106.41,Central,Desktop,New
3237,Silver,10,4,2,3,1,2024-09-07,2025-07-10,306,46,8,483.67,Central,Desktop,Returning
3242,Silver,10,4,3,2,1,2024-10-06,2025-08-08,306,17,5,272.03,Central,Desktop,New
3251,Silver,10,4,2,3,1,2024-10-27,2025-07-25,271,31,7,273.77,International,Desktop,New
3262,Silver,10,3,4,2,1,2025-03-14,2025-08-18,157,7,3,74.18,North,Mobile,New
3275,Silver,10,4,3,2,1,2024-12-25,2025-08-05,223,20,3,203.11,North,Desktop,Returning
3281,Silver,10,4,3,2,1,2024-11-18,2025-07-28,252,28,4,233.65,Central,Desktop,New
3283,Silver,10,4,3,2,1,2024-08-30,2025-08-07,342,18,4,267.41,East,Desktop,New
3287,Silver,10,4,2,3,1,2024-08-31,2025-07-09,312,47,7,201.66,Central,Desktop,New
3294,Silver,10,4,3,2,1,2025-01-07,2025-08-07,212,18,5,290.13,North,Desktop,New
3295,Silver,10,4,2,3,1,2024-11-15,2025-07-09,236,47,6,312.69,International,Desktop,New
3334,Silver,10,4,2,3,1,2024-09-11,2025-06-27,289,59,6,323.90,East,Desktop,New
3338,Silver,10,4,2,3,1,2024-09-17,2025-07-21,307,35,8,462.42,Central,Desktop,New
3343,Silver,10,4,2,3,1,2024-09-19,2025-07-02,286,54,7,401.23,Central,Desktop,New
3346,Silver,10,4,3,2,1,2024-11-17,2025-08-06,262,19,3,75.53,Central,Desktop,New
3355,Silver,10,4,3,2,1,2024-11-18,2025-07-30,254,26,3,99.07,North,Mobile,Returning
3358,Silver,10,4,2,3,1,2024-10-29,2025-07-20,264,36,6,335.80,East,Desktop,Returning
3371,Silver,10,4,3,2,1,2024-10-11,2025-07-29,291,27,3,211.32,International,Mobile,New
3379,Silver,10,4,3,2,1,2024-10-27,2025-07-31,277,25,4,150.52,International,Desktop,New
3381,Silver,10,4,2,3,1,2024-08-27,2025-07-12,319,44,7,275.25,Central,Desktop,Returning
3388,Silver,10,4,2,3,1,2024-12-09,2025-07-22,225,34,6,247.76,North,Desktop,New
3392,Silver,10,4,3,2,1,2024-09-15,2025-07-30,318,26,5,161.27,Central,Desktop,New
3398,Silver,10,4,3,2,1,2024-10-30,2025-08-04,278,21,3,115.24,East,Mobile,New
3413,Silver,10,4,2,3,1,2024-09-27,2025-07-08,284,48,6,358.68,Central,Desktop,New
3421,Silver,10,4,2,3,1,2024-09-27,2025-07-07,283,49,6,326.45,Central,Desktop,New
3424,Silver,10,4,3,2,1,2024-08-31,2025-08-05,339,20,4,276.44,East,Desktop,New
3436,Silver,10,4,3,2,1,2024-11-12,2025-08-06,267,19,3,24.04,East,Desktop,New
3444,Silver,10,4,2,3,1,2024-09-15,2025-07-10,298,46,7,478.61,Central,Desktop,New
3473,Silver,10,4,3,2,1,2024-11-17,2025-07-27,252,29,5,324.98,International,Mobile,New
3476,Silver,10,4,3,2,1,2024-10-22,2025-07-27,278,29,5,144.49,Central,Desktop,New
3484,Silver,10,4,3,2,1,2024-09-04,2025-07-30,329,26,2,58.91,East,Mobile,Returning
3487,Silver,10,4,2,3,1,2024-09-12,2025-07-04,295,52,6,279.91,Central,Desktop,New
3488,Silver,10,4,2,3,1,2024-09-06,2025-07-21,318,35,7,305.29,Central,Desktop,New
3493,Silver,10,4,2,3,1,2024-10-18,2025-07-16,271,40,6,201.38,Central,Desktop,New
3497,Silver,10,3,4,2,1,2025-02-28,2025-08-11,164,14,5,275.67,East,Desktop,New
3501,Silver,10,4,3,2,1,2024-09-12,2025-08-08,330,17,4,93.96,Central,Desktop,New
3504,Silver,10,4,2,3,1,2024-09-23,2025-07-08,288,48,6,244.49,Central,Desktop,New
3513,Silver,10,3,4,2,1,2025-03-16,2025-08-11,148,14,2,29.13,North,Mobile,New
3522,Silver,10,4,3,2,1,2024-11-16,2025-08-04,261,21,5,168.86,East,Desktop,New
3524,Silver,10,2,5,2,1,2025-06-09,2025-08-20,72,5,5,309.26,Central,Desktop,Returning
3531,Silver,10,4,2,3,1,2024-10-20,2025-07-24,277,32,7,312.64,International,Desktop,New
3533,Silver,10,4,3,2,1,2024-09-04,2025-08-08,338,17,5,357.45,Central,Desktop,New
3536,Silver,10,4,3,2,1,2025-01-15,2025-08-04,201,21,5,207.55,Central,Desktop,New
3538,Silver,10,4,3,2,1,2024-11-02,2025-08-02,273,23,4,255.84,Central,Desktop,New
3567,Silver,10,4,1,3,2,2024-09-14,2025-05-23,251,94,8,578.90,Central,Desktop,New
3578,Silver,10,4,2,3,1,2024-11-02,2025-07-15,255,41,6,451.02,Central,Mobile,Returning
3579,Silver,10,3,4,2,1,2025-02-15,2025-08-12,178,13,2,27.49,International,Desktop,New
3586,Silver,10,4,2,3,1,2024-12-12,2025-07-25,225,31,6,286.86,East,Desktop,New
3595,Silver,10,4,3,2,1,2024-10-25,2025-08-03,282,22,4,96.69,Central,Desktop,Returning
3599,Silver,10,4,3,2,1,2024-12-08,2025-08-02,237,23,4,196.78,Central,Desktop,Returning
3608,Silver,10,4,2,3,1,2024-09-14,2025-06-26,285,60,9,422.51,East,Desktop,New
3612,Silver,10,4,2,3,1,2024-09-28,2025-07-17,292,39,6,242.39,East,Desktop,New
3621,Silver,10,3,4,2,1,2025-04-04,2025-08-16,134,9,4,138.03,North,Desktop,Returning
3625,Silver,10,4,2,3,1,2024-12-28,2025-07-11,195,45,6,158.80,East,Mobile,New
3627,Silver,10,4,2,3,1,2024-10-31,2025-07-13,255,43,6,356.78,East,Desktop,New
3628,Silver,10,4,3,2,1,2024-11-06,2025-08-02,269,23,4,225.80,Central,Desktop,Returning
3635,Silver,10,4,3,2,1,2024-09-21,2025-07-26,308,30,5,94.20,East,Desktop,Returning
3636,Silver,10,4,3,2,1,2024-08-27,2025-08-02,340,23,4,209.01,Central,Desktop,Returning
3637,Silver,10,4,2,3,1,2024-09-18,2025-07-17,302,39,8,310.85,Central,Desktop,New
3652,Silver,10,4,3,2,1,2024-09-18,2025-08-04,320,21,5,153.96,Central,Desktop,New
3654,Silver,10,4,2,3,1,2024-10-19,2025-07-07,261,49,6,174.14,Central,Desktop,New
3657,Silver,10,4,3,2,1,2025-02-03,2025-08-03,181,22,5,260.54,Central,Mobile,Returning
3659,Silver,10,4,3,2,1,2024-08-29,2025-08-09,345,16,2,36.32,International,Desktop,Returning
3676,Silver,10,4,2,3,1,2024-09-05,2025-07-18,316,38,8,328.13,East,Desktop,New
3698,Silver,10,4,2,3,1,2024-09-20,2025-07-23,306,33,6,342.03,International,Desktop,New
3700,Silver,10,4,2,3,1,2024-10-12,2025-06-29,260,57,6,299.17,International,Desktop,Returning
3714,Silver,10,4,3,2,1,2024-11-20,2025-08-01,254,24,4,81.29,North,Mobile,New
3726,Silver,10,4,3,2,1,2024-12-24,2025-08-01,220,24,5,170.81,Central,Desktop,New
3745,Silver,10,4,3,2,1,2024-09-28,2025-08-03,309,22,4,203.46,East,Mobile,New
3753,Silver,10,4,3,2,1,2024-11-14,2025-07-27,255,29,4,84.53,Central,Desktop,New
3754,Silver,10,4,2,3,1,2024-09-03,2025-07-17,317,39,8,408.71,Central,Desktop,New
3760,Silver,10,4,3,2,1,2024-12-30,2025-08-05,218,20,3,46.04,East,Mobile,Returning
3776,Silver,10,4,3,2,1,2024-08-31,2025-08-09,343,16,5,287.51,East,Desktop,New
3790,Silver,10,4,3,2,1,2024-12-04,2025-08-02,241,23,3,125.50,East,Desktop,Returning
3793,Silver,10,4,3,2,1,2025-01-24,2025-08-01,189,24,4,137.22,Central,Desktop,Returning
3808,Silver,10,4,3,2,1,2024-10-01,2025-08-03,306,22,5,178.67,Central,Desktop,New
3810,Silver,10,4,3,2,1,2024-11-06,2025-07-29,265,27,4,192.41,Central,Desktop,New
3819,Silver,10,4,3,2,1,2024-09-17,2025-07-26,312,30,4,226.47,North,Mobile,New
3821,Silver,10,4,2,3,1,2024-10-16,2025-07-01,258,55,6,237.53,Central,Desktop,New
3839,Silver,10,4,3,2,1,2024-11-25,2025-08-01,249,24,5,88.37,Central,Mobile,Returning
3845,Silver,10,4,3,2,1,2024-10-12,2025-08-07,299,18,3,116.51,North,Mobile,New
3865,Silver,10,4,3,2,1,2024-08-28,2025-08-08,345,17,4,369.94,Central,Desktop,New
3867,Silver,10,4,3,2,1,2025-01-04,2025-07-29,206,27,3,113.30,Central,Desktop,Returning
3874,Silver,10,4,3,2,1,2024-10-04,2025-08-06,306,19,3,92.16,Central,Mobile,New
3875,Silver,10,4,3,2,1,2025-01-17,2025-08-09,204,16,3,283.22,Central,Desktop,Returning
3886,Silver,10,4,3,2,1,2024-10-06,2025-08-05,303,20,4,229.60,International,Desktop,New
3890,Silver,10,4,3,2,1,2024-08-31,2025-08-04,338,21,4,140.38,Central,Desktop,New
3905,Silver,10,4,3,2,1,2024-12-08,2025-07-29,233,27,4,31.10,East,Desktop,New
3915,Silver,10,4,3,2,1,2024-11-06,2025-07-29,265,27,2,20.46,West,Mobile,Returning
3918,Silver,10,4,2,3,1,2024-09-24,2025-06-28,277,58,7,373.79,East,Desktop,Returning
3921,Silver,10,4,3,2,1,2024-12-23,2025-07-29,218,27,3,4.86,Central,Desktop,New
3931,Silver,10,4,2,3,1,2024-09-10,2025-07-12,305,44,7,324.99,Central,Desktop,New
3944,Silver,10,4,3,2,1,2024-12-22,2025-08-02,223,23,4,146.66,Central,Desktop,Returning
3949,Silver,10,4,2,3,1,2024-09-27,2025-07-12,288,44,7,275.96,International,Desktop,New
3954,Silver,10,4,2,3,1,2024-10-15,2025-07-08,266,48,6,380.88,Central,Desktop,New
3968,Silver,10,4,2,3,1,2024-09-22,2025-07-23,304,33,8,378.58,Central,Desktop,New
3986,Silver,10,4,3,2,1,2024-09-18,2025-08-05,321,20,5,245.60,North,Desktop,New
3995,Silver,10,4,2,3,1,2024-08-30,2025-07-04,308,52,6,191.20,Central,Mobile,New
3996,Silver,10,4,3,2,1,2024-09-03,2025-08-02,333,23,5,348.37,Central,Desktop,Returning
3998,Silver,10,4,3,2,1,2024-09-13,2025-07-30,320,26,4,174.55,International,Desktop,Returning
4005,Silver,10,4,3,2,1,2024-09-17,2025-07-28,314,28,4,188.11,International,Desktop,New
4017,Silver,10,4,2,3,1,2024-12-15,2025-07-17,214,39,6,378.26,Central,Desktop,New
4040,Silver,10,4,3,2,1,2024-12-23,2025-08-03,223,22,2,194.20,South,Mobile,New
4041,Silver,10,4,3,2,1,2024-09-17,2025-07-26,312,30,4,116.99,North,Desktop,New
4042,Silver,10,4,2,3,1,2024-11-14,2025-07-10,238,46,6,229.21,International,Desktop,Returning
4050,Silver,10,4,3,2,1,2024-08-30,2025-07-26,330,30,5,253.91,Central,Desktop,New
4051,Silver,10,4,3,2,1,2024-12-28,2025-08-06,221,19,4,202.17,East,Desktop,New
4054,Silver,10,3,4,2,1,2025-02-12,2025-08-10,179,15,3,174.56,East,Desktop,Returning
4079,Silver,10,4,3,2,1,2025-01-16,2025-08-08,204,17,4,360.87,Central,Desktop,New
4106,Silver,10,3,4,2,1,2025-02-22,2025-08-13,172,12,5,197.47,East,Desktop,Returning
4107,Silver,10,4,3,2,1,2025-01-16,2025-08-07,203,18,3,155.02,Central,Mobile,Returning
4109,Silver,10,4,3,2,1,2024-11-10,2025-07-31,263,25,4,254.57,Central,Desktop,New
4111,Silver,10,4,2,3,1,2024-10-11,2025-07-19,281,37,6,236.83,East,Mobile,New
4112,Silver,10,4,3,2,1,2024-11-29,2025-07-31,244,25,4,205.90,East,Desktop,Returning
4114,Silver,10,4,2,3,1,2024-10-14,2025-07-23,282,33,7,385.45,Central,Desktop,Returning
4116,Silver,10,4,2,3,1,2024-08-28,2025-07-23,329,33,7,237.24,Central,Desktop,Returning
4130,Silver,10,4,3,2,1,2024-12-13,2025-07-31,230,25,5,213.80,East,Desktop,New
4136,Silver,10,4,3,2,1,2024-12-29,2025-07-31,214,25,5,405.79,East,Desktop,Returning
4149,Silver,10,4,3,2,1,2024-09-08,2025-08-06,332,19,5,324.32,Central,Desktop,Returning
4158,Silver,10,4,2,3,1,2024-09-16,2025-07-05,292,51,9,252.73,Central,Desktop,New
4159,Silver,10,4,3,2,1,2024-09-16,2025-07-30,317,26,5,266.53,Central,Desktop,New
4160,Silver,10,4,3,2,1,2024-10-09,2025-07-27,291,29,4,395.34,Central,Mobile,New
4165,Silver,10,4,2,3,1,2024-10-16,2025-07-07,264,49,6,337.23,Central,Mobile,Returning
4179,Silver,10,4,3,2,1,2025-01-30,2025-07-31,182,25,4,216.74,Central,Desktop,New
4180,Silver,10,3,4,2,1,2025-04-15,2025-08-18,125,7,5,153.51,East,Desktop,Returning
4193,Silver,10,3,3,3,1,2025-03-27,2025-07-29,124,27,8,279.45,Central,Desktop,Returning
4195,Silver,10,4,3,2,1,2024-08-28,2025-08-06,343,19,5,267.97,International,Mobile,New
4198,Silver,10,4,3,2,1,2024-11-04,2025-08-05,274,20,4,212.12,Central,Desktop,New
4209,Silver,10,4,2,3,1,2024-10-01,2025-07-25,297,31,7,458.74,Central,Desktop,New
4213,Silver,10,4,3,2,1,2024-10-29,2025-08-04,279,21,4,273.54,East,Desktop,Returning
4220,Silver,10,4,3,2,1,2024-09-18,2025-07-27,312,29,3,173.52,Central,Desktop,Returning
4226,Silver,10,3,4,2,1,2025-02-21,2025-08-19,179,6,3,118.36,International,Mobile,Returning
4229,Silver,10,4,2,3,1,2024-09-06,2025-07-17,314,39,7,242.69,Central,Desktop,New
4230,Silver,10,4,3,2,1,2024-12-11,2025-07-27,228,29,3,208.02,Central,Desktop,New
4244,Silver,10,4,2,3,1,2024-11-24,2025-07-18,236,38,6,132.08,North,Desktop,New
4256,Silver,10,4,3,2,1,2024-10-22,2025-08-07,289,18,4,178.78,East,Desktop,New
4263,Silver,10,4,2,3,1,2024-09-08,2025-06-26,291,60,6,238.61,East,Desktop,New
4274,Silver,10,4,3,2,1,2024-11-27,2025-07-27,242,29,3,102.09,East,Desktop,New
4279,Silver,10,4,3,2,1,2024-09-14,2025-07-30,319,26,5,239.58,Central,Desktop,Returning
4294,Silver,10,4,3,2,1,2024-12-06,2025-07-28,234,28,3,125.48,East,Mobile,Returning
4296,Silver,10,4,3,2,1,2024-09-11,2025-07-28,320,28,3,195.10,North,Mobile,New
4300,Silver,10,4,3,2,1,2024-09-28,2025-08-05,311,20,4,487.57,Central,Mobile,Returning
4308,Silver,10,4,3,2,1,2025-02-07,2025-08-08,182,17,3,137.14,International,Mobile,Returning
4309,Silver,10,3,4,2,1,2025-04-09,2025-08-11,124,14,2,46.96,North,Desktop,Returning
4320,Silver,10,4,1,3,2,2024-09-26,2025-06-24,271,62,7,502.08,East,Desktop,Returning
4327,Silver,10,4,3,2,1,2024-08-28,2025-08-04,341,21,4,313.50,South,Desktop,Returning
4348,Silver,10,4,2,3,1,2024-11-12,2025-07-04,234,52,6,257.82,Central,Desktop,New
4349,Silver,10,4,3,2,1,2024-11-01,2025-07-26,267,30,4,121.99,East,Mobile,New
4368,Silver,10,4,3,2,1,2024-09-16,2025-07-26,313,30,3,176.67,Central,Desktop,Returning
4369,Silver,10,4,1,3,2,2024-11-03,2025-06-02,211,84,7,500.30,Central,Desktop,Returning
4372,Silver,10,4,3,2,1,2024-10-25,2025-08-01,280,24,5,377.59,Central,Desktop,New
4376,Silver,10,4,2,3,1,2024-12-05,2025-07-11,218,45,7,374.24,North,Desktop,New
4400,Silver,10,4,3,2,1,2024-09-24,2025-08-09,319,16,3,279.61,International,Desktop,New
4404,Silver,10,4,3,2,1,2024-09-20,2025-08-05,319,20,5,350.74,East,Desktop,New
4407,Silver,10,4,2,3,1,2024-09-11,2025-07-04,296,52,6,203.77,International,Desktop,New
4411,Silver,10,4,3,2,1,2024-11-18,2025-07-29,253,27,5,310.88,East,Mobile,New
4418,Silver,10,4,3,2,1,2024-10-17,2025-08-06,293,19,2,66.47,South,Tablet,New
4424,Silver,10,4,3,2,1,2024-10-26,2025-07-28,275,28,5,327.42,East,Desktop,New
4425,Silver,10,4,3,2,1,2024-09-10,2025-08-08,332,17,4,115.61,Central,Desktop,New
4429,Silver,10,4,2,3,1,2024-09-12,2025-07-15,306,41,7,360.87,Central,Desktop,New
4432,Silver,10,4,2,3,1,2024-09-17,2025-07-15,301,41,6,299.71,East,Desktop,Returning
4439,Silver,10,3,1,4,2,2024-09-12,2025-03-05,174,173,10,781.36,Central,Mobile,Returning
4448,Silver,10,4,3,2,1,2024-12-16,2025-08-09,236,16,3,203.37,International,Desktop,Returning
4451,Silver,10,4,2,3,1,2024-09-23,2025-07-04,284,52,7,344.24,Central,Desktop,Returning
4478,Silver,10,4,2,3,1,2024-08-30,2025-07-08,312,48,9,417.52,East,Desktop,New
4485,Silver,10,4,3,2,1,2025-01-31,2025-07-31,181,25,4,199.95,Central,Mobile,Returning
4488,Silver,10,3,4,2,1,2025-03-12,2025-08-19,160,6,3,86.55,South,Desktop,Returning
4513,Silver,10,4,2,3,1,2024-12-02,2025-07-24,234,32,6,465.28,Central,Desktop,Returning
4520,Silver,10,4,2,3,1,2024-11-25,2025-06-28,215,58,6,109.30,International,Desktop,New
4533,Silver,10,4,2,3,1,2024-12-24,2025-07-08,196,48,7,437.82,International,Desktop,New
4534,Silver,10,4,3,2,1,2025-01-10,2025-08-06,208,19,3,159.61,North,Desktop,Returning
4536,Silver,10,4,3,2,1,2024-09-16,2025-07-28,315,28,3,298.32,East,Mobile,Returning
4550,Silver,10,4,1,3,2,2024-08-27,2025-03-27,212,151,7,536.70,Central,Desktop,New
4557,Silver,10,4,2,3,1,2024-10-09,2025-07-11,275,45,6,354.96,Central,Desktop,Returning
4577,Silver,10,4,3,2,1,2024-12-08,2025-08-03,238,22,3,95.08,Central,Desktop,Returning
4589,Silver,10,3,3,3,1,2025-03-02,2025-07-26,146,30,6,296.92,Central,Desktop,New
4598,Silver,10,4,3,2,1,2024-09-02,2025-08-04,336,21,4,138.39,East,Desktop,New
4600,Silver,10,4,2,3,1,2024-09-01,2025-06-28,300,58,6,335.61,North,Mobile,New
4618,Silver,10,4,3,2,1,2024-10-18,2025-08-09,295,16,3,108.17,North,Desktop,Returning
4619,Silver,10,4,3,2,1,2024-09-06,2025-07-30,327,26,4,114.58,East,Desktop,New
4625,Silver,10,4,2,3,1,2024-09-04,2025-06-29,298,57,6,195.31,Central,Desktop,Returning
4636,Silver,10,4,3,2,1,2024-09-04,2025-07-28,327,28,3,54.33,East,Desktop,Returning
4638,Silver,10,4,3,2,1,2024-10-22,2025-08-01,283,24,4,93.62,Central,Desktop,New
4660,Silver,10,4,3,2,1,2024-09-22,2025-08-06,318,19,5,459.46,Central,Desktop,Returning
4665,Silver,10,4,3,2,1,2024-12-26,2025-08-07,224,18,4,178.11,Central,Desktop,New
4670,Silver,10,4,3,2,1,2024-08-31,2025-07-30,333,26,5,334.81,East,Desktop,Returning
4680,Silver,10,4,1,3,2,2024-09-09,2025-03-08,180,170,7,710.79,Central,Desktop,New
4712,Silver,10,4,1,4,1,2024-10-11,2025-06-19,251,67,10,362.36,East,Desktop,New
4723,Silver,10,4,2,3,1,2024-09-06,2025-07-10,307,46,7,267.50,East,Desktop,New
4746,Silver,10,4,3,2,1,2025-01-17,2025-07-26,190,30,3,118.77,North,Desktop,New
4747,Silver,10,4,3,2,1,2024-12-29,2025-07-27,210,29,4,242.85,Central,Desktop,New
4760,Silver,10,4,2,3,1,2024-12-05,2025-07-12,219,44,7,284.93,Central,Desktop,Returning
4761,Silver,10,4,2,3,1,2024-08-28,2025-07-03,309,53,6,348.59,East,Desktop,New
4778,Silver,10,4,3,2,1,2024-08-28,2025-08-01,338,24,3,99.07,Central,Desktop,New
4780,Silver,10,4,3,2,1,2024-10-20,2025-08-04,288,21,3,80.46,North,Mobile,New
4805,Silver,10,4,2,3,1,2024-09-16,2025-07-20,307,36,6,300.53,East,Desktop,New
4807,Silver,10,4,2,3,1,2024-09-16,2025-06-30,287,56,7,447.81,Central,Desktop,Returning
4821,Silver,10,4,2,3,1,2024-09-07,2025-07-11,307,45,6,268.85,International,Desktop,New
4828,Silver,10,4,3,2,1,2024-09-23,2025-08-03,314,22,4,198.28,Central,Desktop,Returning
4830,Silver,10,4,3,2,1,2024-09-12,2025-08-05,327,20,4,181.36,Central,Mobile,New
4832,Silver,10,4,3,2,1,2024-09-19,2025-07-27,311,29,3,235.24,International,Tablet,Returning
4833,Silver,10,4,3,2,1,2024-09-12,2025-08-05,327,20,5,308.83,Central,Desktop,New
4838,Silver,10,4,3,2,1,2024-10-27,2025-07-26,272,30,4,115.81,International,Desktop,Returning
4840,Silver,10,4,3,2,1,2024-10-03,2025-07-28,298,28,3,187.14,East,Desktop,Returning
4855,Silver,10,4,2,3,1,2024-10-20,2025-07-15,268,41,8,313.47,Central,Desktop,New
4871,Silver,10,4,3,2,1,2024-09-12,2025-07-26,317,30,4,268.90,Central,Desktop,New
4877,Silver,10,4,2,3,1,2024-09-07,2025-06-30,296,56,6,224.60,Central,Desktop,New
4880,Silver,10,4,3,2,1,2024-09-08,2025-08-09,335,16,4,278.03,North,Desktop,New
4882,Silver,10,3,4,2,1,2025-03-20,2025-08-10,143,15,2,46.68,International,Mobile,Returning
4890,Silver,10,3,4,2,1,2025-04-21,2025-08-19,120,6,3,53.59,Central,Desktop,New
4896,Silver,10,4,3,2,1,2025-01-12,2025-07-30,199,26,4,102.14,South,Desktop,New
4901,Silver,10,4,2,3,1,2024-11-09,2025-06-29,232,57,7,359.59,International,Desktop,New
4902,Silver,10,4,2,3,1,2024-09-25,2025-07-10,288,46,7,252.35,Central,Desktop,New
4915,Silver,10,4,3,2,1,2024-12-07,2025-08-05,241,20,4,268.24,Central,Desktop,New
4932,Silver,10,4,2,3,1,2024-08-31,2025-07-08,311,48,8,482.54,Central,Mobile,New
4933,Silver,10,4,3,2,1,2024-10-01,2025-07-29,301,27,4,83.99,International,Desktop,New
4936,Silver,10,4,2,3,1,2024-09-27,2025-07-21,297,35,7,408.45,Central,Desktop,New
4939,Silver,10,4,3,2,1,2024-08-28,2025-08-05,342,20,5,376.06,East,Desktop,New
4947,Silver,10,4,3,2,1,2024-09-17,2025-08-02,319,23,5,199.55,Central,Mobile,New
4950,Silver,10,4,3,2,1,2024-11-15,2025-07-27,254,29,5,216.26,Central,Desktop,New
4975,Silver,10,4,3,2,1,2024-10-20,2025-08-02,286,23,5,125.37,Central,Mobile,Returning
4987,Silver,10,3,4,2,1,2025-04-15,2025-08-16,123,9,2,162.30,East,Mobile,New
5,Silver,10,4,2,3,1,2024-09-08,2025-07-23,318,33,6,329.83,Central,Desktop,New
8,Silver,10,4,2,3,1,2024-10-06,2025-07-19,286,37,6,112.22,East,Desktop,Returning
17,Silver,10,4,2,3,1,2024-09-19,2025-07-17,301,39,6,451.32,Central,Desktop,Returning
28,Silver,10,4,2,3,1,2024-11-01,2025-07-25,266,31,7,213.96,Central,Desktop,New
33,Silver,10,4,2,3,1,2024-11-17,2025-07-21,246,35,8,499.89,Central,Desktop,New
40,Silver,10,4,1,3,2,2024-08-31,2025-05-27,269,90,9,605.00,Central,Desktop,New
49,Silver,10,4,3,2,1,2024-09-10,2025-08-03,327,22,4,222.01,Central,Desktop,New
56,Silver,10,4,2,3,1,2024-10-05,2025-07-21,289,35,7,451.43,Central,Desktop,New
62,Silver,10,4,2,3,1,2024-10-01,2025-06-27,269,59,6,246.77,Central,Desktop,Returning
73,Silver,10,4,3,2,1,2024-11-21,2025-08-09,261,16,4,167.11,East,Desktop,Returning
77,Silver,10,4,3,2,1,2024-08-26,2025-08-01,340,24,5,351.87,Central,Desktop,New
102,Silver,10,4,2,3,1,2024-12-20,2025-07-08,200,48,7,399.33,International,Desktop,New
106,Silver,10,4,1,3,2,2024-09-16,2025-05-05,231,112,7,510.51,Central,Desktop,New
119,Silver,10,4,3,2,1,2024-12-28,2025-08-09,224,16,4,241.56,East,Desktop,Returning
133,Silver,10,4,3,2,1,2024-11-22,2025-07-27,247,29,5,298.67,Central,Desktop,Returning
138,Silver,10,4,3,2,1,2025-02-05,2025-08-08,184,17,3,103.50,International,Desktop,Returning
140,Silver,10,4,3,2,1,2024-10-31,2025-07-27,269,29,4,88.39,East,Desktop,Returning
144,Silver,10,4,2,3,1,2024-10-11,2025-07-10,272,46,7,159.42,Central,Desktop,Returning
148,Silver,10,4,2,3,1,2024-12-14,2025-07-17,215,39,7,285.95,Central,Desktop,New
160,Silver,10,4,2,3,1,2024-09-14,2025-06-27,286,59,6,450.03,Central,Desktop,Returning
167,Silver,10,2,5,2,1,2025-07-16,2025-08-22,37,3,3,73.61,Central,Desktop,New
175,Silver,10,4,3,2,1,2024-09-06,2025-08-04,332,21,5,217.34,Central,Desktop,Returning
176,Silver,10,4,2,3,1,2024-12-03,2025-07-13,222,43,8,471.42,Central,Desktop,New
190,Silver,10,3,4,2,1,2025-02-25,2025-08-19,175,6,3,126.07,Central,Desktop,Returning
194,Silver,10,4,2,3,1,2024-09-13,2025-07-16,306,40,6,192.47,Central,Desktop,New
206,Silver,10,4,3,2,1,2024-08-27,2025-08-07,345,18,5,185.88,Central,Desktop,New
224,Silver,10,4,3,2,1,2024-11-28,2025-07-27,241,29,4,209.78,International,Desktop,Returning
229,Silver,10,4,3,2,1,2024-09-21,2025-08-01,314,24,5,217.99,North,Desktop,New
231,Silver,10,4,2,3,1,2024-09-30,2025-07-17,290,39,7,331.16,Central,Desktop,Returning
233,Silver,10,3,4,2,1,2025-03-17,2025-08-12,148,13,3,65.80,Central,Desktop,New
236,Silver,10,4,3,2,1,2024-10-21,2025-08-07,290,18,5,340.77,Central,Desktop,New
238,Silver,10,4,2,3,1,2024-10-31,2025-07-14,256,42,7,438.55,East,Desktop,New
239,Silver,10,4,2,3,1,2024-12-26,2025-07-19,205,37,7,209.65,Central,Desktop,New
251,Silver,10,4,2,3,1,2024-09-27,2025-07-19,295,37,6,277.00,Central,Desktop,New
260,Silver,10,3,4,2,1,2025-03-18,2025-08-17,152,8,3,58.77,Central,Desktop,Returning
272,Silver,10,4,3,2,1,2024-12-24,2025-08-02,221,23,5,208.21,Central,Desktop,New
280,Silver,10,3,4,2,1,2025-05-09,2025-08-12,95,13,2,21.57,Central,Mobile,Returning
285,Silver,10,3,4,2,1,2025-02-16,2025-08-10,175,15,3,45.53,East,Desktop,New
291,Silver,10,3,4,2,1,2025-03-02,2025-08-15,166,10,4,118.54,Central,Desktop,New
303,Silver,10,4,3,2,1,2024-11-17,2025-08-03,259,22,4,238.10,Central,Desktop,Returning
312,Silver,10,4,3,2,1,2024-10-08,2025-08-07,303,18,4,43.23,Central,Mobile,New
332,Silver,10,4,2,3,1,2024-09-11,2025-07-16,308,40,7,408.96,Central,Desktop,New
333,Silver,10,4,3,2,1,2024-09-22,2025-08-02,314,23,5,283.49,Central,Mobile,New
343,Silver,10,4,2,3,1,2024-11-10,2025-07-01,233,55,6,480.61,Central,Desktop,New
345,Silver,10,3,4,2,1,2025-04-06,2025-08-13,129,12,2,133.42,International,Mobile,Returning
353,Silver,10,4,2,3,1,2024-10-13,2025-07-19,279,37,7,227.90,Central,Desktop,New
361,Silver,10,4,3,2,1,2024-12-16,2025-07-31,227,25,4,73.03,East,Desktop,New
362,Silver,10,3,4,2,1,2025-04-21,2025-08-17,118,8,2,151.88,International,Desktop,New
366,Silver,10,4,3,2,1,2024-09-03,2025-08-07,338,18,5,223.67,East,Desktop,New
368,Silver,10,3,3,3,1,2025-03-12,2025-07-27,137,29,7,419.94,Central,Desktop,New
373,Silver,10,4,3,2,1,2024-12-27,2025-07-30,215,26,5,164.81,Central,Desktop,New
376,Silver,10,4,2,3,1,2024-10-23,2025-07-14,264,42,6,299.16,Central,Desktop,New
379,Silver,10,4,3,2,1,2024-12-15,2025-08-05,233,20,4,118.60,Central,Desktop,Returning
389,Silver,10,4,3,2,1,2024-09-25,2025-08-07,316,18,4,97.74,International,Mobile,New
393,Silver,10,3,4,2,1,2025-03-05,2025-08-15,163,10,3,194.38,International,Desktop,New
394,Silver,10,4,3,2,1,2024-09-07,2025-08-07,334,18,3,119.29,North,Desktop,Returning
395,Silver,10,4,2,3,1,2024-10-22,2025-07-11,262,45,7,432.07,East,Mobile,New
410,Silver,10,4,2,3,1,2024-10-08,2025-07-19,284,37,6,157.86,Central,Desktop,New
429,Silver,10,3,4,2,1,2025-05-02,2025-08-17,107,8,5,257.85,East,Desktop,New
443,Silver,10,4,2,3,1,2024-09-07,2025-07-19,315,37,6,126.80,Central,Desktop,New
444,Silver,10,4,3,2,1,2024-11-18,2025-07-31,255,25,3,147.08,Central,Desktop,New
450,Silver,10,4,2,3,1,2024-09-13,2025-06-28,288,58,6,310.61,East,Desktop,Returning
452,Silver,10,4,2,3,1,2024-09-05,2025-07-14,312,42,7,332.93,East,Desktop,New
453,Silver,10,4,2,3,1,2024-09-28,2025-07-17,292,39,7,159.36,Central,Desktop,New
461,Silver,10,4,2,3,1,2024-10-02,2025-07-07,278,49,8,439.66,East,Desktop,New
462,Silver,10,4,2,3,1,2024-09-19,2025-07-02,286,54,6,305.89,Central,Desktop,New
470,Silver,10,4,3,2,1,2024-08-29,2025-08-07,343,18,4,368.72,Central,Desktop,New
482,Silver,10,4,1,3,2,2024-11-24,2025-06-09,197,77,8,566.47,Central,Desktop,New
487,Silver,10,4,2,3,1,2024-08-30,2025-06-29,303,57,6,390.67,Central,Desktop,New
505,Silver,10,4,2,3,1,2024-12-24,2025-07-04,192,52,6,196.47,Central,Desktop,New
507,Silver,10,4,3,2,1,2024-09-18,2025-08-01,317,24,4,140.51,Central,Desktop,New
511,Silver,10,4,2,3,1,2024-12-24,2025-07-03,191,53,6,220.58,Central,Desktop,New
526,Silver,10,4,3,2,1,2024-09-03,2025-08-06,337,19,5,323.25,Central,Desktop,New
531,Silver,10,4,3,2,1,2024-09-18,2025-08-06,322,19,4,168.93,Central,Desktop,Returning
539,Silver,10,4,3,2,1,2024-09-26,2025-07-27,304,29,3,93.64,Central,Mobile,Returning
548,Silver,10,3,4,2,1,2025-03-19,2025-08-17,151,8,4,218.03,East,Desktop,New
553,Silver,10,4,2,3,1,2024-08-30,2025-07-21,325,35,7,297.81,Central,Desktop,New
557,Silver,10,4,3,2,1,2025-01-13,2025-08-04,203,21,4,299.93,International,Desktop,New
559,Silver,10,4,3,2,1,2024-09-22,2025-07-28,309,28,5,134.20,Central,Desktop,New
563,Silver,10,4,2,3,1,2024-09-18,2025-07-14,299,42,7,316.44,Central,Desktop,Returning
565,Silver,10,3,4,2,1,2025-04-29,2025-08-16,109,9,4,89.60,Central,Desktop,Returning
567,Silver,10,4,2,3,1,2024-08-30,2025-07-06,310,50,9,392.32,Central,Desktop,New
571,Silver,10,4,2,3,1,2024-09-19,2025-06-27,281,59,9,323.36,Central,Desktop,New
579,Silver,10,4,1,3,2,2024-09-02,2025-06-19,290,67,6,527.12,Central,Desktop,New
2,Bronze,9,4,2,2,1,2024-09-14,2025-07-05,294,51,4,224.73,Central,Mobile,New
6,Bronze,9,4,1,3,1,2024-09-04,2025-05-16,254,101,6,393.12,International,Desktop,New
10,Bronze,9,4,2,2,1,2024-09-25,2025-07-17,295,39,5,236.61,East,Desktop,Returning
11,Bronze,9,4,1,3,1,2024-09-01,2025-05-01,242,116,8,382.22,Central,Desktop,New
22,Bronze,9,4,1,3,1,2024-09-28,2025-06-25,270,61,7,146.01,Central,Desktop,New
25,Bronze,9,4,1,3,1,2024-09-10,2025-06-11,274,75,6,274.36,Central,Desktop,New
38,Bronze,9,4,1,3,1,2024-09-17,2025-05-04,229,113,6,357.19,Central,Mobile,Returning
46,Bronze,9,4,2,2,1,2024-09-27,2025-07-18,294,38,2,89.56,East,Desktop,Returning
47,Bronze,9,4,2,2,1,2024-11-04,2025-06-29,237,57,5,267.24,Central,Mobile,New
63,Bronze,9,4,2,2,1,2024-11-22,2025-07-25,245,31,5,153.93,Central,Desktop,New
64,Bronze,9,4,2,2,1,2024-09-15,2025-07-14,302,42,4,274.43,East,Mobile,Returning
81,Bronze,9,4,2,2,1,2024-10-21,2025-07-05,257,51,4,153.60,Central,Desktop,Returning
87,Bronze,9,4,2,2,1,2024-09-28,2025-07-25,300,31,4,184.29,East,Desktop,New
90,Bronze,9,4,2,2,1,2024-12-18,2025-07-22,216,34,4,111.19,Central,Desktop,Returning
113,Bronze,9,4,2,2,1,2024-09-27,2025-07-13,289,43,5,384.58,Central,Desktop,New
124,Bronze,9,4,2,2,1,2024-12-03,2025-07-02,211,54,4,204.17,North,Desktop,New
129,Bronze,9,4,2,2,1,2024-11-21,2025-07-08,229,48,3,183.98,Central,Desktop,Returning
134,Bronze,9,4,2,2,1,2024-09-24,2025-07-21,300,35,5,117.82,East,Mobile,New
137,Bronze,9,4,2,2,1,2024-09-16,2025-07-22,309,34,4,238.60,Central,Desktop,New
143,Bronze,9,4,2,2,1,2024-09-07,2025-07-07,303,49,5,338.93,Central,Desktop,New
145,Bronze,9,4,2,2,1,2024-11-20,2025-07-04,226,52,3,133.97,East,Tablet,New
165,Bronze,9,4,2,2,1,2024-09-27,2025-07-24,300,32,3,87.60,International,Desktop,New
173,Bronze,9,4,2,2,1,2024-11-22,2025-07-20,240,36,4,187.10,Central,Desktop,Returning
180,Bronze,9,4,2,2,1,2025-01-01,2025-07-02,182,54,3,63.74,Central,Desktop,Returning
182,Bronze,9,4,2,2,1,2024-10-03,2025-07-21,291,35,4,289.34,International,Desktop,New
184,Bronze,9,4,2,2,1,2024-11-17,2025-07-22,247,34,4,151.48,International,Desktop,New
185,Bronze,9,4,1,3,1,2024-09-09,2025-06-16,280,70,7,458.74,East,Desktop,New
216,Bronze,9,4,2,2,1,2024-10-27,2025-07-21,267,35,4,90.37,Central,Desktop,New
225,Bronze,9,4,2,2,1,2024-12-20,2025-07-02,194,54,5,129.28,International,Desktop,New
226,Bronze,9,4,2,2,1,2024-11-28,2025-07-16,230,40,3,94.98,North,Mobile,New
235,Bronze,9,4,1,3,1,2024-09-07,2025-05-07,242,110,6,143.83,Central,Desktop,New
240,Bronze,9,4,2,2,1,2024-10-25,2025-06-30,248,56,4,78.84,Central,Desktop,Returning
245,Bronze,9,4,1,3,1,2024-10-02,2025-05-26,236,91,6,291.81,Central,Desktop,New
256,Bronze,9,4,2,2,1,2024-12-15,2025-07-19,216,37,4,354.78,International,Desktop,New
261,Bronze,9,4,2,2,1,2024-09-13,2025-07-16,306,40,4,285.17,Central,Desktop,New
283,Bronze,9,4,2,2,1,2024-10-18,2025-07-04,259,52,3,99.48,Central,Mobile,New
308,Bronze,9,4,1,3,1,2024-09-18,2025-04-23,217,124,6,280.08,Central,Desktop,New
311,Bronze,9,4,2,2,1,2024-09-28,2025-06-30,275,56,2,128.69,North,Desktop,New
313,Bronze,9,4,2,2,1,2024-09-21,2025-07-19,301,37,3,171.37,Central,Mobile,Returning
322,Bronze,9,4,2,2,1,2024-09-18,2025-07-09,294,47,2,49.62,East,Desktop,New
323,Bronze,9,4,1,3,1,2024-09-18,2025-04-27,221,120,7,258.91,Central,Desktop,New
328,Bronze,9,3,3,2,1,2025-02-28,2025-08-05,158,20,4,62.22,Central,Desktop,Returning
329,Bronze,9,4,2,2,1,2024-11-20,2025-07-18,240,38,4,271.13,Central,Desktop,Returning
339,Bronze,9,4,2,2,1,2024-09-15,2025-07-14,302,42,4,102.28,Central,Desktop,New
352,Bronze,9,4,1,3,1,2024-10-05,2025-05-02,209,115,6,249.62,Central,Desktop,New
358,Bronze,9,4,1,3,1,2024-08-28,2025-05-17,262,100,6,151.81,East,Desktop,New
359,Bronze,9,4,2,2,1,2024-09-15,2025-07-13,301,43,4,212.44,East,Desktop,New
371,Bronze,9,4,2,2,1,2024-11-30,2025-07-16,228,40,3,229.27,International,Desktop,Returning
378,Bronze,9,4,2,2,1,2024-08-28,2025-07-24,330,32,5,94.50,International,Desktop,Returning
385,Bronze,9,4,2,2,1,2024-10-07,2025-06-28,264,58,2,96.64,South,Desktop,New
386,Bronze,9,4,2,2,1,2024-11-11,2025-06-30,231,56,5,405.25,Central,Desktop,Returning
396,Bronze,9,4,2,2,1,2024-08-31,2025-07-05,308,51,3,122.06,East,Desktop,New
400,Bronze,9,4,2,2,1,2024-10-11,2025-07-07,269,49,5,182.45,East,Desktop,New
401,Bronze,9,4,2,2,1,2025-01-11,2025-07-16,186,40,3,231.44,Central,Desktop,New
408,Bronze,9,4,2,2,1,2024-10-22,2025-07-12,263,44,2,167.38,Central,Desktop,Returning
417,Bronze,9,4,2,2,1,2024-09-25,2025-07-05,283,51,5,211.61,East,Desktop,Returning
418,Bronze,9,4,2,2,1,2024-12-11,2025-07-11,212,45,2,77.07,East,Mobile,Returning
420,Bronze,9,4,2,2,1,2024-09-14,2025-07-05,294,51,4,94.24,International,Desktop,New
424,Bronze,9,4,2,2,1,2024-11-24,2025-07-23,241,33,3,83.71,International,Desktop,New
428,Bronze,9,4,1,3,1,2024-10-11,2025-06-16,248,70,8,342.84,Central,Desktop,New
430,Bronze,9,4,2,2,1,2024-10-01,2025-07-20,292,36,4,129.91,East,Mobile,Returning
432,Bronze,9,4,2,2,1,2024-10-31,2025-06-26,238,60,2,127.25,South,Desktop,New
436,Bronze,9,4,1,3,1,2024-09-08,2025-05-16,250,101,6,225.75,Central,Desktop,New
440,Bronze,9,4,2,2,1,2024-11-07,2025-07-11,246,45,2,149.31,South,Tablet,New
442,Bronze,9,3,3,2,1,2025-02-22,2025-08-03,162,22,3,80.46,North,Desktop,Returning
445,Bronze,9,4,2,2,1,2024-08-27,2025-07-15,322,41,3,115.92,Central,Desktop,Returning
446,Bronze,9,3,3,2,1,2025-04-03,2025-08-03,122,22,3,132.34,International,Mobile,Returning
448,Bronze,9,4,1,3,1,2024-11-07,2025-05-19,193,98,7,311.91,Central,Desktop,Returning
449,Bronze,9,4,2,2,1,2024-09-06,2025-07-05,302,51,5,118.95,East,Desktop,New
463,Bronze,9,4,1,3,1,2024-10-30,2025-06-01,214,85,6,256.32,Central,Desktop,New
464,Bronze,9,4,2,2,1,2024-11-04,2025-07-22,260,34,5,235.88,Central,Mobile,New
468,Bronze,9,4,2,2,1,2024-09-23,2025-06-28,278,58,4,214.42,International,Desktop,New
473,Bronze,9,4,2,2,1,2024-11-04,2025-07-06,244,50,3,169.46,East,Mobile,Returning
479,Bronze,9,4,2,2,1,2024-11-03,2025-07-19,258,37,5,347.12,North,Desktop,Returning
480,Bronze,9,4,2,2,1,2024-11-18,2025-07-22,246,34,4,120.16,East,Mobile,Returning
481,Bronze,9,4,2,2,1,2024-09-18,2025-07-25,310,31,4,226.05,North,Mobile,Returning
483,Bronze,9,4,1,3,1,2024-09-19,2025-05-20,243,97,6,347.82,Central,Desktop,New
488,Bronze,9,4,1,3,1,2024-09-20,2025-04-30,222,117,6,230.64,Central,Desktop,New
500,Bronze,9,4,1,3,1,2024-12-17,2025-06-17,182,69,6,200.03,Central,Desktop,New
501,Bronze,9,4,2,2,1,2024-11-25,2025-07-13,230,43,4,244.87,International,Desktop,Returning
503,Bronze,9,4,2,2,1,2024-11-23,2025-07-05,224,51,3,131.24,East,Desktop,Returning
504,Bronze,9,4,2,2,1,2024-10-16,2025-07-19,276,37,5,314.30,Central,Desktop,New
515,Bronze,9,4,2,2,1,2024-11-14,2025-07-12,240,44,2,99.58,International,Desktop,New
524,Bronze,9,4,1,3,1,2024-10-08,2025-05-19,223,98,6,147.32,East,Desktop,New
538,Bronze,9,4,1,3,1,2024-09-13,2025-05-03,232,114,7,379.40,Central,Desktop,New
549,Bronze,9,4,2,2,1,2024-08-26,2025-07-17,325,39,5,371.53,Central,Desktop,New
550,Bronze,9,4,2,2,1,2024-08-26,2025-06-29,307,57,5,243.84,Central,Desktop,New
576,Bronze,9,4,1,3,1,2024-11-08,2025-05-23,196,94,6,246.00,Central,Desktop,Returning
584,Bronze,9,4,2,2,1,2024-12-27,2025-07-03,188,53,4,129.56,Central,Desktop,Returning
587,Bronze,9,4,1,3,1,2024-09-03,2025-06-20,290,66,7,322.95,Central,Desktop,New
588,Bronze,9,4,2,2,1,2024-09-03,2025-06-30,300,56,4,293.67,East,Desktop,New
589,Bronze,9,4,1,3,1,2024-09-22,2025-05-22,242,95,6,426.33,Central,Desktop,Returning
592,Bronze,9,4,1,3,1,2024-09-06,2025-05-18,254,99,7,178.57,Central,Desktop,New
596,Bronze,9,4,2,2,1,2024-11-30,2025-07-20,232,36,4,159.10,International,Desktop,New
606,Bronze,9,4,1,3,1,2024-11-24,2025-06-08,196,78,6,382.87,East,Desktop,New
620,Bronze,9,4,2,2,1,2024-12-14,2025-07-21,219,35,5,95.42,International,Desktop,New
623,Bronze,9,4,1,3,1,2024-10-09,2025-05-29,232,88,8,291.14,Central,Desktop,New
626,Bronze,9,3,3,2,1,2025-02-08,2025-07-29,171,27,4,185.61,Central,Desktop,Returning
638,Bronze,9,4,2,2,1,2024-09-09,2025-07-08,302,48,3,136.88,East,Desktop,Returning
640,Bronze,9,4,1,3,1,2024-09-24,2025-06-25,274,61,8,430.94,Central,Mobile,New
644,Bronze,9,4,1,3,1,2024-10-04,2025-05-21,229,96,6,255.45,Central,Desktop,Returning
647,Bronze,9,4,1,3,1,2024-09-12,2025-06-20,281,66,6,395.81,Central,Desktop,New
652,Bronze,9,3,3,2,1,2025-02-05,2025-08-01,177,24,4,233.06,Central,Desktop,Returning
654,Bronze,9,2,4,2,1,2025-06-11,2025-08-19,69,6,2,130.14,East,Desktop,Returning
661,Bronze,9,4,1,3,1,2024-08-27,2025-05-21,267,96,7,180.02,Central,Desktop,New
662,Bronze,9,3,3,2,1,2025-03-15,2025-07-28,135,28,3,177.37,Central,Desktop,Returning
680,Bronze,9,4,2,2,1,2024-09-02,2025-06-28,299,58,4,146.49,International,Desktop,New
681,Bronze,9,4,2,2,1,2024-10-16,2025-07-08,265,48,2,37.86,Central,Mobile,Returning
691,Bronze,9,4,2,2,1,2024-12-08,2025-07-23,227,33,3,88.09,Central,Mobile,New
692,Bronze,9,4,2,2,1,2024-09-24,2025-07-23,302,33,5,95.98,Central,Desktop,New
695,Bronze,9,4,2,2,1,2024-12-05,2025-07-06,213,50,4,35.51,Central,Desktop,Returning
698,Bronze,9,4,2,2,1,2024-10-01,2025-07-14,286,42,5,254.10,Central,Desktop,Returning
705,Bronze,9,4,2,2,1,2024-11-19,2025-07-05,228,51,2,27.88,Central,Desktop,New
706,Bronze,9,4,1,3,1,2024-09-22,2025-05-22,242,95,8,280.38,Central,Desktop,New
710,Bronze,9,4,2,2,1,2024-12-25,2025-07-15,202,41,5,196.65,Central,Desktop,Returning
715,Bronze,9,4,1,3,1,2024-09-25,2025-05-10,227,107,7,234.25,Central,Desktop,New
727,Bronze,9,4,1,3,1,2024-12-20,2025-06-20,182,66,6,332.49,Central,Desktop,New
734,Bronze,9,4,2,2,1,2024-09-30,2025-07-22,295,34,4,26.03,East,Desktop,Returning
735,Bronze,9,4,1,3,1,2024-09-24,2025-04-21,209,126,6,222.26,East,Desktop,New
741,Bronze,9,4,2,2,1,2024-09-30,2025-07-08,281,48,4,62.22,International,Desktop,Returning
743,Bronze,9,4,1,3,1,2024-09-03,2025-05-07,246,110,7,252.72,Central,Desktop,New
746,Bronze,9,4,2,2,1,2024-11-22,2025-06-26,216,60,4,234.89,East,Desktop,New
766,Bronze,9,4,1,3,1,2024-09-09,2025-06-16,280,70,9,325.22,Central,Desktop,New
773,Bronze,9,4,2,2,1,2024-11-27,2025-06-26,211,60,2,95.00,East,Mobile,New
796,Bronze,9,4,1,3,1,2024-09-05,2025-06-02,270,84,6,255.35,Central,Desktop,New
804,Bronze,9,4,2,2,1,2024-11-16,2025-07-04,230,52,5,389.39,North,Desktop,New
813,Bronze,9,4,2,2,1,2024-12-19,2025-07-18,211,38,3,146.74,Central,Desktop,New
828,Bronze,9,4,2,2,1,2024-09-18,2025-07-18,303,38,5,173.38,Central,Desktop,Returning
840,Bronze,9,4,1,3,1,2024-11-10,2025-06-16,218,70,8,277.25,Central,Desktop,New
856,Bronze,9,4,2,2,1,2024-12-22,2025-07-17,207,39,4,280.72,Central,Desktop,Returning
865,Bronze,9,4,2,2,1,2024-11-25,2025-07-02,219,54,4,109.80,East,Mobile,Returning
867,Bronze,9,4,1,3,1,2024-11-17,2025-06-07,202,79,7,425.49,Central,Desktop,New
872,Bronze,9,4,1,3,1,2024-11-14,2025-06-16,214,70,6,164.72,Central,Desktop,New
880,Bronze,9,4,1,3,1,2024-09-16,2025-04-13,209,134,6,347.74,East,Desktop,New
883,Bronze,9,4,2,2,1,2024-12-20,2025-07-16,208,40,2,113.29,East,Desktop,Returning
895,Bronze,9,3,3,2,1,2025-03-06,2025-08-04,151,21,5,426.12,Central,Desktop,Returning
909,Bronze,9,4,1,3,1,2024-10-06,2025-04-27,203,120,7,348.35,Central,Desktop,Returning
912,Bronze,9,4,1,3,1,2024-09-01,2025-06-18,290,68,6,299.90,Central,Desktop,New
914,Bronze,9,4,2,2,1,2024-11-03,2025-07-14,253,42,5,201.27,East,Desktop,New
921,Bronze,9,4,1,3,1,2024-09-19,2025-04-08,201,139,7,272.56,Central,Desktop,New
923,Bronze,9,4,2,2,1,2024-12-12,2025-07-03,203,53,3,161.09,Central,Desktop,Returning
926,Bronze,9,4,1,3,1,2024-09-26,2025-06-13,260,73,6,344.89,Central,Desktop,New
928,Bronze,9,4,1,3,1,2024-12-07,2025-06-22,197,64,8,447.55,Central,Desktop,New
946,Bronze,9,4,2,2,1,2024-10-05,2025-07-19,287,37,4,281.91,Central,Desktop,Returning
948,Bronze,9,4,2,2,1,2024-12-11,2025-07-16,217,40,5,299.46,Central,Desktop,New
955,Bronze,9,3,3,2,1,2025-04-15,2025-08-06,113,19,3,156.88,Central,Mobile,Returning
958,Bronze,9,4,1,3,1,2024-11-05,2025-06-05,212,81,9,452.64,Central,Desktop,New
971,Bronze,9,4,2,2,1,2024-10-28,2025-07-16,261,40,5,224.44,International,Desktop,New
989,Bronze,9,4,1,3,1,2024-09-13,2025-05-01,230,116,6,121.02,Central,Desktop,New
992,Bronze,9,4,2,2,1,2024-11-01,2025-07-15,256,41,2,100.86,International,Mobile,New
999,Bronze,9,4,1,3,1,2024-08-27,2025-05-26,272,91,6,230.81,Central,Desktop,New
1000,Bronze,9,4,1,3,1,2024-08-26,2025-05-13,260,104,8,319.23,East,Desktop,New
1004,Bronze,9,4,1,3,1,2024-09-02,2025-06-22,293,64,6,129.33,East,Mobile,New
1008,Bronze,9,4,1,3,1,2024-09-09,2025-06-09,273,77,7,152.40,Central,Desktop,Returning
1032,Bronze,9,4,2,2,1,2024-12-03,2025-07-12,221,44,4,240.98,Central,Desktop,New
1033,Bronze,9,4,1,3,1,2024-08-29,2025-05-31,275,86,6,417.29,Central,Desktop,New
1035,Bronze,9,4,2,2,1,2024-09-12,2025-07-25,316,31,4,103.70,South,Mobile,New
1039,Bronze,9,4,2,2,1,2024-11-21,2025-07-04,225,52,4,77.36,East,Desktop,Returning
1043,Bronze,9,4,2,2,1,2024-12-02,2025-07-14,224,42,4,274.67,Central,Desktop,Returning
1046,Bronze,9,4,2,2,1,2024-09-07,2025-07-20,316,36,5,331.94,Central,Desktop,Returning
1050,Bronze,9,4,1,3,1,2024-09-09,2025-06-09,273,77,7,270.09,East,Desktop,New
1055,Bronze,9,4,2,2,1,2025-01-25,2025-07-24,180,32,4,201.08,East,Desktop,New
1075,Bronze,9,4,1,3,1,2024-09-23,2025-04-11,200,136,6,452.57,East,Desktop,New
1081,Bronze,9,4,2,2,1,2025-01-03,2025-07-06,184,50,3,38.21,East,Tablet,Returning
1099,Bronze,9,4,2,2,1,2024-09-03,2025-07-25,325,31,3,115.91,Central,Mobile,New
1104,Bronze,9,4,2,2,1,2024-09-20,2025-07-20,303,36,4,258.78,East,Mobile,Returning
1109,Bronze,9,4,2,2,1,2025-01-15,2025-07-20,186,36,4,136.14,Central,Desktop,New
1118,Bronze,9,4,1,3,1,2024-12-12,2025-06-16,186,70,7,356.86,Central,Desktop,Returning
1120,Bronze,9,4,1,3,1,2024-09-15,2025-03-24,190,154,6,244.68,Central,Desktop,New
1124,Bronze,9,4,2,2,1,2024-10-06,2025-07-17,284,39,4,215.37,Central,Desktop,Returning
1135,Bronze,9,4,2,2,1,2024-09-27,2025-07-03,279,53,4,123.39,Central,Mobile,Returning
1140,Bronze,9,4,2,2,1,2024-12-23,2025-07-21,210,35,2,135.65,West,Desktop,Returning
1144,Bronze,9,4,2,2,1,2024-09-05,2025-07-16,314,40,5,232.15,International,Desktop,New
1155,Bronze,9,4,1,3,1,2024-08-30,2025-05-20,263,97,8,363.50,East,Desktop,New
1159,Bronze,9,4,2,2,1,2024-12-19,2025-07-11,204,45,3,292.26,Central,Desktop,New
1162,Bronze,9,4,2,2,1,2024-11-19,2025-07-01,224,55,5,197.68,East,Desktop,New
1167,Bronze,9,4,2,2,1,2024-11-10,2025-07-11,243,45,5,263.75,East,Mobile,New
1194,Bronze,9,4,2,2,1,2024-10-27,2025-07-24,270,32,3,132.22,Central,Desktop,Returning
1201,Bronze,9,4,1,3,1,2024-10-13,2025-06-25,255,61,7,200.76,Central,Desktop,New
1211,Bronze,9,4,2,2,1,2024-08-30,2025-07-11,315,45,4,387.63,Central,Desktop,New
1219,Bronze,9,4,1,3,1,2024-09-09,2025-03-23,195,155,6,221.06,Central,Desktop,Returning
1223,Bronze,9,4,2,2,1,2024-08-27,2025-07-13,320,43,3,114.09,Central,Desktop,New
1228,Bronze,9,4,1,3,1,2024-10-10,2025-06-09,242,77,6,213.33,Central,Desktop,Returning
1234,Bronze,9,4,1,3,1,2024-10-18,2025-06-06,231,80,6,214.03,Central,Desktop,New
1248,Bronze,9,4,1,3,1,2024-08-31,2025-03-24,205,154,7,167.34,East,Desktop,New
1276,Bronze,9,4,2,2,1,2024-09-29,2025-07-16,290,40,5,335.34,Central,Desktop,New
1277,Bronze,9,4,2,2,1,2025-01-04,2025-07-20,197,36,5,269.07,Central,Desktop,Returning
1280,Bronze,9,4,1,3,1,2024-09-22,2025-06-17,268,69,8,421.17,Central,Desktop,New
1290,Bronze,9,4,2,2,1,2024-09-22,2025-07-11,292,45,5,309.18,International,Mobile,New
1295,Bronze,9,4,1,3,1,2024-08-29,2025-06-18,293,68,6,219.59,Central,Desktop,New
1309,Bronze,9,4,2,2,1,2024-09-21,2025-06-26,278,60,4,268.05,International,Mobile,New
1312,Bronze,9,4,1,3,1,2024-09-04,2025-05-26,264,91,8,403.22,International,Desktop,New
1317,Bronze,9,3,3,2,1,2025-03-22,2025-08-03,134,22,2,96.68,International,Desktop,Returning
1326,Bronze,9,4,2,2,1,2024-10-29,2025-07-06,250,50,3,224.23,Central,Mobile,Returning
1331,Bronze,9,4,2,2,1,2024-12-02,2025-07-03,213,53,4,312.23,Central,Desktop,New
1335,Bronze,9,4,2,2,1,2024-09-26,2025-07-02,279,54,3,275.75,East,Desktop,New
1341,Bronze,9,4,2,2,1,2024-09-05,2025-07-12,310,44,3,134.05,East,Desktop,Returning
1349,Bronze,9,4,2,2,1,2024-09-02,2025-07-15,316,41,3,98.28,International,Desktop,Returning
1352,Bronze,9,4,2,2,1,2024-10-04,2025-07-04,273,52,5,316.97,Central,Desktop,New
1356,Bronze,9,4,2,2,1,2024-12-26,2025-07-14,200,42,5,287.53,Central,Desktop,New
1363,Bronze,9,4,1,3,1,2024-11-02,2025-06-13,223,73,6,338.89,Central,Desktop,New
1364,Bronze,9,4,2,2,1,2024-10-16,2025-06-27,254,59,3,43.82,Central,Mobile,New
1366,Bronze,9,4,1,3,1,2024-10-12,2025-05-12,212,105,6,397.21,Central,Mobile,Returning
1367,Bronze,9,4,1,3,1,2024-10-13,2025-05-16,215,101,7,434.23,Central,Desktop,New
1375,Bronze,9,4,2,2,1,2024-09-07,2025-07-09,305,47,5,349.97,East,Desktop,New
1381,Bronze,9,4,2,2,1,2025-01-06,2025-07-21,196,35,3,44.24,North,Desktop,New
1384,Bronze,9,4,2,2,1,2024-09-04,2025-07-03,302,53,5,315.65,East,Desktop,Returning
1397,Bronze,9,4,1,3,1,2024-09-24,2025-06-04,253,82,7,299.22,Central,Desktop,New
1401,Bronze,9,4,2,2,1,2024-09-20,2025-06-29,282,57,4,287.14,North,Mobile,New
1404,Bronze,9,4,2,2,1,2024-10-14,2025-07-19,278,37,5,170.88,Central,Desktop,Returning
1425,Bronze,9,4,2,2,1,2024-10-06,2025-07-16,283,40,4,355.17,Central,Desktop,New
1430,Bronze,9,4,2,2,1,2025-01-03,2025-07-19,197,37,4,106.22,East,Desktop,Returning
1432,Bronze,9,4,2,2,1,2024-09-11,2025-07-24,316,32,5,292.05,Central,Desktop,Returning
1435,Bronze,9,4,1,3,1,2024-09-25,2025-05-08,225,109,6,374.99,East,Desktop,New
1442,Bronze,9,4,2,2,1,2024-09-02,2025-07-25,326,31,4,125.49,North,Desktop,Returning
1446,Bronze,9,4,2,2,1,2024-09-19,2025-07-21,305,35,3,170.37,Central,Desktop,New
1452,Bronze,9,3,3,2,1,2025-02-14,2025-07-31,167,25,4,309.95,East,Desktop,Returning
1459,Bronze,9,2,4,2,1,2025-07-08,2025-08-17,40,8,2,111.28,East,Mobile,Returning
1468,Bronze,9,4,2,2,1,2024-11-25,2025-07-06,223,50,4,374.40,East,Desktop,New
1469,Bronze,9,1,5,2,1,2025-08-18,2025-08-22,4,3,3,51.06,Central,Desktop,New
1471,Bronze,9,4,2,2,1,2024-09-11,2025-07-11,303,45,5,422.74,Central,Desktop,Returning
1477,Bronze,9,4,2,2,1,2024-09-09,2025-07-11,305,45,4,201.26,Central,Mobile,New
1479,Bronze,9,4,2,2,1,2024-10-22,2025-07-01,252,55,4,207.96,International,Mobile,Returning
1480,Bronze,9,4,1,3,1,2024-08-28,2025-06-05,281,81,7,279.34,East,Desktop,New
1481,Bronze,9,4,2,2,1,2024-12-17,2025-07-20,215,36,2,64.99,Central,Tablet,Returning
1494,Bronze,9,4,2,2,1,2024-12-13,2025-07-08,207,48,5,217.66,East,Desktop,Returning
1500,Bronze,9,4,2,2,1,2024-10-06,2025-06-29,266,57,2,20.61,North,Desktop,Returning
1506,Bronze,9,4,2,2,1,2024-09-07,2025-07-24,320,32,5,235.64,East,Desktop,New
1515,Bronze,9,4,1,3,1,2024-10-30,2025-06-24,237,62,6,334.90,International,Desktop,New
1533,Bronze,9,4,1,3,1,2024-08-30,2025-05-24,267,93,6,357.33,Central,Desktop,New
1534,Bronze,9,4,1,3,1,2024-09-09,2025-06-01,265,85,6,322.23,Central,Desktop,New
1538,Bronze,9,4,2,2,1,2025-01-13,2025-07-15,183,41,3,162.60,East,Desktop,Returning
1539,Bronze,9,4,2,2,1,2024-10-08,2025-07-12,277,44,4,178.87,East,Mobile,Returning
1557,Bronze,9,3,3,2,1,2025-04-07,2025-08-09,124,16,3,126.53,International,Desktop,New
1562,Bronze,9,3,3,2,1,2025-03-20,2025-08-07,140,18,4,252.53,Central,Desktop,New
1572,Bronze,9,4,1,3,1,2024-10-12,2025-06-01,232,85,6,242.59,Central,Desktop,New
1574,Bronze,9,4,2,2,1,2024-09-15,2025-07-04,292,52,5,383.67,Central,Mobile,New
1587,Bronze,9,4,2,2,1,2024-12-07,2025-07-01,206,55,2,75.10,International,Desktop,New
1588,Bronze,9,4,1,3,1,2024-08-29,2025-06-16,291,70,6,476.03,Central,Desktop,New
1591,Bronze,9,4,1,3,1,2024-09-27,2025-05-09,224,108,6,218.29,East,Desktop,New
1598,Bronze,9,4,2,2,1,2024-09-30,2025-07-06,279,50,4,302.93,Central,Desktop,Returning
1600,Bronze,9,3,3,2,1,2025-04-21,2025-08-07,108,18,3,184.83,Central,Mobile,New
1601,Bronze,9,4,1,3,1,2024-09-05,2025-05-16,253,101,6,403.32,Central,Desktop,New
1602,Bronze,9,4,1,3,1,2024-08-26,2025-04-05,222,142,7,308.03,Central,Desktop,New
1603,Bronze,9,4,1,3,1,2024-09-04,2025-05-25,263,92,9,364.48,Central,Desktop,New
1611,Bronze,9,4,2,2,1,2024-10-05,2025-07-17,285,39,4,184.99,East,Desktop,Returning
1614,Bronze,9,4,2,2,1,2025-01-05,2025-07-12,188,44,3,71.18,Central,Desktop,New
1615,Bronze,9,4,2,2,1,2024-09-13,2025-07-02,292,54,4,304.43,Central,Mobile,New
1623,Bronze,9,3,1,3,2,2024-10-11,2025-02-02,114,204,6,546.46,Central,Desktop,Returning
1626,Bronze,9,3,2,3,1,2025-02-10,2025-07-23,163,33,6,323.93,Central,Desktop,New
1631,Bronze,9,4,1,3,1,2024-10-18,2025-06-18,243,68,6,316.05,International,Desktop,New
1638,Bronze,9,4,2,2,1,2024-09-19,2025-07-02,286,54,4,191.09,Central,Mobile,Returning
1645,Bronze,9,4,2,2,1,2024-10-06,2025-07-21,288,35,5,151.98,Central,Mobile,New
1647,Bronze,9,4,1,3,1,2024-10-18,2025-06-12,237,74,7,322.42,Central,Desktop,Returning
1657,Bronze,9,2,4,2,1,2025-07-12,2025-08-16,35,9,2,48.52,Central,Tablet,Returning
1660,Bronze,9,3,3,2,1,2025-04-30,2025-08-09,101,16,3,232.92,Central,Desktop,New
1667,Bronze,9,4,1,3,1,2024-10-08,2025-04-14,188,133,6,426.60,Central,Desktop,New
1673,Bronze,9,4,1,3,1,2024-08-29,2025-05-27,271,90,8,386.64,Central,Desktop,New
1693,Bronze,9,4,1,3,1,2024-10-02,2025-04-08,188,139,6,397.27,East,Desktop,Returning
1700,Bronze,9,3,2,3,1,2025-01-21,2025-07-18,178,38,6,171.79,East,Desktop,New
1707,Bronze,9,4,2,2,1,2024-09-08,2025-07-16,311,40,4,307.37,East,Desktop,Returning
1709,Bronze,9,4,2,2,1,2024-08-27,2025-07-14,321,42,5,251.81,Central,Desktop,Returning
1714,Bronze,9,4,2,2,1,2024-10-08,2025-07-22,287,34,5,199.23,Central,Desktop,New
1718,Bronze,9,4,1,3,1,2024-09-29,2025-04-14,197,133,7,194.27,Central,Desktop,New
1721,Bronze,9,4,1,3,1,2024-09-27,2025-06-22,268,64,6,189.18,Central,Desktop,Returning
1725,Bronze,9,4,2,2,1,2024-09-08,2025-07-04,299,52,4,196.16,Central,Mobile,Returning
1726,Bronze,9,4,1,3,1,2024-09-14,2025-04-28,226,119,6,343.12,Central,Desktop,New
1735,Bronze,9,4,2,2,1,2024-11-20,2025-07-08,230,48,3,130.41,International,Desktop,Returning
1741,Bronze,9,4,2,2,1,2024-09-20,2025-07-20,303,36,4,288.35,East,Desktop,New
1743,Bronze,9,4,2,2,1,2024-09-05,2025-07-08,306,48,5,328.47,Central,Desktop,New
1752,Bronze,9,4,2,2,1,2024-09-09,2025-06-27,291,59,5,216.93,Central,Desktop,New
1757,Bronze,9,4,1,3,1,2024-10-08,2025-04-22,196,125,6,383.46,Central,Desktop,New
1764,Bronze,9,4,1,3,1,2024-09-16,2025-06-11,268,75,8,349.51,Central,Desktop,New
1766,Bronze,9,4,2,2,1,2024-12-28,2025-07-18,202,38,5,354.40,Central,Desktop,Returning
1769,Bronze,9,4,2,2,1,2024-09-24,2025-07-13,292,43,4,125.15,Central,Desktop,New
1770,Bronze,9,4,2,2,1,2024-12-02,2025-06-26,206,60,3,185.03,Central,Desktop,Returning
1771,Bronze,9,3,3,2,1,2025-02-11,2025-08-07,177,18,3,88.09,North,Mobile,Returning
1776,Bronze,9,4,2,2,1,2024-12-23,2025-07-21,210,35,4,93.48,Central,Desktop,New
1777,Bronze,9,4,1,3,1,2024-09-02,2025-06-14,285,72,6,484.02,International,Mobile,New
1786,Bronze,9,4,2,2,1,2025-01-01,2025-07-21,201,35,5,178.96,Central,Desktop,New
1791,Bronze,9,3,3,2,1,2025-03-01,2025-07-26,147,30,5,270.18,Central,Desktop,New
1798,Bronze,9,4,1,3,1,2024-09-06,2025-03-06,181,172,6,179.16,North,Desktop,New
1801,Bronze,9,4,2,2,1,2024-10-29,2025-07-04,248,52,3,50.74,Central,Desktop,New
1808,Bronze,9,4,2,2,1,2024-08-28,2025-07-13,319,43,5,223.81,Central,Desktop,New
1812,Bronze,9,4,1,3,1,2024-10-05,2025-06-20,258,66,6,292.15,Central,Desktop,New
1819,Bronze,9,1,5,2,1,2025-08-17,2025-08-22,5,3,2,53.24,Central,Desktop,Returning
1820,Bronze,9,4,1,3,1,2024-09-17,2025-05-01,226,116,8,368.43,East,Desktop,New
1831,Bronze,9,4,1,3,1,2024-11-06,2025-06-19,225,67,7,405.57,Central,Desktop,New
1832,Bronze,9,4,1,3,1,2024-09-26,2025-06-20,267,66,6,384.87,Central,Desktop,New
1840,Bronze,9,4,1,3,1,2024-08-26,2025-06-01,279,85,9,417.47,East,Desktop,Returning
1842,Bronze,9,4,2,2,1,2024-10-15,2025-07-17,275,39,4,44.58,Central,Mobile,Returning
1854,Bronze,9,4,2,2,1,2024-12-30,2025-07-19,201,37,5,216.13,Central,Desktop,New
1862,Bronze,9,4,1,3,1,2024-09-01,2025-06-25,297,61,6,451.92,Central,Desktop,Returning
1874,Bronze,9,4,2,2,1,2024-10-24,2025-07-02,251,54,5,293.66,Central,Mobile,Returning
1876,Bronze,9,4,2,2,1,2025-01-07,2025-07-14,188,42,2,13.74,Central,Desktop,Returning
1877,Bronze,9,3,3,2,1,2025-02-21,2025-08-06,166,19,2,49.08,East,Mobile,New
1884,Bronze,9,4,2,2,1,2024-10-12,2025-07-20,281,36,4,113.02,Central,Desktop,New
1893,Bronze,9,4,1,3,1,2024-09-03,2025-05-30,269,87,6,187.62,East,Desktop,New
1913,Bronze,9,4,2,2,1,2024-09-25,2025-07-23,301,33,4,242.62,North,Mobile,Returning
1919,Bronze,9,4,1,3,1,2024-09-08,2025-04-13,217,134,6,281.65,Central,Desktop,New
1920,Bronze,9,4,1,3,1,2024-10-05,2025-05-15,222,102,8,354.95,Central,Desktop,New
1926,Bronze,9,4,2,2,1,2025-01-22,2025-07-24,183,32,3,206.37,East,Mobile,Returning
1942,Bronze,9,4,2,2,1,2024-10-07,2025-06-27,263,59,4,140.11,Central,Desktop,New
1947,Bronze,9,3,3,2,1,2025-02-22,2025-08-03,162,22,3,155.59,North,Desktop,New
1968,Bronze,9,4,2,2,1,2024-09-02,2025-07-24,325,32,4,223.75,Central,Desktop,Returning
1981,Bronze,9,4,2,2,1,2024-11-21,2025-07-05,226,51,5,234.80,Central,Desktop,New
1982,Bronze,9,4,2,2,1,2024-09-16,2025-07-20,307,36,3,72.42,East,Mobile,New
1987,Bronze,9,4,2,2,1,2024-09-03,2025-07-17,317,39,5,200.91,East,Desktop,Returning
1993,Bronze,9,4,1,3,1,2024-09-27,2025-06-10,256,76,8,208.46,Central,Desktop,New
2005,Bronze,9,4,1,3,1,2024-08-29,2025-05-29,273,88,6,364.32,Central,Mobile,New
2011,Bronze,9,4,1,3,1,2024-08-28,2025-06-07,283,79,6,253.68,Central,Desktop,New
2012,Bronze,9,4,1,3,1,2024-08-29,2025-05-04,248,113,7,414.41,Central,Desktop,New
2020,Bronze,9,4,2,2,1,2024-09-06,2025-07-15,312,41,4,181.34,East,Desktop,New
2022,Bronze,9,4,2,2,1,2024-12-14,2025-07-12,210,44,4,86.19,Central,Desktop,New
2023,Bronze,9,4,2,2,1,2024-10-27,2025-07-03,249,53,5,310.88,East,Desktop,Returning
2029,Bronze,9,4,2,2,1,2024-10-11,2025-07-20,282,36,5,171.14,Central,Desktop,New
2030,Bronze,9,4,1,3,1,2024-10-09,2025-04-15,188,132,6,141.12,East,Desktop,New
2037,Bronze,9,4,1,3,1,2024-09-18,2025-06-07,262,79,6,237.35,Central,Desktop,New
2049,Bronze,9,4,2,2,1,2024-12-02,2025-07-10,220,46,5,200.20,North,Desktop,Returning
2065,Bronze,9,4,2,2,1,2024-12-25,2025-07-22,209,34,2,18.11,East,Desktop,Returning
2067,Bronze,9,4,2,2,1,2024-10-23,2025-06-27,247,59,2,199.06,North,Desktop,New
2080,Bronze,9,4,2,2,1,2024-09-13,2025-07-03,293,53,4,281.93,Central,Desktop,Returning
2088,Bronze,9,4,1,3,1,2024-09-17,2025-06-19,275,67,6,276.10,East,Desktop,New
2108,Bronze,9,4,2,2,1,2024-10-01,2025-07-15,287,41,3,197.81,International,Mobile,New
2127,Bronze,9,4,1,3,1,2024-11-15,2025-06-25,222,61,6,275.89,Central,Desktop,New
2139,Bronze,9,4,1,3,1,2024-10-01,2025-04-27,208,120,6,311.52,Central,Desktop,Returning
2145,Bronze,9,4,2,2,1,2024-12-08,2025-07-22,226,34,5,186.17,Central,Desktop,New
2147,Bronze,9,4,1,3,1,2024-09-18,2025-05-10,234,107,6,229.82,East,Desktop,New
2150,Bronze,9,4,1,3,1,2024-11-18,2025-05-30,193,87,6,353.90,East,Desktop,New
2162,Bronze,9,4,2,2,1,2024-10-09,2025-06-26,260,60,4,196.73,East,Desktop,New
2164,Bronze,9,4,2,2,1,2024-09-27,2025-06-30,276,56,3,92.12,East,Desktop,New
2171,Bronze,9,4,2,2,1,2024-11-12,2025-07-07,237,49,4,171.32,International,Desktop,Returning
2176,Bronze,9,4,2,2,1,2024-09-12,2025-07-09,300,47,5,429.96,Central,Mobile,New
2179,Bronze,9,4,1,3,1,2024-10-02,2025-06-18,259,68,6,397.38,Central,Desktop,New
2194,Bronze,9,2,4,2,1,2025-05-26,2025-08-15,81,10,2,166.98,International,Tablet,Returning
2212,Bronze,9,4,2,2,1,2024-09-05,2025-07-06,304,50,2,71.90,North,Desktop,New
2223,Bronze,9,4,2,2,1,2024-10-31,2025-07-06,248,50,4,242.95,Central,Desktop,Returning
2245,Bronze,9,4,2,2,1,2024-09-03,2025-07-11,311,45,4,165.45,Central,Desktop,Returning
2255,Bronze,9,4,2,2,1,2024-09-22,2025-07-01,282,55,5,350.43,East,Desktop,New
2257,Bronze,9,4,2,2,1,2024-09-29,2025-07-14,288,42,4,132.27,North,Desktop,New
2262,Bronze,9,4,1,3,1,2024-11-04,2025-05-25,202,92,6,399.35,Central,Desktop,Returning
2275,Bronze,9,4,2,2,1,2024-12-12,2025-07-11,211,45,4,118.84,East,Mobile,Returning
2276,Bronze,9,4,2,2,1,2024-09-05,2025-07-22,320,34,5,334.75,Central,Desktop,New
2278,Bronze,9,4,2,2,1,2024-12-22,2025-07-19,209,37,3,31.90,East,Desktop,Returning
2283,Bronze,9,4,2,2,1,2024-09-11,2025-07-10,302,46,3,161.09,East,Desktop,New
2287,Bronze,9,4,2,2,1,2024-11-07,2025-06-29,234,57,3,130.29,Central,Desktop,New
2295,Bronze,9,4,1,3,1,2024-09-30,2025-04-01,183,146,6,441.42,East,Desktop,New
2308,Bronze,9,4,1,3,1,2024-09-28,2025-06-07,252,79,7,200.53,International,Desktop,New
2311,Bronze,9,4,2,2,1,2024-11-09,2025-07-05,238,51,5,227.67,East,Desktop,New
2321,Bronze,9,4,2,2,1,2024-10-01,2025-07-17,289,39,5,218.41,Central,Mobile,New
2322,Bronze,9,4,2,2,1,2024-09-12,2025-07-13,304,43,4,180.43,Central,Desktop,New
2326,Bronze,9,4,2,2,1,2024-10-18,2025-07-13,268,43,3,95.02,East,Mobile,New
2327,Bronze,9,4,2,2,1,2024-11-26,2025-07-24,240,32,4,113.22,North,Desktop,Returning
2333,Bronze,9,4,2,2,1,2024-11-24,2025-07-11,229,45,3,46.32,Central,Desktop,Returning
2355,Bronze,9,4,2,2,1,2024-10-22,2025-07-09,260,47,3,98.85,North,Desktop,New
2358,Bronze,9,4,2,2,1,2024-10-25,2025-07-14,262,42,4,214.76,Central,Desktop,New
2359,Bronze,9,4,1,3,1,2024-09-09,2025-04-11,214,136,6,386.82,Central,Desktop,Returning
2366,Bronze,9,4,1,3,1,2024-09-04,2025-05-17,255,100,6,186.66,Central,Desktop,New
2372,Bronze,9,3,3,2,1,2025-04-02,2025-08-01,121,24,4,163.99,Central,Mobile,New
2373,Bronze,9,4,2,2,1,2024-10-16,2025-07-05,262,51,3,108.89,East,Desktop,Returning
2377,Bronze,9,4,1,3,1,2024-10-15,2025-05-07,204,110,6,108.40,East,Desktop,New
2391,Bronze,9,4,2,2,1,2024-09-04,2025-07-05,304,51,4,270.25,Central,Desktop,New
2394,Bronze,9,4,1,3,1,2024-08-30,2025-06-16,290,70,6,283.32,Central,Desktop,New
2396,Bronze,9,4,2,2,1,2024-09-26,2025-07-13,290,43,2,21.45,Central,Desktop,Returning
2397,Bronze,9,4,2,2,1,2024-09-02,2025-06-30,301,56,5,284.88,Central,Desktop,New
2399,Bronze,9,4,1,3,1,2024-09-10,2025-03-12,183,166,6,219.62,Central,Desktop,New
2400,Bronze,9,4,2,2,1,2024-09-18,2025-07-25,310,31,3,141.05,Central,Desktop,Returning
2404,Bronze,9,4,2,2,1,2024-11-09,2025-07-04,237,52,5,239.85,Central,Desktop,New
2406,Bronze,9,4,2,2,1,2024-11-04,2025-07-16,254,40,5,124.68,East,Desktop,Returning
2409,Bronze,9,4,2,2,1,2024-09-22,2025-07-23,304,33,5,193.29,Central,Desktop,New
2412,Bronze,9,3,2,3,1,2025-02-10,2025-06-30,140,56,6,327.53,Central,Desktop,Returning
2419,Bronze,9,3,3,2,1,2025-02-14,2025-08-06,173,19,4,163.50,International,Desktop,New
2421,Bronze,9,4,2,2,1,2024-12-02,2025-07-23,233,33,3,55.83,Central,Desktop,New
2423,Bronze,9,2,4,2,1,2025-05-20,2025-08-14,86,11,4,257.53,Central,Desktop,Returning
2424,Bronze,9,4,2,2,1,2024-10-11,2025-07-01,263,55,5,240.28,Central,Desktop,New
2432,Bronze,9,3,3,2,1,2025-02-16,2025-08-04,169,21,4,222.54,International,Mobile,Returning
2451,Bronze,9,4,1,3,1,2024-09-29,2025-06-06,250,80,6,151.24,East,Desktop,New
2454,Bronze,9,4,1,3,1,2024-08-26,2025-06-20,298,66,8,247.25,Central,Desktop,New
2461,Bronze,9,4,2,2,1,2024-11-25,2025-07-23,240,33,3,156.05,Central,Desktop,New
2472,Bronze,9,4,2,2,1,2024-12-02,2025-07-25,235,31,5,342.80,East,Desktop,New
2479,Bronze,9,4,2,2,1,2024-11-20,2025-07-03,225,53,5,194.44,International,Desktop,New
2485,Bronze,9,4,2,2,1,2024-11-21,2025-06-28,219,58,3,116.64,North,Mobile,Returning
2490,Bronze,9,4,2,2,1,2024-10-12,2025-06-28,259,58,4,221.93,International,Desktop,New
2491,Bronze,9,4,1,3,1,2024-09-15,2025-04-14,211,133,6,480.24,Central,Mobile,New
2503,Bronze,9,4,1,3,1,2024-10-06,2025-06-12,249,74,6,228.41,Central,Desktop,Returning
2506,Bronze,9,4,2,2,1,2024-08-26,2025-07-10,318,46,5,145.88,Central,Tablet,Returning
2507,Bronze,9,4,1,3,1,2024-10-03,2025-06-23,263,63,6,403.09,Central,Desktop,New
2519,Bronze,9,4,2,2,1,2024-11-25,2025-07-18,235,38,4,103.25,Central,Desktop,New
2520,Bronze,9,4,1,3,1,2024-10-23,2025-05-21,210,96,6,383.70,East,Desktop,New
2521,Bronze,9,4,2,2,1,2024-11-30,2025-07-12,224,44,4,156.66,North,Desktop,Returning
2527,Bronze,9,4,2,2,1,2024-10-08,2025-07-10,275,46,4,109.02,Central,Mobile,New
2530,Bronze,9,4,1,3,1,2024-09-01,2025-04-22,233,125,6,190.57,International,Desktop,New
2556,Bronze,9,4,2,2,1,2024-12-26,2025-07-23,209,33,5,226.36,Central,Desktop,Returning
2565,Bronze,9,4,2,2,1,2024-11-09,2025-07-22,255,34,5,315.65,Central,Desktop,Returning
2568,Bronze,9,4,2,2,1,2024-12-06,2025-07-12,218,44,2,9.60,South,Desktop,Returning
2570,Bronze,9,4,1,3,1,2024-09-06,2025-05-13,249,104,7,209.89,Central,Desktop,New
2575,Bronze,9,4,2,2,1,2024-09-18,2025-07-23,308,33,5,254.11,Central,Desktop,New
2581,Bronze,9,4,2,2,1,2025-01-08,2025-07-11,184,45,3,125.99,East,Mobile,Returning
2582,Bronze,9,4,2,2,1,2024-08-29,2025-07-05,310,51,4,109.35,Central,Desktop,New
2594,Bronze,9,4,2,2,1,2024-12-23,2025-07-25,214,31,3,327.66,International,Desktop,Returning
2599,Bronze,9,3,3,2,1,2025-04-24,2025-08-04,102,21,3,112.05,Central,Desktop,Returning
2606,Bronze,9,4,1,3,1,2024-09-03,2025-05-25,264,92,6,147.75,Central,Desktop,Returning
2607,Bronze,9,4,1,3,1,2024-10-27,2025-05-31,216,86,7,366.63,Central,Desktop,Returning
2608,Bronze,9,4,2,2,1,2024-12-18,2025-06-30,194,56,5,231.09,Central,Desktop,New
2621,Bronze,9,4,2,2,1,2024-09-18,2025-07-07,292,49,4,145.30,East,Desktop,Returning
2622,Bronze,9,4,2,2,1,2024-09-14,2025-07-19,308,37,5,200.95,Central,Desktop,New
2629,Bronze,9,4,2,2,1,2024-10-19,2025-07-11,265,45,4,202.01,Central,Desktop,New
2633,Bronze,9,4,2,2,1,2024-09-05,2025-07-02,300,54,4,193.42,Central,Mobile,Returning
2642,Bronze,9,4,2,2,1,2025-01-08,2025-07-08,181,48,3,81.02,Central,Mobile,New
2651,Bronze,9,4,2,2,1,2024-10-14,2025-07-15,274,41,5,347.55,Central,Desktop,New
2658,Bronze,9,4,1,3,1,2024-09-02,2025-04-27,237,120,9,418.64,Central,Desktop,New
2662,Bronze,9,4,2,2,1,2024-10-02,2025-07-01,272,55,3,217.23,Central,Desktop,Returning
2681,Bronze,9,4,2,2,1,2024-09-12,2025-07-24,315,32,5,162.69,East,Desktop,New
2689,Bronze,9,4,2,2,1,2024-09-19,2025-06-28,282,58,4,96.54,Central,Desktop,New
2704,Bronze,9,3,3,2,1,2025-02-08,2025-08-03,176,22,3,121.69,Central,Desktop,New
2707,Bronze,9,4,2,2,1,2024-10-24,2025-07-24,273,32,3,125.11,Central,Mobile,Returning
2715,Bronze,9,4,2,2,1,2024-09-08,2025-07-25,320,31,4,192.15,Central,Mobile,New
2719,Bronze,9,4,2,2,1,2024-09-12,2025-07-07,298,49,4,68.88,International,Desktop,Returning
2724,Bronze,9,4,2,2,1,2024-08-29,2025-07-04,309,52,5,94.70,Central,Desktop,Returning
2728,Bronze,9,4,2,2,1,2024-09-15,2025-07-07,295,49,3,89.89,International,Desktop,New
2733,Bronze,9,4,1,3,1,2024-10-25,2025-05-23,210,94,6,392.01,Central,Desktop,Returning
2735,Bronze,9,4,1,3,1,2024-09-10,2025-05-21,253,96,6,204.05,Central,Desktop,New
2746,Bronze,9,4,2,2,1,2024-12-01,2025-07-06,217,50,5,71.09,East,Desktop,New
2756,Bronze,9,4,1,3,1,2024-09-30,2025-06-04,247,82,8,454.87,Central,Desktop,New
2766,Bronze,9,4,1,3,1,2024-10-02,2025-06-24,265,62,9,396.20,Central,Desktop,Returning
2777,Bronze,9,4,2,2,1,2024-09-17,2025-07-04,290,52,5,94.58,East,Desktop,New
2783,Bronze,9,4,1,3,1,2024-10-28,2025-06-15,230,71,8,421.59,Central,Desktop,New
2785,Bronze,9,4,1,3,1,2024-09-16,2025-06-24,281,62,6,193.79,Central,Desktop,New
2792,Bronze,9,4,2,2,1,2024-09-06,2025-07-10,307,46,4,210.14,Central,Desktop,Returning
2805,Bronze,9,4,2,2,1,2024-10-04,2025-07-12,281,44,4,310.04,East,Mobile,Returning
2808,Bronze,9,4,2,2,1,2024-10-01,2025-07-23,295,33,4,322.31,East,Desktop,Returning
2809,Bronze,9,4,1,3,1,2024-08-29,2025-05-31,275,86,6,192.09,Central,Desktop,New
2812,Bronze,9,4,1,3,1,2024-10-21,2025-06-24,246,62,8,358.61,Central,Desktop,New
2821,Bronze,9,4,1,3,1,2024-11-03,2025-06-03,212,83,6,185.35,Central,Desktop,Returning
2829,Bronze,9,4,2,2,1,2024-09-05,2025-07-07,305,49,2,102.50,East,Desktop,Returning
2832,Bronze,9,4,1,3,1,2024-09-03,2025-06-05,275,81,6,225.40,Central,Desktop,New
2837,Bronze,9,4,2,2,1,2024-11-11,2025-07-15,246,41,4,72.02,East,Desktop,New
2854,Bronze,9,4,2,2,1,2024-11-30,2025-07-18,230,38,3,195.21,Central,Desktop,New
2862,Bronze,9,4,2,2,1,2024-11-11,2025-06-27,228,59,5,93.39,Central,Desktop,Returning
2870,Bronze,9,4,1,3,1,2024-09-17,2025-03-27,191,151,6,398.04,North,Desktop,New
2885,Bronze,9,4,2,2,1,2024-11-20,2025-07-06,228,50,4,252.14,Central,Desktop,Returning
2886,Bronze,9,4,2,2,1,2024-09-25,2025-07-24,302,32,5,311.08,Central,Desktop,New
2888,Bronze,9,4,1,3,1,2024-09-12,2025-04-10,210,137,6,201.06,East,Desktop,New
2893,Bronze,9,4,2,2,1,2024-09-01,2025-07-22,324,34,5,341.06,East,Desktop,Returning
2895,Bronze,9,4,1,3,1,2024-09-10,2025-06-22,285,64,7,264.80,Central,Desktop,New
2913,Bronze,9,4,2,2,1,2024-10-27,2025-07-04,250,52,3,165.90,West,Desktop,Returning
2915,Bronze,9,2,4,2,1,2025-06-18,2025-08-16,59,9,4,64.16,Central,Desktop,Returning
2917,Bronze,9,4,1,3,1,2024-09-05,2025-04-12,219,135,6,394.40,Central,Mobile,New
2922,Bronze,9,3,3,2,1,2025-04-16,2025-08-04,110,21,3,137.50,Central,Desktop,New
2933,Bronze,9,4,1,3,1,2024-09-06,2025-03-14,189,164,6,294.36,Central,Desktop,New
2943,Bronze,9,4,2,2,1,2024-11-13,2025-07-19,248,37,5,265.13,East,Mobile,New
2952,Bronze,9,4,2,2,1,2024-09-27,2025-07-09,285,47,5,440.98,East,Desktop,New
2976,Bronze,9,3,3,2,1,2025-03-20,2025-08-02,135,23,3,215.25,East,Desktop,New
2982,Bronze,9,4,1,3,1,2024-09-03,2025-06-14,284,72,6,183.79,Central,Mobile,New
2994,Bronze,9,4,1,3,1,2024-09-02,2025-04-21,231,126,6,353.78,Central,Desktop,Returning
2997,Bronze,9,4,1,3,1,2024-09-16,2025-06-23,280,63,6,459.18,Central,Mobile,Returning
3002,Bronze,9,4,1,3,1,2024-09-24,2025-06-19,268,67,7,288.99,Central,Desktop,New
3008,Bronze,9,4,1,3,1,2024-10-20,2025-05-30,222,87,6,192.53,Central,Desktop,New
3020,Bronze,9,4,2,2,1,2024-11-24,2025-07-02,220,54,3,300.17,Central,Desktop,Returning
3026,Bronze,9,4,2,2,1,2024-10-29,2025-07-15,259,41,5,251.25,East,Desktop,Returning
3031,Bronze,9,4,2,2,1,2024-12-11,2025-07-03,204,53,2,229.92,East,Desktop,Returning
3032,Bronze,9,4,1,3,1,2024-09-01,2025-06-22,294,64,7,245.76,Central,Desktop,New
3036,Bronze,9,4,2,2,1,2024-09-11,2025-07-13,305,43,4,246.16,East,Mobile,New
3044,Bronze,9,4,2,2,1,2024-11-16,2025-07-25,251,31,3,112.74,Central,Desktop,Returning
3046,Bronze,9,4,2,2,1,2024-10-11,2025-06-27,259,59,4,230.28,Central,Desktop,New
3055,Bronze,9,4,1,3,1,2024-09-23,2025-06-14,264,72,6,360.93,Central,Desktop,Returning
3057,Bronze,9,4,2,2,1,2024-08-27,2025-07-05,312,51,4,51.54,International,Desktop,Returning
3058,Bronze,9,4,2,2,1,2024-10-25,2025-07-11,259,45,4,271.65,Central,Desktop,New
3059,Bronze,9,4,1,2,2,2024-09-22,2025-04-24,214,123,5,538.68,Central,Desktop,Returning
3071,Bronze,9,4,2,2,1,2024-08-27,2025-07-18,325,38,5,282.59,Central,Desktop,Returning
3079,Bronze,9,4,1,3,1,2024-09-09,2025-04-20,223,127,6,295.95,International,Desktop,New
3098,Bronze,9,3,3,2,1,2025-02-18,2025-08-04,167,21,5,226.78,Central,Desktop,Returning
3099,Bronze,9,4,2,2,1,2024-10-10,2025-07-15,278,41,5,229.59,East,Mobile,Returning
3104,Bronze,9,4,1,3,1,2024-11-03,2025-06-16,225,70,7,168.00,East,Desktop,New
3105,Bronze,9,3,3,2,1,2025-03-10,2025-07-31,143,25,3,210.26,Central,Tablet,Returning
3106,Bronze,9,4,2,2,1,2024-09-26,2025-07-07,284,49,4,222.01,Central,Desktop,New
3112,Bronze,9,4,2,2,1,2024-10-03,2025-07-24,294,32,4,192.86,International,Desktop,New
3125,Bronze,9,4,2,2,1,2024-10-26,2025-07-21,268,35,4,184.22,Central,Desktop,New
3126,Bronze,9,4,1,3,1,2024-09-06,2025-05-30,266,87,7,303.87,Central,Desktop,Returning
3131,Bronze,9,3,3,2,1,2025-02-06,2025-08-04,179,21,4,141.33,Central,Desktop,Returning
3135,Bronze,9,3,3,2,1,2025-03-06,2025-08-09,156,16,2,33.99,Central,Mobile,Returning
3137,Bronze,9,4,2,2,1,2024-08-27,2025-07-15,322,41,5,264.60,East,Desktop,Returning
3138,Bronze,9,3,2,3,1,2025-02-20,2025-07-07,137,49,6,332.44,Central,Desktop,New
3139,Bronze,9,4,2,2,1,2024-11-30,2025-07-24,236,32,3,163.68,Central,Desktop,Returning
3146,Bronze,9,4,2,2,1,2024-09-07,2025-07-18,314,38,3,73.66,Central,Desktop,New
3160,Bronze,9,4,2,2,1,2024-11-09,2025-07-03,236,53,4,201.17,Central,Desktop,New
3163,Bronze,9,4,1,3,1,2024-09-08,2025-06-07,272,79,6,264.54,East,Mobile,New
3169,Bronze,9,4,2,2,1,2024-09-12,2025-07-21,312,35,4,283.67,Central,Desktop,New
3171,Bronze,9,4,2,2,1,2024-12-15,2025-07-08,205,48,5,249.30,Central,Desktop,New
3173,Bronze,9,2,4,2,1,2025-07-08,2025-08-15,38,10,4,308.26,East,Mobile,Returning
3176,Bronze,9,4,2,2,1,2024-08-31,2025-07-17,320,39,3,72.67,East,Mobile,Returning
3189,Bronze,9,4,1,3,1,2024-09-26,2025-05-25,241,92,7,312.91,Central,Desktop,New
3190,Bronze,9,4,2,2,1,2024-10-11,2025-07-20,282,36,4,176.23,Central,Desktop,Returning
3193,Bronze,9,3,3,2,1,2025-03-28,2025-08-04,129,21,2,36.89,East,Mobile,Returning
3202,Bronze,9,4,2,2,1,2024-10-05,2025-07-03,271,53,3,78.39,East,Desktop,New
3203,Bronze,9,4,2,2,1,2024-12-16,2025-07-05,201,51,4,180.93,Central,Desktop,New
3206,Bronze,9,4,2,2,1,2024-10-02,2025-07-18,289,38,3,149.08,Central,Desktop,Returning
3207,Bronze,9,4,1,3,1,2024-09-20,2025-05-19,241,98,6,257.98,International,Desktop,Returning
3215,Bronze,9,4,2,2,1,2024-10-10,2025-07-04,267,52,5,281.71,Central,Desktop,New
3240,Bronze,9,4,2,2,1,2024-12-01,2025-07-05,216,51,5,318.67,East,Desktop,New
3250,Bronze,9,4,2,2,1,2024-10-23,2025-07-24,274,32,2,90.16,East,Mobile,Returning
3253,Bronze,9,4,2,2,1,2024-10-01,2025-07-21,293,35,5,374.09,East,Desktop,New
3257,Bronze,9,4,2,2,1,2024-09-20,2025-06-27,280,59,5,188.19,International,Desktop,Returning
3258,Bronze,9,4,2,2,1,2024-09-08,2025-07-09,304,47,4,255.18,International,Desktop,New
3266,Bronze,9,4,2,2,1,2024-12-16,2025-07-21,217,35,4,147.90,Central,Desktop,Returning
3267,Bronze,9,4,2,2,1,2024-09-27,2025-07-05,281,51,4,276.29,Central,Desktop,New
3268,Bronze,9,4,2,2,1,2024-12-21,2025-07-09,200,47,4,263.17,International,Desktop,New
3271,Bronze,9,4,2,2,1,2024-09-18,2025-07-25,310,31,5,276.89,International,Desktop,New
3272,Bronze,9,4,1,3,1,2024-08-28,2025-05-28,273,89,6,313.45,Central,Desktop,New
3278,Bronze,9,4,1,3,1,2024-11-01,2025-06-12,223,74,7,205.52,Central,Desktop,New
3288,Bronze,9,4,2,2,1,2024-10-09,2025-07-25,289,31,2,128.50,Central,Desktop,New
3292,Bronze,9,4,2,2,1,2024-08-29,2025-07-04,309,52,3,286.13,East,Desktop,Returning
3300,Bronze,9,4,2,2,1,2024-11-22,2025-07-24,244,32,4,171.52,East,Desktop,Returning
3302,Bronze,9,4,2,2,1,2024-10-15,2025-07-18,276,38,5,282.01,Central,Desktop,Returning
3303,Bronze,9,4,2,2,1,2024-10-01,2025-07-12,284,44,5,272.15,Central,Desktop,New
3308,Bronze,9,4,2,2,1,2024-12-07,2025-07-12,217,44,4,128.65,International,Desktop,New
3312,Bronze,9,3,3,2,1,2025-04-19,2025-07-26,98,30,2,44.91,International,Mobile,Returning
3319,Bronze,9,4,2,2,1,2024-09-02,2025-07-05,306,51,2,188.88,North,Desktop,New
3326,Bronze,9,4,1,3,1,2024-09-17,2025-06-10,266,76,6,306.16,Central,Desktop,Returning
3327,Bronze,9,4,2,2,1,2024-09-04,2025-07-11,310,45,3,239.80,Central,Desktop,New
3335,Bronze,9,4,2,2,1,2024-08-31,2025-07-03,306,53,4,196.45,East,Desktop,Returning
3357,Bronze,9,4,1,3,1,2024-10-11,2025-06-10,242,76,6,254.93,East,Mobile,Returning
3364,Bronze,9,2,4,2,1,2025-06-07,2025-08-15,69,10,2,16.10,East,Mobile,New
3365,Bronze,9,4,2,2,1,2024-10-02,2025-07-10,281,46,3,75.01,Central,Desktop,New
3375,Bronze,9,4,2,2,1,2025-01-01,2025-07-10,190,46,3,149.67,Central,Desktop,Returning
3380,Bronze,9,4,1,3,1,2024-10-12,2025-05-24,224,93,6,483.35,Central,Desktop,Returning
3399,Bronze,9,4,2,2,1,2024-10-23,2025-07-08,258,48,4,116.53,Central,Mobile,Returning
3402,Bronze,9,4,2,2,1,2024-10-31,2025-07-12,254,44,4,257.37,Central,Desktop,New
3405,Bronze,9,4,1,3,1,2024-10-11,2025-05-19,220,98,6,86.83,Central,Desktop,New
3409,Bronze,9,4,2,2,1,2024-12-10,2025-07-21,223,35,3,95.75,International,Desktop,New
3419,Bronze,9,4,2,2,1,2024-09-26,2025-07-03,280,53,3,139.57,Central,Desktop,New
3430,Bronze,9,4,2,2,1,2024-08-28,2025-07-21,327,35,5,301.81,Central,Desktop,New
3438,Bronze,9,4,2,2,1,2024-11-23,2025-06-29,218,57,4,349.69,East,Mobile,Returning
3445,Bronze,9,4,2,2,1,2024-12-23,2025-06-26,185,60,4,204.97,East,Desktop,New
3450,Bronze,9,4,2,2,1,2024-09-07,2025-07-06,302,50,5,236.64,International,Desktop,New
3456,Bronze,9,4,2,2,1,2024-12-11,2025-07-10,211,46,4,289.73,Central,Desktop,Returning
3468,Bronze,9,4,2,2,1,2024-10-27,2025-07-14,260,42,2,84.73,International,Desktop,Returning
3474,Bronze,9,4,2,2,1,2024-10-22,2025-07-17,268,39,4,79.22,Central,Desktop,New
3478,Bronze,9,4,2,2,1,2024-10-23,2025-07-03,253,53,3,99.09,East,Mobile,Returning
3480,Bronze,9,4,1,3,1,2024-08-29,2025-06-17,292,69,7,324.40,East,Desktop,New
3482,Bronze,9,4,2,2,1,2025-01-07,2025-07-15,189,41,2,93.12,East,Desktop,New
3485,Bronze,9,4,1,3,1,2024-09-15,2025-06-13,271,73,7,462.77,Central,Desktop,New
3503,Bronze,9,4,2,2,1,2024-09-13,2025-07-14,304,42,5,362.12,North,Desktop,New
3537,Bronze,9,4,2,2,1,2024-09-16,2025-06-30,287,56,3,181.13,East,Desktop,New
3543,Bronze,9,4,1,3,1,2024-09-26,2025-04-14,200,133,6,304.50,Central,Desktop,Returning
3551,Bronze,9,4,2,2,1,2024-12-19,2025-07-20,213,36,3,159.91,East,Desktop,Returning
3556,Bronze,9,3,2,3,1,2025-01-22,2025-07-06,165,50,7,338.62,Central,Desktop,New
3560,Bronze,9,4,2,2,1,2024-10-29,2025-07-13,257,43,2,121.68,Central,Desktop,New
3566,Bronze,9,4,1,3,1,2024-08-29,2025-05-15,259,102,6,418.00,Central,Desktop,New
3571,Bronze,9,4,1,3,1,2024-09-23,2025-05-26,245,91,6,116.65,North,Mobile,New
3574,Bronze,9,4,2,2,1,2024-11-12,2025-07-23,253,33,4,200.59,Central,Mobile,Returning
3575,Bronze,9,4,2,2,1,2024-12-21,2025-07-19,210,37,3,256.20,Central,Desktop,Returning
3580,Bronze,9,4,2,2,1,2024-10-20,2025-07-19,272,37,3,40.31,Central,Mobile,Returning
3582,Bronze,9,4,2,2,1,2024-09-19,2025-07-23,307,33,5,298.73,Central,Desktop,Returning
3590,Bronze,9,4,2,2,1,2024-11-17,2025-07-05,230,51,5,261.29,Central,Desktop,New
3601,Bronze,9,4,2,2,1,2024-10-30,2025-07-02,245,54,3,203.87,International,Desktop,Returning
3607,Bronze,9,4,1,3,1,2024-09-04,2025-06-20,289,66,6,222.68,Central,Mobile,New
3613,Bronze,9,4,2,2,1,2024-08-26,2025-06-30,308,56,3,319.78,International,Desktop,New
3618,Bronze,9,4,2,2,1,2024-10-20,2025-07-17,270,39,2,37.38,Central,Mobile,New
3619,Bronze,9,4,2,2,1,2024-10-19,2025-06-29,253,57,4,194.54,East,Desktop,Returning
3626,Bronze,9,4,1,3,1,2024-11-07,2025-06-08,213,78,6,261.95,Central,Desktop,New
3634,Bronze,9,4,2,2,1,2024-10-15,2025-07-15,273,41,3,84.94,Central,Desktop,Returning
3643,Bronze,9,4,2,2,1,2024-09-10,2025-07-25,318,31,5,229.64,East,Desktop,Returning
3645,Bronze,9,4,1,3,1,2024-09-23,2025-05-25,244,92,6,206.77,Central,Desktop,New
3647,Bronze,9,4,2,2,1,2024-10-24,2025-07-25,274,31,5,310.34,East,Mobile,New
3648,Bronze,9,4,2,2,1,2024-10-31,2025-07-09,251,47,2,175.26,Central,Desktop,Returning
3667,Bronze,9,4,1,3,1,2024-10-09,2025-04-18,191,129,6,333.70,Central,Desktop,New
3669,Bronze,9,4,2,2,1,2024-11-22,2025-07-09,229,47,4,96.87,Central,Mobile,Returning
3671,Bronze,9,4,2,2,1,2024-10-25,2025-07-02,250,54,3,271.68,Central,Mobile,Returning
3673,Bronze,9,4,2,2,1,2024-09-29,2025-07-25,299,31,5,133.86,Central,Desktop,New
3678,Bronze,9,4,2,2,1,2024-11-13,2025-07-02,231,54,4,201.94,International,Mobile,New
3679,Bronze,9,4,2,2,1,2024-12-08,2025-07-07,211,49,4,190.70,East,Desktop,Returning
3685,Bronze,9,4,1,3,1,2024-10-15,2025-06-07,235,79,7,389.39,East,Desktop,New
3705,Bronze,9,3,3,2,1,2025-02-20,2025-07-30,160,26,3,83.89,North,Desktop,Returning
3725,Bronze,9,3,3,2,1,2025-04-03,2025-08-01,120,24,5,101.94,Central,Desktop,Returning
3728,Bronze,9,4,1,3,1,2024-10-06,2025-04-14,190,133,7,405.46,Central,Desktop,New
3731,Bronze,9,4,2,2,1,2024-11-28,2025-06-27,211,59,3,205.44,North,Desktop,New
3733,Bronze,9,4,2,2,1,2024-09-08,2025-07-23,318,33,5,124.02,Central,Desktop,New
3734,Bronze,9,4,1,3,1,2024-09-27,2025-05-31,246,86,7,361.56,Central,Desktop,New
3738,Bronze,9,4,2,2,1,2024-11-10,2025-07-06,238,50,4,147.68,East,Desktop,New
3748,Bronze,9,4,1,3,1,2024-08-28,2025-05-14,259,103,6,200.80,International,Desktop,New
3750,Bronze,9,4,1,3,1,2024-11-05,2025-05-28,204,89,7,449.76,Central,Mobile,New
3757,Bronze,9,4,2,2,1,2025-01-25,2025-07-25,181,31,2,75.15,North,Mobile,Returning
3758,Bronze,9,4,1,3,1,2024-09-04,2025-05-25,263,92,6,344.16,Central,Desktop,New
3761,Bronze,9,4,2,2,1,2025-01-02,2025-07-01,180,55,4,337.01,Central,Desktop,Returning
3769,Bronze,9,4,2,2,1,2024-09-02,2025-07-02,303,54,4,182.38,Central,Desktop,New
3785,Bronze,9,4,1,3,1,2024-10-15,2025-06-11,239,75,6,319.45,Central,Desktop,New
3795,Bronze,9,4,2,2,1,2024-09-22,2025-07-07,288,49,5,67.04,Central,Desktop,New
3798,Bronze,9,3,3,2,1,2025-02-01,2025-07-29,178,27,4,50.39,International,Mobile,New
3802,Bronze,9,4,2,2,1,2024-12-03,2025-07-16,225,40,5,143.27,East,Desktop,Returning
3803,Bronze,9,4,2,2,1,2025-01-07,2025-07-13,187,43,4,310.42,East,Desktop,Returning
3814,Bronze,9,4,2,2,1,2024-10-27,2025-07-03,249,53,3,125.54,North,Mobile,Returning
3817,Bronze,9,4,2,2,1,2024-10-08,2025-07-14,279,42,5,217.07,Central,Desktop,Returning
3824,Bronze,9,4,2,2,1,2024-10-30,2025-07-14,257,42,2,120.35,Central,Mobile,Returning
3828,Bronze,9,4,2,2,1,2025-01-08,2025-07-14,187,42,5,276.79,Central,Desktop,Returning
3831,Bronze,9,4,2,2,1,2024-12-15,2025-07-05,202,51,3,96.87,International,Mobile,Returning
3832,Bronze,9,4,2,2,1,2024-09-06,2025-07-14,311,42,5,121.19,East,Mobile,Returning
3833,Bronze,9,4,1,3,1,2024-09-16,2025-06-06,263,80,6,312.28,North,Desktop,New
3837,Bronze,9,4,2,2,1,2024-12-16,2025-07-24,220,32,3,47.56,Central,Desktop,Returning
3840,Bronze,9,2,4,2,1,2025-07-18,2025-08-18,31,7,2,25.32,Central,Desktop,Returning
3856,Bronze,9,4,2,2,1,2024-11-08,2025-07-16,250,40,4,115.30,International,Desktop,New
3861,Bronze,9,4,2,2,1,2024-12-05,2025-07-05,212,51,3,107.79,Central,Mobile,New
3869,Bronze,9,4,2,2,1,2024-09-30,2025-07-07,280,49,5,247.07,Central,Desktop,Returning
3876,Bronze,9,3,3,2,1,2025-02-13,2025-07-29,166,27,4,162.51,East,Desktop,New
3877,Bronze,9,3,3,2,1,2025-04-20,2025-07-29,100,27,2,85.49,East,Tablet,Returning
3881,Bronze,9,4,1,3,1,2024-10-12,2025-05-20,220,97,7,188.69,Central,Desktop,New
3892,Bronze,9,4,2,2,1,2024-12-01,2025-07-19,230,37,3,63.79,Central,Desktop,New
3893,Bronze,9,4,2,2,1,2024-09-29,2025-07-09,283,47,4,340.74,Central,Desktop,New
3901,Bronze,9,4,2,2,1,2024-10-07,2025-07-12,278,44,5,120.85,Central,Desktop,New
3903,Bronze,9,4,2,2,1,2025-01-20,2025-07-21,182,35,2,92.81,International,Desktop,Returning
3909,Bronze,9,2,4,2,1,2025-07-15,2025-08-18,34,7,2,56.68,West,Desktop,Returning
3914,Bronze,9,4,1,3,1,2024-09-16,2025-06-16,273,70,6,145.81,East,Desktop,New
3916,Bronze,9,4,2,2,1,2024-09-01,2025-06-28,300,58,3,70.21,International,Desktop,New
3919,Bronze,9,4,2,2,1,2024-08-31,2025-07-24,327,32,4,51.67,Central,Desktop,Returning
3924,Bronze,9,3,3,2,1,2025-03-21,2025-07-29,130,27,2,45.20,East,Desktop,New
3940,Bronze,9,4,2,2,1,2024-09-14,2025-07-01,290,55,4,177.92,East,Desktop,New
3953,Bronze,9,4,2,2,1,2024-11-14,2025-07-12,240,44,5,193.62,Central,Desktop,New
3957,Bronze,9,4,2,2,1,2025-01-01,2025-07-08,188,48,4,177.81,Central,Desktop,New
3959,Bronze,9,4,2,2,1,2024-11-27,2025-07-08,223,48,4,155.41,International,Desktop,New
3976,Bronze,9,3,3,2,1,2025-04-07,2025-08-07,122,18,4,248.61,East,Desktop,New
3978,Bronze,9,4,1,3,1,2024-09-25,2025-04-02,189,145,6,168.27,Central,Desktop,Returning
3989,Bronze,9,4,2,2,1,2024-08-30,2025-07-01,305,55,5,298.53,East,Desktop,New
4007,Bronze,9,4,1,3,1,2024-11-25,2025-06-04,191,82,6,179.28,Central,Desktop,New
4012,Bronze,9,3,3,2,1,2025-03-07,2025-08-06,152,19,4,389.79,Central,Desktop,New
4015,Bronze,9,4,2,2,1,2024-09-10,2025-07-10,303,46,4,193.60,Central,Desktop,New
4020,Bronze,9,3,2,3,1,2025-02-08,2025-07-14,156,42,6,218.41,East,Mobile,New
4024,Bronze,9,4,1,3,1,2024-09-26,2025-05-26,242,91,7,461.24,Central,Desktop,New
4032,Bronze,9,4,2,2,1,2024-11-04,2025-07-21,259,35,3,87.40,Central,Desktop,New
4038,Bronze,9,3,3,2,1,2025-04-01,2025-08-08,129,17,4,163.42,East,Desktop,New
4046,Bronze,9,4,2,2,1,2024-11-23,2025-07-14,233,42,4,177.99,International,Desktop,New
4053,Bronze,9,4,2,2,1,2024-09-28,2025-06-29,274,57,3,181.37,East,Desktop,New
4066,Bronze,9,4,2,2,1,2024-11-10,2025-07-03,235,53,5,280.68,East,Desktop,New
4068,Bronze,9,4,2,2,1,2024-11-08,2025-06-26,230,60,5,214.01,Central,Desktop,Returning
4071,Bronze,9,4,2,2,1,2024-10-07,2025-07-14,280,42,4,343.07,Central,Desktop,Returning
4075,Bronze,9,4,2,2,1,2024-09-10,2025-07-20,313,36,5,77.19,East,Desktop,Returning
4090,Bronze,9,4,2,2,1,2024-09-18,2025-07-20,305,36,5,255.82,Central,Desktop,New
4091,Bronze,9,4,1,3,1,2024-09-08,2025-06-19,284,67,9,319.98,Central,Desktop,New
4113,Bronze,9,4,2,2,1,2024-09-30,2025-07-22,295,34,5,75.73,Central,Desktop,New
4126,Bronze,9,4,1,3,1,2024-09-16,2025-05-02,228,115,8,150.57,East,Desktop,New
4131,Bronze,9,4,1,3,1,2024-11-03,2025-05-04,182,113,7,241.67,East,Desktop,New
4140,Bronze,9,3,3,2,1,2025-03-15,2025-08-09,147,16,3,323.09,Central,Desktop,New
4152,Bronze,9,4,2,2,1,2024-10-18,2025-07-14,269,42,5,199.89,East,Desktop,New
4154,Bronze,9,4,1,3,1,2024-11-21,2025-06-01,192,85,6,360.90,East,Desktop,New
4155,Bronze,9,4,1,3,1,2024-09-01,2025-06-04,276,82,6,412.39,Central,Desktop,New
4157,Bronze,9,3,3,2,1,2025-03-03,2025-08-09,159,16,4,429.64,North,Desktop,Returning
4167,Bronze,9,3,1,3,2,2024-11-25,2025-05-08,164,109,7,579.24,Central,Desktop,New
4175,Bronze,9,4,2,2,1,2024-10-22,2025-07-19,270,37,2,131.87,East,Desktop,New
4194,Bronze,9,4,2,2,1,2024-09-16,2025-07-04,291,52,4,244.34,East,Desktop,Returning
4196,Bronze,9,4,1,3,1,2024-08-31,2025-06-23,296,63,6,248.51,Central,Desktop,New
4197,Bronze,9,4,2,2,1,2025-01-02,2025-07-09,188,47,3,111.99,North,Desktop,Returning
4200,Bronze,9,4,2,2,1,2024-09-04,2025-07-13,312,43,5,154.36,East,Desktop,New
4202,Bronze,9,4,1,3,1,2024-09-02,2025-06-08,279,78,7,257.51,Central,Desktop,Returning
4212,Bronze,9,4,1,3,1,2024-08-26,2025-06-13,291,73,6,262.02,Central,Desktop,Returning
4217,Bronze,9,4,2,2,1,2024-12-30,2025-07-03,185,53,5,149.88,Central,Desktop,Returning
4218,Bronze,9,4,2,2,1,2024-10-06,2025-07-17,284,39,2,38.45,West,Mobile,Returning
4219,Bronze,9,4,2,2,1,2024-09-17,2025-07-04,290,52,3,58.26,Central,Desktop,Returning
4222,Bronze,9,4,1,3,1,2024-09-17,2025-03-31,195,147,6,322.52,Central,Desktop,New
4233,Bronze,9,4,2,2,1,2024-09-28,2025-06-29,274,57,4,302.40,Central,Desktop,New
4240,Bronze,9,4,2,2,1,2024-10-09,2025-06-27,261,59,5,170.89,Central,Mobile,New
4242,Bronze,9,4,2,2,1,2024-10-25,2025-06-27,245,59,3,100.03,Central,Desktop,Returning
4251,Bronze,9,4,1,3,1,2024-09-20,2025-06-13,266,73,6,165.79,Central,Desktop,New
4254,Bronze,9,3,2,3,1,2025-03-07,2025-07-23,138,33,6,365.26,Central,Desktop,New
4257,Bronze,9,4,2,2,1,2024-11-07,2025-07-11,246,45,5,149.11,Central,Mobile,New
4268,Bronze,9,4,1,3,1,2024-10-22,2025-05-07,197,110,7,390.91,Central,Mobile,New
4270,Bronze,9,4,1,3,1,2024-10-05,2025-06-25,263,61,8,347.70,Central,Desktop,Returning
4272,Bronze,9,4,1,3,1,2024-10-02,2025-03-31,180,147,6,343.06,East,Desktop,New
4275,Bronze,9,4,1,3,1,2024-10-13,2025-06-18,248,68,6,245.03,Central,Desktop,New
4278,Bronze,9,3,3,2,1,2025-04-17,2025-07-28,102,28,4,74.02,Central,Desktop,Returning
4287,Bronze,9,4,1,3,1,2024-09-01,2025-06-14,286,72,7,270.30,Central,Desktop,New
4290,Bronze,9,4,2,2,1,2024-11-04,2025-07-16,254,40,3,131.44,East,Desktop,New
4301,Bronze,9,4,2,2,1,2024-11-30,2025-07-11,223,45,4,83.24,Central,Desktop,Returning
4322,Bronze,9,4,1,3,1,2024-09-13,2025-06-22,282,64,6,319.09,East,Desktop,New
4340,Bronze,9,4,2,2,1,2024-11-19,2025-06-26,219,60,4,84.70,East,Desktop,Returning
4346,Bronze,9,4,1,3,1,2024-11-03,2025-06-08,217,78,6,195.21,East,Desktop,New
4352,Bronze,9,4,1,3,1,2024-08-26,2025-05-27,274,90,7,245.69,Central,Desktop,Returning
4354,Bronze,9,4,1,3,1,2024-10-25,2025-06-03,221,83,7,389.91,Central,Desktop,New
4362,Bronze,9,4,1,3,1,2024-09-10,2025-05-05,237,112,6,326.22,Central,Mobile,Returning
4365,Bronze,9,4,2,2,1,2024-10-19,2025-07-13,267,43,5,349.56,East,Desktop,Returning
4370,Bronze,9,4,2,2,1,2024-10-04,2025-07-06,275,50,5,134.62,Central,Desktop,New
4371,Bronze,9,4,2,2,1,2024-11-05,2025-07-16,253,40,5,272.66,East,Desktop,New
4375,Bronze,9,4,1,3,1,2024-09-22,2025-05-22,242,95,6,453.27,International,Desktop,New
4377,Bronze,9,4,1,3,1,2024-10-02,2025-06-14,255,72,6,337.84,Central,Mobile,New
4385,Bronze,9,2,4,2,1,2025-06-28,2025-08-17,50,8,4,103.66,Central,Desktop,New
4391,Bronze,9,4,2,2,1,2024-11-22,2025-07-02,222,54,3,133.10,Central,Desktop,Returning
4402,Bronze,9,4,2,2,1,2024-08-29,2025-07-21,326,35,4,218.78,Central,Desktop,New
4405,Bronze,9,4,1,3,1,2024-09-21,2025-06-04,256,82,8,454.80,Central,Desktop,Returning
4414,Bronze,9,4,2,2,1,2024-12-10,2025-07-04,206,52,3,150.78,East,Desktop,Returning
4419,Bronze,9,4,2,2,1,2024-10-16,2025-07-17,274,39,5,432.97,Central,Desktop,New
4447,Bronze,9,3,3,2,1,2025-03-22,2025-08-09,140,16,3,145.58,Central,Desktop,New
4449,Bronze,9,4,1,3,1,2024-09-02,2025-06-15,286,71,6,291.03,Central,Desktop,New
4458,Bronze,9,3,2,3,1,2025-02-07,2025-07-14,157,42,9,306.71,Central,Desktop,New
4460,Bronze,9,4,2,2,1,2024-11-08,2025-07-25,259,31,4,240.99,International,Desktop,New
4475,Bronze,9,4,2,2,1,2024-12-28,2025-07-21,205,35,3,183.70,East,Desktop,Returning
4480,Bronze,9,3,3,2,1,2025-02-12,2025-07-31,169,25,3,283.80,Central,Mobile,New
4492,Bronze,9,4,2,2,1,2024-09-16,2025-07-20,307,36,4,121.14,East,Desktop,New
4496,Bronze,9,4,1,3,1,2024-10-09,2025-05-27,230,90,7,254.97,Central,Desktop,New
4503,Bronze,9,4,2,2,1,2025-01-03,2025-07-14,192,42,4,245.83,North,Desktop,Returning
4507,Bronze,9,4,1,3,1,2024-08-31,2025-06-25,298,61,8,319.85,International,Desktop,New
4512,Bronze,9,4,2,2,1,2024-09-28,2025-07-21,296,35,3,171.84,Central,Mobile,New
4518,Bronze,9,4,2,2,1,2024-11-07,2025-07-13,248,43,3,234.49,International,Desktop,Returning
4525,Bronze,9,4,2,2,1,2024-09-07,2025-07-24,320,32,3,120.57,International,Desktop,Returning
4526,Bronze,9,3,3,2,1,2025-05-02,2025-08-09,99,16,4,335.97,Central,Desktop,New
4528,Bronze,9,4,2,2,1,2024-09-24,2025-07-13,292,43,3,247.40,North,Mobile,New
4529,Bronze,9,4,1,3,1,2024-09-22,2025-05-30,250,87,6,334.09,Central,Desktop,New
4530,Bronze,9,4,2,2,1,2025-01-19,2025-07-25,187,31,5,471.91,Central,Desktop,New
4532,Bronze,9,4,2,2,1,2024-11-04,2025-07-18,256,38,5,138.27,Central,Desktop,New
4554,Bronze,9,3,3,2,1,2025-05-04,2025-08-05,93,20,3,184.41,West,Desktop,Returning
4559,Bronze,9,4,2,2,1,2024-10-14,2025-07-13,272,43,4,141.37,Central,Desktop,Returning
4562,Bronze,9,4,1,3,1,2024-09-25,2025-05-18,235,99,6,441.44,Central,Mobile,Returning
4570,Bronze,9,4,1,3,1,2024-08-31,2025-04-13,225,134,7,261.72,Central,Desktop,New
4574,Bronze,9,4,2,2,1,2024-09-28,2025-07-17,292,39,3,199.46,East,Desktop,Returning
4584,Bronze,9,4,1,3,1,2024-08-29,2025-06-22,297,64,8,378.52,Central,Desktop,Returning
4586,Bronze,9,4,1,3,1,2024-09-02,2025-05-31,271,86,6,245.32,East,Mobile,New
4593,Bronze,9,4,2,2,1,2024-10-26,2025-07-09,256,47,3,211.39,Central,Mobile,Returning
4607,Bronze,9,4,2,2,1,2024-09-16,2025-07-01,288,55,5,309.73,Central,Desktop,Returning
4612,Bronze,9,4,1,3,1,2024-08-27,2025-05-25,271,92,6,181.20,Central,Desktop,Returning
4630,Bronze,9,4,2,2,1,2024-12-11,2025-07-15,216,41,2,124.53,East,Mobile,Returning
4634,Bronze,9,4,2,2,1,2024-10-30,2025-07-09,252,47,3,72.70,Central,Desktop,New
4637,Bronze,9,4,1,3,1,2024-09-16,2025-06-17,274,69,6,229.13,East,Desktop,New
4648,Bronze,9,4,1,3,1,2024-09-03,2025-05-27,266,90,7,497.05,International,Desktop,New
4663,Bronze,9,4,2,2,1,2024-09-21,2025-07-14,296,42,3,300.50,East,Mobile,Returning
4664,Bronze,9,4,1,3,1,2024-10-19,2025-05-04,197,113,6,376.44,Central,Desktop,New
4668,Bronze,9,4,2,2,1,2024-11-30,2025-07-11,223,45,4,237.73,Central,Desktop,Returning
4669,Bronze,9,4,2,2,1,2024-09-12,2025-07-09,300,47,5,120.45,East,Desktop,New
4672,Bronze,9,4,2,2,1,2024-12-26,2025-07-08,194,48,4,122.64,International,Desktop,Returning
4676,Bronze,9,4,2,2,1,2024-09-08,2025-07-02,297,54,5,315.00,Central,Desktop,New
4679,Bronze,9,4,2,2,1,2024-12-29,2025-07-17,200,39,4,259.51,East,Mobile,New
4686,Bronze,9,4,1,3,1,2024-09-25,2025-06-20,268,66,7,454.29,East,Desktop,Returning
4694,Bronze,9,4,2,2,1,2024-09-04,2025-07-09,308,47,5,183.57,East,Desktop,New
4698,Bronze,9,4,2,2,1,2024-08-29,2025-06-29,304,57,2,124.95,Central,Desktop,Returning
4703,Bronze,9,4,1,3,1,2024-09-23,2025-03-29,187,149,7,403.79,Central,Desktop,New
4708,Bronze,9,4,1,3,1,2024-09-21,2025-06-13,265,73,6,447.85,East,Desktop,Returning
4709,Bronze,9,4,2,2,1,2024-10-07,2025-07-17,283,39,5,211.94,East,Desktop,Returning
4715,Bronze,9,4,2,2,1,2024-09-27,2025-07-24,300,32,4,274.80,Central,Desktop,New
4718,Bronze,9,4,2,2,1,2024-09-09,2025-07-02,296,54,2,167.97,East,Tablet,New
4725,Bronze,9,3,3,2,1,2025-04-23,2025-07-30,98,26,4,326.68,Central,Desktop,New
4727,Bronze,9,4,2,2,1,2024-09-28,2025-07-17,292,39,5,197.82,Central,Desktop,New
4734,Bronze,9,4,1,3,1,2024-09-26,2025-06-25,272,61,6,235.84,Central,Desktop,New
4738,Bronze,9,4,2,2,1,2024-09-22,2025-07-06,287,50,4,276.86,Central,Desktop,New
4748,Bronze,9,4,2,2,1,2024-09-12,2025-06-28,289,58,5,296.38,Central,Desktop,New
4754,Bronze,9,4,1,3,1,2024-09-04,2025-06-15,284,71,8,462.22,East,Desktop,New
4759,Bronze,9,4,2,2,1,2024-09-18,2025-07-10,295,46,4,275.41,Central,Desktop,Returning
4765,Bronze,9,4,2,2,1,2024-10-09,2025-07-22,286,34,5,286.13,International,Desktop,New
4766,Bronze,9,4,2,2,1,2024-09-02,2025-07-15,316,41,5,160.18,North,Desktop,New
4779,Bronze,9,4,2,2,1,2024-10-11,2025-07-23,285,33,4,189.30,Central,Mobile,New
4783,Bronze,9,4,2,2,1,2024-12-18,2025-07-18,212,38,5,389.57,Central,Desktop,New
4784,Bronze,9,4,2,2,1,2024-11-12,2025-06-27,227,59,3,171.77,North,Mobile,New
4786,Bronze,9,4,1,3,1,2024-12-21,2025-06-23,184,63,6,204.73,Central,Desktop,New
4791,Bronze,9,4,2,2,1,2025-01-14,2025-07-20,187,36,5,78.12,International,Desktop,New
4794,Bronze,9,4,2,2,1,2024-09-27,2025-07-04,280,52,3,172.09,Central,Desktop,New
4816,Bronze,9,4,2,2,1,2024-09-01,2025-07-06,308,50,4,113.71,East,Desktop,Returning
4822,Bronze,9,4,1,3,1,2024-10-09,2025-05-19,222,98,7,386.47,East,Desktop,New
4823,Bronze,9,4,2,2,1,2025-01-14,2025-07-16,183,40,4,129.08,Central,Mobile,Returning
4839,Bronze,9,4,2,2,1,2024-11-12,2025-06-26,226,60,3,164.35,Central,Desktop,Returning
4841,Bronze,9,4,2,2,1,2024-12-18,2025-07-03,197,53,3,135.29,Central,Desktop,Returning
4843,Bronze,9,4,2,2,1,2024-11-08,2025-07-03,237,53,4,155.82,Central,Desktop,Returning
4846,Bronze,9,4,2,2,1,2024-11-17,2025-07-23,248,33,4,214.96,Central,Desktop,Returning
4861,Bronze,9,4,1,3,1,2024-08-30,2025-05-24,267,93,6,291.60,East,Desktop,New
4867,Bronze,9,4,1,3,1,2024-09-11,2025-05-08,239,109,6,441.78,Central,Desktop,New
4873,Bronze,9,4,1,3,1,2024-08-31,2025-06-14,287,72,8,429.61,Central,Desktop,Returning
4899,Bronze,9,4,2,2,1,2024-08-28,2025-06-27,303,59,3,96.51,East,Desktop,Returning
4904,Bronze,9,4,2,2,1,2024-12-27,2025-07-04,189,52,5,298.50,Central,Desktop,Returning
4907,Bronze,9,3,3,2,1,2025-02-27,2025-08-09,163,16,4,307.17,Central,Desktop,New
4912,Bronze,9,4,1,3,1,2024-09-13,2025-05-30,259,87,6,269.82,Central,Desktop,Returning
4914,Bronze,9,3,2,3,1,2025-02-11,2025-07-13,152,43,6,246.11,Central,Desktop,New
4916,Bronze,9,4,2,2,1,2024-09-23,2025-07-19,299,37,3,173.03,Central,Desktop,New
4924,Bronze,9,4,2,2,1,2024-09-07,2025-07-16,312,40,5,251.17,North,Desktop,New
4925,Bronze,9,4,2,2,1,2024-12-02,2025-07-11,221,45,4,189.81,Central,Desktop,New
4927,Bronze,9,4,1,3,1,2024-09-08,2025-05-31,265,86,7,485.96,Central,Desktop,New
4929,Bronze,9,4,2,2,1,2024-10-10,2025-07-11,274,45,5,132.61,Central,Desktop,New
4931,Bronze,9,3,3,2,1,2025-03-23,2025-07-26,125,30,2,97.96,South,Mobile,Returning
4940,Bronze,9,4,2,2,1,2024-10-13,2025-07-18,278,38,2,110.51,North,Desktop,New
4953,Bronze,9,4,2,2,1,2024-12-26,2025-07-07,193,49,4,209.70,Central,Desktop,Returning
4954,Bronze,9,4,2,2,1,2024-12-07,2025-06-28,203,58,4,181.43,Central,Mobile,Returning
4958,Bronze,9,4,2,2,1,2024-11-13,2025-07-12,241,44,2,149.86,East,Desktop,New
4959,Bronze,9,4,2,2,1,2024-12-01,2025-07-11,222,45,3,174.87,Central,Desktop,New
4961,Bronze,9,4,2,2,1,2024-10-23,2025-07-06,256,50,5,212.30,Central,Desktop,New
4964,Bronze,9,4,2,2,1,2024-09-05,2025-07-08,306,48,2,218.35,North,Desktop,Returning
4965,Bronze,9,4,2,2,1,2024-10-07,2025-06-28,264,58,4,290.79,Central,Mobile,New
4968,Bronze,9,4,2,2,1,2024-09-09,2025-07-25,319,31,4,273.87,Central,Desktop,Returning
4972,Bronze,9,4,2,2,1,2024-09-23,2025-07-04,284,52,4,343.63,Central,Desktop,New
4977,Bronze,9,4,1,3,1,2024-09-23,2025-05-28,247,89,6,419.15,Central,Desktop,Returning
4978,Bronze,9,4,2,2,1,2024-09-17,2025-07-22,308,34,3,125.23,South,Desktop,New
4981,Bronze,9,3,2,3,1,2025-02-01,2025-07-07,156,49,6,498.81,Central,Desktop,New
4984,Bronze,9,4,2,2,1,2024-10-23,2025-07-18,268,38,4,118.28,Central,Desktop,Returning
4988,Bronze,9,4,2,2,1,2024-10-23,2025-07-18,268,38,5,392.36,Central,Desktop,Returning
4991,Bronze,9,4,1,3,1,2024-10-04,2025-05-06,214,111,7,345.37,Central,Desktop,New
4997,Bronze,9,4,1,3,1,2024-09-24,2025-06-23,272,63,6,427.78,Central,Desktop,New
3611,Bronze,8,4,1,2,1,2024-09-22,2025-05-21,241,96,3,190.57,Central,Desktop,New
3629,Bronze,8,4,1,2,1,2024-11-10,2025-05-29,200,88,3,111.90,South,Desktop,New
3631,Bronze,8,4,1,2,1,2024-09-18,2025-04-18,212,129,4,96.71,East,Desktop,New
3638,Bronze,8,4,1,2,1,2024-08-30,2025-02-26,180,180,4,100.54,International,Desktop,New
3639,Bronze,8,4,1,2,1,2024-09-05,2025-05-21,258,96,5,218.01,Central,Desktop,Returning
3640,Bronze,8,4,1,2,1,2024-09-28,2025-06-23,268,63,4,132.95,East,Desktop,New
3642,Bronze,8,4,1,2,1,2024-09-01,2025-04-27,238,120,5,230.03,East,Desktop,New
3644,Bronze,8,4,1,2,1,2024-09-02,2025-06-21,292,65,5,298.72,Central,Desktop,New
3653,Bronze,8,4,1,2,1,2024-10-02,2025-05-30,240,87,3,36.17,East,Desktop,New
3662,Bronze,8,3,2,2,1,2025-02-06,2025-07-25,169,31,4,232.13,International,Mobile,New
3663,Bronze,8,4,1,2,1,2024-08-30,2025-03-18,200,160,4,63.52,Central,Mobile,New
3664,Bronze,8,2,3,2,1,2025-04-29,2025-07-27,89,29,3,193.02,East,Mobile,New
3677,Bronze,8,4,1,2,1,2024-12-05,2025-06-11,188,75,2,91.02,East,Desktop,Returning
3680,Bronze,8,4,1,2,1,2024-11-03,2025-05-14,192,103,3,94.40,Central,Desktop,Returning
3681,Bronze,8,4,1,2,1,2024-09-28,2025-06-04,249,82,2,23.99,North,Tablet,New
3683,Bronze,8,4,1,2,1,2024-08-29,2025-05-24,268,93,5,203.00,International,Desktop,New
3684,Bronze,8,4,1,2,1,2024-09-23,2025-06-22,272,64,3,100.93,Central,Desktop,Returning
3686,Bronze,8,4,1,2,1,2024-10-20,2025-06-02,225,84,4,373.32,International,Desktop,Returning
3687,Bronze,8,4,1,2,1,2024-09-08,2025-05-11,245,106,4,293.87,Central,Desktop,New
3691,Bronze,8,4,1,2,1,2024-11-18,2025-05-28,191,89,2,23.73,East,Mobile,New
3693,Bronze,8,3,2,2,1,2025-01-24,2025-06-29,156,57,4,275.54,Central,Desktop,New
3699,Bronze,8,2,3,2,1,2025-06-08,2025-08-09,62,16,2,61.75,Central,Mobile,Returning
3701,Bronze,8,4,1,2,1,2024-09-11,2025-06-02,264,84,4,68.87,Central,Desktop,Returning
3707,Bronze,8,3,2,2,1,2025-01-17,2025-07-02,166,54,2,207.62,International,Desktop,Returning
3717,Bronze,8,4,1,2,1,2024-08-30,2025-06-22,296,64,5,307.44,Central,Desktop,Returning
3721,Bronze,8,4,1,2,1,2024-10-23,2025-06-14,234,72,4,352.41,Central,Desktop,Returning
3730,Bronze,8,4,1,2,1,2024-08-31,2025-04-28,240,119,4,165.80,East,Desktop,New
3735,Bronze,8,4,1,2,1,2024-09-03,2025-06-18,288,68,5,295.77,East,Desktop,New
3736,Bronze,8,4,1,2,1,2024-10-29,2025-06-23,237,63,4,162.71,Central,Desktop,Returning
3737,Bronze,8,4,1,2,1,2024-09-23,2025-06-14,264,72,2,188.22,International,Desktop,Returning
3749,Bronze,8,3,2,2,1,2025-03-10,2025-07-24,136,32,3,103.22,East,Mobile,Returning
3759,Bronze,8,3,2,2,1,2025-01-18,2025-07-14,177,42,3,83.68,Central,Desktop,Returning
3778,Bronze,8,4,1,2,1,2024-10-06,2025-06-21,258,65,3,96.24,East,Desktop,New
3779,Bronze,8,4,1,2,1,2024-09-01,2025-06-05,277,81,3,307.70,Central,Desktop,Returning
3782,Bronze,8,4,1,2,1,2024-09-24,2025-05-10,228,107,3,102.47,Central,Desktop,Returning
3791,Bronze,8,4,1,2,1,2024-09-16,2025-03-18,183,160,4,337.67,Central,Desktop,New
3806,Bronze,8,4,1,2,1,2024-09-02,2025-05-29,269,88,4,182.69,Central,Desktop,New
3815,Bronze,8,4,1,2,1,2024-08-26,2025-03-31,217,147,4,334.54,East,Mobile,Returning
3816,Bronze,8,4,1,2,1,2024-11-08,2025-06-16,220,70,5,218.60,Central,Desktop,Returning
3825,Bronze,8,3,2,2,1,2025-02-19,2025-07-18,149,38,5,278.64,Central,Desktop,New
3829,Bronze,8,3,2,2,1,2025-03-14,2025-07-02,110,54,4,214.56,Central,Desktop,Returning
3834,Bronze,8,4,1,2,1,2024-11-17,2025-05-28,192,89,4,129.56,North,Mobile,Returning
3838,Bronze,8,3,2,2,1,2025-02-02,2025-07-03,151,53,4,201.91,Central,Desktop,Returning
3844,Bronze,8,4,1,2,1,2024-11-12,2025-06-15,215,71,4,157.62,South,Tablet,Returning
3849,Bronze,8,4,1,2,1,2024-10-30,2025-05-30,212,87,3,177.39,Central,Desktop,New
3853,Bronze,8,4,1,2,1,2024-09-19,2025-06-16,270,70,4,225.77,East,Desktop,Returning
3857,Bronze,8,4,1,2,1,2024-10-17,2025-04-29,194,118,4,279.97,Central,Desktop,Returning
3866,Bronze,8,2,3,2,1,2025-05-28,2025-08-08,72,17,3,185.38,Central,Desktop,New
3879,Bronze,8,4,1,2,1,2024-10-07,2025-06-13,249,73,4,102.83,East,Desktop,New
3887,Bronze,8,4,1,2,1,2024-09-26,2025-05-01,217,116,4,145.54,International,Desktop,New
3896,Bronze,8,4,1,2,1,2024-10-14,2025-06-23,252,63,4,264.88,Central,Desktop,New
3897,Bronze,8,4,1,2,1,2024-12-12,2025-06-20,190,66,3,141.29,Central,Desktop,Returning
3902,Bronze,8,4,1,2,1,2024-09-12,2025-05-25,255,92,5,331.71,East,Mobile,New
3908,Bronze,8,4,1,2,1,2024-09-20,2025-04-30,222,117,2,51.28,South,Desktop,Returning
3910,Bronze,8,4,1,2,1,2024-11-17,2025-06-18,213,68,4,204.31,International,Desktop,New
3920,Bronze,8,4,1,2,1,2024-09-15,2025-06-10,268,76,5,230.94,Central,Desktop,New
3928,Bronze,8,4,1,2,1,2024-08-30,2025-05-17,260,100,4,136.96,Central,Desktop,New
3929,Bronze,8,3,2,2,1,2025-01-19,2025-07-04,166,52,4,199.21,Central,Mobile,New
3934,Bronze,8,4,1,2,1,2024-10-15,2025-05-23,220,94,4,358.24,Central,Desktop,New
3936,Bronze,8,4,1,2,1,2024-09-01,2025-05-13,254,104,4,240.07,East,Desktop,Returning
3937,Bronze,8,2,3,2,1,2025-05-27,2025-07-30,64,26,4,224.98,Central,Mobile,Returning
3942,Bronze,8,4,1,2,1,2024-09-05,2025-05-23,260,94,4,129.81,International,Desktop,New
3946,Bronze,8,4,1,2,1,2024-09-30,2025-06-15,258,71,3,114.59,International,Mobile,Returning
3947,Bronze,8,4,1,2,1,2024-12-03,2025-06-23,202,63,4,190.36,East,Desktop,Returning
3951,Bronze,8,4,1,2,1,2024-10-20,2025-05-14,206,103,3,140.66,International,Desktop,Returning
3960,Bronze,8,4,1,2,1,2024-09-04,2025-04-28,236,119,3,88.74,Central,Mobile,Returning
3964,Bronze,8,4,1,2,1,2024-09-23,2025-04-24,213,123,4,136.08,East,Mobile,New
3969,Bronze,8,4,1,2,1,2024-08-26,2025-05-05,252,112,5,188.69,East,Desktop,New
3970,Bronze,8,4,1,2,1,2024-09-13,2025-06-22,282,64,5,241.43,Central,Desktop,New
3971,Bronze,8,4,1,2,1,2024-08-30,2025-04-13,226,134,5,204.43,East,Desktop,New
3972,Bronze,8,4,1,2,1,2024-10-13,2025-06-11,241,75,5,297.94,East,Desktop,New
3973,Bronze,8,4,1,2,1,2024-08-26,2025-04-19,236,128,3,144.02,Central,Desktop,New
3974,Bronze,8,4,1,2,1,2024-08-28,2025-05-29,274,88,5,199.39,Central,Desktop,Returning
3977,Bronze,8,4,1,2,1,2024-11-10,2025-06-20,222,66,2,152.95,East,Tablet,Returning
3988,Bronze,8,4,1,2,1,2024-09-07,2025-06-19,285,67,3,323.25,Central,Desktop,New
3991,Bronze,8,3,1,3,1,2024-12-18,2025-06-12,176,74,9,357.03,Central,Desktop,New
3993,Bronze,8,3,1,3,1,2025-01-11,2025-06-14,154,72,8,498.13,International,Desktop,New
3997,Bronze,8,4,1,2,1,2024-09-25,2025-04-17,204,130,4,263.36,Central,Desktop,Returning
4003,Bronze,8,4,1,2,1,2024-09-17,2025-06-03,259,83,3,164.39,Central,Desktop,New
4008,Bronze,8,4,1,2,1,2024-09-29,2025-06-01,245,85,5,318.56,Central,Desktop,Returning
4010,Bronze,8,4,1,2,1,2024-11-01,2025-05-04,184,113,4,145.39,Central,Desktop,New
4019,Bronze,8,4,1,2,1,2024-09-23,2025-06-25,275,61,4,181.72,South,Desktop,Returning
4026,Bronze,8,3,2,2,1,2025-03-03,2025-07-15,134,41,3,124.47,International,Mobile,Returning
4029,Bronze,8,4,1,2,1,2024-10-02,2025-06-02,243,84,4,258.99,Central,Desktop,New
4037,Bronze,8,4,1,2,1,2024-10-27,2025-05-27,212,90,3,282.77,East,Desktop,New
4039,Bronze,8,4,1,2,1,2024-09-24,2025-04-19,207,128,4,142.29,East,Desktop,New
4047,Bronze,8,4,1,2,1,2024-09-25,2025-06-06,254,80,4,88.72,East,Desktop,Returning
4056,Bronze,8,4,1,2,1,2024-10-19,2025-06-12,236,74,5,436.25,Central,Desktop,New
4057,Bronze,8,4,1,2,1,2024-10-06,2025-04-19,195,128,2,161.43,Central,Desktop,New
4061,Bronze,8,3,1,3,1,2024-12-26,2025-05-25,150,92,6,318.19,Central,Mobile,Returning
4070,Bronze,8,3,2,2,1,2025-01-13,2025-07-08,176,48,3,134.87,East,Mobile,Returning
4072,Bronze,8,4,1,2,1,2024-10-28,2025-05-07,191,110,5,276.30,East,Desktop,New
4080,Bronze,8,4,1,2,1,2024-10-03,2025-06-12,252,74,2,83.95,International,Desktop,Returning
4081,Bronze,8,4,1,2,1,2024-10-26,2025-06-11,228,75,5,375.42,Central,Desktop,New
4083,Bronze,8,4,1,2,1,2024-11-23,2025-06-05,194,81,4,325.16,East,Desktop,Returning
4086,Bronze,8,4,1,2,1,2024-11-30,2025-06-13,195,73,5,177.37,Central,Desktop,New
4092,Bronze,8,4,1,2,1,2024-10-19,2025-06-01,225,85,5,269.71,East,Desktop,New
4093,Bronze,8,4,1,2,1,2024-09-18,2025-04-03,197,144,4,214.77,Central,Mobile,New
4096,Bronze,8,2,3,2,1,2025-05-11,2025-08-08,89,17,2,212.80,Central,Mobile,Returning
4103,Bronze,8,4,1,2,1,2024-10-28,2025-05-22,206,95,2,119.69,East,Desktop,New
4108,Bronze,8,4,1,2,1,2024-09-24,2025-05-11,229,106,5,85.11,Central,Desktop,New
4117,Bronze,8,4,1,2,1,2024-09-23,2025-06-24,274,62,5,228.63,East,Desktop,Returning
4118,Bronze,8,4,1,2,1,2024-09-04,2025-04-13,221,134,4,124.93,East,Desktop,Returning
4120,Bronze,8,4,1,2,1,2024-10-25,2025-05-27,214,90,3,275.19,Central,Desktop,Returning
4123,Bronze,8,4,1,2,1,2024-09-03,2025-03-27,205,151,2,99.43,North,Desktop,Returning
4133,Bronze,8,3,2,2,1,2025-01-31,2025-07-13,163,43,4,160.77,East,Desktop,Returning
4134,Bronze,8,3,1,3,1,2024-12-18,2025-06-04,168,82,6,237.72,International,Desktop,New
4135,Bronze,8,4,1,2,1,2024-09-14,2025-03-18,185,160,3,136.66,International,Desktop,New
4139,Bronze,8,4,1,2,1,2024-09-01,2025-04-20,231,127,4,208.41,East,Desktop,Returning
4145,Bronze,8,4,1,2,1,2024-09-27,2025-06-20,266,66,5,91.77,East,Desktop,New
4147,Bronze,8,4,1,2,1,2024-09-07,2025-06-23,289,63,3,74.18,Central,Desktop,Returning
4148,Bronze,8,4,1,2,1,2024-10-29,2025-05-31,214,86,5,186.77,Central,Desktop,New
4153,Bronze,8,4,1,2,1,2024-09-23,2025-06-06,256,80,5,266.43,Central,Desktop,New
4161,Bronze,8,2,3,2,1,2025-06-07,2025-08-07,61,18,2,138.48,International,Tablet,New
4169,Bronze,8,1,4,2,1,2025-07-14,2025-08-11,28,14,2,99.65,Central,Tablet,Returning
4172,Bronze,8,4,1,2,1,2024-09-09,2025-06-13,277,73,4,47.22,Central,Desktop,New
4174,Bronze,8,4,1,2,1,2024-11-02,2025-06-10,220,76,3,176.48,International,Desktop,Returning
4182,Bronze,8,4,1,2,1,2024-08-26,2025-05-09,256,108,4,407.79,Central,Desktop,New
4183,Bronze,8,4,1,2,1,2024-10-10,2025-05-17,219,100,2,136.97,Central,Tablet,Returning
4184,Bronze,8,4,1,2,1,2024-09-11,2025-05-30,261,87,3,80.71,East,Mobile,Returning
4189,Bronze,8,4,1,2,1,2024-11-06,2025-06-03,209,83,4,209.76,Central,Mobile,New
4203,Bronze,8,4,1,2,1,2024-11-23,2025-06-14,203,72,4,70.65,Central,Desktop,New
4208,Bronze,8,3,1,3,1,2024-10-10,2025-03-14,155,164,6,497.24,East,Desktop,New
4215,Bronze,8,4,1,2,1,2024-11-04,2025-06-01,209,85,4,270.42,International,Desktop,Returning
4223,Bronze,8,4,1,2,1,2024-11-11,2025-05-14,184,103,3,110.65,Central,Desktop,New
4224,Bronze,8,4,1,2,1,2024-09-28,2025-04-19,203,128,3,109.22,Central,Mobile,Returning
4228,Bronze,8,4,1,2,1,2024-09-02,2025-06-15,286,71,4,130.25,Central,Desktop,New
4231,Bronze,8,4,1,2,1,2024-10-28,2025-05-01,185,116,5,124.83,East,Desktop,New
4232,Bronze,8,4,1,2,1,2024-09-04,2025-05-24,262,93,4,145.37,Central,Desktop,New
4234,Bronze,8,4,1,2,1,2024-08-26,2025-05-05,252,112,5,197.22,Central,Desktop,New
4235,Bronze,8,3,2,2,1,2025-01-22,2025-07-15,174,41,5,129.45,Central,Desktop,Returning
4246,Bronze,8,4,1,2,1,2024-09-15,2025-06-07,265,79,4,366.22,International,Desktop,New
4247,Bronze,8,4,1,2,1,2024-10-04,2025-04-14,192,133,5,196.57,Central,Desktop,New
4253,Bronze,8,3,2,2,1,2025-02-22,2025-06-26,124,60,2,130.21,Central,Tablet,Returning
4260,Bronze,8,4,1,2,1,2024-08-29,2025-06-20,295,66,5,208.77,Central,Desktop,New
4261,Bronze,8,4,1,2,1,2024-10-05,2025-06-09,247,77,3,68.41,International,Desktop,New
4273,Bronze,8,2,3,2,1,2025-05-18,2025-08-08,82,17,2,224.92,North,Desktop,New
4281,Bronze,8,3,2,2,1,2025-02-22,2025-07-16,144,40,5,332.81,Central,Desktop,New
4283,Bronze,8,3,2,2,1,2025-01-18,2025-07-04,167,52,4,136.46,Central,Desktop,Returning
4292,Bronze,8,4,1,2,1,2024-09-26,2025-04-14,200,133,4,366.63,Central,Desktop,New
4297,Bronze,8,4,1,2,1,2024-09-01,2025-03-25,205,153,3,181.98,East,Desktop,Returning
4302,Bronze,8,4,1,2,1,2024-09-20,2025-06-19,272,67,5,146.41,Central,Desktop,New
4304,Bronze,8,4,1,2,1,2024-08-29,2025-05-25,269,92,4,185.97,Central,Desktop,Returning
4305,Bronze,8,3,1,3,1,2024-12-22,2025-05-08,137,109,6,393.99,East,Desktop,New
4311,Bronze,8,3,2,2,1,2025-02-14,2025-07-20,156,36,3,162.51,Central,Desktop,Returning
4312,Bronze,8,1,4,2,1,2025-08-01,2025-08-16,15,9,3,191.63,East,Desktop,Returning
4317,Bronze,8,4,1,2,1,2024-11-22,2025-06-14,204,72,3,84.13,International,Desktop,New
4318,Bronze,8,3,2,2,1,2025-04-01,2025-07-06,96,50,2,30.73,North,Desktop,Returning
4323,Bronze,8,4,1,2,1,2024-09-03,2025-05-11,250,106,4,183.80,North,Desktop,Returning
4330,Bronze,8,4,1,2,1,2024-09-01,2025-05-29,270,88,4,353.36,International,Desktop,Returning
4342,Bronze,8,4,1,2,1,2024-09-28,2025-06-06,251,80,2,38.74,Central,Tablet,Returning
4343,Bronze,8,4,1,2,1,2024-09-26,2025-04-11,197,136,2,208.23,International,Desktop,New
4345,Bronze,8,4,1,2,1,2024-10-31,2025-04-30,181,117,5,53.90,Central,Desktop,New
4347,Bronze,8,4,1,2,1,2024-11-13,2025-06-01,200,85,4,201.50,Central,Desktop,Returning
4356,Bronze,8,4,1,2,1,2024-09-28,2025-05-09,223,108,4,222.46,Central,Mobile,Returning
4358,Bronze,8,4,1,2,1,2024-10-04,2025-05-14,222,103,5,325.36,Central,Desktop,New
4359,Bronze,8,4,1,2,1,2024-09-22,2025-06-18,269,68,2,59.90,International,Desktop,Returning
4386,Bronze,8,1,4,2,1,2025-07-24,2025-08-18,25,7,3,116.83,Central,Desktop,Returning
4395,Bronze,8,4,1,2,1,2024-10-03,2025-04-10,189,137,4,140.69,East,Desktop,New
4396,Bronze,8,3,2,2,1,2025-01-28,2025-06-30,153,56,3,177.98,International,Desktop,New
4399,Bronze,8,4,1,2,1,2024-08-30,2025-03-10,192,168,2,41.60,Central,Tablet,Returning
4403,Bronze,8,3,1,3,1,2024-11-24,2025-03-12,108,166,6,166.39,Central,Desktop,New
4413,Bronze,8,4,1,2,1,2024-08-26,2025-06-21,299,65,4,106.74,International,Desktop,Returning
4416,Bronze,8,4,1,2,1,2024-11-09,2025-05-18,190,99,4,245.25,Central,Desktop,New
4417,Bronze,8,4,1,2,1,2024-10-18,2025-06-19,244,67,4,114.26,East,Desktop,Returning
4421,Bronze,8,4,1,2,1,2024-09-20,2025-04-16,208,131,4,202.95,Central,Desktop,Returning
4430,Bronze,8,4,1,2,1,2024-08-28,2025-04-18,233,129,5,153.52,North,Mobile,Returning
4434,Bronze,8,4,1,2,1,2024-09-20,2025-04-16,208,131,3,235.64,East,Mobile,New
4435,Bronze,8,4,1,2,1,2024-10-13,2025-04-28,197,119,4,191.16,Central,Mobile,New
4437,Bronze,8,4,1,2,1,2024-08-28,2025-06-16,292,70,5,196.34,Central,Mobile,Returning
4441,Bronze,8,4,1,2,1,2024-09-09,2025-03-21,193,157,4,150.21,Central,Desktop,New
4446,Bronze,8,4,1,2,1,2024-08-29,2025-04-29,243,118,3,100.38,East,Desktop,Returning
4453,Bronze,8,4,1,2,1,2024-08-28,2025-06-12,288,74,4,136.35,Central,Desktop,New
4466,Bronze,8,4,1,2,1,2024-11-10,2025-06-24,226,62,4,211.03,Central,Desktop,New
4468,Bronze,8,4,1,2,1,2024-11-01,2025-05-16,196,101,4,216.46,East,Desktop,New
4469,Bronze,8,4,1,2,1,2024-10-28,2025-06-13,228,73,4,263.71,Central,Desktop,New
4472,Bronze,8,4,1,2,1,2024-10-02,2025-06-23,264,63,4,197.02,East,Desktop,New
4474,Bronze,8,4,1,2,1,2024-08-29,2025-06-10,285,76,5,158.63,Central,Desktop,New
4476,Bronze,8,4,1,2,1,2024-10-09,2025-06-11,245,75,5,200.37,Central,Desktop,New
4481,Bronze,8,4,1,2,1,2024-09-02,2025-03-22,201,156,4,153.06,Central,Desktop,Returning
4482,Bronze,8,4,1,2,1,2024-09-16,2025-04-20,216,127,4,58.44,Central,Desktop,New
4489,Bronze,8,3,2,2,1,2025-01-18,2025-06-29,162,57,2,33.67,International,Tablet,New
4493,Bronze,8,4,1,2,1,2024-09-09,2025-06-09,273,77,5,181.78,Central,Desktop,New
4499,Bronze,8,2,3,2,1,2025-05-21,2025-07-27,67,29,3,286.10,East,Desktop,New
4504,Bronze,8,4,1,2,1,2024-09-12,2025-05-01,231,116,2,95.64,Central,Desktop,Returning
4506,Bronze,8,4,1,2,1,2024-10-26,2025-05-24,210,93,5,329.86,Central,Desktop,New
4514,Bronze,8,4,1,2,1,2024-09-14,2025-06-17,276,69,3,66.42,South,Desktop,New
4516,Bronze,8,4,1,2,1,2024-09-12,2025-04-03,203,144,3,65.23,International,Desktop,New
4517,Bronze,8,4,1,2,1,2024-10-07,2025-05-24,229,93,2,119.68,Central,Desktop,Returning
4519,Bronze,8,4,1,2,1,2024-10-22,2025-06-06,227,80,3,163.63,International,Desktop,New
4522,Bronze,8,4,1,2,1,2024-10-27,2025-06-16,232,70,4,185.02,Central,Desktop,New
4523,Bronze,8,4,1,2,1,2024-10-28,2025-06-12,227,74,3,95.66,Central,Desktop,Returning
4527,Bronze,8,3,2,2,1,2025-03-14,2025-07-25,133,31,2,167.36,Central,Desktop,Returning
4531,Bronze,8,4,1,2,1,2024-11-05,2025-05-31,207,86,3,122.85,Central,Mobile,Returning
4539,Bronze,8,3,2,2,1,2025-01-09,2025-06-26,168,60,4,164.09,International,Mobile,New
4541,Bronze,8,4,1,2,1,2024-10-29,2025-05-15,198,102,2,100.00,International,Desktop,Returning
4549,Bronze,8,4,1,2,1,2024-08-26,2025-06-16,294,70,5,204.59,International,Mobile,Returning
4553,Bronze,8,3,2,2,1,2025-02-27,2025-07-21,144,35,4,238.81,Central,Desktop,Returning
4561,Bronze,8,4,1,2,1,2024-10-14,2025-06-24,253,62,4,287.37,East,Desktop,Returning
4563,Bronze,8,4,1,2,1,2024-11-02,2025-06-07,217,79,5,227.50,East,Desktop,Returning
4564,Bronze,8,3,2,2,1,2025-01-29,2025-07-10,162,46,3,167.30,International,Tablet,New
4572,Bronze,8,4,1,2,1,2024-09-12,2025-06-06,267,80,2,62.37,East,Desktop,New
4573,Bronze,8,4,1,2,1,2024-11-27,2025-06-17,202,69,3,122.81,Central,Desktop,Returning
4575,Bronze,8,4,1,2,1,2024-10-11,2025-05-11,212,106,5,126.40,Central,Desktop,New
4576,Bronze,8,4,1,2,1,2024-11-09,2025-06-03,206,83,4,105.55,Central,Desktop,Returning
4581,Bronze,8,4,1,2,1,2024-08-30,2025-06-16,290,70,3,68.88,East,Desktop,New
4585,Bronze,8,4,1,2,1,2024-09-12,2025-06-12,273,74,4,96.78,Central,Desktop,New
4588,Bronze,8,4,1,2,1,2024-10-16,2025-06-12,239,74,2,105.51,International,Desktop,New
4591,Bronze,8,4,1,2,1,2024-09-05,2025-05-02,239,115,5,298.43,North,Desktop,Returning
4592,Bronze,8,3,2,2,1,2025-04-03,2025-07-04,92,52,2,124.31,North,Tablet,New
4596,Bronze,8,4,1,2,1,2024-09-01,2025-04-25,236,122,2,81.89,Central,Desktop,Returning
4602,Bronze,8,4,1,2,1,2024-09-09,2025-06-14,278,72,5,148.27,East,Desktop,New
4606,Bronze,8,4,1,2,1,2024-09-06,2025-03-31,206,147,4,58.41,East,Desktop,New
4610,Bronze,8,4,1,2,1,2024-08-28,2025-03-31,215,147,4,97.45,East,Desktop,Returning
4615,Bronze,8,4,1,2,1,2024-09-07,2025-03-24,198,154,5,286.26,Central,Mobile,Returning
4620,Bronze,8,4,1,2,1,2024-10-14,2025-04-17,185,130,2,91.71,Central,Desktop,New
4627,Bronze,8,4,1,2,1,2024-10-03,2025-06-04,244,82,4,178.59,East,Desktop,New
4632,Bronze,8,4,1,2,1,2024-10-08,2025-04-18,192,129,2,89.69,South,Mobile,Returning
4633,Bronze,8,3,2,2,1,2025-02-06,2025-07-04,148,52,5,332.15,Central,Desktop,Returning
4639,Bronze,8,4,1,2,1,2024-11-17,2025-06-14,209,72,3,36.28,Central,Desktop,Returning
4645,Bronze,8,4,1,2,1,2024-09-16,2025-05-19,245,98,5,269.68,North,Desktop,New
4647,Bronze,8,4,1,2,1,2024-09-18,2025-06-20,275,66,4,139.93,Central,Desktop,New
4653,Bronze,8,4,1,2,1,2024-09-10,2025-06-24,287,62,3,178.69,International,Desktop,Returning
4657,Bronze,8,4,1,2,1,2024-09-11,2025-05-05,236,112,3,250.10,East,Mobile,Returning
4658,Bronze,8,4,1,2,1,2024-09-05,2025-05-15,252,102,3,102.21,Central,Desktop,Returning
4659,Bronze,8,4,1,2,1,2024-10-13,2025-05-22,221,95,5,175.83,Central,Desktop,New
4661,Bronze,8,4,1,2,1,2024-09-28,2025-05-24,238,93,5,420.10,Central,Desktop,New
4662,Bronze,8,4,1,2,1,2024-10-07,2025-05-28,233,89,5,158.02,East,Desktop,New
4666,Bronze,8,4,1,2,1,2024-09-07,2025-06-02,268,84,3,102.52,Central,Desktop,Returning
4675,Bronze,8,4,1,2,1,2024-09-01,2025-03-29,209,149,5,165.56,East,Desktop,New
4681,Bronze,8,4,1,2,1,2024-10-01,2025-04-14,195,133,4,96.05,International,Desktop,Returning
4682,Bronze,8,4,1,2,1,2024-09-06,2025-06-12,279,74,5,222.49,Central,Desktop,New
4690,Bronze,8,3,2,2,1,2025-04-06,2025-07-09,94,47,2,52.52,International,Mobile,Returning
4699,Bronze,8,4,1,2,1,2024-09-16,2025-03-22,187,156,4,188.27,East,Mobile,New
4700,Bronze,8,4,1,2,1,2024-08-30,2025-06-05,279,81,4,184.29,Central,Desktop,Returning
4701,Bronze,8,4,1,2,1,2024-09-11,2025-06-14,276,72,5,244.22,East,Desktop,New
4704,Bronze,8,4,1,2,1,2024-10-20,2025-06-08,231,78,5,250.03,East,Desktop,New
4717,Bronze,8,4,1,2,1,2024-10-05,2025-04-06,183,141,3,88.63,Central,Desktop,New
4719,Bronze,8,4,1,2,1,2024-10-02,2025-04-22,202,125,5,271.58,East,Desktop,Returning
4729,Bronze,8,4,1,2,1,2024-08-27,2025-04-05,221,142,2,21.94,Central,Desktop,Returning
4730,Bronze,8,4,1,2,1,2024-10-02,2025-05-07,217,110,4,231.90,Central,Desktop,Returning
4732,Bronze,8,4,1,2,1,2024-10-05,2025-06-16,254,70,4,214.13,Central,Mobile,New
4735,Bronze,8,4,1,2,1,2024-10-19,2025-06-21,245,65,4,190.65,Central,Desktop,New
4736,Bronze,8,4,1,2,1,2024-11-08,2025-05-19,192,98,2,47.38,Central,Desktop,Returning
4737,Bronze,8,4,1,2,1,2024-09-17,2025-04-02,197,145,2,110.22,International,Desktop,New
4742,Bronze,8,4,1,2,1,2024-09-18,2025-04-28,222,119,5,398.48,East,Desktop,New
4744,Bronze,8,3,2,2,1,2025-03-25,2025-07-15,112,41,3,232.23,Central,Desktop,Returning
4745,Bronze,8,3,2,2,1,2025-02-25,2025-07-21,146,35,3,134.41,Central,Mobile,Returning
4751,Bronze,8,4,1,2,1,2024-10-14,2025-04-14,182,133,2,70.81,International,Desktop,Returning
4752,Bronze,8,4,1,2,1,2024-09-25,2025-05-25,242,92,5,264.56,Central,Desktop,Returning
4756,Bronze,8,4,1,2,1,2024-09-03,2025-06-18,288,68,4,226.13,Central,Desktop,New
4776,Bronze,8,2,3,2,1,2025-06-17,2025-08-07,51,18,3,129.39,East,Desktop,Returning
4788,Bronze,8,4,1,2,1,2024-09-30,2025-04-19,201,128,5,349.96,East,Desktop,New
4789,Bronze,8,4,1,2,1,2024-10-08,2025-05-14,218,103,5,171.90,Central,Desktop,Returning
4793,Bronze,8,4,1,2,1,2024-09-12,2025-05-31,261,86,4,102.36,International,Desktop,Returning
4796,Bronze,8,4,1,2,1,2024-11-26,2025-06-17,203,69,5,428.36,East,Desktop,New
4801,Bronze,8,4,1,2,1,2024-09-13,2025-05-26,255,91,2,150.42,East,Mobile,Returning
4806,Bronze,8,4,1,2,1,2024-10-05,2025-05-06,213,111,2,179.94,Central,Desktop,New
4812,Bronze,8,4,1,2,1,2024-09-05,2025-04-27,234,120,2,49.64,International,Tablet,New
4815,Bronze,8,4,1,2,1,2024-11-25,2025-05-29,185,88,5,429.49,Central,Mobile,Returning
4819,Bronze,8,3,2,2,1,2025-02-15,2025-07-08,143,48,4,393.96,Central,Desktop,Returning
4831,Bronze,8,4,1,2,1,2024-11-23,2025-06-13,202,73,2,150.76,Central,Desktop,New
4845,Bronze,8,4,1,2,1,2024-09-28,2025-05-18,232,99,4,204.22,Central,Desktop,New
4850,Bronze,8,4,1,2,1,2024-09-21,2025-05-15,236,102,4,108.31,Central,Desktop,New
4851,Bronze,8,4,1,2,1,2024-10-05,2025-04-13,190,134,3,104.64,Central,Mobile,New
4854,Bronze,8,4,1,2,1,2024-09-04,2025-06-04,273,82,3,72.29,International,Desktop,New
4868,Bronze,8,4,1,2,1,2024-09-23,2025-03-25,183,153,4,113.13,International,Mobile,New
4872,Bronze,8,4,1,2,1,2024-09-26,2025-06-16,263,70,4,96.63,Central,Desktop,New
4878,Bronze,8,4,1,2,1,2024-10-01,2025-04-20,201,127,3,328.91,International,Desktop,New
4879,Bronze,8,4,1,2,1,2024-08-26,2025-04-11,228,136,5,380.60,International,Desktop,New
4884,Bronze,8,4,1,2,1,2024-09-16,2025-06-04,261,82,2,167.12,Central,Tablet,New
4885,Bronze,8,4,1,2,1,2024-09-07,2025-06-07,273,79,4,166.56,Central,Desktop,Returning
4887,Bronze,8,4,1,2,1,2024-12-07,2025-06-12,187,74,3,169.63,East,Mobile,Returning
4889,Bronze,8,4,1,2,1,2024-09-01,2025-05-03,244,114,4,161.01,East,Desktop,Returning
4892,Bronze,8,3,1,3,1,2024-09-05,2025-02-05,153,201,6,363.33,Central,Desktop,New
4894,Bronze,8,4,1,2,1,2024-08-28,2025-06-15,291,71,4,160.54,Central,Desktop,Returning
4895,Bronze,8,4,1,2,1,2024-09-10,2025-06-05,268,81,4,229.25,Central,Desktop,Returning
4903,Bronze,8,4,1,2,1,2024-09-30,2025-04-04,186,143,4,238.43,Central,Desktop,New
4913,Bronze,8,4,1,2,1,2024-08-26,2025-02-26,184,180,3,129.76,South,Desktop,New
4920,Bronze,8,4,1,2,1,2024-09-22,2025-03-27,186,151,3,120.22,North,Mobile,Returning
4921,Bronze,8,3,2,2,1,2025-02-08,2025-06-30,142,56,5,414.82,International,Desktop,New
4926,Bronze,8,4,1,2,1,2024-09-08,2025-04-05,209,142,4,323.82,Central,Mobile,Returning
4935,Bronze,8,4,1,2,1,2024-09-17,2025-06-21,277,65,4,328.74,South,Desktop,New
4938,Bronze,8,4,1,2,1,2024-09-20,2025-06-15,268,71,4,142.54,Central,Desktop,New
4943,Bronze,8,4,1,2,1,2024-10-27,2025-05-15,200,102,4,278.59,Central,Desktop,Returning
4946,Bronze,8,3,2,2,1,2025-02-11,2025-07-04,143,52,2,115.72,East,Desktop,Returning
4951,Bronze,8,3,1,3,1,2024-12-30,2025-05-30,151,87,6,347.32,Central,Desktop,New
4955,Bronze,8,4,1,2,1,2024-10-01,2025-05-24,235,93,4,95.27,Central,Desktop,New
4966,Bronze,8,4,1,2,1,2024-11-28,2025-06-12,196,74,4,152.31,Central,Desktop,Returning
4970,Bronze,8,4,1,2,1,2024-09-17,2025-06-05,261,81,4,144.27,Central,Mobile,New
4976,Bronze,8,4,1,2,1,2024-09-23,2025-05-02,221,115,5,342.90,East,Desktop,Returning
4983,Bronze,8,4,1,2,1,2024-11-01,2025-06-20,231,66,4,232.36,Central,Desktop,Returning
4986,Bronze,8,4,1,2,1,2024-09-29,2025-04-21,204,126,4,155.96,Central,Desktop,Returning
4989,Bronze,8,3,1,3,1,2024-10-08,2025-03-14,157,164,7,370.68,Central,Desktop,New
4995,Bronze,8,4,1,2,1,2024-11-08,2025-06-07,211,79,3,100.63,East,Desktop,Returning
4998,Bronze,8,3,2,2,1,2025-02-14,2025-07-24,160,32,2,57.27,Central,Desktop,Returning
4999,Bronze,8,4,1,2,1,2024-11-30,2025-06-07,189,79,5,269.78,Central,Desktop,Returning
14,Bronze,8,4,1,2,1,2024-09-16,2025-03-24,189,154,3,139.61,South,Desktop,Returning
16,Bronze,8,4,1,2,1,2024-09-17,2025-05-17,242,100,5,338.32,Central,Mobile,New
20,Bronze,8,4,1,2,1,2024-11-04,2025-06-22,230,64,5,288.84,Central,Desktop,New
24,Bronze,8,4,1,2,1,2024-09-05,2025-06-18,286,68,5,456.20,International,Mobile,Returning
27,Bronze,8,4,1,2,1,2024-12-20,2025-06-19,181,67,4,250.36,International,Desktop,New
29,Bronze,8,3,2,2,1,2025-02-03,2025-07-13,160,43,4,212.62,East,Desktop,New
34,Bronze,8,4,1,2,1,2024-09-07,2025-04-03,208,144,4,230.26,Central,Desktop,Returning
36,Bronze,8,4,1,2,1,2024-10-22,2025-05-29,219,88,2,56.68,North,Mobile,Returning
44,Bronze,8,4,1,2,1,2024-10-30,2025-06-08,221,78,5,65.75,International,Desktop,Returning
51,Bronze,8,4,1,2,1,2024-10-01,2025-05-25,236,92,5,168.27,Central,Desktop,Returning
70,Bronze,8,4,1,2,1,2024-09-28,2025-06-23,268,63,3,169.87,East,Desktop,New
71,Bronze,8,4,1,2,1,2024-10-16,2025-06-22,249,64,3,75.89,Central,Mobile,Returning
75,Bronze,8,4,1,2,1,2024-10-19,2025-05-03,196,114,3,223.08,East,Tablet,New
76,Bronze,8,4,1,2,1,2024-10-25,2025-05-07,194,110,3,98.38,Central,Desktop,Returning
78,Bronze,8,4,1,2,1,2024-11-23,2025-06-04,193,82,4,216.24,East,Mobile,New
82,Bronze,8,4,1,2,1,2024-09-24,2025-05-31,249,86,3,47.74,East,Desktop,New
88,Bronze,8,3,2,2,1,2025-01-21,2025-07-09,169,47,3,141.48,Central,Desktop,Returning
105,Bronze,8,4,1,2,1,2024-09-13,2025-06-21,281,65,5,246.82,International,Desktop,New
110,Bronze,8,4,1,2,1,2024-09-10,2025-05-29,261,88,2,71.21,International,Mobile,Returning
111,Bronze,8,4,1,2,1,2024-10-21,2025-05-21,212,96,3,74.64,South,Desktop,Returning
116,Bronze,8,4,1,2,1,2024-09-17,2025-06-23,279,63,2,166.99,Central,Desktop,New
121,Bronze,8,4,1,2,1,2024-10-04,2025-06-24,263,62,2,147.17,East,Desktop,New
123,Bronze,8,4,1,2,1,2024-10-01,2025-06-16,258,70,5,106.05,International,Mobile,New
135,Bronze,8,4,1,2,1,2024-09-30,2025-05-16,228,101,4,146.42,Central,Mobile,New
155,Bronze,8,4,1,2,1,2024-12-12,2025-06-16,186,70,3,72.19,East,Desktop,New
156,Bronze,8,4,1,2,1,2024-09-22,2025-06-25,276,61,4,189.73,International,Mobile,New
158,Bronze,8,4,1,2,1,2024-08-29,2025-05-28,272,89,4,196.10,Central,Desktop,Returning
161,Bronze,8,3,2,2,1,2025-01-29,2025-07-23,175,33,5,211.00,International,Desktop,New
166,Bronze,8,4,1,2,1,2024-11-18,2025-06-20,214,66,4,285.89,East,Desktop,Returning
178,Bronze,8,3,2,2,1,2025-04-14,2025-07-24,101,32,2,107.63,East,Desktop,New
181,Bronze,8,4,1,2,1,2024-12-08,2025-06-15,189,71,4,175.34,International,Desktop,Returning
183,Bronze,8,4,1,2,1,2024-09-24,2025-06-01,250,85,3,92.24,East,Tablet,Returning
193,Bronze,8,4,1,2,1,2024-10-01,2025-04-06,187,141,3,199.96,North,Desktop,Returning
200,Bronze,8,4,1,2,1,2024-08-31,2025-05-11,253,106,4,217.81,Central,Desktop,New
201,Bronze,8,4,1,2,1,2024-09-11,2025-03-31,201,147,4,334.83,Central,Desktop,New
202,Bronze,8,4,1,2,1,2024-09-21,2025-05-19,240,98,4,126.33,International,Mobile,Returning
204,Bronze,8,3,2,2,1,2025-03-07,2025-07-04,119,52,3,173.18,Central,Tablet,Returning
205,Bronze,8,3,2,2,1,2025-03-04,2025-07-12,130,44,5,179.73,Central,Desktop,New
213,Bronze,8,4,1,2,1,2024-09-11,2025-05-23,254,94,5,385.96,East,Mobile,New
215,Bronze,8,4,1,2,1,2024-09-06,2025-03-24,199,154,2,116.14,International,Desktop,Returning
217,Bronze,8,3,2,2,1,2025-03-12,2025-07-22,132,34,3,160.02,International,Desktop,Returning
220,Bronze,8,3,2,2,1,2025-02-24,2025-07-13,139,43,3,200.77,East,Desktop,New
223,Bronze,8,4,1,2,1,2024-09-05,2025-04-30,237,117,3,160.72,East,Mobile,Returning
228,Bronze,8,4,1,2,1,2024-10-19,2025-06-07,231,79,4,404.36,East,Desktop,New
230,Bronze,8,4,1,2,1,2024-09-01,2025-06-15,287,71,2,80.21,Central,Desktop,Returning
232,Bronze,8,4,1,2,1,2024-09-16,2025-04-02,198,145,4,366.16,Central,Mobile,New
234,Bronze,8,3,1,3,1,2024-11-10,2025-05-03,174,114,6,182.70,East,Desktop,New
244,Bronze,8,4,1,2,1,2024-09-04,2025-06-23,292,63,5,292.80,International,Desktop,Returning
246,Bronze,8,3,1,3,1,2024-10-30,2025-04-20,172,127,6,291.52,Central,Desktop,Returning
247,Bronze,8,4,1,2,1,2024-08-30,2025-06-20,294,66,4,282.16,Central,Desktop,Returning
255,Bronze,8,4,1,2,1,2024-11-14,2025-05-23,190,94,2,91.40,Central,Mobile,New
266,Bronze,8,4,1,2,1,2024-08-31,2025-04-18,230,129,5,175.03,Central,Desktop,New
271,Bronze,8,4,1,2,1,2024-09-10,2025-05-25,257,92,4,154.39,East,Desktop,Returning
273,Bronze,8,4,1,2,1,2024-09-15,2025-06-21,279,65,4,325.66,Central,Desktop,New
276,Bronze,8,4,1,2,1,2024-10-06,2025-04-16,192,131,3,167.24,East,Mobile,Returning
282,Bronze,8,4,1,2,1,2024-10-11,2025-05-17,218,100,2,55.90,Central,Desktop,New
294,Bronze,8,3,2,2,1,2025-01-26,2025-07-12,167,44,3,178.28,Central,Desktop,New
297,Bronze,8,4,1,2,1,2024-09-12,2025-03-14,183,164,5,154.99,Central,Desktop,New
298,Bronze,8,4,1,2,1,2024-08-27,2025-04-08,224,139,5,327.56,East,Desktop,Returning
305,Bronze,8,4,1,2,1,2024-11-10,2025-06-22,224,64,3,106.11,East,Desktop,Returning
306,Bronze,8,4,1,2,1,2024-09-17,2025-05-11,236,106,4,90.04,Central,Desktop,Returning
310,Bronze,8,3,1,3,1,2025-01-05,2025-05-15,130,102,6,399.99,Central,Desktop,New
314,Bronze,8,4,1,2,1,2024-11-28,2025-06-15,199,71,3,166.70,Central,Mobile,New
315,Bronze,8,4,1,2,1,2024-08-31,2025-05-06,248,111,5,222.11,Central,Mobile,New
324,Bronze,8,4,1,2,1,2024-09-12,2025-05-16,246,101,3,89.25,International,Desktop,New
327,Bronze,8,4,1,2,1,2024-09-09,2025-04-01,204,146,4,166.23,North,Desktop,New
330,Bronze,8,4,1,2,1,2024-09-04,2025-04-12,220,135,5,339.53,Central,Desktop,New
334,Bronze,8,4,1,2,1,2024-09-13,2025-05-30,259,87,3,181.77,East,Desktop,Returning
338,Bronze,8,3,2,2,1,2025-03-08,2025-06-28,112,58,5,173.38,East,Desktop,Returning
349,Bronze,8,3,2,2,1,2025-03-14,2025-07-03,111,53,3,185.31,Central,Desktop,New
351,Bronze,8,4,1,2,1,2024-10-17,2025-06-08,234,78,3,68.43,Central,Mobile,New
357,Bronze,8,4,1,2,1,2024-08-28,2025-04-03,218,144,3,218.35,East,Mobile,New
365,Bronze,8,3,2,2,1,2025-01-03,2025-06-26,174,60,5,342.69,Central,Desktop,New
369,Bronze,8,3,2,2,1,2025-02-03,2025-07-03,150,53,4,255.42,East,Desktop,New
370,Bronze,8,4,1,2,1,2024-09-28,2025-05-06,220,111,4,188.11,Central,Desktop,New
372,Bronze,8,4,1,2,1,2024-10-04,2025-06-09,248,77,5,339.23,Central,Desktop,New
374,Bronze,8,4,1,2,1,2024-09-02,2025-03-22,201,156,2,200.84,International,Desktop,Returning
381,Bronze,8,4,1,2,1,2024-10-31,2025-06-12,224,74,5,243.27,Central,Desktop,New
384,Bronze,8,4,1,2,1,2024-10-09,2025-05-22,225,95,4,101.58,Central,Mobile,Returning
387,Bronze,8,4,1,2,1,2024-09-15,2025-05-03,230,114,3,175.20,Central,Mobile,Returning
388,Bronze,8,3,2,2,1,2025-03-22,2025-07-06,106,50,3,195.72,Central,Desktop,New
390,Bronze,8,4,1,2,1,2024-10-25,2025-06-12,230,74,5,453.98,East,Desktop,New
391,Bronze,8,4,1,2,1,2024-09-27,2025-04-14,199,133,3,97.39,North,Desktop,Returning
397,Bronze,8,4,1,2,1,2024-08-31,2025-03-16,197,162,5,291.80,Central,Desktop,Returning
399,Bronze,8,4,1,2,1,2024-09-16,2025-03-22,187,156,3,239.32,International,Desktop,Returning
407,Bronze,8,4,1,2,1,2024-09-01,2025-06-10,282,76,4,194.34,East,Mobile,Returning
409,Bronze,8,4,1,2,1,2024-11-26,2025-06-14,200,72,3,205.33,Central,Mobile,Returning
415,Bronze,8,3,2,2,1,2025-03-30,2025-07-25,117,31,2,64.63,East,Desktop,Returning
419,Bronze,8,3,1,3,1,2024-09-30,2025-01-22,114,215,6,278.00,International,Desktop,New
423,Bronze,8,4,1,2,1,2024-09-18,2025-04-16,210,131,2,92.64,North,Mobile,New
426,Bronze,8,4,1,2,1,2024-09-04,2025-04-25,233,122,3,263.44,East,Desktop,New
434,Bronze,8,3,2,2,1,2025-03-22,2025-06-29,99,57,2,232.07,East,Desktop,New
437,Bronze,8,4,1,2,1,2024-09-20,2025-05-06,228,111,3,109.73,East,Mobile,New
460,Bronze,8,4,1,2,1,2024-09-18,2025-04-12,206,135,3,117.37,North,Desktop,Returning
476,Bronze,8,4,1,2,1,2024-12-04,2025-06-19,197,67,4,380.66,East,Desktop,New
486,Bronze,8,4,1,2,1,2024-10-15,2025-06-09,237,77,4,230.13,Central,Mobile,New
495,Bronze,8,3,2,2,1,2025-03-06,2025-07-02,118,54,4,175.97,Central,Desktop,Returning
508,Bronze,8,3,1,3,1,2024-10-24,2025-02-04,103,202,6,248.05,Central,Desktop,New
528,Bronze,8,3,2,2,1,2025-02-09,2025-07-17,158,39,4,81.88,Central,Mobile,Returning
530,Bronze,8,4,1,2,1,2024-08-31,2025-05-01,243,116,5,233.63,Central,Desktop,New
532,Bronze,8,4,1,2,1,2024-10-14,2025-04-15,183,132,3,141.87,East,Desktop,New
535,Bronze,8,4,1,2,1,2024-11-07,2025-06-10,215,76,3,146.38,South,Desktop,Returning
537,Bronze,8,4,1,2,1,2024-10-30,2025-04-30,182,117,5,280.20,East,Desktop,Returning
544,Bronze,8,4,1,2,1,2024-11-25,2025-06-17,204,69,5,194.66,East,Mobile,Returning
546,Bronze,8,4,1,2,1,2024-12-03,2025-06-14,193,72,3,99.42,East,Mobile,New
547,Bronze,8,3,1,3,1,2024-09-19,2025-03-15,177,163,6,350.92,Central,Desktop,New
566,Bronze,8,3,2,2,1,2025-04-18,2025-07-18,91,38,5,143.17,Central,Desktop,Returning
575,Bronze,8,3,2,2,1,2025-03-08,2025-07-03,117,53,3,192.22,Central,Desktop,New
578,Bronze,8,4,1,2,1,2024-08-28,2025-05-29,274,88,5,356.94,East,Desktop,New
581,Bronze,8,4,1,2,1,2024-10-19,2025-06-17,241,69,3,97.32,Central,Desktop,Returning
590,Bronze,8,4,1,2,1,2024-09-04,2025-03-06,183,172,4,94.99,Central,Desktop,Returning
593,Bronze,8,4,1,2,1,2024-09-22,2025-03-23,182,155,3,105.56,East,Desktop,New
594,Bronze,8,4,1,2,1,2024-10-14,2025-05-16,214,101,5,341.54,Central,Desktop,New
595,Bronze,8,4,1,2,1,2024-12-08,2025-06-20,194,66,3,92.44,East,Mobile,New
599,Bronze,8,4,1,2,1,2024-11-03,2025-05-13,191,104,4,258.28,Central,Desktop,New
603,Bronze,8,4,1,2,1,2024-12-11,2025-06-19,190,67,4,185.96,Central,Desktop,New
613,Bronze,8,4,1,2,1,2024-10-15,2025-06-24,252,62,4,417.15,Central,Desktop,Returning
617,Bronze,8,4,1,2,1,2024-10-28,2025-05-26,210,91,5,367.57,Central,Desktop,New
625,Bronze,8,4,1,2,1,2024-10-14,2025-04-24,192,123,4,310.57,East,Desktop,New
627,Bronze,8,4,1,2,1,2024-08-29,2025-05-12,256,105,5,292.26,Central,Desktop,New
629,Bronze,8,3,1,3,1,2025-01-15,2025-06-23,159,63,6,205.60,Central,Desktop,Returning
633,Bronze,8,4,1,2,1,2024-08-27,2025-03-27,212,151,4,345.33,Central,Desktop,Returning
642,Bronze,8,4,1,2,1,2024-10-10,2025-06-12,245,74,4,233.17,East,Mobile,Returning
650,Bronze,8,4,1,2,1,2024-09-01,2025-06-19,291,67,4,239.66,East,Desktop,New
663,Bronze,8,3,2,2,1,2025-02-13,2025-07-15,152,41,5,131.32,Central,Desktop,New
670,Bronze,8,4,1,2,1,2024-09-22,2025-05-07,227,110,4,60.81,East,Desktop,New
671,Bronze,8,4,1,2,1,2024-10-08,2025-06-07,242,79,3,218.50,Central,Tablet,Returning
673,Bronze,8,4,1,2,1,2024-11-03,2025-05-19,197,98,3,187.72,North,Desktop,New
676,Bronze,8,4,1,2,1,2024-11-07,2025-05-14,188,103,4,193.51,East,Desktop,New
682,Bronze,8,4,1,2,1,2024-08-29,2025-06-03,278,83,3,82.13,Central,Desktop,New
685,Bronze,8,4,1,2,1,2024-09-10,2025-03-23,194,155,4,337.26,Central,Desktop,Returning
694,Bronze,8,4,1,2,1,2024-09-19,2025-05-22,245,95,5,269.38,Central,Desktop,New
718,Bronze,8,4,1,2,1,2024-09-22,2025-04-05,195,142,5,169.52,Central,Desktop,New
738,Bronze,8,4,1,2,1,2024-11-01,2025-06-20,231,66,5,183.53,Central,Desktop,New
739,Bronze,8,3,2,2,1,2025-02-13,2025-07-04,141,52,3,180.05,International,Tablet,New
750,Bronze,8,3,2,2,1,2025-03-09,2025-07-23,136,33,2,17.57,Central,Desktop,New
759,Bronze,8,3,2,2,1,2025-02-08,2025-07-03,145,53,3,45.18,Central,Desktop,New
769,Bronze,8,4,1,2,1,2024-11-15,2025-06-17,214,69,5,161.24,East,Desktop,Returning
782,Bronze,8,4,1,2,1,2024-09-07,2025-06-09,275,77,4,238.79,East,Mobile,Returning
789,Bronze,8,3,2,2,1,2025-02-01,2025-07-14,163,42,4,105.87,Central,Desktop,Returning
790,Bronze,8,3,2,2,1,2025-03-04,2025-07-01,119,55,3,184.76,Central,Desktop,Returning
793,Bronze,8,4,1,2,1,2024-09-25,2025-04-01,188,146,3,93.24,International,Mobile,Returning
802,Bronze,8,4,1,2,1,2024-09-07,2025-03-20,194,158,3,183.33,Central,Desktop,New
806,Bronze,8,4,1,2,1,2024-12-06,2025-06-21,197,65,4,84.60,East,Desktop,New
814,Bronze,8,3,2,2,1,2025-02-09,2025-07-02,143,54,2,33.46,West,Mobile,New
817,Bronze,8,4,1,2,1,2024-09-08,2025-04-13,217,134,4,96.47,East,Mobile,New
819,Bronze,8,4,1,2,1,2024-09-14,2025-06-13,272,73,5,144.56,Central,Desktop,New
823,Bronze,8,4,1,2,1,2024-11-04,2025-05-14,191,103,5,261.53,Central,Desktop,New
824,Bronze,8,4,1,2,1,2024-09-26,2025-06-20,267,66,5,331.50,Central,Desktop,Returning
825,Bronze,8,3,1,3,1,2024-10-28,2025-04-16,170,131,6,237.69,East,Desktop,New
835,Bronze,8,4,1,2,1,2024-08-30,2025-06-08,282,78,4,327.52,International,Desktop,New
836,Bronze,8,4,1,2,1,2024-10-22,2025-05-14,204,103,2,187.68,South,Tablet,New
837,Bronze,8,4,1,2,1,2024-09-08,2025-06-04,269,82,5,200.23,East,Desktop,Returning
838,Bronze,8,4,1,2,1,2024-12-06,2025-06-17,193,69,4,177.50,East,Desktop,New
847,Bronze,8,4,1,2,1,2024-09-28,2025-05-12,226,105,3,47.90,North,Desktop,New
852,Bronze,8,4,1,2,1,2024-09-12,2025-06-18,279,68,5,245.07,Central,Desktop,New
859,Bronze,8,2,3,2,1,2025-06-28,2025-07-31,33,25,2,22.32,International,Desktop,Returning
861,Bronze,8,4,1,2,1,2024-10-13,2025-06-15,245,71,5,197.37,Central,Desktop,New
875,Bronze,8,4,1,2,1,2024-10-27,2025-05-01,186,116,4,169.04,East,Desktop,Returning
876,Bronze,8,3,2,2,1,2025-02-18,2025-07-18,150,38,5,157.53,Central,Desktop,New
877,Bronze,8,4,1,2,1,2024-10-10,2025-05-06,208,111,5,355.95,Central,Desktop,New
881,Bronze,8,4,1,2,1,2024-08-28,2025-03-07,191,171,4,137.12,East,Desktop,New
890,Bronze,8,3,1,3,1,2024-10-04,2025-03-27,174,151,6,225.83,Central,Desktop,Returning
893,Bronze,8,3,2,2,1,2025-02-21,2025-06-28,127,58,3,27.39,International,Mobile,Returning
894,Bronze,8,3,2,2,1,2025-01-17,2025-07-10,174,46,4,235.70,Central,Mobile,New
897,Bronze,8,3,1,3,1,2024-11-03,2025-03-09,126,169,7,297.09,Central,Desktop,Returning
906,Bronze,8,4,1,2,1,2024-10-25,2025-06-03,221,83,5,416.10,Central,Desktop,New
913,Bronze,8,4,1,2,1,2024-09-01,2025-05-31,272,86,4,126.56,East,Desktop,New
916,Bronze,8,4,1,2,1,2024-09-05,2025-04-19,226,128,5,290.99,East,Desktop,New
931,Bronze,8,4,1,2,1,2024-10-02,2025-06-12,253,74,5,255.97,Central,Desktop,Returning
933,Bronze,8,4,1,2,1,2024-09-21,2025-05-21,242,96,3,328.76,East,Desktop,Returning
935,Bronze,8,3,2,2,1,2025-01-11,2025-07-05,175,51,3,46.15,International,Desktop,New
940,Bronze,8,4,1,2,1,2024-11-24,2025-05-30,187,87,2,79.57,North,Desktop,New
942,Bronze,8,4,1,2,1,2024-10-06,2025-05-28,234,89,3,122.72,East,Desktop,New
944,Bronze,8,4,1,2,1,2024-10-08,2025-06-05,240,81,3,208.45,International,Mobile,New
951,Bronze,8,4,1,2,1,2024-09-23,2025-04-20,209,127,4,197.74,Central,Desktop,Returning
960,Bronze,8,1,5,1,1,2025-08-20,2025-08-20,0,5,1,55.88,International,Mobile,Returning
964,Bronze,8,4,1,2,1,2024-09-14,2025-04-15,213,132,4,119.07,East,Desktop,New
968,Bronze,8,3,2,2,1,2025-03-14,2025-07-04,112,52,3,30.61,International,Desktop,New
972,Bronze,8,4,1,2,1,2024-09-12,2025-06-06,267,80,3,58.73,East,Desktop,Returning
974,Bronze,8,4,1,2,1,2024-09-22,2025-05-31,251,86,5,108.80,Central,Desktop,New
979,Bronze,8,4,1,2,1,2024-10-06,2025-04-04,180,143,3,112.52,East,Desktop,Returning
980,Bronze,8,4,1,2,1,2024-08-27,2025-05-31,277,86,3,126.51,Central,Mobile,Returning
986,Bronze,8,3,2,2,1,2025-02-25,2025-07-17,142,39,4,298.26,Central,Desktop,New
987,Bronze,8,4,1,2,1,2024-12-02,2025-06-07,187,79,5,259.21,International,Desktop,New
988,Bronze,8,4,1,2,1,2024-10-01,2025-04-09,190,138,5,391.38,Central,Desktop,New
995,Bronze,8,4,1,2,1,2024-09-23,2025-06-02,252,84,4,230.21,Central,Mobile,New
997,Bronze,8,4,1,2,1,2024-09-30,2025-06-10,253,76,2,62.13,Central,Tablet,Returning
1005,Bronze,8,4,1,2,1,2024-09-10,2025-04-12,214,135,3,84.12,South,Desktop,Returning
1011,Bronze,8,4,1,2,1,2024-10-18,2025-06-19,244,67,4,192.98,Central,Desktop,Returning
1012,Bronze,8,4,1,2,1,2024-09-02,2025-04-27,237,120,5,158.50,Central,Desktop,New
1028,Bronze,8,3,1,3,1,2024-12-29,2025-06-13,166,73,6,403.87,Central,Desktop,New
1031,Bronze,8,4,1,2,1,2024-12-21,2025-06-25,186,61,2,47.43,Central,Desktop,New
1040,Bronze,8,4,1,2,1,2024-08-28,2025-06-20,296,66,4,198.48,Central,Mobile,New
1042,Bronze,8,4,1,2,1,2024-10-03,2025-06-09,249,77,3,160.06,International,Desktop,Returning
1044,Bronze,8,4,1,2,1,2024-08-27,2025-05-27,273,90,5,331.68,Central,Mobile,New
1061,Bronze,8,4,1,2,1,2024-09-21,2025-06-23,275,63,4,25.93,East,Desktop,New
1070,Bronze,8,4,1,2,1,2024-11-15,2025-06-16,213,70,4,215.96,Central,Desktop,Returning
1074,Bronze,8,4,1,2,1,2024-09-18,2025-05-09,233,108,5,242.88,East,Desktop,New
1078,Bronze,8,3,2,2,1,2025-02-13,2025-07-02,139,54,3,51.01,International,Desktop,Returning
1086,Bronze,8,4,1,2,1,2024-11-19,2025-06-05,198,81,4,63.21,East,Mobile,Returning
1087,Bronze,8,4,1,2,1,2024-12-07,2025-06-12,187,74,4,327.17,Central,Mobile,New
1096,Bronze,8,4,1,2,1,2024-12-13,2025-06-20,189,66,3,167.39,Central,Desktop,Returning
1103,Bronze,8,4,1,2,1,2024-09-05,2025-05-06,243,111,4,157.55,East,Desktop,New
1112,Bronze,8,4,1,2,1,2024-09-03,2025-04-20,229,127,4,84.48,International,Desktop,New
1113,Bronze,8,3,2,2,1,2025-03-21,2025-06-30,101,56,3,102.00,East,Mobile,New
1121,Bronze,8,4,1,2,1,2024-08-30,2025-05-21,264,96,3,150.29,South,Desktop,New
1127,Bronze,8,3,2,2,1,2025-01-20,2025-07-04,165,52,4,158.46,Central,Desktop,New
1141,Bronze,8,4,1,2,1,2024-08-30,2025-03-22,204,156,5,218.04,Central,Desktop,New
1147,Bronze,8,4,1,2,1,2024-09-01,2025-06-09,281,77,4,256.56,Central,Desktop,Returning
1150,Bronze,8,4,1,2,1,2024-12-19,2025-06-25,188,61,5,180.45,International,Mobile,Returning
1151,Bronze,8,4,1,2,1,2024-11-09,2025-06-02,205,84,4,95.89,Central,Desktop,New
1153,Bronze,8,3,2,2,1,2025-02-01,2025-07-05,154,51,5,91.96,Central,Desktop,New
1163,Bronze,8,4,1,2,1,2024-08-31,2025-03-31,212,147,5,200.93,Central,Desktop,New
1169,Bronze,8,4,1,2,1,2024-09-29,2025-05-28,241,89,5,176.18,Central,Desktop,New
1171,Bronze,8,4,1,2,1,2024-09-26,2025-03-25,180,153,3,189.33,Central,Desktop,New
1174,Bronze,8,4,1,2,1,2024-09-08,2025-04-21,225,126,5,128.37,East,Desktop,New
1175,Bronze,8,1,5,1,1,2025-08-20,2025-08-20,0,5,1,16.54,South,Tablet,Returning
1177,Bronze,8,4,1,2,1,2024-10-16,2025-05-03,199,114,5,322.42,Central,Desktop,New
1182,Bronze,8,4,1,2,1,2024-08-26,2025-03-31,217,147,5,150.22,Central,Desktop,Returning
1183,Bronze,8,4,1,2,1,2024-11-21,2025-06-17,208,69,5,224.13,Central,Mobile,New
1187,Bronze,8,4,1,2,1,2024-10-03,2025-05-21,230,96,4,310.59,Central,Desktop,New
1189,Bronze,8,3,2,2,1,2025-02-24,2025-06-30,126,56,3,209.59,International,Desktop,Returning
1191,Bronze,8,3,2,2,1,2025-04-14,2025-07-25,102,31,2,107.89,Central,Desktop,New
1192,Bronze,8,3,2,2,1,2025-01-08,2025-07-02,175,54,3,67.10,Central,Desktop,New
1193,Bronze,8,4,1,2,1,2024-09-29,2025-06-08,252,78,5,265.23,East,Desktop,New
1198,Bronze,8,4,1,2,1,2024-10-01,2025-05-27,238,90,4,184.84,East,Tablet,Returning
1200,Bronze,8,4,1,2,1,2024-08-30,2025-04-04,217,143,5,398.34,Central,Desktop,New
1202,Bronze,8,3,1,3,1,2024-12-08,2025-06-03,177,83,6,389.12,Central,Desktop,New
1206,Bronze,8,4,1,2,1,2024-09-20,2025-06-19,272,67,4,194.31,Central,Mobile,New
1208,Bronze,8,4,1,2,1,2024-10-28,2025-06-21,236,65,4,92.66,East,Desktop,New
1209,Bronze,8,4,1,2,1,2024-09-26,2025-04-05,191,142,5,288.72,Central,Desktop,New
1216,Bronze,8,4,1,2,1,2024-11-19,2025-06-14,207,72,5,77.79,East,Desktop,New
1222,Bronze,8,4,1,2,1,2024-09-29,2025-06-24,268,62,4,194.12,East,Desktop,Returning
1226,Bronze,8,4,1,2,1,2024-11-18,2025-06-14,208,72,3,136.44,Central,Mobile,Returning
1237,Bronze,8,4,1,2,1,2024-10-17,2025-04-20,185,127,4,165.65,North,Mobile,New
1242,Bronze,8,4,1,2,1,2024-08-29,2025-04-22,236,125,5,182.56,East,Desktop,New
1244,Bronze,8,4,1,2,1,2024-09-30,2025-06-15,258,71,3,154.05,Central,Desktop,Returning
1249,Bronze,8,3,2,2,1,2025-02-15,2025-06-29,134,57,5,172.81,Central,Mobile,New
1252,Bronze,8,4,1,2,1,2024-09-11,2025-03-19,189,159,3,18.44,Central,Desktop,New
1253,Bronze,8,4,1,2,1,2024-11-03,2025-05-02,180,115,4,199.19,East,Desktop,New
1254,Bronze,8,4,1,2,1,2024-11-10,2025-06-08,210,78,4,89.11,East,Desktop,Returning
1260,Bronze,8,3,2,2,1,2025-02-03,2025-07-23,170,33,4,120.87,East,Desktop,Returning
1265,Bronze,8,4,1,2,1,2024-10-08,2025-05-06,210,111,4,252.36,East,Desktop,New
1268,Bronze,8,4,1,2,1,2024-09-05,2025-06-13,281,73,5,121.89,East,Desktop,New
1269,Bronze,8,3,1,3,1,2024-09-05,2025-02-02,150,204,6,339.96,East,Desktop,New
1270,Bronze,8,4,1,2,1,2024-10-14,2025-05-28,226,89,4,255.32,East,Desktop,Returning
1271,Bronze,8,4,1,2,1,2024-09-09,2025-03-28,200,150,2,48.79,Central,Mobile,Returning
1275,Bronze,8,4,1,2,1,2024-11-15,2025-05-14,180,103,5,376.79,East,Desktop,Returning
1298,Bronze,8,4,1,2,1,2024-10-02,2025-05-13,223,104,4,148.54,International,Desktop,New
1299,Bronze,8,3,2,2,1,2025-01-29,2025-07-22,174,34,3,220.59,International,Desktop,Returning
1301,Bronze,8,4,1,2,1,2024-10-19,2025-06-19,243,67,3,49.65,East,Desktop,Returning
1306,Bronze,8,4,1,2,1,2024-09-24,2025-06-05,254,81,5,266.90,Central,Desktop,Returning
1307,Bronze,8,4,1,2,1,2024-09-28,2025-04-27,211,120,4,373.46,Central,Desktop,New
1323,Bronze,8,3,2,2,1,2025-03-16,2025-07-01,107,55,3,135.73,Central,Desktop,New
1325,Bronze,8,4,1,2,1,2024-10-22,2025-06-23,244,63,3,46.32,Central,Desktop,Returning
1330,Bronze,8,4,1,2,1,2024-11-30,2025-06-24,206,62,2,138.41,Central,Mobile,New
1340,Bronze,8,4,1,2,1,2024-09-14,2025-06-18,277,68,2,63.14,International,Desktop,Returning
1344,Bronze,8,4,1,2,1,2024-12-01,2025-06-24,205,62,4,243.68,Central,Desktop,New
1351,Bronze,8,4,1,2,1,2024-10-10,2025-05-19,221,98,4,153.83,Central,Desktop,New
1354,Bronze,8,4,1,2,1,2024-09-20,2025-04-02,194,145,3,163.89,Central,Desktop,New
1361,Bronze,8,4,1,2,1,2024-11-27,2025-06-13,198,73,4,278.92,Central,Desktop,New
1365,Bronze,8,4,1,2,1,2024-10-06,2025-04-24,200,123,3,205.74,Central,Desktop,Returning
1373,Bronze,8,3,1,3,1,2024-12-17,2025-06-04,169,82,6,185.91,East,Desktop,Returning
1377,Bronze,8,4,1,2,1,2024-09-17,2025-05-25,250,92,4,221.08,Central,Desktop,Returning
1388,Bronze,8,4,1,2,1,2024-09-21,2025-06-13,265,73,4,237.55,East,Desktop,Returning
1398,Bronze,8,4,1,2,1,2024-10-21,2025-04-25,186,122,4,227.69,Central,Desktop,Returning
1400,Bronze,8,4,1,2,1,2024-10-03,2025-05-27,236,90,3,141.15,International,Desktop,New
1407,Bronze,8,4,1,2,1,2024-11-16,2025-05-24,189,93,3,97.30,Central,Desktop,Returning
1411,Bronze,8,3,1,3,1,2024-11-14,2025-04-26,163,121,8,447.22,Central,Desktop,New
1415,Bronze,8,3,2,2,1,2025-04-06,2025-07-15,100,41,3,247.11,Central,Desktop,New
1421,Bronze,8,4,1,2,1,2024-10-23,2025-05-24,213,93,3,110.63,Central,Desktop,Returning
1428,Bronze,8,4,1,2,1,2024-10-05,2025-04-08,185,139,2,90.82,South,Mobile,New
1441,Bronze,8,4,1,2,1,2024-09-09,2025-05-25,258,92,3,151.69,Central,Desktop,New
1443,Bronze,8,4,1,2,1,2024-09-21,2025-04-10,201,137,4,203.81,Central,Tablet,Returning
1447,Bronze,8,4,1,2,1,2024-09-08,2025-06-17,282,69,5,377.03,Central,Desktop,Returning
1454,Bronze,8,4,1,2,1,2024-11-01,2025-06-25,236,61,4,306.90,East,Desktop,New
1455,Bronze,8,3,2,2,1,2025-03-28,2025-07-09,103,47,2,92.95,Central,Desktop,Returning
1456,Bronze,8,4,1,2,1,2024-10-17,2025-04-29,194,118,3,169.59,Central,Desktop,Returning
1462,Bronze,8,3,2,2,1,2025-03-09,2025-07-09,122,47,3,234.97,Central,Desktop,Returning
1463,Bronze,8,1,5,1,1,2025-08-21,2025-08-21,0,4,1,5.88,West,Tablet,Returning
1466,Bronze,8,4,1,2,1,2024-10-17,2025-06-04,230,82,5,139.37,East,Desktop,New
1478,Bronze,8,4,1,2,1,2024-10-29,2025-06-05,219,81,5,185.75,East,Desktop,Returning
1483,Bronze,8,4,1,2,1,2024-10-08,2025-06-06,241,80,4,68.55,Central,Desktop,New
1484,Bronze,8,4,1,2,1,2024-09-19,2025-06-05,259,81,4,350.24,Central,Desktop,New
1486,Bronze,8,4,1,2,1,2024-09-09,2025-06-06,270,80,5,363.60,International,Desktop,New
1491,Bronze,8,4,1,2,1,2024-09-13,2025-04-05,204,142,3,202.64,East,Mobile,Returning
1503,Bronze,8,1,4,2,1,2025-08-09,2025-08-17,8,8,2,74.49,International,Mobile,Returning
1521,Bronze,8,4,1,2,1,2024-09-10,2025-04-13,215,134,3,177.39,North,Tablet,New
1524,Bronze,8,4,1,2,1,2024-09-17,2025-05-04,229,113,3,299.69,International,Desktop,Returning
1540,Bronze,8,4,1,2,1,2024-09-04,2025-06-22,291,64,5,330.67,Central,Desktop,New
1547,Bronze,8,4,1,2,1,2024-10-06,2025-06-19,256,67,3,137.31,Central,Desktop,New
1549,Bronze,8,4,1,2,1,2024-10-23,2025-06-04,224,82,3,66.62,South,Desktop,New
1553,Bronze,8,3,2,2,1,2025-01-23,2025-07-20,178,36,3,153.05,Central,Desktop,New
1556,Bronze,8,4,1,2,1,2024-11-23,2025-06-07,196,79,5,205.84,Central,Desktop,New
1558,Bronze,8,4,1,2,1,2024-09-13,2025-05-07,236,110,3,261.52,East,Desktop,Returning
1560,Bronze,8,4,1,2,1,2024-10-26,2025-05-10,196,107,3,190.79,North,Desktop,Returning
1564,Bronze,8,4,1,2,1,2024-08-27,2025-04-02,218,145,2,15.33,Central,Desktop,Returning
1571,Bronze,8,4,1,2,1,2024-10-03,2025-05-28,237,89,3,112.01,North,Desktop,New
1573,Bronze,8,4,1,2,1,2024-10-11,2025-05-13,214,104,2,86.31,North,Desktop,New
1576,Bronze,8,4,1,2,1,2024-09-14,2025-06-16,275,70,3,279.24,International,Desktop,New
1582,Bronze,8,4,1,2,1,2024-10-01,2025-06-25,267,61,3,206.68,West,Desktop,Returning
1589,Bronze,8,4,1,2,1,2024-11-07,2025-06-21,226,65,5,302.40,Central,Desktop,New
1599,Bronze,8,4,1,2,1,2024-09-24,2025-06-04,253,82,5,129.29,Central,Desktop,Returning
1609,Bronze,8,3,2,2,1,2025-03-30,2025-07-06,98,50,3,278.04,Central,Mobile,New
1613,Bronze,8,3,2,2,1,2025-03-30,2025-07-09,101,47,3,164.81,South,Desktop,Returning
1616,Bronze,8,4,1,2,1,2024-10-29,2025-05-04,187,113,3,146.72,International,Desktop,New
1624,Bronze,8,4,1,2,1,2024-08-29,2025-05-14,258,103,4,157.44,East,Desktop,Returning
1628,Bronze,8,4,1,2,1,2024-09-17,2025-06-02,258,84,5,279.73,Central,Mobile,New
1629,Bronze,8,4,1,2,1,2024-10-30,2025-06-03,216,83,5,306.72,Central,Desktop,Returning
1630,Bronze,8,4,1,2,1,2024-08-30,2025-03-22,204,156,5,140.94,International,Desktop,New
1639,Bronze,8,4,1,2,1,2024-08-29,2025-05-03,247,114,4,49.47,International,Desktop,New
1644,Bronze,8,4,1,2,1,2024-09-06,2025-05-03,239,114,4,239.24,Central,Desktop,New
1650,Bronze,8,4,1,2,1,2024-09-20,2025-05-03,225,114,4,91.46,International,Desktop,New
1665,Bronze,8,4,1,2,1,2024-08-31,2025-06-16,289,70,3,212.94,Central,Desktop,New
1668,Bronze,8,4,1,2,1,2024-08-31,2025-05-04,246,113,5,156.82,North,Desktop,New
1669,Bronze,8,3,1,3,1,2025-01-04,2025-06-14,161,72,6,385.20,East,Desktop,Returning
1674,Bronze,8,4,1,2,1,2024-10-18,2025-05-13,207,104,5,260.94,Central,Desktop,Returning
1675,Bronze,8,4,1,2,1,2024-10-01,2025-04-14,195,133,4,281.23,Central,Mobile,New
1681,Bronze,8,4,1,2,1,2024-08-28,2025-06-10,286,76,5,88.25,Central,Desktop,New
1687,Bronze,8,4,1,2,1,2024-11-11,2025-06-06,207,80,2,133.77,South,Mobile,Returning
1689,Bronze,8,3,2,2,1,2025-01-25,2025-07-04,160,52,5,323.36,East,Desktop,New
1698,Bronze,8,4,1,2,1,2024-10-04,2025-06-17,256,69,4,242.31,East,Desktop,Returning
1703,Bronze,8,4,1,2,1,2024-09-08,2025-05-14,248,103,5,398.06,Central,Desktop,New
1708,Bronze,8,4,1,2,1,2024-09-03,2025-05-15,254,102,4,274.82,International,Desktop,Returning
1715,Bronze,8,4,1,2,1,2024-10-13,2025-06-05,235,81,5,129.17,Central,Desktop,New
1729,Bronze,8,3,1,3,1,2025-01-04,2025-06-10,157,76,6,190.11,Central,Mobile,New
1731,Bronze,8,4,1,2,1,2024-09-05,2025-06-04,272,82,5,228.11,Central,Desktop,New
1740,Bronze,8,4,1,2,1,2024-10-31,2025-06-24,236,62,4,219.58,East,Desktop,Returning
1749,Bronze,8,4,1,2,1,2024-10-16,2025-06-07,234,79,4,179.88,Central,Desktop,New
1762,Bronze,8,3,2,2,1,2025-03-13,2025-07-07,116,49,2,51.23,Central,Tablet,Returning
1763,Bronze,8,4,1,2,1,2024-12-02,2025-06-16,196,70,3,64.39,Central,Desktop,New
1765,Bronze,8,4,1,2,1,2024-11-12,2025-05-15,184,102,3,111.22,Central,Desktop,Returning
1774,Bronze,8,1,4,2,1,2025-08-03,2025-08-10,7,15,2,56.79,Central,Mobile,Returning
1778,Bronze,8,4,1,2,1,2024-08-29,2025-02-25,180,181,5,439.29,Central,Mobile,Returning
1779,Bronze,8,4,1,2,1,2024-10-12,2025-06-22,253,64,4,146.24,Central,Desktop,New
1793,Bronze,8,4,1,2,1,2024-08-26,2025-06-23,301,63,5,300.18,East,Desktop,New
1802,Bronze,8,4,1,2,1,2024-09-13,2025-05-05,234,112,5,215.00,Central,Desktop,Returning
1814,Bronze,8,4,1,2,1,2024-10-08,2025-05-01,205,116,2,51.54,Central,Desktop,Returning
1815,Bronze,8,4,1,2,1,2024-08-29,2025-02-26,181,180,3,187.91,International,Desktop,New
1816,Bronze,8,3,1,3,1,2024-11-27,2025-05-14,168,103,6,287.88,Central,Desktop,Returning
1821,Bronze,8,4,1,2,1,2024-10-12,2025-05-27,227,90,4,136.59,International,Desktop,Returning
1822,Bronze,8,4,1,2,1,2024-10-27,2025-06-05,221,81,2,4.67,North,Desktop,Returning
1823,Bronze,8,4,1,2,1,2024-09-30,2025-05-30,242,87,4,110.69,East,Desktop,New
1824,Bronze,8,4,1,2,1,2024-09-28,2025-04-06,190,141,4,265.47,International,Desktop,Returning
1833,Bronze,8,4,1,2,1,2024-09-24,2025-04-07,195,140,4,158.11,Central,Desktop,New
1838,Bronze,8,4,1,2,1,2024-10-06,2025-06-11,248,75,3,245.58,North,Desktop,New
1841,Bronze,8,4,1,2,1,2024-09-11,2025-05-13,244,104,3,161.72,Central,Desktop,New
1848,Bronze,8,4,1,2,1,2024-09-05,2025-03-10,186,168,5,219.34,Central,Desktop,New
1850,Bronze,8,3,2,2,1,2025-02-25,2025-06-27,122,59,3,329.32,East,Tablet,Returning
1855,Bronze,8,4,1,2,1,2024-09-01,2025-04-18,229,129,3,294.72,Central,Desktop,Returning
1870,Bronze,8,4,1,2,1,2024-10-27,2025-06-15,231,71,5,354.73,International,Desktop,Returning
1887,Bronze,8,4,1,2,1,2024-08-30,2025-05-29,272,88,4,160.64,Central,Desktop,New
1894,Bronze,8,3,2,2,1,2025-03-17,2025-07-21,126,35,4,102.80,Central,Desktop,Returning
1895,Bronze,8,3,1,3,1,2024-11-30,2025-05-28,179,89,8,371.60,East,Desktop,Returning
1896,Bronze,8,4,1,2,1,2024-09-24,2025-04-29,217,118,3,97.16,Central,Desktop,New
1899,Bronze,8,3,2,2,1,2025-03-13,2025-07-14,123,42,4,76.14,East,Mobile,New
1904,Bronze,8,4,1,2,1,2024-11-11,2025-05-10,180,107,2,79.13,Central,Tablet,New
1905,Bronze,8,4,1,2,1,2024-09-27,2025-06-05,251,81,2,205.47,South,Desktop,Returning
1923,Bronze,8,2,3,2,1,2025-05-20,2025-07-26,67,30,2,78.06,International,Desktop,New
1952,Bronze,8,4,1,2,1,2024-10-06,2025-05-05,211,112,5,155.56,Central,Desktop,New
1959,Bronze,8,4,1,2,1,2024-10-17,2025-04-18,183,129,4,222.02,East,Desktop,Returning
1965,Bronze,8,4,1,2,1,2024-11-19,2025-05-29,191,88,4,174.05,Central,Desktop,New
1966,Bronze,8,4,1,2,1,2024-09-28,2025-05-25,239,92,3,105.65,International,Desktop,Returning
1984,Bronze,8,3,1,3,1,2024-09-22,2025-02-20,151,186,6,302.76,Central,Desktop,Returning
1985,Bronze,8,1,4,2,1,2025-08-06,2025-08-18,12,7,2,103.94,East,Tablet,Returning
1991,Bronze,8,1,5,1,1,2025-08-22,2025-08-22,0,3,1,128.00,North,Mobile,Returning
2002,Bronze,8,4,1,2,1,2024-08-26,2025-06-10,288,76,4,342.03,East,Mobile,New
2024,Bronze,8,4,1,2,1,2024-11-04,2025-06-11,219,75,3,174.62,International,Desktop,Returning
2027,Bronze,8,4,1,2,1,2024-11-06,2025-06-08,214,78,4,155.23,Central,Desktop,Returning
2031,Bronze,8,4,1,2,1,2024-12-01,2025-06-25,206,61,4,180.54,Central,Desktop,New
2033,Bronze,8,4,1,2,1,2024-09-09,2025-06-10,274,76,4,250.30,Central,Desktop,New
2036,Bronze,8,4,1,2,1,2024-09-15,2025-04-13,210,134,5,157.46,Central,Desktop,New
2041,Bronze,8,4,1,2,1,2024-10-02,2025-05-09,219,108,4,134.30,International,Desktop,New
2043,Bronze,8,4,1,2,1,2024-09-30,2025-05-20,232,97,5,105.89,Central,Desktop,New
2044,Bronze,8,4,1,2,1,2024-10-19,2025-06-01,225,85,3,185.05,East,Desktop,Returning
2052,Bronze,8,3,1,3,1,2024-12-16,2025-05-11,146,106,6,164.15,Central,Desktop,New
2056,Bronze,8,4,1,2,1,2024-09-27,2025-05-02,217,115,3,91.41,Central,Mobile,New
2064,Bronze,8,4,1,2,1,2024-09-11,2025-05-08,239,109,4,117.34,Central,Desktop,New
2069,Bronze,8,4,1,2,1,2024-09-26,2025-05-16,232,101,5,157.14,Central,Desktop,New
2079,Bronze,8,4,1,2,1,2024-09-22,2025-05-29,249,88,3,250.94,North,Mobile,New
2084,Bronze,8,4,1,2,1,2024-11-22,2025-06-17,207,69,3,192.29,Central,Desktop,Returning
2094,Bronze,8,4,1,2,1,2024-10-30,2025-05-10,192,107,3,100.70,East,Desktop,Returning
2100,Bronze,8,4,1,2,1,2024-11-14,2025-06-20,218,66,3,134.11,East,Mobile,New
2110,Bronze,8,3,2,2,1,2025-03-14,2025-07-12,120,44,2,122.29,International,Desktop,Returning
2116,Bronze,8,4,1,2,1,2024-09-02,2025-05-07,247,110,5,170.87,Central,Desktop,Returning
2122,Bronze,8,4,1,2,1,2024-09-29,2025-06-11,255,75,3,152.22,Central,Desktop,Returning
2129,Bronze,8,4,1,2,1,2024-10-08,2025-05-07,211,110,5,234.06,East,Desktop,Returning
2133,Bronze,8,4,1,2,1,2024-11-14,2025-06-10,208,76,3,163.03,East,Mobile,Returning
2136,Bronze,8,4,1,2,1,2024-08-26,2025-04-02,219,145,2,152.80,International,Mobile,New
2138,Bronze,8,4,1,2,1,2024-10-09,2025-06-03,237,83,4,190.67,Central,Desktop,Returning
2143,Bronze,8,3,2,2,1,2025-02-10,2025-07-23,163,33,4,111.17,Central,Desktop,Returning
2144,Bronze,8,4,1,2,1,2024-09-26,2025-04-28,214,119,5,267.06,East,Desktop,New
2153,Bronze,8,4,1,2,1,2024-10-31,2025-05-05,186,112,4,184.08,Central,Desktop,Returning
2154,Bronze,8,4,1,2,1,2024-08-27,2025-05-14,260,103,4,121.57,Central,Desktop,New
2159,Bronze,8,4,1,2,1,2024-09-18,2025-06-09,264,77,5,373.82,East,Desktop,New
2165,Bronze,8,4,1,2,1,2024-10-31,2025-05-03,184,114,4,240.35,International,Desktop,Returning
2167,Bronze,8,4,1,2,1,2024-09-11,2025-04-07,208,140,5,248.91,North,Desktop,New
2178,Bronze,8,4,1,2,1,2024-09-26,2025-06-20,267,66,3,210.57,East,Mobile,New
2183,Bronze,8,4,1,2,1,2024-09-01,2025-06-15,287,71,4,307.34,Central,Desktop,New
2191,Bronze,8,4,1,2,1,2024-11-26,2025-06-22,208,64,2,89.11,Central,Desktop,Returning
2192,Bronze,8,4,1,2,1,2024-10-05,2025-06-21,259,65,4,207.17,North,Desktop,New
2199,Bronze,8,4,1,2,1,2024-08-28,2025-05-27,272,90,3,222.52,North,Mobile,New
2200,Bronze,8,4,1,2,1,2024-09-01,2025-06-15,287,71,4,381.47,Central,Desktop,New
2203,Bronze,8,4,1,2,1,2024-09-06,2025-06-16,283,70,4,179.73,Central,Desktop,New
2204,Bronze,8,4,1,2,1,2024-11-21,2025-06-18,209,68,3,166.90,Central,Desktop,Returning
2211,Bronze,8,3,2,2,1,2025-01-02,2025-06-29,178,57,4,128.85,Central,Desktop,Returning
2215,Bronze,8,4,1,2,1,2024-10-11,2025-04-18,189,129,4,194.02,East,Mobile,New
2222,Bronze,8,4,1,2,1,2024-08-30,2025-06-01,275,85,5,240.21,Central,Desktop,Returning
2227,Bronze,8,4,1,2,1,2024-11-21,2025-06-02,193,84,5,354.46,Central,Desktop,New
2232,Bronze,8,4,1,2,1,2024-10-22,2025-05-09,199,108,3,118.25,East,Desktop,Returning
2235,Bronze,8,4,1,2,1,2024-12-12,2025-06-10,180,76,4,66.76,International,Desktop,New
2236,Bronze,8,4,1,2,1,2024-09-17,2025-06-19,275,67,4,170.99,Central,Desktop,Returning
2237,Bronze,8,4,1,2,1,2024-11-15,2025-05-31,197,86,4,313.74,East,Mobile,Returning
2241,Bronze,8,4,1,2,1,2024-09-05,2025-06-14,282,72,4,289.61,Central,Desktop,New
2247,Bronze,8,4,1,2,1,2024-11-09,2025-05-15,187,102,4,109.77,North,Mobile,New
2253,Bronze,8,4,1,2,1,2024-09-02,2025-03-11,190,167,3,292.48,International,Desktop,Returning
2256,Bronze,8,4,1,2,1,2024-09-09,2025-05-29,262,88,4,242.95,East,Desktop,Returning
2258,Bronze,8,3,2,2,1,2025-01-20,2025-07-07,168,49,2,132.48,West,Desktop,New
2274,Bronze,8,4,1,2,1,2024-09-28,2025-06-21,266,65,5,216.36,East,Desktop,Returning
2279,Bronze,8,4,1,2,1,2024-10-23,2025-04-24,183,123,3,117.51,International,Desktop,New
2281,Bronze,8,3,1,3,1,2024-10-28,2025-04-02,156,145,6,364.29,Central,Mobile,New
2282,Bronze,8,4,1,2,1,2024-08-30,2025-05-30,273,87,5,199.97,East,Desktop,Returning
2284,Bronze,8,3,2,2,1,2025-01-15,2025-06-29,165,57,4,119.85,East,Mobile,New
2292,Bronze,8,4,1,2,1,2024-10-19,2025-06-05,229,81,5,303.46,Central,Desktop,Returning
2296,Bronze,8,1,5,1,1,2025-08-23,2025-08-23,0,2,1,95.24,West,Desktop,New
2297,Bronze,8,4,1,2,1,2024-09-15,2025-04-08,205,139,5,204.40,International,Desktop,Returning
2299,Bronze,8,4,1,2,1,2024-09-10,2025-06-17,280,69,4,157.39,East,Desktop,New
2301,Bronze,8,4,1,2,1,2024-09-03,2025-05-15,254,102,5,114.71,East,Desktop,New
2306,Bronze,8,4,1,2,1,2024-11-18,2025-06-08,202,78,2,119.36,North,Mobile,Returning
2316,Bronze,8,4,1,2,1,2024-10-16,2025-05-10,206,107,3,138.52,North,Desktop,New
2318,Bronze,8,4,1,2,1,2024-09-26,2025-04-09,195,138,3,170.98,East,Desktop,New
2319,Bronze,8,4,1,2,1,2024-09-01,2025-06-07,279,79,5,241.17,East,Desktop,New
2328,Bronze,8,4,1,2,1,2024-09-16,2025-06-11,268,75,5,254.16,Central,Desktop,New
2341,Bronze,8,4,1,2,1,2024-08-27,2025-04-11,227,136,3,109.63,East,Desktop,Returning
2351,Bronze,8,3,2,2,1,2025-03-20,2025-07-09,111,47,4,179.69,Central,Desktop,New
2374,Bronze,8,4,1,2,1,2024-09-02,2025-05-20,260,97,4,322.70,East,Desktop,Returning
2383,Bronze,8,4,1,2,1,2024-09-21,2025-04-30,221,117,3,35.79,Central,Desktop,New
2392,Bronze,8,3,2,2,1,2025-02-23,2025-07-20,147,36,5,104.18,Central,Desktop,Returning
2410,Bronze,8,3,1,3,1,2025-01-08,2025-06-04,147,82,6,333.04,Central,Desktop,New
2414,Bronze,8,4,1,2,1,2024-10-12,2025-06-14,245,72,5,245.93,Central,Tablet,New
2425,Bronze,8,3,2,2,1,2025-02-15,2025-07-02,137,54,3,121.48,Central,Desktop,New
2431,Bronze,8,4,1,2,1,2024-08-26,2025-06-04,282,82,3,87.37,Central,Mobile,New
2442,Bronze,8,4,1,2,1,2024-09-29,2025-05-05,218,112,5,127.16,Central,Desktop,New
2449,Bronze,8,3,2,2,1,2025-03-22,2025-07-07,107,49,2,131.47,Central,Mobile,Returning
2456,Bronze,8,4,1,2,1,2024-10-03,2025-06-25,265,61,4,63.76,East,Desktop,New
2459,Bronze,8,4,1,2,1,2024-10-12,2025-04-11,181,136,3,67.95,East,Desktop,Returning
2467,Bronze,8,4,1,2,1,2024-08-26,2025-06-22,300,64,3,214.75,North,Mobile,New
2469,Bronze,8,4,1,2,1,2024-09-12,2025-05-30,260,87,4,145.46,East,Desktop,New
2478,Bronze,8,4,1,2,1,2024-10-24,2025-06-04,223,82,4,146.58,East,Desktop,New
2483,Bronze,8,4,1,2,1,2024-11-23,2025-06-20,209,66,3,120.61,East,Desktop,Returning
2488,Bronze,8,3,1,3,1,2024-12-23,2025-06-04,163,82,6,359.72,Central,Desktop,New
2495,Bronze,8,3,2,2,1,2025-02-26,2025-07-13,137,43,3,201.21,East,Desktop,New
2500,Bronze,8,4,1,2,1,2024-09-17,2025-05-20,245,97,4,244.44,Central,Desktop,Returning
2502,Bronze,8,4,1,2,1,2024-09-12,2025-05-26,256,91,4,256.32,Central,Desktop,New
2510,Bronze,8,4,1,2,1,2024-09-22,2025-04-30,220,117,2,14.68,Central,Mobile,New
2512,Bronze,8,4,1,2,1,2024-09-27,2025-05-10,225,107,4,37.91,Central,Mobile,New
2523,Bronze,8,4,1,2,1,2024-10-10,2025-05-24,226,93,3,274.25,Central,Desktop,Returning
2524,Bronze,8,4,1,2,1,2024-10-14,2025-06-15,244,71,5,308.58,Central,Desktop,New
2528,Bronze,8,4,1,2,1,2024-09-09,2025-06-19,283,67,5,166.18,Central,Desktop,New
2532,Bronze,8,4,1,2,1,2024-09-06,2025-06-21,288,65,4,112.94,Central,Desktop,New
2535,Bronze,8,3,1,3,1,2024-09-28,2025-02-08,133,198,6,93.20,East,Desktop,New
2537,Bronze,8,4,1,2,1,2024-09-02,2025-05-24,264,93,3,54.21,Central,Mobile,Returning
2539,Bronze,8,3,2,2,1,2025-02-25,2025-07-18,143,38,2,195.36,Central,Mobile,New
2545,Bronze,8,4,1,2,1,2024-08-27,2025-04-22,238,125,3,85.82,Central,Desktop,Returning
2546,Bronze,8,4,1,2,1,2024-09-05,2025-04-18,225,129,3,104.38,North,Desktop,New
2552,Bronze,8,3,2,2,1,2025-01-20,2025-07-05,166,51,3,159.79,Central,Desktop,Returning
2554,Bronze,8,4,1,2,1,2024-11-03,2025-05-04,182,113,3,144.82,Central,Desktop,Returning
2555,Bronze,8,4,1,2,1,2024-11-16,2025-06-19,215,67,4,203.15,Central,Desktop,New
2571,Bronze,8,4,1,2,1,2024-09-17,2025-04-23,218,124,3,118.84,East,Desktop,New
2572,Bronze,8,3,2,2,1,2025-03-05,2025-07-06,123,50,5,159.00,East,Desktop,New
2579,Bronze,8,4,1,2,1,2024-08-31,2025-05-15,257,102,5,142.08,International,Mobile,Returning
2580,Bronze,8,4,1,2,1,2024-09-04,2025-06-19,288,67,3,87.46,East,Mobile,Returning
2584,Bronze,8,4,1,2,1,2024-09-05,2025-05-15,252,102,5,174.29,Central,Desktop,New
2586,Bronze,8,3,2,2,1,2025-04-10,2025-07-24,105,32,4,391.26,Central,Desktop,New
2589,Bronze,8,4,1,2,1,2024-08-29,2025-06-05,280,81,5,141.66,Central,Desktop,New
2593,Bronze,8,4,1,2,1,2024-11-03,2025-05-29,207,88,4,257.81,East,Desktop,Returning
2602,Bronze,8,4,1,2,1,2024-10-08,2025-04-29,203,118,4,229.42,Central,Desktop,New
2615,Bronze,8,3,1,3,1,2024-11-14,2025-04-16,153,131,6,365.59,East,Mobile,New
2616,Bronze,8,4,1,2,1,2024-10-10,2025-05-11,213,106,3,178.07,North,Desktop,Returning
2619,Bronze,8,4,1,2,1,2024-09-16,2025-06-04,261,82,5,175.35,East,Desktop,New
2620,Bronze,8,3,2,2,1,2025-03-09,2025-06-27,110,59,5,176.73,East,Desktop,New
2625,Bronze,8,4,1,2,1,2024-10-23,2025-04-28,187,119,5,105.25,Central,Desktop,New
2638,Bronze,8,4,1,2,1,2024-11-26,2025-06-20,206,66,4,101.52,East,Desktop,New
2650,Bronze,8,4,1,2,1,2024-11-08,2025-05-31,204,86,5,294.16,International,Desktop,Returning
2657,Bronze,8,4,1,2,1,2024-10-14,2025-05-11,209,106,4,393.26,Central,Desktop,New
2669,Bronze,8,4,1,2,1,2024-09-08,2025-05-30,264,87,5,344.06,East,Desktop,New
2671,Bronze,8,3,2,2,1,2025-02-08,2025-07-11,153,45,3,12.98,Central,Mobile,New
2677,Bronze,8,4,1,2,1,2024-10-07,2025-05-13,218,104,5,340.46,Central,Desktop,Returning
2678,Bronze,8,4,1,2,1,2024-11-11,2025-05-12,182,105,3,158.74,North,Desktop,Returning
2688,Bronze,8,4,1,2,1,2024-10-29,2025-05-27,210,90,5,228.99,Central,Desktop,New
2710,Bronze,8,4,1,2,1,2024-08-26,2025-04-25,242,122,4,27.25,Central,Desktop,New
2713,Bronze,8,4,1,2,1,2024-09-06,2025-04-14,220,133,2,39.47,Central,Desktop,Returning
2722,Bronze,8,4,1,2,1,2024-11-25,2025-06-01,188,85,3,47.22,East,Desktop,Returning
2725,Bronze,8,4,1,2,1,2024-09-10,2025-06-21,284,65,5,210.03,Central,Desktop,New
2732,Bronze,8,4,1,2,1,2024-11-26,2025-05-27,182,90,3,141.61,International,Mobile,Returning
2734,Bronze,8,4,1,2,1,2024-10-10,2025-05-21,223,96,3,270.47,South,Desktop,Returning
2740,Bronze,8,4,1,2,1,2024-09-01,2025-04-28,239,119,5,144.06,Central,Desktop,Returning
2741,Bronze,8,4,1,2,1,2024-09-09,2025-05-14,247,103,5,395.17,East,Desktop,New
2751,Bronze,8,2,3,2,1,2025-06-14,2025-07-27,43,29,2,128.39,Central,Mobile,Returning
2752,Bronze,8,4,1,2,1,2024-09-21,2025-06-21,273,65,3,249.79,North,Desktop,Returning
2764,Bronze,8,4,1,2,1,2024-08-29,2025-06-13,288,73,3,89.86,East,Desktop,Returning
2765,Bronze,8,4,1,2,1,2024-10-26,2025-05-10,196,107,4,314.73,International,Mobile,New
2768,Bronze,8,4,1,2,1,2024-09-18,2025-06-14,269,72,5,176.00,East,Desktop,Returning
2779,Bronze,8,4,1,2,1,2024-10-17,2025-06-19,245,67,5,349.51,International,Mobile,Returning
2781,Bronze,8,4,1,2,1,2024-09-11,2025-06-14,276,72,2,67.60,Central,Desktop,Returning
2790,Bronze,8,4,1,2,1,2024-09-03,2025-06-04,274,82,3,149.29,South,Desktop,New
2795,Bronze,8,4,1,2,1,2024-08-29,2025-03-29,212,149,3,133.46,East,Desktop,Returning
2799,Bronze,8,4,1,2,1,2024-10-04,2025-04-22,200,125,5,202.08,East,Desktop,New
2804,Bronze,8,4,1,2,1,2024-11-17,2025-06-16,211,70,4,105.23,Central,Desktop,Returning
2810,Bronze,8,4,1,2,1,2024-10-01,2025-05-15,226,102,3,237.14,North,Mobile,New
2811,Bronze,8,4,1,2,1,2024-08-31,2025-06-03,276,83,4,164.99,International,Mobile,New
2814,Bronze,8,3,1,3,1,2025-01-05,2025-06-24,170,62,6,328.66,Central,Desktop,New
2817,Bronze,8,4,1,2,1,2024-10-04,2025-04-24,202,123,5,303.51,East,Desktop,New
2820,Bronze,8,3,2,2,1,2025-03-18,2025-07-07,111,49,2,169.57,International,Mobile,Returning
2824,Bronze,8,4,1,2,1,2024-10-16,2025-06-03,230,83,5,256.01,East,Desktop,Returning
2830,Bronze,8,4,1,2,1,2024-09-11,2025-06-04,266,82,4,178.85,Central,Desktop,New
2836,Bronze,8,1,4,2,1,2025-07-31,2025-08-12,12,13,3,235.46,North,Desktop,Returning
2841,Bronze,8,4,1,2,1,2024-11-30,2025-06-14,196,72,4,177.68,Central,Mobile,Returning
2850,Bronze,8,4,1,2,1,2024-09-10,2025-06-07,270,79,5,220.99,East,Desktop,New
2853,Bronze,8,4,1,2,1,2024-09-20,2025-06-07,260,79,5,319.22,Central,Desktop,New
2861,Bronze,8,4,1,2,1,2024-11-29,2025-06-24,207,62,4,153.02,Central,Mobile,New
2872,Bronze,8,3,1,3,1,2025-01-06,2025-05-22,136,95,6,367.21,Central,Desktop,New
2874,Bronze,8,4,1,2,1,2024-09-10,2025-04-29,231,118,3,131.81,Central,Tablet,New
2889,Bronze,8,4,1,2,1,2024-09-26,2025-05-26,242,91,5,234.29,East,Mobile,New
2896,Bronze,8,4,1,2,1,2024-10-29,2025-06-15,229,71,5,177.16,Central,Desktop,New
2902,Bronze,8,4,1,2,1,2024-09-14,2025-04-20,218,127,4,336.90,Central,Mobile,Returning
2904,Bronze,8,4,1,2,1,2024-10-14,2025-06-07,236,79,4,241.18,Central,Desktop,New
2921,Bronze,8,4,1,2,1,2024-09-17,2025-04-13,208,134,4,97.99,North,Mobile,Returning
2925,Bronze,8,4,1,2,1,2024-10-22,2025-05-13,203,104,4,311.31,International,Mobile,Returning
2930,Bronze,8,3,2,2,1,2025-03-11,2025-07-21,132,35,2,161.92,International,Tablet,New
2936,Bronze,8,4,1,2,1,2024-08-27,2025-04-05,221,142,3,135.85,International,Desktop,Returning
2938,Bronze,8,4,1,2,1,2024-09-14,2025-06-20,279,66,5,398.54,East,Desktop,New
2944,Bronze,8,4,1,2,1,2024-09-03,2025-04-02,211,145,4,247.21,Central,Desktop,Returning
2949,Bronze,8,4,1,2,1,2024-09-19,2025-06-13,267,73,4,172.43,Central,Desktop,New
2951,Bronze,8,4,1,2,1,2024-09-15,2025-04-16,213,131,3,53.68,East,Mobile,Returning
2959,Bronze,8,4,1,2,1,2024-10-18,2025-05-27,221,90,4,269.36,Central,Desktop,Returning
2965,Bronze,8,4,1,2,1,2024-10-09,2025-05-06,209,111,4,118.67,Central,Desktop,Returning
2970,Bronze,8,4,1,2,1,2024-09-20,2025-06-24,277,62,4,228.94,Central,Desktop,New
2978,Bronze,8,4,1,2,1,2024-11-27,2025-06-18,203,68,5,305.68,Central,Desktop,Returning
2984,Bronze,8,4,1,2,1,2024-11-12,2025-06-22,222,64,4,163.33,Central,Desktop,New
2986,Bronze,8,4,1,2,1,2024-10-21,2025-05-03,194,114,4,81.82,East,Mobile,Returning
2987,Bronze,8,3,2,2,1,2025-02-05,2025-07-19,164,37,3,275.29,East,Desktop,Returning
2988,Bronze,8,4,1,2,1,2024-10-07,2025-05-19,224,98,3,71.96,East,Desktop,New
2995,Bronze,8,4,1,2,1,2024-09-08,2025-04-08,212,139,5,211.42,Central,Desktop,New
3006,Bronze,8,4,1,2,1,2024-10-27,2025-05-15,200,102,3,146.84,Central,Desktop,Returning
3012,Bronze,8,4,1,2,1,2024-08-29,2025-02-25,180,181,4,32.54,East,Desktop,New
3013,Bronze,8,4,1,2,1,2024-09-10,2025-05-16,248,101,5,473.28,Central,Desktop,New
3024,Bronze,8,4,1,2,1,2024-09-26,2025-04-23,209,124,5,377.02,Central,Desktop,New
3028,Bronze,8,4,1,2,1,2024-09-15,2025-03-20,186,158,4,173.37,Central,Desktop,New
3029,Bronze,8,3,1,3,1,2024-09-01,2024-12-03,93,265,6,271.67,Central,Desktop,New
3048,Bronze,8,3,2,2,1,2025-03-11,2025-07-20,131,36,4,240.47,East,Desktop,Returning
3053,Bronze,8,4,1,2,1,2024-09-07,2025-06-22,288,64,3,205.48,East,Desktop,Returning
3054,Bronze,8,4,1,2,1,2024-10-06,2025-04-23,199,124,5,426.46,Central,Desktop,New
3056,Bronze,8,3,2,2,1,2025-03-30,2025-07-05,97,51,5,265.77,Central,Desktop,Returning
3065,Bronze,8,4,1,2,1,2024-09-25,2025-04-13,200,134,3,131.35,East,Mobile,Returning
3069,Bronze,8,4,1,2,1,2024-10-02,2025-04-14,194,133,4,197.99,East,Desktop,New
3075,Bronze,8,4,1,2,1,2024-10-17,2025-05-24,219,93,5,143.52,East,Desktop,New
3077,Bronze,8,4,1,2,1,2024-10-24,2025-05-30,218,87,4,151.58,Central,Desktop,Returning
3082,Bronze,8,4,1,2,1,2024-09-07,2025-06-18,284,68,3,250.50,North,Desktop,Returning
3084,Bronze,8,4,1,2,1,2024-08-31,2025-04-21,233,126,3,211.10,West,Mobile,Returning
3085,Bronze,8,3,2,2,1,2025-02-02,2025-07-12,160,44,5,418.26,Central,Desktop,New
3089,Bronze,8,4,1,2,1,2024-09-11,2025-05-01,232,116,5,135.32,East,Mobile,Returning
3091,Bronze,8,4,1,2,1,2024-10-31,2025-05-20,201,97,4,142.03,East,Mobile,New
3093,Bronze,8,4,1,2,1,2024-08-30,2025-06-10,284,76,3,157.17,Central,Desktop,New
3113,Bronze,8,4,1,2,1,2024-09-01,2025-05-07,248,110,4,126.07,Central,Mobile,New
3115,Bronze,8,3,2,2,1,2025-02-03,2025-07-13,160,43,5,320.42,Central,Desktop,Returning
3116,Bronze,8,4,1,2,1,2024-10-24,2025-05-11,199,106,5,426.04,East,Desktop,New
3118,Bronze,8,4,1,2,1,2024-10-17,2025-04-23,188,124,5,327.54,International,Desktop,New
3124,Bronze,8,4,1,2,1,2024-10-21,2025-05-24,215,93,4,267.29,Central,Desktop,Returning
3127,Bronze,8,4,1,2,1,2024-11-08,2025-06-13,217,73,4,93.26,North,Mobile,Returning
3128,Bronze,8,4,1,2,1,2024-09-08,2025-05-05,239,112,5,242.72,Central,Desktop,New
3144,Bronze,8,4,1,2,1,2024-09-03,2025-06-08,278,78,5,343.93,Central,Desktop,New
3148,Bronze,8,1,5,1,1,2025-08-20,2025-08-20,0,5,1,5.08,North,Tablet,Returning
3150,Bronze,8,4,1,2,1,2024-08-28,2025-03-12,196,166,3,107.38,East,Mobile,Returning
3153,Bronze,8,1,4,2,1,2025-07-29,2025-08-16,18,9,2,116.36,Central,Mobile,New
3154,Bronze,8,4,1,2,1,2024-10-03,2025-05-18,227,99,5,172.64,Central,Desktop,New
3155,Bronze,8,2,3,2,1,2025-05-23,2025-08-06,75,19,2,83.32,South,Desktop,New
3157,Bronze,8,4,1,2,1,2024-09-27,2025-05-05,220,112,3,217.99,International,Desktop,Returning
3164,Bronze,8,4,1,2,1,2024-10-11,2025-05-20,221,97,4,131.86,North,Desktop,Returning
3178,Bronze,8,4,1,2,1,2024-10-13,2025-06-25,255,61,4,302.97,Central,Desktop,Returning
3181,Bronze,8,4,1,2,1,2024-10-24,2025-06-09,228,77,4,85.23,Central,Desktop,New
3183,Bronze,8,4,1,2,1,2024-09-11,2025-04-24,225,123,2,113.67,East,Desktop,Returning
3185,Bronze,8,4,1,2,1,2024-10-13,2025-06-06,236,80,4,198.88,Central,Desktop,New
3186,Bronze,8,4,1,2,1,2024-09-30,2025-04-20,202,127,2,220.16,East,Desktop,Returning
3194,Bronze,8,3,2,2,1,2025-02-01,2025-07-02,151,54,3,131.27,Central,Desktop,Returning
3198,Bronze,8,4,1,2,1,2024-10-18,2025-05-18,212,99,5,344.78,Central,Mobile,Returning
3199,Bronze,8,4,1,2,1,2024-09-04,2025-03-25,202,153,5,278.14,International,Desktop,Returning
3205,Bronze,8,4,1,2,1,2024-09-20,2025-05-16,238,101,5,293.74,International,Desktop,New
3209,Bronze,8,4,1,2,1,2024-11-12,2025-05-29,198,88,4,64.72,Central,Desktop,New
3211,Bronze,8,4,1,2,1,2024-12-16,2025-06-21,187,65,4,274.94,Central,Desktop,New
3216,Bronze,8,4,1,2,1,2024-12-07,2025-06-05,180,81,4,257.37,Central,Desktop,New
3220,Bronze,8,4,1,2,1,2024-11-27,2025-05-31,185,86,5,224.94,International,Desktop,Returning
3222,Bronze,8,4,1,2,1,2024-09-29,2025-06-10,254,76,3,114.44,East,Mobile,Returning
3223,Bronze,8,4,1,2,1,2024-10-19,2025-05-14,207,103,3,116.04,East,Desktop,New
3226,Bronze,8,3,2,2,1,2025-02-05,2025-07-13,158,43,2,95.67,North,Desktop,Returning
3230,Bronze,8,4,1,2,1,2024-11-07,2025-05-07,181,110,3,83.70,Central,Desktop,Returning
3232,Bronze,8,3,2,2,1,2024-12-30,2025-06-27,179,59,3,114.47,East,Mobile,New
3236,Bronze,8,4,1,2,1,2024-12-01,2025-06-09,190,77,3,159.30,East,Desktop,New
3244,Bronze,8,3,1,3,1,2025-02-25,2025-05-28,92,89,6,240.53,Central,Desktop,New
3248,Bronze,8,4,1,2,1,2024-10-16,2025-06-18,245,68,3,217.99,Central,Mobile,Returning
3254,Bronze,8,4,1,2,1,2024-12-20,2025-06-23,185,63,5,432.28,International,Mobile,Returning
3260,Bronze,8,3,2,2,1,2025-03-23,2025-07-07,106,49,3,176.44,International,Mobile,Returning
3263,Bronze,8,4,1,2,1,2024-09-20,2025-04-15,207,132,3,239.00,East,Desktop,Returning
3264,Bronze,8,4,1,2,1,2024-10-19,2025-06-09,233,77,3,77.93,East,Desktop,Returning
3279,Bronze,8,4,1,2,1,2024-11-02,2025-06-11,221,75,4,55.59,International,Desktop,Returning
3280,Bronze,8,4,1,2,1,2024-09-20,2025-06-17,270,69,2,176.12,Central,Desktop,Returning
3284,Bronze,8,4,1,2,1,2024-10-20,2025-06-10,233,76,4,56.66,East,Desktop,Returning
3290,Bronze,8,4,1,2,1,2024-08-26,2025-05-04,251,113,4,143.08,Central,Desktop,New
3296,Bronze,8,4,1,2,1,2024-09-18,2025-03-23,186,155,3,124.07,East,Desktop,Returning
3298,Bronze,8,4,1,2,1,2024-08-29,2025-04-22,236,125,3,86.35,South,Desktop,Returning
3299,Bronze,8,3,1,3,1,2024-12-10,2025-05-27,168,90,6,169.26,International,Desktop,New
3348,Bronze,8,4,1,2,1,2024-10-06,2025-06-22,259,64,5,143.92,East,Desktop,New
3349,Bronze,8,4,1,2,1,2024-11-06,2025-06-22,228,64,3,166.60,Central,Desktop,New
3354,Bronze,8,4,1,2,1,2024-08-30,2025-03-15,197,163,3,123.18,International,Desktop,New
3356,Bronze,8,4,1,2,1,2024-08-31,2025-06-16,289,70,3,266.98,Central,Desktop,Returning
3360,Bronze,8,4,1,2,1,2024-10-19,2025-05-07,200,110,5,186.95,International,Desktop,New
3368,Bronze,8,4,1,2,1,2024-10-11,2025-05-21,222,96,3,96.29,East,Desktop,Returning
3376,Bronze,8,4,1,2,1,2024-09-19,2025-06-09,263,77,5,142.45,Central,Desktop,New
3377,Bronze,8,4,1,2,1,2024-09-05,2025-06-09,277,77,4,286.13,East,Mobile,New
3378,Bronze,8,4,1,2,1,2024-10-05,2025-06-09,247,77,4,97.83,Central,Mobile,New
3411,Bronze,8,4,1,2,1,2024-10-11,2025-05-16,217,101,3,91.66,East,Desktop,Returning
3417,Bronze,8,4,1,2,1,2024-09-18,2025-04-22,216,125,5,196.88,East,Mobile,New
3425,Bronze,8,4,1,2,1,2024-11-05,2025-05-16,192,101,3,141.82,Central,Desktop,Returning
3427,Bronze,8,4,1,2,1,2024-09-27,2025-05-28,243,89,5,152.72,East,Desktop,Returning
3439,Bronze,8,3,1,3,1,2024-09-02,2025-01-17,137,220,7,474.82,East,Desktop,Returning
3441,Bronze,8,4,1,2,1,2024-09-08,2025-03-08,181,170,4,181.76,East,Mobile,Returning
3451,Bronze,8,4,1,2,1,2024-09-29,2025-04-29,212,118,3,119.12,International,Desktop,New
3457,Bronze,8,4,1,2,1,2024-09-22,2025-06-05,256,81,5,299.36,East,Desktop,New
3462,Bronze,8,4,1,2,1,2024-10-10,2025-06-09,242,77,5,272.44,Central,Mobile,Returning
3463,Bronze,8,4,1,2,1,2024-08-28,2025-04-09,224,138,2,113.75,West,Desktop,Returning
3464,Bronze,8,4,1,2,1,2024-12-22,2025-06-20,180,66,3,249.74,Central,Mobile,New
3465,Bronze,8,3,2,2,1,2025-03-08,2025-07-25,139,31,3,112.55,Central,Mobile,New
3472,Bronze,8,3,2,2,1,2025-02-01,2025-07-07,156,49,3,144.76,North,Desktop,Returning
3481,Bronze,8,4,1,2,1,2024-09-14,2025-05-22,250,95,4,128.18,North,Desktop,Returning
3495,Bronze,8,4,1,2,1,2024-10-21,2025-06-06,228,80,5,120.66,Central,Desktop,New
3499,Bronze,8,4,1,2,1,2024-11-13,2025-06-25,224,61,4,337.48,North,Desktop,Returning
3502,Bronze,8,4,1,2,1,2024-09-17,2025-04-10,205,137,3,227.04,Central,Desktop,Returning
3506,Bronze,8,3,1,3,1,2024-11-26,2025-04-21,146,126,6,347.91,Central,Mobile,Returning
3508,Bronze,8,4,1,2,1,2024-10-19,2025-06-12,236,74,4,184.50,Central,Desktop,Returning
3511,Bronze,8,4,1,2,1,2024-09-16,2025-03-16,181,162,3,113.45,East,Desktop,Returning
3518,Bronze,8,3,2,2,1,2025-03-16,2025-07-11,117,45,3,106.75,East,Desktop,New
3532,Bronze,8,4,1,2,1,2024-10-26,2025-05-11,197,106,5,187.67,International,Desktop,Returning
3540,Bronze,8,4,1,2,1,2024-09-10,2025-06-17,280,69,3,179.23,East,Mobile,Returning
3542,Bronze,8,4,1,2,1,2024-11-20,2025-06-11,203,75,4,234.13,East,Mobile,Returning
3544,Bronze,8,4,1,2,1,2024-11-11,2025-05-19,189,98,4,176.37,International,Desktop,Returning
3546,Bronze,8,4,1,2,1,2024-09-28,2025-04-14,198,133,5,268.22,International,Mobile,New
3552,Bronze,8,4,1,2,1,2024-12-08,2025-06-21,195,65,3,203.83,North,Desktop,Returning
3555,Bronze,8,3,2,2,1,2025-02-08,2025-06-28,140,58,4,292.43,Central,Desktop,Returning
3558,Bronze,8,3,2,2,1,2025-01-04,2025-06-30,177,56,3,109.86,East,Mobile,Returning
3563,Bronze,8,3,2,2,1,2025-01-20,2025-07-08,169,48,5,415.03,Central,Desktop,Returning
3570,Bronze,8,3,2,2,1,2025-03-01,2025-07-14,135,42,5,233.86,Central,Desktop,Returning
3572,Bronze,8,4,1,2,1,2024-09-05,2025-06-15,283,71,3,189.33,International,Desktop,Returning
3573,Bronze,8,4,1,2,1,2024-11-14,2025-06-15,213,71,4,219.88,Central,Desktop,Returning
3576,Bronze,8,4,1,2,1,2024-11-25,2025-06-24,211,62,3,161.81,International,Desktop,Returning
3585,Bronze,8,4,1,2,1,2024-08-29,2025-04-01,215,146,4,372.13,Central,Tablet,New
3589,Bronze,8,3,2,2,1,2025-02-14,2025-07-13,149,43,4,220.29,Central,Mobile,Returning
3591,Bronze,8,4,1,2,1,2024-09-13,2025-06-18,278,68,4,241.46,North,Desktop,New
3593,Bronze,8,4,1,2,1,2024-11-08,2025-06-12,216,74,3,211.52,East,Desktop,New
3600,Bronze,8,4,1,2,1,2024-09-27,2025-06-12,258,74,3,118.43,Central,Desktop,New
3604,Bronze,8,4,1,2,1,2024-10-27,2025-05-19,204,98,5,206.95,North,Desktop,New
7,Bronze,7,3,1,2,1,2024-10-17,2025-04-04,169,143,5,308.71,Central,Desktop,New
12,Bronze,7,2,2,2,1,2025-04-07,2025-07-05,89,51,3,234.24,East,Desktop,Returning
23,Bronze,7,3,1,2,1,2024-12-10,2025-05-15,156,102,5,279.53,East,Desktop,Returning
53,Bronze,7,3,1,2,1,2024-09-29,2025-03-17,169,161,4,102.55,East,Desktop,New
58,Bronze,7,3,1,2,1,2024-12-23,2025-06-17,176,69,3,213.52,Central,Desktop,New
59,Bronze,7,3,1,2,1,2024-12-18,2025-04-30,133,117,2,23.77,Central,Desktop,Returning
83,Bronze,7,3,1,2,1,2024-11-02,2025-04-26,175,121,5,241.24,Central,Desktop,New
85,Bronze,7,3,1,2,1,2024-11-26,2025-05-10,165,107,5,247.58,East,Mobile,New
91,Bronze,7,3,1,2,1,2024-09-27,2025-01-05,100,232,3,90.67,International,Desktop,New
92,Bronze,7,3,1,2,1,2025-03-03,2025-06-18,107,68,2,82.84,North,Mobile,Returning
94,Bronze,7,3,1,2,1,2025-02-11,2025-06-03,112,83,2,64.07,East,Mobile,New
95,Bronze,7,3,1,2,1,2024-08-29,2024-12-29,122,239,5,259.80,Central,Desktop,New
104,Bronze,7,3,1,2,1,2024-09-25,2025-02-13,141,193,5,183.88,Central,Desktop,New
107,Bronze,7,3,1,2,1,2024-09-15,2025-02-25,163,181,2,107.54,East,Desktop,New
114,Bronze,7,3,1,2,1,2024-11-07,2025-03-27,140,151,3,271.15,International,Desktop,New
117,Bronze,7,3,1,2,1,2024-10-16,2025-01-26,102,211,5,192.91,East,Desktop,Returning
126,Bronze,7,3,1,2,1,2025-01-28,2025-05-14,106,103,2,125.20,Central,Mobile,Returning
151,Bronze,7,3,1,2,1,2024-10-06,2025-03-25,170,153,5,199.15,East,Desktop,Returning
159,Bronze,7,3,1,2,1,2024-09-18,2025-01-17,121,220,4,266.93,Central,Desktop,New
177,Bronze,7,3,1,2,1,2024-12-18,2025-05-21,154,96,2,59.15,International,Tablet,New
195,Bronze,7,2,2,2,1,2025-04-21,2025-07-11,81,45,3,334.36,International,Desktop,New
197,Bronze,7,3,1,2,1,2024-10-27,2025-02-17,113,189,5,246.67,Central,Desktop,New
212,Bronze,7,3,1,2,1,2024-10-05,2025-01-13,100,224,4,69.32,International,Mobile,Returning
221,Bronze,7,3,1,2,1,2025-01-08,2025-05-16,128,101,3,39.91,Central,Desktop,New
227,Bronze,7,3,1,2,1,2024-09-13,2025-02-14,154,192,4,187.52,East,Desktop,Returning
237,Bronze,7,3,1,2,1,2024-09-11,2025-02-18,160,188,2,118.40,Central,Mobile,New
241,Bronze,7,3,1,2,1,2024-11-18,2025-04-28,161,119,2,162.68,Central,Tablet,New
249,Bronze,7,3,1,2,1,2024-12-12,2025-04-03,112,144,3,63.84,North,Desktop,New
250,Bronze,7,3,1,2,1,2024-09-19,2024-12-30,102,238,2,32.70,International,Mobile,Returning
252,Bronze,7,2,2,2,1,2025-04-15,2025-07-07,83,49,2,177.95,International,Desktop,New
257,Bronze,7,3,1,2,1,2024-11-09,2025-03-23,134,155,3,199.94,East,Desktop,New
259,Bronze,7,3,1,2,1,2024-09-15,2025-02-15,153,191,3,47.24,Central,Desktop,Returning
265,Bronze,7,2,2,2,1,2025-06-05,2025-07-21,46,35,3,245.48,North,Mobile,Returning
267,Bronze,7,3,1,2,1,2025-01-10,2025-04-17,97,130,3,236.17,Central,Desktop,Returning
270,Bronze,7,3,1,2,1,2024-11-14,2025-02-19,97,187,3,177.81,East,Desktop,Returning
275,Bronze,7,3,1,2,1,2024-09-21,2025-02-07,139,199,3,152.72,East,Desktop,New
277,Bronze,7,3,1,2,1,2024-08-26,2024-12-03,99,265,4,290.55,East,Desktop,Returning
279,Bronze,7,3,1,2,1,2024-10-13,2025-03-13,151,165,3,52.29,North,Desktop,Returning
287,Bronze,7,3,1,2,1,2025-01-01,2025-06-23,173,63,5,201.42,East,Desktop,New
290,Bronze,7,3,1,2,1,2025-01-20,2025-06-01,132,85,4,344.75,Central,Mobile,New
295,Bronze,7,3,1,2,1,2024-10-11,2025-01-22,103,215,4,307.73,Central,Desktop,New
299,Bronze,7,3,1,2,1,2024-09-24,2025-01-09,107,228,2,86.59,East,Desktop,Returning
302,Bronze,7,3,1,2,1,2024-11-17,2025-04-23,157,124,3,170.20,Central,Desktop,New
304,Bronze,7,3,1,2,1,2025-01-11,2025-05-13,122,104,3,93.84,Central,Desktop,New
317,Bronze,7,3,1,2,1,2025-02-15,2025-06-01,106,85,3,195.35,East,Desktop,Returning
319,Bronze,7,3,1,2,1,2024-11-12,2025-03-02,110,176,4,204.83,Central,Mobile,Returning
320,Bronze,7,3,1,2,1,2025-01-23,2025-06-23,151,63,5,285.00,Central,Desktop,New
325,Bronze,7,3,1,2,1,2025-01-16,2025-06-25,160,61,5,351.56,Central,Desktop,Returning
326,Bronze,7,3,1,2,1,2024-09-24,2025-03-18,175,160,5,192.42,Central,Desktop,New
331,Bronze,7,3,1,2,1,2024-09-12,2024-12-18,97,250,3,60.58,East,Desktop,New
336,Bronze,7,3,1,2,1,2025-01-04,2025-04-15,101,132,3,292.19,North,Desktop,New
347,Bronze,7,3,1,2,1,2024-11-04,2025-03-05,121,173,4,145.36,Central,Mobile,Returning
354,Bronze,7,3,1,2,1,2024-12-13,2025-05-07,145,110,4,156.88,North,Desktop,Returning
355,Bronze,7,3,1,2,1,2025-01-05,2025-06-06,152,80,5,303.02,Central,Desktop,New
356,Bronze,7,3,1,2,1,2025-01-07,2025-06-22,166,64,3,68.04,Central,Desktop,New
364,Bronze,7,3,1,2,1,2024-10-16,2025-02-28,135,178,3,47.87,Central,Tablet,New
367,Bronze,7,3,1,2,1,2024-11-11,2025-03-19,128,159,4,318.44,East,Desktop,Returning
382,Bronze,7,3,1,2,1,2024-12-11,2025-05-07,147,110,3,97.53,East,Desktop,New
402,Bronze,7,3,1,2,1,2024-10-30,2025-02-26,119,180,2,46.48,Central,Tablet,New
404,Bronze,7,3,1,2,1,2024-10-10,2025-04-01,173,146,2,87.37,Central,Tablet,Returning
405,Bronze,7,3,1,2,1,2024-12-18,2025-05-18,151,99,3,31.29,East,Desktop,Returning
412,Bronze,7,3,1,2,1,2024-11-05,2025-04-29,175,118,4,310.01,Central,Mobile,Returning
414,Bronze,7,2,2,2,1,2025-05-09,2025-07-10,62,46,2,66.66,Central,Tablet,Returning
416,Bronze,7,3,1,2,1,2025-01-04,2025-05-22,138,95,3,50.57,Central,Desktop,New
441,Bronze,7,3,1,2,1,2024-09-18,2025-03-16,179,162,3,194.62,Central,Mobile,Returning
458,Bronze,7,3,1,2,1,2024-12-19,2025-05-04,136,113,4,232.86,Central,Desktop,Returning
467,Bronze,7,3,1,2,1,2024-10-19,2025-03-25,157,153,4,355.52,Central,Mobile,Returning
471,Bronze,7,3,1,2,1,2024-12-20,2025-05-18,149,99,4,177.06,East,Mobile,New
474,Bronze,7,3,1,2,1,2024-12-13,2025-06-09,178,77,5,160.76,Central,Desktop,Returning
478,Bronze,7,2,2,2,1,2025-04-22,2025-07-19,88,37,2,80.93,North,Mobile,New
502,Bronze,7,3,1,2,1,2024-12-21,2025-03-26,95,152,2,60.01,West,Desktop,Returning
525,Bronze,7,3,1,2,1,2024-09-20,2025-03-04,165,174,3,16.37,East,Desktop,Returning
533,Bronze,7,3,1,2,1,2024-09-01,2024-12-12,102,256,3,130.35,International,Desktop,Returning
552,Bronze,7,1,4,1,1,2025-08-16,2025-08-16,0,9,1,23.02,Central,Desktop,Returning
554,Bronze,7,3,1,2,1,2024-11-08,2025-02-08,92,198,2,79.46,East,Desktop,Returning
561,Bronze,7,3,1,2,1,2025-02-02,2025-06-10,128,76,3,62.12,Central,Desktop,Returning
569,Bronze,7,3,1,2,1,2024-11-16,2025-04-27,162,120,4,159.14,East,Mobile,Returning
570,Bronze,7,3,1,2,1,2024-11-07,2025-04-13,157,134,4,235.67,Central,Desktop,Returning
572,Bronze,7,3,1,2,1,2024-09-18,2025-03-04,167,174,5,317.21,Central,Desktop,Returning
582,Bronze,7,3,1,2,1,2024-11-28,2025-04-29,152,118,3,81.90,East,Desktop,New
586,Bronze,7,3,1,2,1,2024-10-10,2025-03-24,165,154,4,84.48,East,Mobile,New
601,Bronze,7,3,1,2,1,2024-09-25,2025-01-22,119,215,4,153.18,Central,Desktop,Returning
604,Bronze,7,3,1,2,1,2024-11-09,2025-04-06,148,141,4,194.22,Central,Desktop,Returning
611,Bronze,7,3,1,2,1,2024-11-30,2025-05-09,160,108,3,157.59,International,Desktop,Returning
619,Bronze,7,3,1,2,1,2024-09-04,2025-01-31,149,206,5,286.83,East,Mobile,Returning
628,Bronze,7,3,1,2,1,2025-01-26,2025-06-16,141,70,3,89.65,Central,Desktop,Returning
632,Bronze,7,3,1,2,1,2024-10-07,2025-01-20,105,217,4,179.49,Central,Mobile,New
634,Bronze,7,3,1,2,1,2024-09-25,2025-02-26,154,180,3,168.72,East,Mobile,New
635,Bronze,7,3,1,2,1,2025-01-28,2025-06-20,143,66,3,122.72,International,Desktop,Returning
637,Bronze,7,3,1,2,1,2024-10-17,2025-03-21,155,157,4,286.18,North,Tablet,New
645,Bronze,7,3,1,2,1,2025-01-06,2025-06-18,163,68,5,179.85,International,Desktop,Returning
646,Bronze,7,3,1,2,1,2024-10-18,2025-04-07,171,140,3,99.40,East,Desktop,Returning
653,Bronze,7,3,1,2,1,2024-09-18,2025-03-13,176,165,4,324.40,Central,Desktop,New
657,Bronze,7,3,1,2,1,2025-02-17,2025-06-15,118,71,4,230.84,International,Desktop,Returning
664,Bronze,7,3,1,2,1,2024-12-13,2025-03-20,97,158,3,134.01,International,Mobile,Returning
667,Bronze,7,3,1,2,1,2024-11-23,2025-04-21,149,126,3,56.88,Central,Desktop,New
678,Bronze,7,3,1,2,1,2025-03-04,2025-06-23,111,63,5,329.62,Central,Mobile,New
684,Bronze,7,3,1,2,1,2024-11-06,2025-05-02,177,115,4,88.46,East,Desktop,Returning
693,Bronze,7,3,1,2,1,2025-01-12,2025-06-23,162,63,4,174.15,South,Desktop,Returning
697,Bronze,7,3,1,2,1,2024-11-30,2025-03-01,91,177,3,118.53,Central,Desktop,Returning
702,Bronze,7,3,1,2,1,2024-12-27,2025-06-24,179,62,3,161.78,East,Desktop,New
707,Bronze,7,3,1,2,1,2025-01-24,2025-05-23,119,94,3,127.04,Central,Desktop,Returning
709,Bronze,7,3,1,2,1,2024-11-17,2025-04-18,152,129,4,130.09,East,Desktop,New
712,Bronze,7,3,1,2,1,2024-12-05,2025-04-24,140,123,4,119.06,East,Desktop,Returning
713,Bronze,7,3,1,2,1,2024-11-11,2025-04-26,166,121,3,173.61,East,Desktop,Returning
720,Bronze,7,3,1,2,1,2024-11-27,2025-05-09,163,108,4,95.05,Central,Desktop,New
730,Bronze,7,3,1,2,1,2025-01-02,2025-05-15,133,102,3,121.41,Central,Desktop,Returning
732,Bronze,7,3,1,2,1,2024-12-02,2025-03-15,103,163,2,66.46,International,Tablet,Returning
740,Bronze,7,3,1,2,1,2024-10-31,2025-04-27,178,120,2,70.88,South,Mobile,Returning
757,Bronze,7,3,1,2,1,2024-10-29,2025-03-03,125,175,2,158.38,North,Desktop,New
762,Bronze,7,2,2,2,1,2025-05-14,2025-07-16,63,40,3,54.20,East,Desktop,Returning
777,Bronze,7,2,2,2,1,2025-06-06,2025-07-23,47,33,2,122.49,Central,Mobile,New
780,Bronze,7,3,1,2,1,2025-02-19,2025-05-21,91,96,4,158.36,Central,Mobile,New
781,Bronze,7,3,1,2,1,2024-12-25,2025-04-12,108,135,3,230.72,International,Tablet,New
783,Bronze,7,3,1,2,1,2024-12-31,2025-05-01,121,116,3,42.42,Central,Desktop,New
784,Bronze,7,3,1,2,1,2025-01-09,2025-05-31,142,86,5,320.51,Central,Desktop,Returning
785,Bronze,7,3,1,2,1,2024-10-20,2025-01-22,94,215,2,138.69,North,Desktop,New
791,Bronze,7,3,1,2,1,2024-09-23,2025-02-07,137,199,3,36.48,North,Desktop,New
801,Bronze,7,3,1,2,1,2024-11-19,2025-03-24,125,154,3,129.29,International,Desktop,Returning
808,Bronze,7,3,1,2,1,2024-12-15,2025-04-27,133,120,4,117.21,Central,Desktop,New
810,Bronze,7,3,1,2,1,2024-11-02,2025-04-06,155,141,5,262.67,Central,Desktop,Returning
811,Bronze,7,3,1,2,1,2025-02-24,2025-06-10,106,76,2,88.99,International,Desktop,Returning
812,Bronze,7,3,1,2,1,2024-09-27,2025-03-17,171,161,4,133.13,East,Desktop,New
820,Bronze,7,3,1,2,1,2024-09-14,2025-02-16,155,190,3,60.97,North,Desktop,Returning
834,Bronze,7,3,1,2,1,2024-10-01,2025-03-24,174,154,5,130.28,Central,Desktop,New
839,Bronze,7,3,1,2,1,2024-12-06,2025-05-18,163,99,4,237.75,Central,Desktop,Returning
841,Bronze,7,1,3,2,1,2025-07-11,2025-08-07,27,18,3,95.27,Central,Desktop,New
843,Bronze,7,3,1,2,1,2024-10-15,2025-02-24,132,182,2,93.77,International,Mobile,Returning
845,Bronze,7,3,1,2,1,2024-10-12,2025-04-03,173,144,4,283.86,Central,Mobile,Returning
862,Bronze,7,3,1,2,1,2024-10-09,2025-03-09,151,169,2,113.13,International,Desktop,Returning
866,Bronze,7,3,1,2,1,2024-09-12,2025-01-21,131,216,4,214.87,Central,Desktop,New
868,Bronze,7,3,1,2,1,2024-12-18,2025-04-25,128,122,3,142.56,Central,Desktop,Returning
869,Bronze,7,3,1,2,1,2024-12-10,2025-05-08,149,109,2,11.82,Central,Desktop,Returning
878,Bronze,7,3,1,2,1,2024-12-18,2025-03-20,92,158,3,137.28,East,Mobile,New
882,Bronze,7,3,1,2,1,2025-01-07,2025-06-08,152,78,3,213.90,Central,Mobile,New
884,Bronze,7,3,1,2,1,2025-02-19,2025-06-16,117,70,3,109.21,North,Desktop,New
887,Bronze,7,3,1,2,1,2024-09-26,2024-12-30,95,238,3,54.84,International,Desktop,Returning
892,Bronze,7,1,3,2,1,2025-07-28,2025-07-28,0,28,2,313.12,Central,Mobile,Returning
899,Bronze,7,3,1,2,1,2024-10-26,2025-02-09,106,197,2,79.05,International,Desktop,Returning
907,Bronze,7,3,1,2,1,2025-01-02,2025-04-14,102,133,4,133.20,Central,Desktop,Returning
920,Bronze,7,3,1,2,1,2025-01-17,2025-05-25,128,92,3,113.70,North,Desktop,Returning
922,Bronze,7,3,1,2,1,2024-12-28,2025-05-14,137,103,5,320.25,Central,Mobile,Returning
934,Bronze,7,3,1,2,1,2024-09-30,2025-01-29,121,208,4,267.91,East,Desktop,New
947,Bronze,7,3,1,2,1,2024-09-05,2024-12-08,94,260,4,203.16,Central,Desktop,New
957,Bronze,7,3,1,2,1,2024-11-13,2025-02-19,98,187,2,156.16,East,Desktop,Returning
967,Bronze,7,3,1,2,1,2024-11-07,2025-04-03,147,144,5,197.28,Central,Desktop,New
969,Bronze,7,2,2,2,1,2025-04-05,2025-06-26,82,60,3,49.51,East,Desktop,New
975,Bronze,7,3,1,2,1,2025-03-11,2025-06-20,101,66,2,169.99,International,Mobile,New
978,Bronze,7,3,1,2,1,2024-09-12,2025-01-05,115,232,5,440.70,East,Mobile,New
991,Bronze,7,3,1,2,1,2024-09-03,2025-01-03,122,234,3,132.38,Central,Desktop,New
993,Bronze,7,3,1,2,1,2024-10-08,2025-01-13,97,224,4,260.80,East,Mobile,Returning
994,Bronze,7,3,1,2,1,2024-09-24,2025-03-16,173,162,3,277.42,East,Desktop,Returning
996,Bronze,7,3,1,2,1,2024-12-02,2025-05-14,163,103,5,230.72,Central,Desktop,Returning
1001,Bronze,7,3,1,2,1,2024-10-07,2025-01-08,93,229,4,271.53,Central,Desktop,Returning
1014,Bronze,7,3,1,2,1,2025-01-10,2025-05-17,127,100,2,176.37,East,Tablet,Returning
1016,Bronze,7,3,1,2,1,2024-10-22,2025-03-27,156,151,5,308.35,Central,Mobile,New
1024,Bronze,7,3,1,2,1,2024-09-25,2025-02-12,140,194,3,212.16,Central,Desktop,New
1048,Bronze,7,3,1,2,1,2024-09-13,2025-02-27,167,179,3,122.22,Central,Desktop,Returning
1056,Bronze,7,3,1,2,1,2024-10-08,2025-02-22,137,184,4,298.01,Central,Desktop,New
1063,Bronze,7,3,1,2,1,2024-09-29,2025-03-21,173,157,3,165.93,East,Desktop,New
1066,Bronze,7,3,1,2,1,2025-01-29,2025-05-11,102,106,4,267.16,East,Desktop,Returning
1068,Bronze,7,3,1,2,1,2024-09-11,2025-02-07,149,199,3,95.52,International,Mobile,Returning
1071,Bronze,7,3,1,2,1,2024-09-27,2025-03-22,176,156,4,147.35,International,Mobile,New
1077,Bronze,7,3,1,2,1,2024-10-08,2025-01-10,94,227,3,190.08,South,Mobile,New
1079,Bronze,7,3,1,2,1,2024-12-18,2025-05-03,136,114,2,85.22,East,Desktop,Returning
1083,Bronze,7,3,1,2,1,2024-12-11,2025-03-19,98,159,2,191.40,International,Desktop,New
1088,Bronze,7,3,1,2,1,2025-01-24,2025-05-02,98,115,3,131.66,Central,Desktop,New
1102,Bronze,7,3,1,2,1,2024-10-25,2025-02-13,111,193,3,305.26,International,Mobile,New
1107,Bronze,7,3,1,2,1,2024-10-18,2025-04-11,175,136,4,169.44,South,Mobile,New
1108,Bronze,7,3,1,2,1,2025-01-16,2025-05-09,113,108,2,191.68,North,Desktop,Returning
1128,Bronze,7,3,1,2,1,2025-01-06,2025-06-01,146,85,4,204.40,East,Mobile,Returning
1131,Bronze,7,3,1,2,1,2024-11-06,2025-04-22,167,125,3,122.95,East,Desktop,New
1142,Bronze,7,3,1,2,1,2025-01-21,2025-06-12,142,74,4,90.48,East,Desktop,Returning
1156,Bronze,7,3,1,2,1,2024-12-05,2025-03-05,90,173,4,308.98,East,Desktop,New
1160,Bronze,7,3,1,2,1,2024-09-25,2025-02-11,139,195,3,192.30,Central,Desktop,New
1161,Bronze,7,3,1,2,1,2024-12-12,2025-05-31,170,86,4,111.90,East,Desktop,Returning
1181,Bronze,7,3,1,2,1,2025-01-05,2025-04-29,114,118,3,189.85,East,Mobile,New
1184,Bronze,7,3,1,2,1,2024-11-07,2025-04-26,170,121,4,251.66,Central,Desktop,New
1195,Bronze,7,3,1,2,1,2024-11-28,2025-04-13,136,134,2,72.46,International,Desktop,Returning
1221,Bronze,7,3,1,2,1,2024-09-05,2025-01-24,141,213,2,37.00,International,Desktop,New
1225,Bronze,7,3,1,2,1,2024-12-31,2025-06-09,160,77,2,44.57,Central,Mobile,New
1227,Bronze,7,3,1,2,1,2024-10-10,2025-03-18,159,160,4,144.19,East,Desktop,Returning
1230,Bronze,7,3,1,2,1,2024-12-20,2025-06-15,177,71,5,234.98,International,Desktop,Returning
1235,Bronze,7,3,1,2,1,2024-12-16,2025-03-20,94,158,3,89.62,East,Desktop,Returning
1238,Bronze,7,3,1,2,1,2025-01-02,2025-05-26,144,91,5,223.47,Central,Desktop,New
1240,Bronze,7,3,1,2,1,2025-02-21,2025-05-28,96,89,2,116.54,North,Desktop,New
1256,Bronze,7,3,1,2,1,2024-10-04,2025-02-15,134,191,3,82.29,Central,Desktop,Returning
1263,Bronze,7,3,1,2,1,2024-12-07,2025-05-30,174,87,4,102.74,Central,Desktop,New
1272,Bronze,7,3,1,2,1,2024-12-08,2025-05-31,174,86,4,112.33,Central,Desktop,New
1273,Bronze,7,3,1,2,1,2024-11-10,2025-02-20,102,186,3,123.79,East,Desktop,New
1278,Bronze,7,3,1,2,1,2024-10-22,2025-01-23,93,214,2,60.10,North,Desktop,Returning
1284,Bronze,7,2,2,2,1,2025-05-04,2025-07-20,77,36,3,143.71,East,Mobile,Returning
1285,Bronze,7,3,1,2,1,2024-10-29,2025-03-29,151,149,4,150.07,Central,Desktop,New
1287,Bronze,7,3,1,2,1,2024-09-27,2025-02-15,141,191,2,179.36,Central,Mobile,Returning
1289,Bronze,7,3,1,2,1,2024-12-09,2025-05-14,156,103,3,141.12,Central,Desktop,Returning
1303,Bronze,7,3,1,2,1,2024-12-02,2025-05-16,165,101,3,336.17,East,Desktop,New
1304,Bronze,7,3,1,2,1,2024-09-12,2025-02-26,167,180,3,202.55,Central,Desktop,New
1308,Bronze,7,3,1,2,1,2024-12-24,2025-05-14,141,103,4,163.37,Central,Desktop,Returning
1320,Bronze,7,3,1,2,1,2024-10-02,2025-03-20,169,158,4,166.15,Central,Mobile,Returning
1322,Bronze,7,3,1,2,1,2025-01-23,2025-05-14,111,103,5,263.83,Central,Desktop,New
1336,Bronze,7,3,1,2,1,2024-11-19,2025-03-03,104,175,2,51.36,Central,Desktop,Returning
1345,Bronze,7,3,1,2,1,2024-12-21,2025-06-12,173,74,3,136.10,International,Mobile,New
1359,Bronze,7,3,1,2,1,2024-10-06,2025-02-08,125,198,4,226.80,East,Mobile,New
1370,Bronze,7,3,1,2,1,2024-09-15,2025-01-27,134,210,2,72.04,South,Mobile,Returning
1374,Bronze,7,3,1,2,1,2024-10-11,2025-02-13,125,193,3,175.19,East,Desktop,New
1396,Bronze,7,3,1,2,1,2024-12-17,2025-05-01,135,116,3,64.91,Central,Mobile,Returning
1405,Bronze,7,3,1,2,1,2024-11-22,2025-02-24,94,182,3,163.82,Central,Mobile,Returning
1408,Bronze,7,3,1,2,1,2024-09-16,2025-02-11,148,195,5,377.39,Central,Desktop,Returning
1419,Bronze,7,2,2,2,1,2025-04-22,2025-07-03,72,53,2,134.68,International,Desktop,New
1431,Bronze,7,3,1,2,1,2024-10-03,2025-01-13,102,224,2,107.10,North,Desktop,New
1437,Bronze,7,3,1,2,1,2025-01-28,2025-05-22,114,95,3,95.95,East,Mobile,Returning
1453,Bronze,7,3,1,2,1,2024-12-27,2025-06-02,157,84,2,81.94,East,Tablet,Returning
1457,Bronze,7,3,1,2,1,2024-12-25,2025-05-13,139,104,2,76.03,Central,Desktop,New
1464,Bronze,7,3,1,2,1,2024-10-15,2025-02-22,130,184,4,138.44,International,Mobile,New
1472,Bronze,7,3,1,2,1,2024-09-20,2025-03-08,169,170,3,220.97,North,Desktop,Returning
1485,Bronze,7,3,1,2,1,2024-09-07,2025-01-17,132,220,2,46.38,Central,Desktop,New
1498,Bronze,7,3,1,2,1,2024-10-13,2025-01-30,109,207,3,257.75,North,Desktop,New
1499,Bronze,7,3,1,2,1,2024-09-10,2025-01-15,127,222,5,290.89,Central,Desktop,New
1509,Bronze,7,3,1,2,1,2024-10-16,2025-03-12,147,166,3,158.21,South,Desktop,Returning
1512,Bronze,7,3,1,2,1,2025-01-11,2025-04-17,96,130,2,151.64,North,Tablet,Returning
1514,Bronze,7,3,1,2,1,2025-02-16,2025-06-22,126,64,2,139.03,International,Mobile,New
1516,Bronze,7,3,1,2,1,2025-01-02,2025-06-16,165,70,5,153.23,East,Desktop,New
1517,Bronze,7,3,1,2,1,2024-11-28,2025-05-04,157,113,2,128.73,International,Mobile,Returning
1525,Bronze,7,3,1,2,1,2024-12-24,2025-04-08,105,139,2,114.69,International,Desktop,New
1528,Bronze,7,3,1,2,1,2024-12-08,2025-04-21,134,126,3,265.57,East,Tablet,New
1532,Bronze,7,3,1,2,1,2025-02-04,2025-06-14,130,72,2,74.20,South,Mobile,Returning
1561,Bronze,7,3,1,2,1,2024-12-22,2025-06-11,171,75,4,218.09,Central,Desktop,New
1563,Bronze,7,3,1,2,1,2024-12-19,2025-04-18,120,129,4,414.63,East,Desktop,New
1568,Bronze,7,3,1,2,1,2024-12-19,2025-05-31,163,86,3,174.46,Central,Desktop,New
1569,Bronze,7,3,1,2,1,2024-12-05,2025-05-19,165,98,2,168.23,Central,Tablet,Returning
1578,Bronze,7,3,1,2,1,2024-10-28,2025-02-09,104,197,4,195.86,Central,Desktop,New
1581,Bronze,7,3,1,2,1,2024-09-30,2025-01-25,117,212,5,353.25,East,Desktop,New
1586,Bronze,7,3,1,2,1,2025-03-04,2025-06-03,91,83,2,48.13,Central,Mobile,Returning
1606,Bronze,7,3,1,2,1,2024-09-03,2025-02-22,172,184,2,140.64,International,Mobile,Returning
1617,Bronze,7,3,1,2,1,2025-01-20,2025-05-31,131,86,4,89.74,North,Desktop,Returning
1620,Bronze,7,3,1,2,1,2024-12-04,2025-04-15,132,132,2,251.43,East,Desktop,Returning
1633,Bronze,7,3,1,2,1,2024-10-07,2025-03-18,162,160,4,115.77,East,Desktop,New
1637,Bronze,7,2,2,2,1,2025-05-23,2025-07-04,42,52,2,121.62,North,Desktop,Returning
1640,Bronze,7,3,1,2,1,2025-02-07,2025-05-26,108,91,3,171.38,West,Desktop,Returning
1651,Bronze,7,3,1,2,1,2025-01-08,2025-06-07,150,79,2,9.15,International,Tablet,Returning
1670,Bronze,7,3,1,2,1,2025-01-05,2025-06-23,169,63,3,41.91,Central,Mobile,Returning
1685,Bronze,7,3,1,2,1,2025-01-04,2025-04-27,113,120,2,133.31,Central,Desktop,Returning
1696,Bronze,7,3,1,2,1,2024-09-12,2025-01-24,134,213,4,158.05,Central,Desktop,Returning
1701,Bronze,7,3,1,2,1,2024-08-26,2025-02-18,176,188,5,282.31,Central,Desktop,New
1704,Bronze,7,3,1,2,1,2024-08-26,2025-01-17,144,220,3,226.88,Central,Mobile,Returning
1739,Bronze,7,3,1,2,1,2024-08-31,2025-01-29,151,208,2,195.58,North,Desktop,Returning
1746,Bronze,7,3,1,2,1,2024-12-05,2025-03-18,103,160,2,58.89,International,Mobile,Returning
1747,Bronze,7,2,2,2,1,2025-05-30,2025-07-09,40,47,3,139.50,North,Desktop,New
1751,Bronze,7,3,1,2,1,2025-02-27,2025-05-29,91,88,3,198.96,East,Mobile,Returning
1754,Bronze,7,3,1,2,1,2025-01-08,2025-06-16,159,70,4,257.19,Central,Desktop,New
1775,Bronze,7,3,1,2,1,2024-09-01,2025-02-13,165,193,3,217.34,North,Desktop,New
1783,Bronze,7,3,1,2,1,2024-09-29,2025-02-22,146,184,3,89.82,East,Desktop,New
1785,Bronze,7,3,1,2,1,2024-10-16,2025-03-31,166,147,5,377.01,Central,Desktop,New
1790,Bronze,7,3,1,2,1,2024-09-15,2025-01-03,110,234,4,108.75,East,Desktop,New
1795,Bronze,7,3,1,2,1,2024-12-14,2025-05-07,144,110,5,200.14,East,Desktop,New
1796,Bronze,7,3,1,2,1,2024-12-12,2025-06-05,175,81,4,259.57,International,Desktop,Returning
1797,Bronze,7,3,1,2,1,2024-09-12,2025-02-09,150,197,2,121.57,International,Tablet,Returning
1809,Bronze,7,3,1,2,1,2024-10-18,2025-03-18,151,160,3,40.90,Central,Desktop,New
1810,Bronze,7,3,1,2,1,2024-10-15,2025-01-21,98,216,3,132.38,Central,Mobile,New
1818,Bronze,7,3,1,2,1,2024-12-07,2025-05-10,154,107,2,136.05,Central,Desktop,Returning
1825,Bronze,7,3,1,2,1,2024-12-10,2025-04-26,137,121,4,155.26,Central,Desktop,New
1828,Bronze,7,3,1,2,1,2024-12-26,2025-04-01,96,146,2,156.22,South,Tablet,Returning
1853,Bronze,7,1,4,1,1,2025-08-14,2025-08-14,0,11,1,8.38,Central,Mobile,Returning
1861,Bronze,7,2,2,2,1,2025-05-01,2025-07-13,73,43,2,142.02,East,Tablet,Returning
1875,Bronze,7,3,1,2,1,2025-01-16,2025-06-04,139,82,5,198.64,East,Desktop,Returning
1878,Bronze,7,3,1,2,1,2024-11-20,2025-04-22,153,125,3,139.15,Central,Tablet,Returning
1907,Bronze,7,3,1,2,1,2025-01-25,2025-05-17,112,100,4,204.31,East,Desktop,Returning
1912,Bronze,7,3,1,2,1,2024-10-08,2025-03-07,150,171,2,34.82,Central,Mobile,New
1916,Bronze,7,3,1,2,1,2024-09-18,2025-02-24,159,182,4,197.79,Central,Desktop,New
1932,Bronze,7,3,1,2,1,2025-03-10,2025-06-22,104,64,2,141.88,South,Desktop,Returning
1933,Bronze,7,3,1,2,1,2025-01-20,2025-05-02,102,115,5,367.92,Central,Desktop,New
1943,Bronze,7,3,1,2,1,2025-01-08,2025-05-01,113,116,2,248.77,Central,Desktop,Returning
1945,Bronze,7,3,1,2,1,2025-01-31,2025-06-02,122,84,5,274.97,East,Desktop,New
1948,Bronze,7,3,1,2,1,2024-12-23,2025-06-11,170,75,3,159.17,East,Desktop,New
1951,Bronze,7,3,1,2,1,2024-11-29,2025-03-13,104,165,2,79.26,Central,Desktop,New
1955,Bronze,7,3,1,2,1,2024-10-05,2025-02-25,143,181,5,170.72,East,Desktop,New
1958,Bronze,7,3,1,2,1,2024-10-20,2025-04-03,165,144,4,116.11,Central,Mobile,Returning
1969,Bronze,7,3,1,2,1,2024-09-09,2025-03-01,173,177,4,299.01,Central,Desktop,New
1972,Bronze,7,2,1,3,1,2025-02-15,2025-04-11,55,136,6,192.68,Central,Desktop,Returning
1973,Bronze,7,1,4,1,1,2025-08-15,2025-08-15,0,10,1,59.48,South,Tablet,Returning
1979,Bronze,7,3,1,2,1,2025-03-15,2025-06-13,90,73,2,83.85,North,Desktop,New
1989,Bronze,7,3,1,2,1,2025-03-11,2025-06-24,105,62,2,50.61,Central,Mobile,New
1994,Bronze,7,3,1,2,1,2025-03-04,2025-06-15,103,71,3,151.96,East,Desktop,Returning
1996,Bronze,7,3,1,2,1,2024-09-23,2025-01-09,108,228,2,99.94,South,Desktop,New
2001,Bronze,7,3,1,2,1,2024-10-15,2025-03-26,162,152,3,174.13,East,Mobile,New
2003,Bronze,7,3,1,2,1,2024-10-14,2025-03-27,164,151,2,171.77,East,Tablet,Returning
2013,Bronze,7,3,1,2,1,2024-10-17,2025-03-08,142,170,5,202.57,International,Desktop,Returning
2014,Bronze,7,3,1,2,1,2024-12-07,2025-06-02,177,84,3,293.08,North,Mobile,Returning
2016,Bronze,7,3,1,2,1,2025-01-05,2025-05-25,140,92,2,21.17,South,Mobile,Returning
2026,Bronze,7,3,1,2,1,2025-01-15,2025-06-24,160,62,4,348.67,Central,Desktop,Returning
2035,Bronze,7,3,1,2,1,2024-09-25,2025-02-13,141,193,3,145.21,East,Desktop,Returning
2058,Bronze,7,3,1,2,1,2024-10-11,2025-01-14,95,223,3,300.52,Central,Mobile,Returning
2068,Bronze,7,3,1,2,1,2024-10-07,2025-04-02,177,145,4,243.96,Central,Desktop,New
2070,Bronze,7,3,1,2,1,2024-11-24,2025-04-11,138,136,3,261.43,Central,Desktop,New
2073,Bronze,7,3,1,2,1,2024-12-15,2025-04-26,132,121,2,112.52,South,Desktop,New
2076,Bronze,7,3,1,2,1,2024-10-18,2025-03-27,160,151,4,191.28,Central,Desktop,Returning
2083,Bronze,7,3,1,2,1,2024-11-30,2025-04-02,123,145,3,120.50,International,Desktop,Returning
2091,Bronze,7,3,1,2,1,2024-11-09,2025-03-23,134,155,4,354.92,East,Mobile,New
2092,Bronze,7,3,1,2,1,2024-12-08,2025-04-11,124,136,3,71.33,International,Desktop,New
2098,Bronze,7,3,1,2,1,2024-11-25,2025-04-11,137,136,3,110.89,East,Mobile,New
2102,Bronze,7,3,1,2,1,2025-02-05,2025-06-14,129,72,3,298.84,Central,Desktop,New
2104,Bronze,7,3,1,2,1,2024-10-12,2025-04-02,172,145,4,227.86,Central,Desktop,Returning
2105,Bronze,7,3,1,2,1,2024-09-06,2024-12-23,108,245,2,119.90,East,Desktop,New
2107,Bronze,7,3,1,2,1,2024-09-21,2024-12-31,101,237,2,80.54,West,Mobile,Returning
2114,Bronze,7,3,1,2,1,2024-11-08,2025-05-05,178,112,2,145.75,Central,Mobile,Returning
2115,Bronze,7,3,1,2,1,2024-09-02,2024-12-22,111,246,3,257.09,East,Desktop,New
2123,Bronze,7,3,1,2,1,2024-11-04,2025-03-12,128,166,4,127.99,Central,Desktop,New
2124,Bronze,7,3,1,2,1,2024-11-30,2025-03-11,101,167,2,17.48,South,Mobile,Returning
2140,Bronze,7,3,1,2,1,2024-09-20,2025-02-12,145,194,3,261.52,International,Desktop,New
2149,Bronze,7,3,1,2,1,2024-12-03,2025-04-03,121,144,3,146.86,East,Mobile,New
2156,Bronze,7,3,1,2,1,2024-11-25,2025-05-16,172,101,2,91.17,East,Tablet,Returning
2158,Bronze,7,3,1,2,1,2024-10-25,2025-04-05,162,142,3,182.52,South,Desktop,New
2160,Bronze,7,3,1,2,1,2024-08-28,2025-02-06,162,200,3,160.53,Central,Mobile,Returning
2163,Bronze,7,3,1,2,1,2024-10-05,2025-03-25,171,153,2,67.48,International,Mobile,Returning
2175,Bronze,7,3,1,2,1,2024-10-13,2025-03-19,157,159,3,175.78,Central,Desktop,Returning
2180,Bronze,7,3,1,2,1,2025-01-06,2025-05-28,142,89,2,127.69,South,Mobile,New
2181,Bronze,7,3,1,2,1,2024-11-21,2025-04-25,155,122,3,115.27,International,Desktop,Returning
2184,Bronze,7,2,2,2,1,2025-05-01,2025-07-09,69,47,3,147.82,International,Mobile,Returning
2186,Bronze,7,3,1,2,1,2025-01-17,2025-06-12,146,74,5,179.20,Central,Desktop,New
2197,Bronze,7,3,1,2,1,2025-01-28,2025-05-12,104,105,3,108.86,Central,Desktop,Returning
2202,Bronze,7,3,1,2,1,2024-12-20,2025-06-03,165,83,5,247.28,East,Mobile,New
2205,Bronze,7,3,1,2,1,2024-11-07,2025-03-31,144,147,4,139.79,East,Desktop,Returning
2206,Bronze,7,3,1,2,1,2025-01-14,2025-06-02,139,84,2,108.16,East,Desktop,Returning
2207,Bronze,7,3,1,2,1,2024-09-06,2025-01-21,137,216,3,162.29,International,Desktop,New
2209,Bronze,7,3,1,2,1,2025-01-29,2025-05-15,106,102,2,18.47,West,Desktop,Returning
2218,Bronze,7,3,1,2,1,2024-10-30,2025-03-19,140,159,3,200.31,North,Desktop,New
2238,Bronze,7,3,1,2,1,2025-01-06,2025-06-22,167,64,2,206.76,Central,Desktop,Returning
2250,Bronze,7,3,1,2,1,2024-11-18,2025-04-05,138,142,2,104.32,Central,Desktop,Returning
2265,Bronze,7,3,1,2,1,2024-10-03,2025-03-09,157,169,4,252.85,Central,Desktop,New
2268,Bronze,7,3,1,2,1,2024-09-17,2025-02-24,160,182,5,205.33,East,Desktop,New
2270,Bronze,7,3,1,2,1,2024-10-07,2025-02-10,126,196,5,225.99,International,Desktop,New
2271,Bronze,7,3,1,2,1,2024-11-16,2025-04-20,155,127,2,89.79,Central,Desktop,Returning
2273,Bronze,7,3,1,2,1,2024-11-15,2025-03-27,132,151,4,297.80,Central,Mobile,New
2289,Bronze,7,3,1,2,1,2024-11-16,2025-03-28,132,150,3,195.86,Central,Desktop,Returning
2307,Bronze,7,3,1,2,1,2024-08-28,2024-12-29,123,239,4,210.89,Central,Desktop,New
2314,Bronze,7,3,1,2,1,2024-12-22,2025-04-23,122,124,2,57.44,International,Mobile,Returning
2315,Bronze,7,3,1,2,1,2024-10-26,2025-04-13,169,134,3,196.62,International,Desktop,New
2317,Bronze,7,2,2,2,1,2025-04-20,2025-07-15,86,41,4,196.96,Central,Desktop,Returning
2331,Bronze,7,3,1,2,1,2024-12-25,2025-06-10,167,76,3,229.12,East,Desktop,Returning
2343,Bronze,7,3,1,2,1,2024-10-09,2025-02-28,142,178,4,176.81,East,Desktop,Returning
2353,Bronze,7,3,1,2,1,2024-09-25,2025-03-07,163,171,3,228.24,Central,Desktop,Returning
2361,Bronze,7,3,1,2,1,2024-09-03,2025-01-07,126,230,4,139.38,South,Desktop,New
2371,Bronze,7,3,1,2,1,2024-09-22,2025-02-25,156,181,3,54.37,Central,Tablet,Returning
2379,Bronze,7,3,1,2,1,2025-01-29,2025-05-23,114,94,3,144.79,International,Desktop,Returning
2380,Bronze,7,3,1,2,1,2024-09-25,2025-02-05,133,201,4,202.20,Central,Desktop,Returning
2385,Bronze,7,3,1,2,1,2024-12-17,2025-04-20,124,127,4,77.09,Central,Mobile,Returning
2390,Bronze,7,3,1,2,1,2025-01-22,2025-05-30,128,87,4,157.57,International,Desktop,New
2398,Bronze,7,3,1,2,1,2024-11-28,2025-05-08,161,109,4,186.20,Central,Mobile,New
2422,Bronze,7,3,1,2,1,2024-12-18,2025-06-08,172,78,4,168.79,North,Desktop,New
2429,Bronze,7,3,1,2,1,2024-10-05,2025-02-24,142,182,5,324.31,Central,Desktop,New
2437,Bronze,7,3,1,2,1,2024-11-22,2025-03-19,117,159,5,260.91,Central,Desktop,New
2439,Bronze,7,2,2,2,1,2025-04-26,2025-07-10,75,46,3,69.98,International,Desktop,New
2440,Bronze,7,3,1,2,1,2024-10-10,2025-01-15,97,222,3,194.24,Central,Desktop,Returning
2453,Bronze,7,3,1,2,1,2024-10-09,2025-03-27,169,151,5,318.36,Central,Desktop,New
2468,Bronze,7,2,2,2,1,2025-04-19,2025-07-11,83,45,4,100.46,East,Desktop,New
2476,Bronze,7,3,1,2,1,2024-10-13,2025-04-08,177,139,3,208.75,Central,Desktop,New
2477,Bronze,7,3,1,2,1,2025-02-07,2025-06-02,115,84,4,112.29,Central,Desktop,Returning
2492,Bronze,7,3,1,2,1,2024-09-15,2025-02-10,148,196,4,161.42,Central,Mobile,New
2493,Bronze,7,3,1,2,1,2024-09-09,2025-02-20,164,186,3,35.33,East,Desktop,New
2494,Bronze,7,3,1,2,1,2025-02-21,2025-06-11,110,75,5,327.65,East,Desktop,New
2496,Bronze,7,3,1,2,1,2024-12-06,2025-03-24,108,154,5,347.86,International,Desktop,New
2499,Bronze,7,3,1,2,1,2024-10-03,2025-02-07,127,199,5,218.51,International,Desktop,New
2511,Bronze,7,2,2,2,1,2025-05-25,2025-07-25,61,31,2,254.42,Central,Desktop,Returning
2515,Bronze,7,3,1,2,1,2024-08-29,2024-12-22,115,246,3,188.91,East,Desktop,Returning
2518,Bronze,7,3,1,2,1,2024-12-28,2025-05-02,125,115,2,27.66,East,Desktop,Returning
2525,Bronze,7,3,1,2,1,2024-09-21,2025-02-25,157,181,4,215.54,North,Mobile,Returning
2526,Bronze,7,3,1,2,1,2024-11-06,2025-04-16,161,131,5,346.57,Central,Desktop,Returning
2529,Bronze,7,3,1,2,1,2024-09-27,2025-01-11,106,226,2,106.72,North,Desktop,Returning
2533,Bronze,7,3,1,2,1,2024-12-04,2025-05-31,178,86,4,236.38,East,Desktop,New
2541,Bronze,7,3,1,2,1,2024-11-13,2025-04-23,161,124,3,83.10,Central,Desktop,Returning
2544,Bronze,7,3,1,2,1,2024-12-20,2025-04-09,110,138,4,256.25,Central,Desktop,New
2557,Bronze,7,3,1,2,1,2024-09-26,2025-03-17,172,161,5,187.50,East,Desktop,New
2562,Bronze,7,3,1,2,1,2025-01-25,2025-05-06,101,111,3,281.87,International,Desktop,Returning
2573,Bronze,7,3,1,2,1,2025-01-12,2025-06-08,147,78,4,72.12,Central,Desktop,New
2578,Bronze,7,3,1,2,1,2025-02-19,2025-05-31,101,86,2,69.33,Central,Mobile,New
2583,Bronze,7,3,1,2,1,2024-11-14,2025-04-23,160,124,3,133.68,Central,Desktop,New
2585,Bronze,7,3,1,2,1,2024-10-16,2025-01-20,96,217,4,332.05,International,Desktop,Returning
2587,Bronze,7,3,1,2,1,2024-10-23,2025-01-25,94,212,2,102.50,South,Desktop,Returning
2600,Bronze,7,3,1,2,1,2025-01-29,2025-05-01,92,116,5,146.13,Central,Desktop,Returning
2610,Bronze,7,3,1,2,1,2024-10-04,2025-01-23,111,214,4,170.57,East,Desktop,New
2614,Bronze,7,3,1,2,1,2024-09-11,2024-12-23,103,245,3,119.54,International,Desktop,Returning
2639,Bronze,7,2,2,2,1,2025-04-27,2025-07-03,67,53,2,28.24,South,Desktop,New
2640,Bronze,7,3,1,2,1,2025-01-02,2025-04-03,91,144,2,110.06,East,Mobile,New
2641,Bronze,7,3,1,2,1,2024-10-26,2025-03-26,151,152,4,219.65,International,Desktop,Returning
2644,Bronze,7,3,1,2,1,2024-10-21,2025-02-25,127,181,2,213.00,Central,Mobile,Returning
2649,Bronze,7,3,1,2,1,2025-01-15,2025-05-19,124,98,2,190.79,Central,Desktop,New
2666,Bronze,7,3,1,2,1,2024-10-21,2025-04-12,173,135,3,146.69,East,Desktop,New
2670,Bronze,7,3,1,2,1,2024-10-07,2025-03-03,147,175,2,161.96,International,Mobile,Returning
2676,Bronze,7,3,1,2,1,2024-11-14,2025-03-01,107,177,5,384.75,Central,Desktop,Returning
2680,Bronze,7,3,1,2,1,2024-11-16,2025-04-19,154,128,2,59.46,East,Desktop,Returning
2693,Bronze,7,3,1,2,1,2024-09-18,2025-01-20,124,217,3,77.32,East,Desktop,New
2697,Bronze,7,3,1,2,1,2024-10-02,2025-01-25,115,212,5,381.03,Central,Desktop,Returning
2698,Bronze,7,3,1,2,1,2024-12-16,2025-04-07,112,140,2,178.24,North,Desktop,New
2708,Bronze,7,3,1,2,1,2024-10-04,2025-02-08,127,198,2,89.60,North,Tablet,Returning
2718,Bronze,7,3,1,2,1,2025-02-07,2025-05-18,100,99,2,31.88,Central,Desktop,New
2720,Bronze,7,3,1,2,1,2024-11-07,2025-04-11,155,136,2,84.24,South,Tablet,New
2729,Bronze,7,3,1,2,1,2024-09-03,2025-01-15,134,222,3,135.72,International,Desktop,New
2730,Bronze,7,3,1,2,1,2025-02-08,2025-06-11,123,75,2,52.48,East,Mobile,Returning
2731,Bronze,7,3,1,2,1,2024-09-16,2025-02-08,145,198,2,10.56,East,Mobile,Returning
2737,Bronze,7,3,1,2,1,2025-02-20,2025-06-13,113,73,3,260.32,Central,Mobile,New
2749,Bronze,7,3,1,2,1,2024-11-11,2025-04-11,151,136,2,53.46,East,Desktop,Returning
2753,Bronze,7,3,1,2,1,2025-01-23,2025-06-25,153,61,3,118.92,East,Mobile,Returning
2755,Bronze,7,2,2,2,1,2025-05-26,2025-07-03,38,53,2,86.17,East,Mobile,New
2763,Bronze,7,3,1,2,1,2025-02-03,2025-05-16,102,101,4,197.36,International,Desktop,New
2767,Bronze,7,3,1,2,1,2024-10-04,2025-04-01,179,146,3,270.60,East,Desktop,Returning
2775,Bronze,7,3,1,2,1,2024-10-07,2025-03-15,159,163,2,180.11,East,Desktop,Returning
2784,Bronze,7,3,1,2,1,2024-09-17,2025-03-15,179,163,5,335.35,Central,Desktop,New
2798,Bronze,7,3,1,2,1,2024-12-22,2025-05-28,157,89,2,178.73,East,Desktop,Returning
2807,Bronze,7,3,1,2,1,2024-11-20,2025-04-13,144,134,4,237.55,East,Desktop,New
2813,Bronze,7,3,1,2,1,2024-11-07,2025-02-12,97,194,5,357.02,East,Desktop,Returning
2815,Bronze,7,3,1,2,1,2024-12-01,2025-04-05,125,142,4,220.61,Central,Mobile,Returning
2823,Bronze,7,3,1,2,1,2024-10-11,2025-04-03,174,144,4,308.60,Central,Desktop,New
2827,Bronze,7,3,1,2,1,2024-11-11,2025-04-12,152,135,3,35.36,South,Desktop,Returning
2844,Bronze,7,3,1,2,1,2024-12-05,2025-04-11,127,136,5,371.16,Central,Desktop,New
2846,Bronze,7,3,1,2,1,2024-10-20,2025-03-20,151,158,4,225.63,International,Desktop,New
2855,Bronze,7,3,1,2,1,2024-09-28,2025-02-15,140,191,5,148.75,East,Desktop,New
2856,Bronze,7,3,1,2,1,2025-02-27,2025-05-31,93,86,3,161.58,Central,Desktop,Returning
2857,Bronze,7,3,1,2,1,2024-12-24,2025-06-18,176,68,3,191.31,International,Desktop,Returning
2858,Bronze,7,3,1,2,1,2025-01-05,2025-06-15,161,71,3,113.15,International,Mobile,New
2866,Bronze,7,2,2,2,1,2025-05-03,2025-07-08,66,48,5,302.19,East,Desktop,New
2868,Bronze,7,3,1,2,1,2024-10-09,2025-02-04,118,202,3,117.74,East,Mobile,Returning
2869,Bronze,7,3,1,2,1,2024-11-13,2025-03-31,138,147,2,57.00,East,Mobile,New
2891,Bronze,7,3,1,2,1,2024-12-29,2025-04-07,99,140,2,35.90,Central,Desktop,Returning
2892,Bronze,7,3,1,2,1,2025-02-13,2025-06-25,132,61,4,329.11,Central,Desktop,New
2898,Bronze,7,3,1,2,1,2024-10-15,2025-02-17,125,189,3,244.28,South,Desktop,Returning
2901,Bronze,7,3,1,2,1,2024-12-25,2025-04-09,105,138,2,20.36,East,Desktop,New
2905,Bronze,7,3,1,2,1,2024-10-03,2025-03-27,175,151,4,130.30,Central,Desktop,Returning
2907,Bronze,7,3,1,2,1,2024-09-08,2025-02-16,161,190,3,110.11,International,Desktop,New
2914,Bronze,7,3,1,2,1,2024-09-12,2025-03-05,174,173,5,232.79,Central,Desktop,Returning
2916,Bronze,7,3,1,2,1,2024-10-13,2025-02-15,125,191,4,230.50,East,Desktop,New
2918,Bronze,7,3,1,2,1,2024-10-18,2025-02-27,132,179,5,432.76,Central,Desktop,Returning
2923,Bronze,7,3,1,2,1,2024-12-18,2025-04-01,104,146,3,279.32,East,Desktop,New
2947,Bronze,7,3,1,2,1,2024-12-15,2025-04-17,123,130,3,134.33,International,Tablet,New
2954,Bronze,7,3,1,2,1,2024-12-24,2025-06-12,170,74,4,64.14,International,Desktop,Returning
2957,Bronze,7,1,4,1,1,2025-08-18,2025-08-18,0,7,1,29.04,East,Tablet,Returning
2961,Bronze,7,3,1,2,1,2024-10-21,2025-01-30,101,207,3,33.49,Central,Desktop,Returning
2968,Bronze,7,2,2,2,1,2025-06-16,2025-07-18,32,38,3,265.88,East,Desktop,Returning
2971,Bronze,7,3,1,2,1,2025-01-21,2025-06-24,154,62,3,80.40,East,Desktop,New
2974,Bronze,7,3,1,2,1,2024-12-02,2025-03-31,119,147,4,326.94,International,Desktop,Returning
2977,Bronze,7,3,1,2,1,2024-11-11,2025-03-26,135,152,2,61.55,Central,Mobile,Returning
2980,Bronze,7,3,1,2,1,2025-01-08,2025-06-12,155,74,3,171.46,Central,Desktop,New
2989,Bronze,7,3,1,2,1,2024-10-06,2025-04-02,178,145,4,240.18,Central,Mobile,Returning
2996,Bronze,7,3,1,2,1,2025-03-12,2025-06-15,95,71,2,111.42,International,Desktop,New
3000,Bronze,7,3,1,2,1,2024-09-29,2025-03-07,159,171,4,249.36,East,Desktop,New
3014,Bronze,7,3,1,2,1,2024-10-13,2025-03-22,160,156,2,137.22,International,Desktop,Returning
3015,Bronze,7,3,1,2,1,2024-12-22,2025-05-19,148,98,3,197.37,Central,Desktop,Returning
3019,Bronze,7,3,1,2,1,2024-10-19,2025-02-16,120,190,4,192.83,North,Mobile,New
3021,Bronze,7,3,1,2,1,2024-10-26,2025-02-05,102,201,2,218.48,East,Desktop,Returning
3023,Bronze,7,3,1,2,1,2024-10-17,2025-02-01,107,205,2,22.45,East,Mobile,Returning
3041,Bronze,7,3,1,2,1,2024-10-23,2025-03-14,142,164,3,114.76,Central,Mobile,Returning
3067,Bronze,7,3,1,2,1,2024-12-03,2025-04-02,120,145,3,64.65,Central,Desktop,New
3073,Bronze,7,3,1,2,1,2024-12-16,2025-04-17,122,130,2,78.90,Central,Desktop,New
3074,Bronze,7,3,1,2,1,2024-09-25,2025-03-08,164,170,4,208.73,International,Mobile,Returning
3076,Bronze,7,3,1,2,1,2024-10-26,2025-04-06,162,141,2,68.39,East,Desktop,Returning
3080,Bronze,7,3,1,2,1,2024-09-09,2025-01-01,114,236,3,149.35,Central,Desktop,Returning
3087,Bronze,7,3,1,2,1,2024-12-14,2025-05-27,164,90,5,402.19,Central,Desktop,Returning
3095,Bronze,7,2,2,2,1,2025-06-05,2025-07-18,43,38,2,143.04,Central,Desktop,Returning
3101,Bronze,7,3,1,2,1,2025-01-09,2025-05-28,139,89,5,251.49,Central,Mobile,Returning
3102,Bronze,7,2,2,2,1,2025-04-06,2025-07-04,89,52,2,45.65,East,Mobile,Returning
3145,Bronze,7,3,1,2,1,2025-03-16,2025-06-21,97,65,5,149.83,Central,Mobile,New
3147,Bronze,7,3,1,2,1,2024-10-23,2025-04-20,179,127,4,226.54,East,Desktop,Returning
3152,Bronze,7,3,1,2,1,2024-12-24,2025-06-17,175,69,3,117.20,Central,Mobile,Returning
3165,Bronze,7,3,1,2,1,2025-03-02,2025-06-03,93,83,5,249.82,Central,Desktop,New
3166,Bronze,7,3,1,2,1,2025-01-05,2025-05-20,135,97,2,80.00,North,Mobile,Returning
3170,Bronze,7,3,1,2,1,2024-09-18,2025-01-10,114,227,4,202.89,Central,Desktop,New
3174,Bronze,7,3,1,2,1,2024-12-17,2025-06-13,178,73,2,42.52,Central,Desktop,New
3180,Bronze,7,3,1,2,1,2025-01-09,2025-05-14,125,103,2,64.38,International,Desktop,Returning
3182,Bronze,7,3,1,2,1,2024-08-27,2025-02-13,170,193,3,214.62,West,Mobile,New
3184,Bronze,7,3,1,2,1,2025-01-16,2025-05-17,121,100,3,205.16,North,Desktop,New
3188,Bronze,7,3,1,2,1,2024-12-11,2025-03-18,97,160,2,56.37,East,Desktop,Returning
3192,Bronze,7,3,1,2,1,2025-01-26,2025-06-11,136,75,3,168.70,East,Mobile,New
3197,Bronze,7,3,1,2,1,2025-01-13,2025-06-03,141,83,2,28.71,International,Desktop,New
3200,Bronze,7,3,1,2,1,2024-09-03,2024-12-19,107,249,4,94.70,East,Mobile,Returning
3201,Bronze,7,3,1,2,1,2025-02-02,2025-05-03,90,114,3,212.70,East,Mobile,Returning
3219,Bronze,7,3,1,2,1,2024-09-07,2025-01-27,142,210,2,248.14,Central,Desktop,Returning
3235,Bronze,7,3,1,2,1,2024-09-01,2025-02-21,173,185,2,91.54,North,Mobile,New
3246,Bronze,7,3,1,2,1,2025-01-21,2025-04-21,90,126,2,26.89,West,Desktop,New
3256,Bronze,7,3,1,2,1,2024-09-03,2025-01-03,122,234,3,148.51,East,Desktop,Returning
3276,Bronze,7,3,1,2,1,2024-12-24,2025-06-17,175,69,3,231.70,North,Mobile,Returning
3291,Bronze,7,3,1,2,1,2025-02-28,2025-06-02,94,84,4,271.36,Central,Desktop,New
3293,Bronze,7,3,1,2,1,2024-11-10,2025-03-30,140,148,4,140.43,Central,Desktop,Returning
3305,Bronze,7,3,1,2,1,2025-01-17,2025-06-15,149,71,3,187.32,Central,Desktop,New
3306,Bronze,7,3,1,2,1,2024-09-11,2024-12-13,93,255,5,343.38,Central,Desktop,New
3307,Bronze,7,3,1,2,1,2024-08-29,2024-12-04,97,264,3,254.90,International,Desktop,New
3315,Bronze,7,3,1,2,1,2025-01-25,2025-06-04,130,82,2,58.63,Central,Mobile,Returning
3329,Bronze,7,3,1,2,1,2024-10-07,2025-01-08,93,229,3,65.08,East,Desktop,Returning
3336,Bronze,7,3,1,2,1,2024-11-20,2025-03-16,116,162,2,47.91,South,Mobile,New
3344,Bronze,7,3,1,2,1,2024-12-21,2025-05-29,159,88,3,71.78,International,Desktop,New
3350,Bronze,7,3,1,2,1,2024-11-05,2025-04-16,162,131,2,22.87,Central,Desktop,Returning
3351,Bronze,7,3,1,2,1,2025-02-04,2025-06-22,138,64,2,154.40,Central,Mobile,Returning
3361,Bronze,7,2,2,2,1,2025-04-18,2025-07-16,89,40,4,264.42,North,Desktop,Returning
3366,Bronze,7,3,1,2,1,2025-01-26,2025-05-19,113,98,4,98.54,East,Desktop,New
3373,Bronze,7,3,1,2,1,2024-11-02,2025-04-23,172,124,2,86.69,Central,Mobile,Returning
3382,Bronze,7,3,1,2,1,2025-01-26,2025-05-22,116,95,3,102.26,Central,Desktop,New
3385,Bronze,7,3,1,2,1,2024-12-17,2025-05-15,149,102,2,147.20,International,Desktop,Returning
3386,Bronze,7,3,1,2,1,2025-01-20,2025-05-30,130,87,2,46.80,East,Desktop,Returning
3390,Bronze,7,3,1,2,1,2024-12-22,2025-04-04,103,143,2,121.19,East,Mobile,Returning
3393,Bronze,7,3,1,2,1,2024-12-07,2025-04-21,135,126,4,359.64,Central,Desktop,New
3395,Bronze,7,3,1,2,1,2024-09-20,2025-01-16,118,221,3,113.57,East,Mobile,Returning
3400,Bronze,7,3,1,2,1,2025-01-17,2025-06-05,139,81,4,264.85,International,Desktop,New
3401,Bronze,7,3,1,2,1,2025-01-07,2025-06-09,153,77,3,119.79,International,Desktop,Returning
3403,Bronze,7,3,1,2,1,2025-03-01,2025-06-25,116,61,5,321.81,East,Desktop,New
3407,Bronze,7,3,1,2,1,2025-02-17,2025-05-31,103,86,3,103.17,International,Desktop,New
3426,Bronze,7,3,1,2,1,2024-10-12,2025-03-23,162,155,4,200.49,International,Desktop,New
3431,Bronze,7,3,1,2,1,2024-12-07,2025-04-18,132,129,4,169.83,East,Mobile,Returning
3435,Bronze,7,3,1,2,1,2025-03-09,2025-06-18,101,68,3,95.40,Central,Mobile,New
3446,Bronze,7,3,1,2,1,2024-09-04,2024-12-19,106,249,4,279.87,Central,Desktop,Returning
3448,Bronze,7,3,1,2,1,2024-09-23,2025-01-04,103,233,3,36.04,East,Desktop,New
3467,Bronze,7,3,1,2,1,2024-12-28,2025-04-11,104,136,3,138.60,Central,Mobile,New
3470,Bronze,7,3,1,2,1,2024-09-19,2025-02-20,154,186,3,189.22,Central,Desktop,Returning
3471,Bronze,7,3,1,2,1,2024-09-22,2024-12-27,96,241,2,47.32,Central,Desktop,New
3475,Bronze,7,3,1,2,1,2025-03-01,2025-06-04,95,82,3,53.60,Central,Desktop,Returning
3477,Bronze,7,3,1,2,1,2024-12-08,2025-05-25,168,92,3,151.47,South,Desktop,New
3483,Bronze,7,3,1,2,1,2024-09-04,2025-02-18,167,188,4,113.96,East,Desktop,New
3489,Bronze,7,3,1,2,1,2025-01-10,2025-06-24,165,62,4,191.75,Central,Desktop,New
3492,Bronze,7,2,2,2,1,2025-05-14,2025-07-14,61,42,3,167.51,Central,Mobile,Returning
3494,Bronze,7,2,2,2,1,2025-05-02,2025-07-23,82,33,3,104.43,International,Tablet,New
3507,Bronze,7,3,1,2,1,2024-11-05,2025-04-30,176,117,5,361.67,Central,Desktop,Returning
3514,Bronze,7,3,1,2,1,2025-01-27,2025-06-01,125,85,5,300.99,East,Desktop,Returning
3516,Bronze,7,3,1,2,1,2024-12-10,2025-04-26,137,121,4,126.31,East,Desktop,New
3520,Bronze,7,3,1,2,1,2024-12-02,2025-05-24,173,93,3,164.21,Central,Desktop,Returning
3527,Bronze,7,3,1,2,1,2025-02-02,2025-06-06,124,80,2,170.08,Central,Mobile,Returning
3529,Bronze,7,3,1,2,1,2024-12-14,2025-04-05,112,142,2,30.30,North,Mobile,Returning
3530,Bronze,7,3,1,2,1,2024-12-27,2025-03-31,94,147,5,239.81,East,Desktop,Returning
3534,Bronze,7,3,1,2,1,2024-12-15,2025-05-08,144,109,4,205.03,Central,Desktop,New
3548,Bronze,7,3,1,2,1,2025-01-06,2025-05-04,118,113,5,374.09,Central,Desktop,Returning
3549,Bronze,7,3,1,2,1,2024-11-29,2025-03-11,102,167,3,82.62,East,Desktop,New
3550,Bronze,7,3,1,2,1,2024-10-13,2025-02-11,121,195,3,166.83,Central,Desktop,New
3554,Bronze,7,3,1,2,1,2024-09-20,2025-01-25,127,212,2,150.11,Central,Mobile,Returning
3581,Bronze,7,1,3,2,1,2025-07-28,2025-08-03,6,22,2,59.81,East,Desktop,New
3594,Bronze,7,3,1,2,1,2024-12-08,2025-03-09,91,169,2,28.28,North,Mobile,Returning
3598,Bronze,7,3,1,2,1,2024-10-26,2025-04-13,169,134,3,127.03,East,Mobile,New
3603,Bronze,7,3,1,2,1,2024-11-18,2025-05-08,171,109,3,163.90,Central,Desktop,New
3606,Bronze,7,3,1,2,1,2024-12-30,2025-05-10,131,107,3,66.92,East,Mobile,Returning
3616,Bronze,7,3,1,2,1,2024-11-30,2025-03-31,121,147,3,229.20,North,Desktop,Returning
3641,Bronze,7,3,1,2,1,2025-01-31,2025-06-01,121,85,4,302.85,East,Desktop,New
3649,Bronze,7,3,1,2,1,2025-02-08,2025-06-21,133,65,4,205.57,Central,Desktop,New
3655,Bronze,7,3,1,2,1,2024-11-30,2025-03-09,99,169,4,148.16,East,Desktop,New
3656,Bronze,7,1,4,1,1,2025-08-18,2025-08-18,0,7,1,90.48,East,Tablet,Returning
3658,Bronze,7,3,1,2,1,2025-03-03,2025-06-21,110,65,4,62.49,Central,Desktop,Returning
3660,Bronze,7,3,1,2,1,2024-09-16,2025-01-12,118,225,2,101.05,Central,Mobile,New
3661,Bronze,7,3,1,2,1,2024-11-08,2025-04-13,156,134,5,298.53,Central,Mobile,Returning
3670,Bronze,7,3,1,2,1,2024-09-09,2025-03-02,174,176,4,172.38,North,Desktop,Returning
3672,Bronze,7,3,1,2,1,2024-11-13,2025-04-17,155,130,5,305.64,North,Desktop,Returning
3674,Bronze,7,3,1,2,1,2024-11-21,2025-04-27,157,120,5,282.19,Central,Desktop,New
3692,Bronze,7,3,1,2,1,2024-11-28,2025-05-20,173,97,3,172.01,Central,Desktop,Returning
3702,Bronze,7,3,1,2,1,2024-12-08,2025-04-02,115,145,3,113.41,Central,Desktop,Returning
3704,Bronze,7,3,1,2,1,2024-08-26,2024-11-27,93,271,2,97.40,East,Desktop,Returning
3709,Bronze,7,3,1,2,1,2025-01-21,2025-06-01,131,85,3,227.25,Central,Desktop,New
3715,Bronze,7,3,1,2,1,2024-11-24,2025-05-22,179,95,4,254.37,Central,Desktop,Returning
3718,Bronze,7,1,4,1,1,2025-08-14,2025-08-14,0,11,1,88.11,Central,Tablet,Returning
3722,Bronze,7,3,1,2,1,2024-08-27,2024-12-20,115,248,4,124.17,Central,Mobile,Returning
3723,Bronze,7,3,1,2,1,2024-12-21,2025-05-13,143,104,2,41.63,East,Desktop,New
3727,Bronze,7,3,1,2,1,2024-11-04,2025-03-18,134,160,4,270.47,Central,Desktop,New
3732,Bronze,7,3,1,2,1,2024-11-06,2025-03-13,127,165,5,119.75,Central,Desktop,Returning
3742,Bronze,7,3,1,2,1,2024-11-15,2025-04-25,161,122,3,216.67,Central,Mobile,Returning
3743,Bronze,7,3,1,2,1,2024-11-10,2025-02-08,90,198,3,222.85,East,Desktop,Returning
3770,Bronze,7,3,1,2,1,2024-12-26,2025-04-24,119,123,2,78.68,Central,Mobile,New
3786,Bronze,7,3,1,2,1,2024-11-10,2025-03-26,136,152,4,218.95,Central,Desktop,New
3807,Bronze,7,3,1,2,1,2024-08-28,2025-02-10,166,196,3,220.37,Central,Desktop,Returning
3818,Bronze,7,3,1,2,1,2024-11-12,2025-04-18,157,129,3,203.38,International,Desktop,New
3827,Bronze,7,3,1,2,1,2024-09-08,2025-02-17,162,189,4,82.80,North,Desktop,New
3835,Bronze,7,3,1,2,1,2024-11-07,2025-04-19,163,128,2,191.85,Central,Desktop,Returning
3836,Bronze,7,3,1,2,1,2024-11-01,2025-03-20,139,158,2,247.67,International,Mobile,Returning
3842,Bronze,7,3,1,2,1,2024-12-07,2025-04-29,143,118,3,75.11,Central,Desktop,Returning
3843,Bronze,7,3,1,2,1,2024-10-19,2025-02-01,105,205,5,343.03,East,Desktop,Returning
3846,Bronze,7,3,1,2,1,2025-01-23,2025-04-23,90,124,2,82.32,East,Desktop,Returning
3858,Bronze,7,3,1,2,1,2024-10-18,2025-01-22,96,215,3,333.33,Central,Desktop,New
3862,Bronze,7,2,2,2,1,2025-04-25,2025-07-14,80,42,2,21.91,North,Tablet,New
3868,Bronze,7,3,1,2,1,2025-01-16,2025-05-26,130,91,3,122.59,Central,Desktop,New
3882,Bronze,7,3,1,2,1,2024-11-25,2025-02-25,92,181,2,38.36,East,Desktop,Returning
3883,Bronze,7,3,1,2,1,2024-09-06,2025-02-19,166,187,5,199.17,East,Desktop,New
3884,Bronze,7,3,1,2,1,2025-01-17,2025-05-04,107,113,2,85.73,International,Desktop,Returning
3889,Bronze,7,3,1,2,1,2024-09-19,2025-01-06,109,231,4,136.91,East,Desktop,Returning
3891,Bronze,7,3,1,2,1,2024-12-28,2025-05-16,139,101,4,175.16,East,Desktop,New
3894,Bronze,7,3,1,2,1,2025-01-02,2025-04-27,115,120,2,115.85,North,Tablet,Returning
3907,Bronze,7,3,1,2,1,2024-10-10,2025-03-01,142,177,5,260.68,Central,Desktop,New
3912,Bronze,7,3,1,2,1,2024-12-28,2025-05-22,145,95,4,277.80,Central,Desktop,Returning
3935,Bronze,7,3,1,2,1,2024-09-16,2024-12-22,97,246,3,39.95,East,Desktop,Returning
3939,Bronze,7,3,1,2,1,2024-11-27,2025-04-22,146,125,2,54.75,South,Mobile,Returning
3950,Bronze,7,3,1,2,1,2024-11-03,2025-02-14,103,192,3,67.78,Central,Desktop,New
3961,Bronze,7,3,1,2,1,2024-11-17,2025-02-24,99,182,3,113.64,International,Desktop,Returning
3966,Bronze,7,3,1,2,1,2024-09-12,2025-01-12,122,225,2,114.53,International,Mobile,New
3979,Bronze,7,2,2,2,1,2025-05-23,2025-07-08,46,48,2,48.53,North,Desktop,Returning
3985,Bronze,7,3,1,2,1,2024-12-05,2025-04-24,140,123,3,46.87,Central,Mobile,Returning
3999,Bronze,7,3,1,2,1,2024-10-02,2025-03-02,151,176,4,40.45,Central,Desktop,New
4001,Bronze,7,3,1,2,1,2024-12-08,2025-04-07,120,140,4,95.82,Central,Desktop,New
4002,Bronze,7,3,1,2,1,2024-10-20,2025-02-21,124,185,3,142.92,South,Mobile,Returning
4009,Bronze,7,3,1,2,1,2024-12-11,2025-03-19,98,159,2,78.41,East,Desktop,New
4014,Bronze,7,3,1,2,1,2024-10-04,2025-02-14,133,192,4,198.37,East,Desktop,New
4016,Bronze,7,3,1,2,1,2024-09-18,2025-02-28,163,178,4,159.26,Central,Desktop,Returning
4030,Bronze,7,3,1,2,1,2025-01-14,2025-04-29,105,118,3,180.42,International,Desktop,New
4035,Bronze,7,3,1,2,1,2024-09-02,2025-02-06,157,200,3,158.54,International,Tablet,New
4045,Bronze,7,3,1,2,1,2024-12-21,2025-04-29,129,118,4,231.75,North,Desktop,Returning
4055,Bronze,7,2,2,2,1,2025-05-16,2025-07-25,70,31,2,19.09,East,Tablet,Returning
4063,Bronze,7,3,1,2,1,2024-09-20,2025-01-28,130,209,3,87.96,North,Desktop,Returning
4077,Bronze,7,3,1,2,1,2024-09-06,2024-12-20,105,248,2,120.13,East,Desktop,Returning
4082,Bronze,7,3,1,2,1,2025-02-22,2025-05-30,97,87,2,142.80,International,Desktop,New
4100,Bronze,7,3,1,2,1,2024-12-15,2025-05-28,164,89,4,323.23,Central,Desktop,New
4101,Bronze,7,1,3,2,1,2025-07-03,2025-07-26,23,30,2,98.34,North,Tablet,New
4115,Bronze,7,3,1,2,1,2024-12-21,2025-06-13,174,73,4,381.80,Central,Desktop,New
4122,Bronze,7,3,1,2,1,2024-09-07,2025-02-22,168,184,3,48.67,East,Desktop,Returning
4129,Bronze,7,3,1,2,1,2024-09-23,2025-02-03,133,203,2,14.74,South,Desktop,Returning
4141,Bronze,7,3,1,2,1,2024-11-05,2025-02-17,104,189,2,79.02,East,Mobile,Returning
4142,Bronze,7,3,1,2,1,2024-11-26,2025-05-04,159,113,3,15.88,Central,Desktop,New
4146,Bronze,7,3,1,2,1,2024-08-28,2025-02-16,172,190,3,141.20,East,Desktop,New
4164,Bronze,7,3,1,2,1,2025-01-25,2025-05-24,119,93,2,186.46,International,Desktop,Returning
4166,Bronze,7,3,1,2,1,2024-12-16,2025-04-10,115,137,5,310.29,East,Desktop,New
4171,Bronze,7,3,1,2,1,2024-11-16,2025-05-07,172,110,4,137.82,East,Mobile,New
4173,Bronze,7,3,1,2,1,2024-12-18,2025-04-28,131,119,3,215.04,East,Desktop,Returning
4178,Bronze,7,3,1,2,1,2024-10-31,2025-04-09,160,138,5,270.23,Central,Mobile,Returning
4186,Bronze,7,3,1,2,1,2024-10-23,2025-03-28,156,150,2,74.63,West,Mobile,Returning
4191,Bronze,7,3,1,2,1,2025-01-17,2025-04-28,101,119,3,101.13,Central,Tablet,New
4192,Bronze,7,3,1,2,1,2024-10-04,2025-03-14,161,164,5,448.30,Central,Desktop,Returning
4205,Bronze,7,3,1,2,1,2025-01-24,2025-05-25,121,92,5,372.12,East,Desktop,New
4206,Bronze,7,3,1,2,1,2024-10-04,2025-03-21,168,157,5,326.26,International,Desktop,Returning
4211,Bronze,7,3,1,2,1,2024-12-16,2025-04-22,127,125,2,79.92,East,Desktop,New
4236,Bronze,7,3,1,2,1,2025-01-23,2025-06-07,135,79,2,155.65,International,Tablet,Returning
4243,Bronze,7,1,4,1,1,2025-08-13,2025-08-13,0,12,1,114.58,West,Mobile,Returning
4264,Bronze,7,3,1,2,1,2024-12-23,2025-04-07,105,140,3,197.31,Central,Desktop,Returning
4267,Bronze,7,3,1,2,1,2024-09-04,2025-01-13,131,224,3,120.01,East,Desktop,New
4269,Bronze,7,3,1,2,1,2024-11-01,2025-04-21,171,126,5,153.38,Central,Desktop,New
4280,Bronze,7,3,1,2,1,2025-01-11,2025-05-21,130,96,5,112.67,Central,Desktop,New
4285,Bronze,7,3,1,2,1,2024-10-24,2025-03-20,147,158,3,199.82,International,Mobile,Returning
4291,Bronze,7,3,1,2,1,2024-10-01,2025-02-01,123,205,3,128.03,Central,Mobile,New
4298,Bronze,7,3,1,2,1,2024-09-19,2025-03-02,164,176,2,52.13,East,Desktop,New
4299,Bronze,7,1,3,2,1,2025-07-14,2025-07-31,17,25,2,60.73,North,Mobile,New
4306,Bronze,7,3,1,2,1,2024-11-26,2025-05-07,162,110,3,98.98,Central,Desktop,Returning
4310,Bronze,7,3,1,2,1,2024-10-30,2025-04-13,165,134,4,290.24,East,Desktop,Returning
4316,Bronze,7,3,1,2,1,2024-11-14,2025-03-10,116,168,4,185.59,North,Desktop,Returning
4319,Bronze,7,3,1,2,1,2024-11-29,2025-05-23,175,94,2,51.01,North,Desktop,Returning
4326,Bronze,7,3,1,2,1,2024-10-06,2025-04-02,178,145,4,153.55,North,Desktop,New
4329,Bronze,7,3,1,2,1,2025-01-19,2025-04-23,94,124,5,155.99,East,Desktop,New
4339,Bronze,7,3,1,2,1,2025-01-21,2025-06-25,155,61,3,120.52,Central,Desktop,New
4351,Bronze,7,3,1,2,1,2025-01-11,2025-06-22,162,64,4,248.29,International,Desktop,Returning
4367,Bronze,7,3,1,2,1,2024-09-11,2025-01-11,122,226,3,152.56,Central,Desktop,Returning
4373,Bronze,7,3,1,2,1,2025-01-27,2025-05-31,124,86,2,120.03,Central,Tablet,New
4378,Bronze,7,3,1,2,1,2024-10-22,2025-03-02,131,176,5,416.37,Central,Desktop,New
4382,Bronze,7,3,1,2,1,2024-09-16,2025-03-10,175,168,2,134.41,Central,Desktop,New
4383,Bronze,7,3,1,2,1,2025-02-11,2025-06-11,120,75,2,49.87,International,Tablet,Returning
4384,Bronze,7,3,1,2,1,2024-11-09,2025-03-29,140,149,4,143.21,Central,Desktop,New
4387,Bronze,7,1,3,2,1,2025-08-01,2025-08-02,1,23,2,196.83,International,Desktop,Returning
4389,Bronze,7,3,1,2,1,2024-11-25,2025-03-19,114,159,3,169.14,Central,Desktop,New
4390,Bronze,7,3,1,2,1,2024-12-18,2025-05-11,144,106,3,138.99,Central,Mobile,Returning
4393,Bronze,7,3,1,2,1,2025-02-05,2025-06-24,139,62,3,146.91,Central,Desktop,Returning
4408,Bronze,7,3,1,2,1,2024-11-21,2025-04-09,139,138,4,95.36,Central,Tablet,New
4410,Bronze,7,3,1,2,1,2024-09-29,2025-03-03,155,175,5,209.20,East,Mobile,New
4423,Bronze,7,3,1,2,1,2024-12-06,2025-05-22,167,95,4,247.26,East,Mobile,New
4427,Bronze,7,3,1,2,1,2024-10-10,2025-04-06,178,141,3,66.02,East,Desktop,New
4438,Bronze,7,3,1,2,1,2025-01-19,2025-06-21,153,65,4,155.99,East,Desktop,New
4443,Bronze,7,3,1,2,1,2025-02-01,2025-05-08,96,109,4,181.42,Central,Tablet,New
4445,Bronze,7,3,1,2,1,2024-10-08,2025-03-21,164,157,5,422.72,North,Desktop,New
4450,Bronze,7,3,1,2,1,2025-01-24,2025-06-15,142,71,3,40.62,Central,Tablet,Returning
4457,Bronze,7,3,1,2,1,2025-02-02,2025-06-17,135,69,4,160.03,East,Desktop,New
4464,Bronze,7,3,1,2,1,2025-01-07,2025-04-07,90,140,3,170.40,Central,Mobile,Returning
4467,Bronze,7,3,1,2,1,2024-11-23,2025-04-05,133,142,3,138.05,South,Desktop,Returning
4473,Bronze,7,3,1,2,1,2024-08-28,2025-01-30,155,207,2,59.38,International,Desktop,New
4479,Bronze,7,3,1,2,1,2024-09-29,2025-02-23,147,183,2,153.94,Central,Mobile,Returning
4484,Bronze,7,3,1,2,1,2025-01-01,2025-05-26,145,91,3,137.37,North,Mobile,New
4487,Bronze,7,3,1,2,1,2024-12-05,2025-05-16,162,101,3,171.57,International,Desktop,New
4490,Bronze,7,2,2,2,1,2025-04-26,2025-07-22,87,34,3,187.65,International,Desktop,New
4497,Bronze,7,3,1,2,1,2024-10-29,2025-04-11,164,136,4,169.81,Central,Desktop,New
4502,Bronze,7,3,1,2,1,2024-11-16,2025-04-30,165,117,4,170.64,Central,Desktop,Returning
4511,Bronze,7,3,1,2,1,2024-09-07,2025-03-01,175,177,4,255.90,East,Desktop,Returning
4540,Bronze,7,3,1,2,1,2024-09-30,2025-01-17,109,220,2,138.59,International,Mobile,Returning
4542,Bronze,7,2,1,3,1,2025-02-11,2025-05-03,81,114,6,480.17,Central,Mobile,New
4545,Bronze,7,2,2,2,1,2025-05-28,2025-06-28,31,58,2,27.60,Central,Desktop,New
4555,Bronze,7,3,1,2,1,2025-01-16,2025-05-07,111,110,3,68.69,Central,Mobile,Returning
4558,Bronze,7,3,1,2,1,2024-09-06,2025-01-07,123,230,5,328.21,East,Mobile,New
4568,Bronze,7,3,1,2,1,2025-01-04,2025-06-15,162,71,5,160.41,Central,Mobile,New
4569,Bronze,7,3,1,2,1,2024-10-13,2025-03-16,154,162,4,262.63,Central,Desktop,New
4571,Bronze,7,3,1,2,1,2025-02-24,2025-05-30,95,87,3,150.29,International,Desktop,New
4583,Bronze,7,3,1,2,1,2024-11-02,2025-04-09,158,138,3,140.58,Central,Desktop,Returning
4594,Bronze,7,3,1,2,1,2024-11-27,2025-03-07,100,171,5,335.77,East,Desktop,New
4595,Bronze,7,2,2,2,1,2025-04-26,2025-07-21,86,35,3,341.58,East,Mobile,Returning
4597,Bronze,7,1,3,2,1,2025-07-27,2025-07-30,3,26,2,35.60,East,Desktop,Returning
4604,Bronze,7,3,1,2,1,2025-01-23,2025-06-15,143,71,4,210.80,Central,Desktop,Returning
4609,Bronze,7,3,1,2,1,2024-10-22,2025-03-19,148,159,4,152.90,Central,Desktop,New
4621,Bronze,7,3,1,2,1,2024-11-15,2025-05-06,172,111,3,97.91,Central,Desktop,New
4678,Bronze,7,3,1,2,1,2024-10-19,2025-02-11,115,195,3,94.61,East,Desktop,New
4683,Bronze,7,3,1,2,1,2024-09-02,2024-12-15,104,253,4,244.22,Central,Desktop,Returning
4684,Bronze,7,3,1,2,1,2025-02-03,2025-05-14,100,103,2,244.55,Central,Desktop,New
4688,Bronze,7,3,1,2,1,2024-12-07,2025-05-25,169,92,4,167.21,East,Desktop,New
4689,Bronze,7,3,1,2,1,2025-01-13,2025-06-10,148,76,3,117.21,North,Desktop,Returning
4691,Bronze,7,3,1,2,1,2024-12-18,2025-06-05,169,81,3,287.57,East,Desktop,New
4692,Bronze,7,3,1,2,1,2024-11-08,2025-03-20,132,158,2,54.90,East,Mobile,Returning
4693,Bronze,7,3,1,2,1,2024-11-22,2025-05-06,165,111,3,149.36,Central,Desktop,Returning
4695,Bronze,7,3,1,2,1,2025-02-03,2025-06-23,140,63,5,441.97,Central,Desktop,New
4710,Bronze,7,3,1,2,1,2024-09-28,2025-01-18,112,219,3,118.94,East,Desktop,Returning
4711,Bronze,7,3,1,2,1,2025-01-28,2025-05-26,118,91,3,71.15,East,Desktop,New
4722,Bronze,7,1,4,1,1,2025-08-10,2025-08-10,0,15,1,19.51,South,Tablet,New
4726,Bronze,7,3,1,2,1,2024-12-14,2025-05-11,148,106,2,195.86,South,Mobile,Returning
4731,Bronze,7,3,1,2,1,2024-12-26,2025-04-24,119,123,3,225.37,Central,Tablet,Returning
4740,Bronze,7,3,1,2,1,2024-10-29,2025-02-03,97,203,4,341.32,Central,Desktop,New
4757,Bronze,7,3,1,2,1,2024-11-10,2025-03-27,137,151,5,268.79,East,Desktop,New
4767,Bronze,7,3,1,2,1,2024-10-15,2025-03-30,166,148,4,134.25,Central,Desktop,New
4768,Bronze,7,3,1,2,1,2024-08-26,2025-02-11,169,195,3,180.37,International,Desktop,New
4799,Bronze,7,3,1,2,1,2024-10-01,2025-01-07,98,230,3,178.45,East,Desktop,New
4804,Bronze,7,3,1,2,1,2025-01-13,2025-06-06,144,80,2,57.10,International,Desktop,New
4810,Bronze,7,3,1,2,1,2024-11-24,2025-04-22,149,125,4,416.86,Central,Desktop,Returning
4813,Bronze,7,3,1,2,1,2024-12-27,2025-06-21,176,65,3,152.84,East,Desktop,New
4837,Bronze,7,3,1,2,1,2024-11-23,2025-05-20,178,97,4,455.95,East,Desktop,Returning
4847,Bronze,7,3,1,2,1,2025-01-12,2025-06-22,161,64,4,203.00,Central,Mobile,New
4849,Bronze,7,3,1,2,1,2024-12-16,2025-03-28,102,150,5,200.45,Central,Desktop,New
4853,Bronze,7,3,1,2,1,2024-09-06,2024-12-20,105,248,5,300.79,East,Desktop,Returning
4862,Bronze,7,3,1,2,1,2024-11-13,2025-04-06,144,141,2,82.38,South,Desktop,New
4888,Bronze,7,3,1,2,1,2024-12-18,2025-05-09,142,108,2,72.10,International,Tablet,Returning
4891,Bronze,7,3,1,2,1,2024-10-07,2025-04-01,176,146,4,100.46,Central,Desktop,Returning
4897,Bronze,7,3,1,2,1,2024-10-18,2025-03-27,160,151,2,72.80,Central,Mobile,Returning
4900,Bronze,7,3,1,2,1,2024-10-16,2025-04-05,171,142,3,111.18,Central,Mobile,New
4906,Bronze,7,3,1,2,1,2024-10-02,2025-03-28,177,150,4,290.20,Central,Mobile,New
4909,Bronze,7,3,1,2,1,2025-01-27,2025-06-05,129,81,3,169.22,Central,Desktop,New
4910,Bronze,7,3,1,2,1,2024-12-20,2025-05-24,155,93,4,189.87,East,Desktop,New
4917,Bronze,7,3,1,2,1,2024-08-28,2025-01-14,139,223,2,9.78,North,Desktop,Returning
4918,Bronze,7,3,1,2,1,2025-02-11,2025-06-01,110,85,4,302.58,International,Desktop,Returning
4922,Bronze,7,3,1,2,1,2024-09-17,2025-03-15,179,163,2,71.84,Central,Desktop,Returning
4923,Bronze,7,3,1,2,1,2024-10-22,2025-03-28,157,150,5,320.12,Central,Desktop,New
4930,Bronze,7,3,1,2,1,2024-11-26,2025-03-13,107,165,3,189.75,East,Desktop,New
4934,Bronze,7,3,1,2,1,2024-11-20,2025-03-05,105,173,3,326.71,East,Desktop,Returning
4937,Bronze,7,3,1,2,1,2024-10-14,2025-03-06,143,172,2,88.00,North,Tablet,Returning
4941,Bronze,7,3,1,2,1,2024-12-07,2025-05-17,161,100,4,125.67,International,Desktop,New
4942,Bronze,7,3,1,2,1,2024-09-19,2025-02-18,152,188,5,307.07,East,Desktop,New
4944,Bronze,7,3,1,2,1,2024-11-11,2025-02-15,96,191,4,315.33,East,Mobile,New
4945,Bronze,7,3,1,2,1,2024-10-04,2025-02-28,147,178,4,248.50,Central,Desktop,New
4948,Bronze,7,3,1,2,1,2024-09-03,2025-01-05,124,232,3,163.19,International,Desktop,Returning
4956,Bronze,7,2,2,2,1,2025-04-29,2025-07-13,75,43,2,124.80,Central,Mobile,Returning
4957,Bronze,7,2,2,2,1,2025-04-30,2025-07-09,70,47,3,308.93,International,Desktop,New
4960,Bronze,7,3,1,2,1,2024-09-24,2024-12-23,90,245,3,111.06,Central,Mobile,Returning
4969,Bronze,7,3,1,2,1,2025-01-31,2025-05-30,119,87,3,151.22,International,Desktop,New
3609,Bronze,6,2,1,2,1,2024-11-02,2024-12-26,54,242,2,172.95,North,Mobile,Returning
3617,Bronze,6,2,1,2,1,2024-11-23,2025-01-06,44,231,2,208.79,Central,Mobile,New
3623,Bronze,6,2,1,2,1,2025-01-01,2025-03-08,66,170,2,26.50,North,Mobile,Returning
3632,Bronze,6,2,1,2,1,2024-11-09,2025-01-19,71,218,3,194.59,East,Desktop,Returning
3696,Bronze,6,2,1,2,1,2025-03-29,2025-05-19,51,98,2,20.85,North,Desktop,Returning
3710,Bronze,6,2,1,2,1,2025-02-22,2025-05-20,87,97,3,129.21,East,Desktop,Returning
3719,Bronze,6,2,1,2,1,2025-02-13,2025-04-25,71,122,2,109.37,Central,Desktop,Returning
3741,Bronze,6,2,1,2,1,2024-11-18,2025-01-04,47,233,5,179.09,East,Desktop,New
3744,Bronze,6,2,1,2,1,2024-09-26,2024-12-17,82,251,2,14.20,Central,Desktop,Returning
3751,Bronze,6,2,1,2,1,2025-02-20,2025-04-09,48,138,2,117.20,North,Mobile,New
3752,Bronze,6,2,1,2,1,2025-01-07,2025-02-27,51,179,2,89.79,International,Desktop,New
3762,Bronze,6,2,1,2,1,2025-02-19,2025-03-22,31,156,4,184.85,East,Desktop,Returning
3764,Bronze,6,2,1,2,1,2024-09-08,2024-11-09,62,289,2,128.68,Central,Mobile,Returning
3767,Bronze,6,2,1,2,1,2024-12-16,2025-02-20,66,186,2,10.76,East,Tablet,New
3788,Bronze,6,2,1,2,1,2024-08-31,2024-11-03,64,295,2,171.98,East,Mobile,New
3789,Bronze,6,2,1,2,1,2024-08-26,2024-10-29,64,300,2,107.02,East,Desktop,Returning
3805,Bronze,6,2,1,2,1,2024-10-16,2024-12-17,62,251,2,9.85,South,Desktop,New
3813,Bronze,6,2,1,2,1,2024-10-16,2025-01-03,79,234,2,62.19,North,Desktop,Returning
3852,Bronze,6,2,1,2,1,2024-11-22,2025-02-10,80,196,2,133.48,Central,Desktop,New
3880,Bronze,6,2,1,2,1,2025-03-19,2025-05-08,50,109,4,76.44,Central,Desktop,New
3895,Bronze,6,1,3,1,1,2025-08-06,2025-08-06,0,19,1,91.44,South,Tablet,Returning
3917,Bronze,6,2,1,2,1,2025-05-04,2025-06-08,35,78,2,43.76,East,Tablet,Returning
3927,Bronze,6,1,2,2,1,2025-07-07,2025-07-12,5,44,2,57.11,International,Desktop,Returning
4023,Bronze,6,2,1,2,1,2025-03-19,2025-05-25,67,92,4,243.44,Central,Desktop,Returning
4059,Bronze,6,2,1,2,1,2025-01-29,2025-04-17,78,130,3,151.30,International,Desktop,New
4062,Bronze,6,2,1,2,1,2025-04-14,2025-05-20,36,97,3,247.62,East,Desktop,Returning
4073,Bronze,6,2,1,2,1,2024-10-25,2025-01-07,74,230,3,195.06,East,Desktop,New
4074,Bronze,6,2,1,2,1,2024-11-03,2024-12-18,45,250,2,79.44,Central,Desktop,Returning
4078,Bronze,6,2,1,2,1,2024-11-08,2025-01-17,70,220,2,176.31,North,Tablet,Returning
4089,Bronze,6,2,1,2,1,2024-10-22,2025-01-11,81,226,2,186.34,Central,Desktop,New
4095,Bronze,6,2,1,2,1,2025-04-07,2025-05-30,53,87,2,83.41,South,Mobile,Returning
4127,Bronze,6,2,1,2,1,2025-02-25,2025-05-24,88,93,5,264.84,East,Desktop,Returning
4137,Bronze,6,2,1,2,1,2024-10-22,2025-01-13,83,224,2,223.91,Central,Mobile,New
4150,Bronze,6,2,1,2,1,2024-09-15,2024-11-27,73,271,3,116.36,East,Mobile,New
4177,Bronze,6,2,1,2,1,2025-02-04,2025-03-16,40,162,2,117.83,International,Desktop,Returning
4245,Bronze,6,2,1,2,1,2025-05-04,2025-06-10,37,76,2,15.03,East,Desktop,Returning
4307,Bronze,6,2,1,2,1,2024-10-03,2024-12-09,67,259,3,125.81,Central,Desktop,Returning
4321,Bronze,6,2,1,2,1,2024-11-28,2025-02-12,76,194,3,116.73,Central,Desktop,Returning
4325,Bronze,6,2,1,2,1,2025-02-01,2025-03-07,34,171,3,180.28,East,Mobile,Returning
4328,Bronze,6,2,1,2,1,2025-04-03,2025-05-12,39,105,2,128.12,East,Desktop,New
4336,Bronze,6,2,1,2,1,2024-12-20,2025-02-22,64,184,3,376.66,Central,Desktop,New
4338,Bronze,6,2,1,2,1,2025-01-03,2025-04-01,88,146,5,253.17,Central,Mobile,New
4357,Bronze,6,2,1,2,1,2025-01-04,2025-03-01,56,177,4,185.25,International,Desktop,Returning
4364,Bronze,6,2,1,2,1,2025-05-10,2025-06-12,33,74,2,154.59,East,Desktop,New
4388,Bronze,6,2,1,2,1,2025-03-08,2025-06-04,88,82,3,231.16,East,Mobile,New
4415,Bronze,6,2,1,2,1,2025-04-08,2025-05-27,49,90,3,238.97,East,Desktop,Returning
4431,Bronze,6,2,1,2,1,2025-03-15,2025-06-03,80,83,2,82.18,Central,Desktop,New
4442,Bronze,6,2,1,2,1,2025-01-22,2025-04-04,72,143,2,59.56,East,Mobile,Returning
4459,Bronze,6,2,1,2,1,2025-02-14,2025-04-29,74,118,3,198.23,East,Desktop,Returning
4500,Bronze,6,2,1,2,1,2025-04-12,2025-05-23,41,94,2,100.59,International,Desktop,Returning
4501,Bronze,6,2,1,2,1,2024-10-07,2024-11-16,40,282,2,29.13,East,Desktop,New
4547,Bronze,6,2,1,2,1,2024-12-01,2025-02-16,77,190,2,127.57,North,Mobile,New
4551,Bronze,6,2,1,2,1,2025-01-07,2025-02-12,36,194,2,229.28,Central,Mobile,New
4599,Bronze,6,2,1,2,1,2025-02-19,2025-04-09,49,138,2,90.65,South,Desktop,Returning
4629,Bronze,6,2,1,2,1,2024-11-02,2024-12-03,31,265,3,162.36,Central,Desktop,New
4640,Bronze,6,2,1,2,1,2024-12-15,2025-02-23,70,183,2,209.81,East,Mobile,New
4641,Bronze,6,2,1,2,1,2024-11-29,2025-02-22,85,184,2,235.65,Central,Tablet,Returning
4643,Bronze,6,2,1,2,1,2024-12-22,2025-03-18,86,160,5,82.54,International,Mobile,Returning
4671,Bronze,6,2,1,2,1,2024-10-18,2025-01-13,87,224,2,51.12,Central,Mobile,New
4677,Bronze,6,2,1,2,1,2024-12-20,2025-03-18,88,160,4,95.58,Central,Desktop,Returning
4697,Bronze,6,2,1,2,1,2025-02-12,2025-05-03,80,114,3,116.31,Central,Mobile,Returning
4705,Bronze,6,2,1,2,1,2025-01-29,2025-04-26,87,121,3,185.09,East,Desktop,New
4706,Bronze,6,2,1,2,1,2025-01-07,2025-03-17,69,161,3,128.78,South,Desktop,New
4716,Bronze,6,2,1,2,1,2025-03-28,2025-06-10,74,76,3,81.19,Central,Desktop,New
4739,Bronze,6,2,1,2,1,2025-01-17,2025-03-18,60,160,2,68.55,Central,Desktop,Returning
4764,Bronze,6,2,1,2,1,2025-01-09,2025-03-29,79,149,2,38.86,International,Desktop,New
4769,Bronze,6,2,1,2,1,2024-10-19,2024-12-07,49,261,5,348.90,Central,Desktop,New
4775,Bronze,6,2,1,2,1,2024-10-24,2025-01-05,73,232,4,126.78,Central,Desktop,New
4785,Bronze,6,2,1,2,1,2024-12-10,2025-01-16,37,221,2,104.04,East,Desktop,Returning
4797,Bronze,6,2,1,2,1,2025-04-11,2025-06-08,58,78,2,66.88,East,Desktop,New
4817,Bronze,6,2,1,2,1,2024-10-18,2024-11-18,31,280,2,154.75,North,Mobile,Returning
4818,Bronze,6,2,1,2,1,2025-04-05,2025-06-11,67,75,3,136.48,International,Desktop,New
4824,Bronze,6,2,1,2,1,2025-04-12,2025-06-25,74,61,2,200.20,East,Desktop,New
4857,Bronze,6,2,1,2,1,2024-12-24,2025-03-07,73,171,2,93.14,Central,Mobile,Returning
4886,Bronze,6,2,1,2,1,2025-01-12,2025-04-02,80,145,2,14.12,North,Desktop,New
4893,Bronze,6,2,1,2,1,2025-01-24,2025-03-28,63,150,2,170.37,Central,Mobile,New
4928,Bronze,6,2,1,2,1,2025-04-17,2025-05-19,32,98,2,209.36,East,Mobile,Returning
4980,Bronze,6,2,1,2,1,2024-11-10,2024-12-14,34,254,2,164.23,South,Desktop,Returning
4990,Bronze,6,2,1,2,1,2024-12-23,2025-02-22,61,184,2,103.06,Central,Desktop,Returning
4993,Bronze,6,2,1,2,1,2024-11-19,2025-02-06,79,200,3,216.58,Central,Desktop,Returning
5000,Bronze,6,2,1,2,1,2024-10-03,2024-12-23,81,245,3,119.87,East,Desktop,Returning
3,Bronze,6,2,1,2,1,2024-10-24,2024-12-29,66,239,4,169.62,Central,Desktop,New
15,Bronze,6,2,1,2,1,2025-03-15,2025-06-05,82,81,3,28.23,East,Desktop,New
18,Bronze,6,2,1,2,1,2024-10-06,2024-11-26,51,272,2,106.91,East,Mobile,New
65,Bronze,6,2,1,2,1,2025-03-16,2025-05-26,71,91,2,43.77,North,Desktop,New
72,Bronze,6,2,1,2,1,2024-10-31,2024-12-17,47,251,2,10.17,Central,Mobile,New
84,Bronze,6,2,1,2,1,2025-04-11,2025-06-02,52,84,3,69.93,Central,Desktop,New
103,Bronze,6,2,1,2,1,2024-12-13,2025-03-02,79,176,3,229.80,East,Desktop,New
109,Bronze,6,2,1,2,1,2025-03-16,2025-05-14,59,103,2,27.18,East,Mobile,Returning
142,Bronze,6,2,1,2,1,2025-02-17,2025-04-22,64,125,2,111.35,South,Mobile,New
147,Bronze,6,2,1,2,1,2024-12-11,2025-01-31,51,206,3,120.18,Central,Desktop,Returning
152,Bronze,6,2,1,2,1,2025-03-17,2025-05-06,50,111,3,91.35,Central,Tablet,New
154,Bronze,6,2,1,2,1,2025-03-23,2025-06-16,85,70,4,148.76,International,Desktop,New
164,Bronze,6,1,3,1,1,2025-08-05,2025-08-05,0,20,1,10.38,East,Desktop,New
187,Bronze,6,2,1,2,1,2024-09-01,2024-11-05,65,293,2,300.32,Central,Tablet,New
192,Bronze,6,2,1,2,1,2025-03-02,2025-04-23,52,124,3,85.08,East,Desktop,New
199,Bronze,6,2,1,2,1,2024-10-09,2024-11-28,50,270,2,52.34,Central,Tablet,Returning
210,Bronze,6,2,1,2,1,2024-12-01,2025-02-07,68,199,3,132.05,Central,Desktop,New
214,Bronze,6,2,1,2,1,2025-01-06,2025-03-12,65,166,5,179.94,Central,Mobile,New
262,Bronze,6,1,3,1,1,2025-07-26,2025-07-26,0,30,1,47.12,International,Mobile,Returning
263,Bronze,6,2,1,2,1,2025-04-25,2025-06-10,46,76,2,79.13,Central,Mobile,Returning
292,Bronze,6,2,1,2,1,2024-09-28,2024-12-16,79,252,2,98.51,International,Mobile,New
293,Bronze,6,2,1,2,1,2024-11-04,2024-12-12,38,256,2,54.16,Central,Tablet,New
309,Bronze,6,2,1,2,1,2025-02-08,2025-03-26,46,152,3,236.94,Central,Desktop,New
392,Bronze,6,2,1,2,1,2025-05-05,2025-06-08,34,78,3,99.46,East,Desktop,Returning
403,Bronze,6,2,1,2,1,2024-09-24,2024-12-20,87,248,2,11.86,Central,Mobile,Returning
413,Bronze,6,2,1,2,1,2025-02-10,2025-05-03,82,114,2,58.34,North,Desktop,New
422,Bronze,6,2,1,2,1,2024-09-22,2024-12-13,82,255,3,109.25,East,Mobile,Returning
455,Bronze,6,2,1,2,1,2024-12-21,2025-03-17,86,161,4,217.17,Central,Desktop,New
484,Bronze,6,2,1,2,1,2024-11-15,2025-01-29,75,208,3,150.56,Central,Mobile,Returning
492,Bronze,6,2,1,2,1,2025-02-08,2025-03-25,45,153,2,79.23,East,Desktop,Returning
493,Bronze,6,2,1,2,1,2024-11-02,2025-01-15,74,222,4,138.05,Central,Desktop,New
494,Bronze,6,2,1,2,1,2024-10-21,2024-12-31,71,237,4,378.62,Central,Desktop,New
499,Bronze,6,2,1,2,1,2025-03-01,2025-05-14,74,103,2,27.26,North,Desktop,Returning
509,Bronze,6,2,1,2,1,2025-04-06,2025-06-08,63,78,2,234.80,International,Desktop,New
513,Bronze,6,2,1,2,1,2024-11-09,2025-01-10,62,227,2,146.30,East,Mobile,Returning
529,Bronze,6,2,1,2,1,2025-02-27,2025-05-16,78,101,3,44.97,West,Mobile,New
555,Bronze,6,2,1,2,1,2024-12-06,2025-02-26,82,180,2,63.95,Central,Tablet,Returning
573,Bronze,6,2,1,2,1,2025-02-14,2025-04-11,56,136,2,60.70,Central,Desktop,Returning
583,Bronze,6,2,1,2,1,2025-04-15,2025-05-29,44,88,2,145.95,East,Desktop,New
605,Bronze,6,2,1,2,1,2025-03-04,2025-04-12,39,135,2,65.10,North,Desktop,New
607,Bronze,6,2,1,2,1,2024-11-18,2025-02-11,85,195,3,183.06,North,Desktop,New
608,Bronze,6,2,1,2,1,2025-02-16,2025-03-30,42,148,4,255.42,International,Mobile,New
648,Bronze,6,2,1,2,1,2025-01-20,2025-02-21,32,185,2,117.87,West,Desktop,Returning
666,Bronze,6,2,1,2,1,2024-10-26,2024-12-26,61,242,3,190.44,Central,Desktop,Returning
668,Bronze,6,2,1,2,1,2024-09-17,2024-12-04,78,264,2,27.05,East,Desktop,Returning
672,Bronze,6,2,1,2,1,2025-04-02,2025-05-22,50,95,3,163.46,South,Mobile,Returning
679,Bronze,6,2,1,2,1,2024-10-27,2024-11-30,34,268,2,157.76,Central,Tablet,New
714,Bronze,6,2,1,2,1,2024-12-05,2025-02-18,75,188,3,49.29,International,Desktop,Returning
721,Bronze,6,2,1,2,1,2025-04-22,2025-06-07,46,79,2,82.09,East,Desktop,Returning
731,Bronze,6,2,1,2,1,2024-08-26,2024-11-20,86,278,3,173.90,International,Desktop,New
748,Bronze,6,2,1,2,1,2025-03-12,2025-04-13,32,134,2,51.24,Central,Desktop,Returning
749,Bronze,6,2,1,2,1,2025-03-26,2025-05-23,58,94,3,113.09,Central,Desktop,New
753,Bronze,6,1,2,2,1,2025-06-05,2025-07-04,29,52,3,92.97,East,Desktop,New
765,Bronze,6,2,1,2,1,2025-04-11,2025-06-18,68,68,4,75.58,Central,Mobile,Returning
772,Bronze,6,2,1,2,1,2024-09-02,2024-10-15,43,314,2,124.45,Central,Tablet,Returning
774,Bronze,6,2,1,2,1,2024-09-18,2024-11-29,72,269,3,66.13,East,Desktop,New
778,Bronze,6,2,1,2,1,2024-11-04,2024-12-21,47,247,5,177.47,Central,Desktop,New
797,Bronze,6,1,3,1,1,2025-07-28,2025-07-28,0,28,1,121.60,South,Tablet,Returning
821,Bronze,6,2,1,2,1,2024-11-01,2025-01-22,82,215,2,106.28,International,Desktop,Returning
827,Bronze,6,2,1,2,1,2024-12-15,2025-02-09,56,197,2,72.58,East,Mobile,Returning
833,Bronze,6,2,1,2,1,2025-03-28,2025-06-04,68,82,2,114.35,North,Desktop,Returning
848,Bronze,6,2,1,2,1,2025-01-18,2025-03-23,64,155,2,59.51,International,Desktop,Returning
850,Bronze,6,2,1,2,1,2025-04-04,2025-05-11,37,106,3,192.27,East,Desktop,Returning
871,Bronze,6,2,1,2,1,2025-04-22,2025-06-12,51,74,2,17.12,East,Desktop,New
903,Bronze,6,2,1,2,1,2025-03-01,2025-05-26,86,91,2,43.83,North,Desktop,Returning
910,Bronze,6,2,1,2,1,2024-10-16,2025-01-11,87,226,2,132.03,International,Tablet,Returning
929,Bronze,6,2,1,2,1,2024-11-01,2025-01-05,65,232,4,312.79,Central,Desktop,New
945,Bronze,6,2,1,2,1,2025-02-22,2025-04-14,51,133,2,172.65,Central,Desktop,New
949,Bronze,6,2,1,2,1,2024-12-31,2025-02-01,32,205,2,92.16,East,Desktop,Returning
953,Bronze,6,1,2,2,1,2025-07-14,2025-07-21,7,35,2,125.20,International,Mobile,Returning
965,Bronze,6,2,1,2,1,2024-12-03,2025-02-10,69,196,2,12.31,Central,Mobile,Returning
990,Bronze,6,2,1,2,1,2024-09-03,2024-11-16,74,282,4,167.23,East,Mobile,New
1009,Bronze,6,2,1,2,1,2024-11-09,2025-02-06,89,200,2,67.08,Central,Tablet,Returning
1019,Bronze,6,2,1,2,1,2024-11-24,2025-02-16,84,190,2,130.71,Central,Desktop,Returning
1020,Bronze,6,2,1,2,1,2025-05-22,2025-06-22,31,64,3,86.14,Central,Desktop,New
1034,Bronze,6,2,1,2,1,2024-09-23,2024-12-21,89,247,4,264.87,Central,Desktop,New
1072,Bronze,6,2,1,2,1,2024-09-25,2024-11-25,61,273,5,183.01,Central,Desktop,New
1076,Bronze,6,2,1,2,1,2025-03-02,2025-05-23,82,94,2,158.08,East,Mobile,Returning
1082,Bronze,6,2,1,2,1,2024-10-23,2024-12-11,49,257,3,255.98,North,Desktop,Returning
1089,Bronze,6,2,1,2,1,2024-11-12,2024-12-28,46,240,2,96.43,International,Desktop,Returning
1105,Bronze,6,2,1,2,1,2025-03-18,2025-05-18,61,99,3,156.23,East,Desktop,Returning
1106,Bronze,6,2,1,2,1,2024-12-11,2025-02-10,61,196,2,132.47,Central,Mobile,Returning
1125,Bronze,6,2,1,2,1,2025-01-17,2025-04-15,88,132,3,114.05,Central,Mobile,New
1138,Bronze,6,2,1,2,1,2024-12-10,2025-02-06,58,200,2,140.27,North,Desktop,New
1165,Bronze,6,2,1,2,1,2024-12-29,2025-02-19,52,187,2,49.87,Central,Mobile,Returning
1178,Bronze,6,1,3,1,1,2025-08-04,2025-08-04,0,21,1,32.58,West,Tablet,Returning
1188,Bronze,6,2,1,2,1,2024-12-31,2025-03-13,72,165,2,92.32,International,Desktop,Returning
1204,Bronze,6,2,1,2,1,2024-10-26,2024-12-22,57,246,4,189.91,Central,Desktop,New
1217,Bronze,6,2,1,2,1,2025-02-05,2025-04-06,60,141,2,9.84,South,Mobile,Returning
1231,Bronze,6,2,1,2,1,2024-11-27,2025-02-03,68,203,3,101.59,International,Desktop,New
1232,Bronze,6,2,1,2,1,2025-03-28,2025-06-19,83,67,2,62.67,Central,Mobile,New
1239,Bronze,6,2,1,2,1,2024-10-04,2024-12-15,72,253,5,186.63,East,Desktop,New
1288,Bronze,6,1,3,1,1,2025-08-06,2025-08-06,0,19,1,64.52,International,Desktop,Returning
1291,Bronze,6,2,1,2,1,2024-12-26,2025-01-29,34,208,3,66.46,Central,Desktop,Returning
1294,Bronze,6,2,1,2,1,2025-01-23,2025-03-27,63,151,2,73.27,Central,Desktop,New
1327,Bronze,6,2,1,2,1,2025-01-07,2025-03-10,62,168,4,140.54,Central,Desktop,New
1358,Bronze,6,1,3,1,1,2025-08-01,2025-08-01,0,24,1,61.77,International,Mobile,Returning
1368,Bronze,6,2,1,2,1,2025-02-15,2025-04-08,52,139,3,115.32,Central,Desktop,New
1369,Bronze,6,2,1,2,1,2024-09-19,2024-10-28,39,301,3,192.52,Central,Desktop,New
1399,Bronze,6,2,1,2,1,2024-12-26,2025-03-21,85,157,3,111.18,East,Desktop,New
1406,Bronze,6,2,1,2,1,2025-01-29,2025-04-07,68,140,2,13.32,North,Tablet,Returning
1418,Bronze,6,2,1,2,1,2025-02-18,2025-05-12,83,105,4,418.31,International,Desktop,New
1427,Bronze,6,2,1,2,1,2025-03-27,2025-06-24,89,62,2,113.51,East,Mobile,Returning
1434,Bronze,6,1,2,2,1,2025-06-16,2025-07-04,18,52,2,35.49,North,Mobile,Returning
1436,Bronze,6,2,1,2,1,2024-10-05,2024-12-11,67,257,3,196.15,North,Desktop,Returning
1461,Bronze,6,2,1,2,1,2025-02-19,2025-03-30,39,148,2,28.72,North,Mobile,New
1467,Bronze,6,2,1,2,1,2024-10-09,2024-12-14,66,254,3,55.49,Central,Desktop,Returning
1487,Bronze,6,2,1,2,1,2025-04-13,2025-05-29,46,88,2,82.74,West,Desktop,Returning
1492,Bronze,6,2,1,2,1,2024-11-17,2025-02-13,88,193,3,222.44,North,Mobile,New
1493,Bronze,6,2,1,2,1,2024-09-22,2024-10-28,36,301,2,38.96,Central,Desktop,Returning
1504,Bronze,6,2,1,2,1,2024-10-16,2024-12-15,60,253,4,93.67,Central,Desktop,Returning
1508,Bronze,6,2,1,2,1,2024-09-30,2024-12-28,89,240,2,84.37,East,Tablet,New
1544,Bronze,6,2,1,2,1,2024-11-18,2024-12-24,36,244,2,199.67,East,Mobile,Returning
1554,Bronze,6,2,1,2,1,2024-10-03,2024-12-23,81,245,3,259.23,East,Mobile,Returning
1612,Bronze,6,2,1,2,1,2024-12-11,2025-03-06,85,172,4,189.83,East,Mobile,Returning
1622,Bronze,6,2,1,2,1,2025-04-16,2025-05-17,31,100,3,239.80,Central,Mobile,New
1627,Bronze,6,2,1,2,1,2024-12-01,2025-01-26,56,211,3,144.36,East,Desktop,New
1634,Bronze,6,2,1,2,1,2025-01-02,2025-03-20,77,158,2,47.52,West,Tablet,New
1654,Bronze,6,2,1,2,1,2024-11-07,2025-01-31,85,206,3,181.54,East,Desktop,New
1678,Bronze,6,2,1,2,1,2024-11-22,2024-12-26,34,242,2,88.04,International,Tablet,Returning
1688,Bronze,6,2,1,2,1,2025-03-11,2025-04-11,31,136,2,192.80,North,Desktop,New
1691,Bronze,6,2,1,2,1,2024-12-28,2025-03-06,68,172,2,77.16,North,Desktop,Returning
1706,Bronze,6,2,1,2,1,2024-11-07,2024-12-16,39,252,2,182.64,International,Desktop,Returning
1711,Bronze,6,2,1,2,1,2024-12-12,2025-02-14,64,192,2,128.29,International,Desktop,Returning
1713,Bronze,6,2,1,2,1,2024-12-01,2025-02-10,71,196,3,83.79,Central,Desktop,Returning
1744,Bronze,6,2,1,2,1,2025-03-30,2025-05-20,51,97,2,79.27,North,Mobile,Returning
1756,Bronze,6,2,1,2,1,2024-10-13,2024-11-25,43,273,5,406.39,East,Desktop,New
1768,Bronze,6,2,1,2,1,2024-12-02,2025-02-27,87,179,3,82.05,Central,Desktop,New
1782,Bronze,6,1,3,1,1,2025-08-04,2025-08-04,0,21,1,3.71,Central,Desktop,Returning
1787,Bronze,6,2,1,2,1,2024-11-29,2025-01-18,50,219,3,67.95,Central,Mobile,Returning
1794,Bronze,6,2,1,2,1,2025-01-21,2025-04-11,80,136,2,87.03,Central,Tablet,Returning
1827,Bronze,6,2,1,2,1,2024-12-08,2025-01-23,46,214,2,165.24,Central,Mobile,New
1847,Bronze,6,2,1,2,1,2024-10-08,2024-12-19,72,249,2,44.09,Central,Desktop,New
1859,Bronze,6,2,1,2,1,2024-09-22,2024-11-24,63,274,3,200.26,Central,Desktop,New
1882,Bronze,6,2,1,2,1,2024-10-31,2024-12-20,50,248,2,154.35,Central,Tablet,Returning
1889,Bronze,6,1,3,1,1,2025-07-29,2025-07-29,0,27,1,3.01,North,Desktop,Returning
1902,Bronze,6,2,1,2,1,2025-02-02,2025-04-29,86,118,3,109.81,East,Desktop,Returning
1941,Bronze,6,2,1,2,1,2024-11-14,2024-12-17,33,251,2,135.05,Central,Desktop,New
1971,Bronze,6,2,1,2,1,2025-01-20,2025-03-27,66,151,2,261.93,International,Desktop,Returning
1990,Bronze,6,2,1,2,1,2024-09-29,2024-11-22,54,276,3,70.50,East,Tablet,New
1995,Bronze,6,2,1,2,1,2024-09-27,2024-11-26,60,272,3,218.26,International,Desktop,Returning
2048,Bronze,6,2,1,2,1,2024-12-09,2025-01-15,37,222,2,145.23,North,Desktop,Returning
2057,Bronze,6,2,1,2,1,2024-12-22,2025-03-08,76,170,3,134.09,North,Desktop,Returning
2062,Bronze,6,2,1,2,1,2024-12-22,2025-03-01,69,177,4,114.12,Central,Desktop,New
2078,Bronze,6,2,1,2,1,2025-04-12,2025-05-27,45,90,2,162.83,International,Desktop,Returning
2093,Bronze,6,2,1,2,1,2025-02-24,2025-05-24,89,93,3,57.12,Central,Mobile,New
2096,Bronze,6,2,1,2,1,2024-09-08,2024-11-03,56,295,2,95.96,North,Desktop,Returning
2097,Bronze,6,2,1,2,1,2024-12-15,2025-01-18,34,219,2,18.01,East,Desktop,Returning
2132,Bronze,6,2,1,2,1,2024-10-21,2024-12-30,70,238,2,160.10,Central,Desktop,New
2151,Bronze,6,2,1,2,1,2024-10-13,2025-01-08,87,229,2,109.18,South,Desktop,Returning
2155,Bronze,6,2,1,2,1,2024-11-07,2025-01-27,81,210,2,207.43,West,Mobile,Returning
2157,Bronze,6,2,1,2,1,2025-02-15,2025-04-17,61,130,3,175.44,East,Desktop,Returning
2193,Bronze,6,2,1,2,1,2024-09-07,2024-10-10,33,319,2,38.33,East,Desktop,New
2240,Bronze,6,2,1,2,1,2025-01-19,2025-03-22,62,156,2,125.40,International,Desktop,Returning
2246,Bronze,6,2,1,2,1,2024-10-23,2025-01-10,79,227,2,193.02,Central,Desktop,New
2290,Bronze,6,2,1,2,1,2025-02-01,2025-04-28,86,119,2,76.78,International,Desktop,Returning
2298,Bronze,6,2,1,2,1,2024-08-30,2024-10-09,40,320,3,27.80,International,Desktop,Returning
2325,Bronze,6,2,1,2,1,2024-12-10,2025-02-19,71,187,3,139.74,Central,Desktop,Returning
2329,Bronze,6,2,1,2,1,2024-09-20,2024-11-18,59,280,4,149.91,East,Desktop,New
2330,Bronze,6,2,1,2,1,2025-02-02,2025-04-09,66,138,2,114.08,Central,Mobile,Returning
2338,Bronze,6,2,1,2,1,2024-11-18,2025-02-04,78,202,2,69.35,South,Desktop,New
2344,Bronze,6,2,1,2,1,2025-02-27,2025-05-25,87,92,2,78.75,East,Desktop,Returning
2350,Bronze,6,2,1,2,1,2024-08-30,2024-10-09,40,320,2,174.38,North,Mobile,Returning
2402,Bronze,6,2,1,2,1,2025-03-19,2025-05-19,61,98,2,135.76,Central,Desktop,Returning
2408,Bronze,6,2,1,2,1,2025-02-07,2025-05-05,87,112,2,21.24,East,Desktop,New
2413,Bronze,6,2,1,2,1,2024-10-16,2024-12-27,72,241,3,245.79,Central,Desktop,Returning
2426,Bronze,6,2,1,2,1,2024-10-11,2024-12-07,57,261,3,73.50,East,Desktop,New
2435,Bronze,6,2,1,2,1,2025-03-25,2025-05-30,66,87,2,24.40,Central,Mobile,New
2436,Bronze,6,2,1,2,1,2025-05-10,2025-06-15,36,71,3,185.18,North,Mobile,Returning
2441,Bronze,6,2,1,2,1,2024-10-06,2024-12-13,68,255,3,201.24,East,Desktop,Returning
2480,Bronze,6,2,1,2,1,2024-09-20,2024-11-22,63,276,2,74.77,Central,Desktop,Returning
2484,Bronze,6,2,1,2,1,2024-11-08,2024-12-17,39,251,2,146.15,South,Tablet,Returning
2516,Bronze,6,1,3,1,1,2025-08-07,2025-08-07,0,18,1,62.76,Central,Tablet,Returning
2531,Bronze,6,2,1,2,1,2024-09-13,2024-10-17,34,312,2,143.18,Central,Tablet,New
2550,Bronze,6,2,1,2,1,2024-11-17,2025-01-21,65,216,3,176.83,East,Mobile,New
2551,Bronze,6,2,1,2,1,2024-09-06,2024-10-10,34,319,3,150.37,East,Desktop,New
2553,Bronze,6,2,1,2,1,2025-01-07,2025-03-28,80,150,3,189.24,Central,Desktop,Returning
2603,Bronze,6,2,1,2,1,2025-01-06,2025-03-20,73,158,2,136.65,Central,Tablet,Returning
2634,Bronze,6,1,3,1,1,2025-08-03,2025-08-03,0,22,1,75.88,West,Desktop,Returning
2684,Bronze,6,1,2,2,1,2025-06-29,2025-07-14,15,42,2,119.81,East,Mobile,Returning
2686,Bronze,6,2,1,2,1,2024-09-16,2024-10-30,44,299,2,13.99,North,Desktop,New
2691,Bronze,6,2,1,2,1,2024-10-15,2024-12-25,71,243,3,86.49,North,Mobile,New
2702,Bronze,6,1,2,2,1,2025-06-08,2025-07-02,24,54,2,56.07,Central,Mobile,Returning
2705,Bronze,6,2,1,2,1,2025-02-18,2025-04-18,59,129,3,162.16,International,Desktop,New
2711,Bronze,6,2,1,2,1,2025-01-11,2025-03-10,58,168,3,176.04,International,Desktop,Returning
2716,Bronze,6,2,1,2,1,2024-09-27,2024-12-24,88,244,4,199.38,Central,Desktop,New
2738,Bronze,6,2,1,2,1,2024-09-07,2024-10-12,35,317,2,47.93,South,Mobile,Returning
2757,Bronze,6,2,1,2,1,2024-09-30,2024-12-15,76,253,2,82.23,International,Mobile,Returning
2761,Bronze,6,2,1,2,1,2025-03-11,2025-04-16,36,131,3,62.56,Central,Desktop,New
2793,Bronze,6,2,1,2,1,2024-12-04,2025-02-05,63,201,4,122.95,International,Mobile,Returning
2897,Bronze,6,2,1,2,1,2024-10-30,2025-01-17,79,220,2,69.01,East,Desktop,Returning
2911,Bronze,6,2,1,2,1,2024-11-25,2025-02-05,72,201,2,1.39,International,Tablet,New
2924,Bronze,6,2,1,2,1,2025-01-22,2025-02-21,30,185,2,118.89,South,Mobile,Returning
2966,Bronze,6,2,1,2,1,2024-10-26,2025-01-01,67,236,2,101.93,North,Mobile,New
2967,Bronze,6,2,1,2,1,2024-09-04,2024-11-24,81,274,3,168.54,Central,Desktop,New
3018,Bronze,6,2,1,2,1,2024-12-01,2025-02-17,78,189,2,247.18,North,Mobile,New
3025,Bronze,6,2,1,2,1,2025-03-07,2025-05-14,68,103,2,173.25,North,Tablet,Returning
3034,Bronze,6,2,1,2,1,2025-01-09,2025-04-04,85,143,3,70.91,Central,Mobile,Returning
3045,Bronze,6,2,1,2,1,2024-12-14,2025-02-17,65,189,4,340.83,Central,Desktop,New
3049,Bronze,6,2,1,2,1,2025-03-07,2025-05-27,81,90,2,135.65,Central,Desktop,Returning
3061,Bronze,6,2,1,2,1,2025-03-02,2025-04-30,59,117,2,90.44,Central,Desktop,Returning
3107,Bronze,6,1,3,1,1,2025-07-30,2025-07-30,0,26,1,70.20,West,Tablet,New
3119,Bronze,6,2,1,2,1,2025-02-23,2025-05-06,72,111,3,137.07,East,Mobile,Returning
3120,Bronze,6,2,1,2,1,2024-11-19,2025-02-05,78,201,3,182.12,East,Desktop,Returning
3141,Bronze,6,2,1,2,1,2024-11-23,2024-12-28,35,240,3,245.64,Central,Desktop,Returning
3179,Bronze,6,2,1,2,1,2025-02-23,2025-04-16,52,131,2,164.20,East,Desktop,Returning
3196,Bronze,6,2,1,2,1,2024-12-08,2025-03-06,88,172,4,268.37,Central,Mobile,Returning
3241,Bronze,6,2,1,2,1,2025-01-19,2025-03-10,50,168,2,45.97,East,Desktop,Returning
3243,Bronze,6,2,1,2,1,2024-09-12,2024-10-20,38,309,3,231.17,North,Mobile,Returning
3245,Bronze,6,2,1,2,1,2025-02-09,2025-03-25,44,153,3,214.31,East,Desktop,Returning
3297,Bronze,6,2,1,2,1,2024-11-29,2025-01-18,50,219,2,96.13,International,Mobile,New
3311,Bronze,6,2,1,2,1,2024-12-23,2025-02-19,58,187,2,85.42,North,Desktop,Returning
3317,Bronze,6,2,1,2,1,2024-08-29,2024-10-18,50,311,3,106.88,Central,Desktop,Returning
3318,Bronze,6,2,1,2,1,2025-03-24,2025-05-23,60,94,2,33.06,Central,Mobile,Returning
3331,Bronze,6,1,2,2,1,2025-06-18,2025-06-27,9,59,2,227.41,Central,Mobile,New
3339,Bronze,6,2,1,2,1,2024-09-01,2024-11-26,86,272,2,163.33,North,Desktop,Returning
3434,Bronze,6,2,1,2,1,2025-02-03,2025-03-22,47,156,2,27.02,South,Mobile,Returning
3449,Bronze,6,2,1,2,1,2025-03-18,2025-05-10,53,107,2,84.44,International,Desktop,New
3460,Bronze,6,2,1,2,1,2024-10-11,2024-12-31,81,237,4,86.60,Central,Desktop,Returning
3500,Bronze,6,2,1,2,1,2024-11-04,2025-01-26,83,211,2,255.50,East,Desktop,Returning
3505,Bronze,6,2,1,2,1,2024-10-11,2024-12-26,76,242,2,55.57,Central,Mobile,Returning
3521,Bronze,6,2,1,2,1,2024-12-27,2025-03-17,80,161,2,18.60,Central,Mobile,Returning
3523,Bronze,6,2,1,2,1,2025-03-12,2025-06-08,88,78,3,171.62,Central,Tablet,Returning
3545,Bronze,6,1,3,1,1,2025-08-03,2025-08-03,0,22,1,11.03,North,Desktop,Returning
3561,Bronze,6,2,1,2,1,2024-12-23,2025-02-14,53,192,3,221.92,East,Desktop,New
3588,Bronze,6,2,1,2,1,2024-11-04,2024-12-22,48,246,2,53.47,North,Desktop,Returning
3597,Bronze,6,2,1,2,1,2024-10-22,2025-01-12,82,225,4,45.45,International,Desktop,Returning
3602,Bronze,6,2,1,2,1,2025-01-17,2025-04-13,86,134,2,175.70,International,Mobile,Returning
48,Bronze,5,1,2,1,1,2025-06-26,2025-06-26,0,60,1,77.09,East,Desktop,Returning
97,Bronze,5,1,1,2,1,2025-03-02,2025-03-22,20,156,2,60.55,North,Mobile,Returning
100,Bronze,5,1,1,2,1,2025-01-09,2025-01-22,13,215,2,65.95,Central,Desktop,Returning
209,Bronze,5,1,1,2,1,2025-03-19,2025-03-26,7,152,2,92.64,East,Desktop,Returning
243,Bronze,5,1,1,2,1,2025-06-13,2025-06-22,9,64,2,166.60,North,Desktop,New
248,Bronze,5,1,1,2,1,2025-06-08,2025-06-22,14,64,2,134.98,East,Desktop,Returning
254,Bronze,5,1,2,1,1,2025-06-26,2025-06-26,0,60,1,19.55,West,Mobile,Returning
318,Bronze,5,1,1,2,1,2025-05-29,2025-06-02,4,84,2,162.46,North,Tablet,Returning
348,Bronze,5,1,1,2,1,2025-05-15,2025-06-07,23,79,2,84.78,Central,Tablet,Returning
350,Bronze,5,1,2,1,1,2025-07-20,2025-07-20,0,36,1,46.84,East,Tablet,New
459,Bronze,5,1,1,2,1,2025-06-01,2025-06-24,23,62,2,112.70,Central,Desktop,Returning
465,Bronze,5,1,2,1,1,2025-07-08,2025-07-08,0,48,1,37.27,West,Mobile,Returning
551,Bronze,5,1,2,1,1,2025-07-18,2025-07-18,0,38,1,13.83,West,Tablet,Returning
562,Bronze,5,1,1,2,1,2025-02-14,2025-03-04,18,174,3,28.31,Central,Desktop,Returning
612,Bronze,5,1,2,1,1,2025-07-05,2025-07-05,0,51,1,48.64,East,Desktop,New
656,Bronze,5,1,1,2,1,2025-02-20,2025-02-25,5,181,2,24.22,Central,Mobile,New
690,Bronze,5,1,1,2,1,2025-04-16,2025-04-21,5,126,2,40.26,East,Desktop,Returning
700,Bronze,5,1,2,1,1,2025-07-19,2025-07-19,0,37,1,15.29,South,Mobile,Returning
716,Bronze,5,1,1,2,1,2024-12-30,2025-01-08,9,229,2,172.78,East,Desktop,Returning
729,Bronze,5,1,1,2,1,2025-03-24,2025-04-01,8,146,2,157.66,Central,Mobile,New
756,Bronze,5,1,1,2,1,2024-12-07,2024-12-21,14,247,2,80.04,East,Desktop,Returning
767,Bronze,5,1,1,2,1,2025-02-04,2025-02-25,21,181,3,16.38,Central,Desktop,Returning
800,Bronze,5,1,2,1,1,2025-07-08,2025-07-08,0,48,1,17.43,North,Desktop,New
805,Bronze,5,1,2,1,1,2025-07-04,2025-07-04,0,52,1,12.55,South,Desktop,Returning
831,Bronze,5,1,1,2,1,2025-01-05,2025-01-13,8,224,2,169.51,East,Mobile,Returning
849,Bronze,5,1,1,2,1,2025-02-12,2025-03-08,24,170,2,71.19,International,Desktop,Returning
905,Bronze,5,1,1,2,1,2024-10-22,2024-11-16,25,282,2,71.97,North,Desktop,Returning
927,Bronze,5,1,2,1,1,2025-07-20,2025-07-20,0,36,1,104.78,East,Mobile,Returning
932,Bronze,5,1,2,1,1,2025-07-15,2025-07-15,0,41,1,0.55,East,Mobile,Returning
966,Bronze,5,1,1,2,1,2025-04-05,2025-04-16,11,131,3,104.21,Central,Desktop,New
1026,Bronze,5,1,1,2,1,2025-05-14,2025-06-05,22,81,2,148.58,Central,Mobile,New
1051,Bronze,5,1,1,2,1,2025-03-03,2025-03-15,12,163,2,126.05,Central,Tablet,New
1053,Bronze,5,1,1,2,1,2025-01-22,2025-02-06,15,200,2,17.02,East,Desktop,Returning
1073,Bronze,5,1,1,2,1,2024-11-12,2024-12-09,27,259,3,155.39,West,Mobile,New
1085,Bronze,5,1,1,2,1,2024-11-07,2024-11-28,21,270,3,105.18,International,Desktop,Returning
1130,Bronze,5,1,2,1,1,2025-07-12,2025-07-12,0,44,1,124.16,International,Tablet,Returning
1247,Bronze,5,1,1,2,1,2025-05-11,2025-06-05,25,81,2,106.05,South,Desktop,Returning
1258,Bronze,5,1,1,2,1,2025-04-27,2025-05-13,16,104,2,154.43,International,Tablet,Returning
1292,Bronze,5,1,1,2,1,2025-04-26,2025-05-24,28,93,3,264.26,International,Desktop,Returning
1346,Bronze,5,1,2,1,1,2025-07-06,2025-07-06,0,50,1,166.18,International,Mobile,Returning
1355,Bronze,5,1,1,2,1,2025-05-11,2025-06-07,27,79,2,96.60,East,Tablet,Returning
1380,Bronze,5,1,1,2,1,2025-03-01,2025-03-16,15,162,2,84.33,North,Desktop,Returning
1383,Bronze,5,1,1,2,1,2024-12-19,2024-12-27,8,241,2,72.87,International,Mobile,Returning
1394,Bronze,5,1,1,2,1,2025-03-03,2025-03-21,18,157,2,110.59,North,Desktop,Returning
1476,Bronze,5,1,1,2,1,2025-04-27,2025-05-06,9,111,3,194.55,Central,Desktop,Returning
1489,Bronze,5,1,1,2,1,2024-10-17,2024-11-11,25,287,3,105.83,Central,Desktop,New
1496,Bronze,5,1,1,2,1,2024-09-26,2024-10-23,27,306,2,55.68,International,Desktop,Returning
1548,Bronze,5,1,1,2,1,2024-10-01,2024-10-24,23,305,3,160.67,East,Desktop,New
1652,Bronze,5,1,1,2,1,2024-10-04,2024-10-15,11,314,2,37.11,East,Desktop,Returning
1697,Bronze,5,1,1,2,1,2025-01-22,2025-02-13,22,193,3,196.99,East,Desktop,Returning
1736,Bronze,5,1,2,1,1,2025-07-09,2025-07-09,0,47,1,43.45,East,Mobile,Returning
1748,Bronze,5,1,1,2,1,2025-04-07,2025-04-24,17,123,2,230.60,Central,Desktop,New
1761,Bronze,5,1,2,1,1,2025-07-22,2025-07-22,0,34,1,20.52,International,Mobile,Returning
1811,Bronze,5,1,1,2,1,2024-09-21,2024-09-25,4,334,2,38.27,Central,Desktop,New
1839,Bronze,5,1,1,2,1,2025-04-11,2025-05-08,27,109,2,116.54,Central,Desktop,Returning
1868,Bronze,5,1,1,2,1,2024-10-12,2024-11-09,28,289,2,49.98,East,Tablet,Returning
1869,Bronze,5,1,1,2,1,2024-12-14,2025-01-01,18,236,2,30.40,East,Mobile,Returning
1872,Bronze,5,1,1,2,1,2024-10-03,2024-10-18,15,311,2,84.82,Central,Mobile,Returning
1903,Bronze,5,1,1,2,1,2025-04-26,2025-05-24,28,93,2,44.56,Central,Desktop,Returning
1924,Bronze,5,1,1,2,1,2024-12-16,2024-12-17,1,251,2,69.83,Central,Desktop,Returning
2054,Bronze,5,1,1,2,1,2024-10-31,2024-11-04,4,294,2,107.45,International,Mobile,Returning
2137,Bronze,5,1,1,2,1,2024-09-23,2024-10-09,16,320,2,14.00,International,Desktop,New
2266,Bronze,5,1,1,2,1,2025-03-11,2025-03-26,15,152,2,220.12,North,Mobile,Returning
2304,Bronze,5,1,1,2,1,2024-08-30,2024-09-16,17,343,2,40.41,International,Desktop,New
2305,Bronze,5,1,1,2,1,2025-05-19,2025-05-22,3,95,3,387.25,North,Desktop,Returning
2356,Bronze,5,1,1,2,1,2025-01-15,2025-02-02,18,204,2,134.58,East,Desktop,New
2367,Bronze,5,1,1,2,1,2024-10-12,2024-10-20,8,309,2,244.08,Central,Desktop,New
2411,Bronze,5,1,2,1,1,2025-07-08,2025-07-08,0,48,1,13.85,South,Tablet,Returning
2416,Bronze,5,1,1,2,1,2025-02-24,2025-02-26,2,180,2,4.39,East,Desktop,Returning
2430,Bronze,5,1,1,2,1,2025-01-10,2025-01-16,6,221,2,176.46,International,Desktop,Returning
2457,Bronze,5,1,2,1,1,2025-07-02,2025-07-02,0,54,1,7.67,Central,Tablet,Returning
2470,Bronze,5,1,1,2,1,2025-05-28,2025-06-19,22,67,2,172.77,International,Tablet,New
2534,Bronze,5,1,2,1,1,2025-06-27,2025-06-27,0,59,1,3.26,East,Desktop,Returning
2653,Bronze,5,1,2,1,1,2025-07-22,2025-07-22,0,34,1,150.56,North,Tablet,Returning
2706,Bronze,5,1,1,2,1,2024-12-27,2025-01-10,14,227,2,113.95,Central,Desktop,Returning
2721,Bronze,5,1,2,1,1,2025-07-05,2025-07-05,0,51,1,1.69,North,Mobile,Returning
2822,Bronze,5,1,1,2,1,2024-12-17,2025-01-10,24,227,2,114.34,Central,Desktop,Returning
2848,Bronze,5,1,1,2,1,2024-09-01,2024-09-12,11,347,2,41.76,Central,Mobile,Returning
2865,Bronze,5,1,1,2,1,2025-03-02,2025-03-23,21,155,2,148.07,North,Desktop,Returning
2877,Bronze,5,1,2,1,1,2025-07-23,2025-07-23,0,33,1,85.00,North,Tablet,Returning
2878,Bronze,5,1,1,2,1,2024-08-27,2024-09-21,25,338,2,80.60,East,Desktop,New
2890,Bronze,5,1,1,2,1,2024-09-17,2024-10-08,21,321,2,56.62,International,Mobile,New
2941,Bronze,5,1,1,2,1,2025-05-20,2025-05-25,5,92,2,131.00,Central,Desktop,New
2942,Bronze,5,1,1,2,1,2024-08-31,2024-09-29,29,330,2,134.90,Central,Desktop,Returning
2946,Bronze,5,1,1,2,1,2025-04-11,2025-05-05,24,112,2,27.97,North,Mobile,Returning
2958,Bronze,5,1,1,2,1,2025-01-01,2025-01-27,26,210,2,59.38,International,Mobile,Returning
2981,Bronze,5,1,1,2,1,2025-05-12,2025-05-15,3,102,2,168.47,International,Desktop,Returning
2993,Bronze,5,1,1,2,1,2025-06-15,2025-06-16,1,70,2,47.79,International,Desktop,Returning
3037,Bronze,5,1,1,2,1,2025-05-16,2025-06-01,16,85,2,170.99,Central,Desktop,New
3149,Bronze,5,1,2,1,1,2025-07-08,2025-07-08,0,48,1,78.81,North,Desktop,Returning
3156,Bronze,5,1,1,2,1,2025-03-21,2025-03-31,10,147,2,63.15,International,Mobile,Returning
3177,Bronze,5,1,1,2,1,2024-11-02,2024-11-26,24,272,2,46.19,International,Desktop,New
3259,Bronze,5,1,1,2,1,2025-05-30,2025-06-02,3,84,2,51.77,International,Tablet,Returning
3269,Bronze,5,1,1,2,1,2025-01-27,2025-02-09,13,197,2,158.10,Central,Desktop,Returning
3274,Bronze,5,1,1,2,1,2024-09-07,2024-10-02,25,327,2,108.63,Central,Desktop,New
3282,Bronze,5,1,1,2,1,2024-09-08,2024-10-03,25,326,2,125.13,East,Desktop,Returning
3289,Bronze,5,1,1,2,1,2024-09-04,2024-09-22,18,337,2,148.36,International,Desktop,Returning
3310,Bronze,5,1,1,2,1,2024-09-03,2024-09-25,22,334,2,165.94,North,Desktop,New
3313,Bronze,5,1,1,2,1,2025-01-20,2025-02-15,26,191,2,212.93,East,Desktop,Returning
3314,Bronze,5,1,1,2,1,2024-09-02,2024-09-10,8,349,3,322.94,South,Desktop,Returning
3324,Bronze,5,1,1,2,1,2024-09-20,2024-10-08,18,321,2,114.67,North,Mobile,Returning
3359,Bronze,5,1,1,2,1,2025-04-06,2025-05-02,26,115,3,267.59,East,Mobile,New
3384,Bronze,5,1,1,2,1,2025-03-11,2025-03-27,16,151,2,4.68,Central,Desktop,Returning
3394,Bronze,5,1,1,2,1,2025-04-16,2025-04-17,1,130,2,94.85,International,Desktop,Returning
3479,Bronze,5,1,2,1,1,2025-06-26,2025-06-26,0,60,1,114.37,South,Tablet,Returning
3509,Bronze,5,1,1,2,1,2024-12-07,2024-12-10,3,258,2,148.90,East,Tablet,New
3584,Bronze,5,1,1,2,1,2025-03-08,2025-03-25,17,153,2,108.77,South,Desktop,Returning
3646,Bronze,5,1,2,1,1,2025-07-05,2025-07-05,0,51,1,83.39,Central,Desktop,Returning
3694,Bronze,5,1,1,2,1,2024-11-13,2024-11-24,11,274,2,173.63,East,Mobile,New
3925,Bronze,5,1,1,2,1,2024-11-13,2024-11-17,4,281,2,141.78,Central,Mobile,New
3983,Bronze,5,1,1,2,1,2024-09-16,2024-10-12,26,317,3,192.00,East,Desktop,Returning
4036,Bronze,5,1,1,2,1,2025-02-10,2025-03-01,19,177,2,15.49,East,Tablet,New
4048,Bronze,5,1,1,2,1,2025-04-15,2025-04-28,13,119,2,51.01,North,Desktop,Returning
4119,Bronze,5,1,2,1,1,2025-06-27,2025-06-27,0,59,1,51.28,Central,Desktop,Returning
4156,Bronze,5,1,1,2,1,2025-04-24,2025-05-19,25,98,3,101.92,East,Desktop,Returning
4168,Bronze,5,1,1,2,1,2025-05-18,2025-06-15,28,71,3,241.05,International,Desktop,New
4249,Bronze,5,1,1,2,1,2025-04-30,2025-05-09,9,108,2,54.89,International,Desktop,Returning
4333,Bronze,5,1,1,2,1,2024-09-13,2024-09-15,2,344,2,10.98,International,Mobile,New
4381,Bronze,5,1,1,2,1,2025-03-01,2025-03-15,14,163,2,106.40,East,Mobile,Returning
4444,Bronze,5,1,1,2,1,2024-12-19,2025-01-07,19,230,2,89.15,Central,Desktop,Returning
4566,Bronze,5,1,1,2,1,2024-11-02,2024-11-10,8,288,3,77.55,International,Desktop,New
4611,Bronze,5,1,1,2,1,2024-09-25,2024-10-11,16,318,2,176.07,East,Desktop,Returning
4741,Bronze,5,1,1,2,1,2025-05-14,2025-05-23,9,94,2,53.73,South,Desktop,Returning
4755,Bronze,5,1,1,2,1,2025-05-30,2025-06-16,17,70,2,87.14,East,Desktop,New
4852,Bronze,5,1,1,2,1,2024-10-12,2024-10-18,6,311,2,91.71,Central,Desktop,New
4856,Bronze,5,1,1,2,1,2024-10-04,2024-10-12,8,317,3,160.04,Central,Mobile,Returning
3624,Bronze,4,1,1,1,1,2025-05-17,2025-05-17,0,100,1,31.67,South,Mobile,Returning
3651,Bronze,4,1,1,1,1,2025-05-31,2025-05-31,0,86,1,140.40,North,Mobile,New
3665,Bronze,4,1,1,1,1,2025-05-30,2025-05-30,0,87,1,141.89,International,Mobile,Returning
3695,Bronze,4,1,1,1,1,2024-09-03,2024-09-03,0,356,1,78.79,Central,Tablet,Returning
3740,Bronze,4,1,1,1,1,2025-04-25,2025-04-25,0,122,1,70.34,Central,Mobile,Returning
3747,Bronze,4,1,1,1,1,2024-10-11,2024-10-11,0,318,1,1.95,East,Mobile,Returning
3766,Bronze,4,1,1,1,1,2024-11-09,2024-11-09,0,289,1,112.62,South,Tablet,Returning
3768,Bronze,4,1,1,1,1,2025-02-17,2025-02-17,0,189,1,56.57,West,Mobile,Returning
3774,Bronze,4,1,1,1,1,2024-12-29,2024-12-29,0,239,1,2.92,South,Mobile,New
3775,Bronze,4,1,1,1,1,2024-10-17,2024-10-17,0,312,1,1.14,West,Mobile,Returning
3777,Bronze,4,1,1,1,1,2024-12-03,2024-12-03,0,265,1,24.67,West,Desktop,Returning
3799,Bronze,4,1,1,1,1,2025-03-08,2025-03-08,0,170,1,1.70,International,Desktop,Returning
3801,Bronze,4,1,1,1,1,2024-09-22,2024-09-22,0,337,1,5.78,International,Tablet,Returning
3804,Bronze,4,1,1,1,1,2025-03-03,2025-03-03,0,175,1,19.65,North,Mobile,Returning
3811,Bronze,4,1,1,1,1,2025-02-23,2025-02-23,0,183,1,17.03,Central,Mobile,New
3830,Bronze,4,1,1,1,1,2025-05-02,2025-05-02,0,115,1,29.64,South,Mobile,Returning
3870,Bronze,4,1,1,1,1,2025-03-09,2025-03-09,0,169,1,85.44,Central,Tablet,Returning
3871,Bronze,4,1,1,1,1,2024-10-28,2024-10-28,0,301,1,75.47,Central,Desktop,Returning
3872,Bronze,4,1,1,1,1,2024-10-31,2024-10-31,0,298,1,92.36,International,Mobile,New
3911,Bronze,4,1,1,1,1,2025-06-02,2025-06-02,0,84,1,98.62,South,Mobile,Returning
3941,Bronze,4,1,1,1,1,2024-12-21,2024-12-21,0,247,1,4.60,Central,Mobile,Returning
3945,Bronze,4,1,1,1,1,2024-08-31,2024-08-31,0,359,1,22.00,North,Mobile,Returning
3963,Bronze,4,1,1,1,1,2025-06-03,2025-06-03,0,83,1,124.40,International,Mobile,New
3982,Bronze,4,1,1,1,1,2024-12-10,2024-12-10,0,258,1,11.69,South,Mobile,Returning
4004,Bronze,4,1,1,1,1,2025-05-12,2025-05-12,0,105,1,5.78,South,Tablet,Returning
4011,Bronze,4,1,1,1,1,2024-09-05,2024-09-05,0,354,1,57.53,International,Mobile,Returning
4022,Bronze,4,1,1,1,1,2024-09-17,2024-09-17,0,342,1,23.10,North,Desktop,Returning
4058,Bronze,4,1,1,1,1,2024-11-01,2024-11-01,0,297,1,34.79,International,Tablet,Returning
4064,Bronze,4,1,1,1,1,2024-12-14,2024-12-14,0,254,1,7.05,North,Mobile,Returning
4067,Bronze,4,1,1,1,1,2025-02-15,2025-02-15,0,191,1,23.47,International,Desktop,Returning
4102,Bronze,4,1,1,1,1,2025-03-09,2025-03-09,0,169,1,20.39,East,Desktop,Returning
4104,Bronze,4,1,1,1,1,2025-06-04,2025-06-04,0,82,1,44.72,International,Mobile,Returning
4132,Bronze,4,1,1,1,1,2025-03-09,2025-03-09,0,169,1,32.55,Central,Tablet,New
4138,Bronze,4,1,1,1,1,2024-08-26,2024-08-26,0,364,1,44.81,International,Desktop,Returning
4151,Bronze,4,1,1,1,1,2025-02-04,2025-02-04,0,202,1,15.42,South,Tablet,Returning
4207,Bronze,4,1,1,1,1,2024-11-21,2024-11-21,0,277,1,47.37,South,Tablet,Returning
4214,Bronze,4,1,1,1,1,2024-10-09,2024-10-09,0,320,1,61.26,West,Tablet,Returning
4225,Bronze,4,1,1,1,1,2024-09-07,2024-09-07,0,352,1,26.05,International,Tablet,Returning
4284,Bronze,4,1,1,1,1,2025-06-18,2025-06-18,0,68,1,51.66,West,Desktop,Returning
4324,Bronze,4,1,1,1,1,2024-10-05,2024-10-05,0,324,1,73.72,International,Desktop,Returning
4332,Bronze,4,1,1,1,1,2025-02-16,2025-02-16,0,190,1,1.42,International,Mobile,Returning
4337,Bronze,4,1,1,1,1,2025-03-18,2025-03-18,0,160,1,44.71,North,Mobile,Returning
4374,Bronze,4,1,1,1,1,2024-09-12,2024-09-12,0,347,1,5.45,East,Tablet,Returning
4401,Bronze,4,1,1,1,1,2025-04-05,2025-04-05,0,142,1,36.70,South,Desktop,Returning
4428,Bronze,4,1,1,1,1,2025-02-20,2025-02-20,0,186,1,13.34,International,Desktop,Returning
4461,Bronze,4,1,1,1,1,2024-10-08,2024-10-08,0,321,1,8.14,International,Tablet,Returning
4495,Bronze,4,1,1,1,1,2025-04-26,2025-04-26,0,121,1,41.39,West,Desktop,New
4509,Bronze,4,1,1,1,1,2025-02-19,2025-02-19,0,187,1,40.62,East,Mobile,Returning
4544,Bronze,4,1,1,1,1,2025-03-12,2025-03-12,0,166,1,64.34,Central,Mobile,Returning
4548,Bronze,4,1,1,1,1,2025-03-04,2025-03-04,0,174,1,20.07,West,Mobile,Returning
4603,Bronze,4,1,1,1,1,2024-10-19,2024-10-19,0,310,1,14.81,South,Tablet,New
4605,Bronze,4,1,1,1,1,2024-09-28,2024-09-28,0,331,1,123.26,South,Mobile,Returning
4628,Bronze,4,1,1,1,1,2025-05-08,2025-05-08,0,109,1,44.37,International,Mobile,New
4631,Bronze,4,1,1,1,1,2025-02-15,2025-02-15,0,191,1,64.52,South,Mobile,Returning
4656,Bronze,4,1,1,1,1,2024-10-14,2024-10-14,0,315,1,95.36,South,Tablet,Returning
4685,Bronze,4,1,1,1,1,2025-06-01,2025-06-01,0,85,1,61.83,International,Mobile,Returning
4707,Bronze,4,1,1,1,1,2024-11-26,2024-11-26,0,272,1,121.39,South,Tablet,Returning
4720,Bronze,4,1,1,1,1,2024-09-05,2024-09-05,0,354,1,4.25,West,Desktop,Returning
4721,Bronze,4,1,1,1,1,2024-12-14,2024-12-14,0,254,1,103.94,International,Tablet,New
4743,Bronze,4,1,1,1,1,2024-10-20,2024-10-20,0,309,1,45.12,South,Tablet,Returning
4758,Bronze,4,1,1,1,1,2024-08-26,2024-08-26,0,364,1,8.82,East,Desktop,New
4763,Bronze,4,1,1,1,1,2024-08-30,2024-08-30,0,360,1,8.83,South,Tablet,Returning
4770,Bronze,4,1,1,1,1,2024-12-15,2024-12-15,0,253,1,6.66,West,Desktop,Returning
4773,Bronze,4,1,1,1,1,2025-01-16,2025-01-16,0,221,1,31.26,International,Mobile,Returning
4795,Bronze,4,1,1,1,1,2025-03-07,2025-03-07,0,171,1,9.05,Central,Desktop,New
4820,Bronze,4,1,1,1,1,2024-11-15,2024-11-15,0,283,1,75.09,North,Desktop,Returning
4825,Bronze,4,1,1,1,1,2025-04-24,2025-04-24,0,123,1,12.12,East,Mobile,Returning
4827,Bronze,4,1,1,1,1,2024-11-30,2024-11-30,0,268,1,53.06,South,Desktop,Returning
4829,Bronze,4,1,1,1,1,2025-06-20,2025-06-20,0,66,1,1.33,South,Mobile,Returning
4834,Bronze,4,1,1,1,1,2025-05-07,2025-05-07,0,110,1,97.53,Central,Desktop,Returning
4844,Bronze,4,1,1,1,1,2025-05-28,2025-05-28,0,89,1,10.56,East,Mobile,Returning
4848,Bronze,4,1,1,1,1,2025-03-11,2025-03-11,0,167,1,35.61,North,Mobile,Returning
4863,Bronze,4,1,1,1,1,2024-10-05,2024-10-05,0,324,1,5.97,International,Mobile,Returning
4869,Bronze,4,1,1,1,1,2025-04-30,2025-04-30,0,117,1,72.07,North,Desktop,Returning
4876,Bronze,4,1,1,1,1,2024-09-20,2024-09-20,0,339,1,25.86,International,Desktop,Returning
4883,Bronze,4,1,1,1,1,2025-02-22,2025-02-22,0,184,1,62.58,East,Mobile,Returning
4898,Bronze,4,1,1,1,1,2025-01-08,2025-01-08,0,229,1,33.82,Central,Desktop,Returning
4962,Bronze,4,1,1,1,1,2025-02-02,2025-02-02,0,204,1,87.71,International,Tablet,Returning
4971,Bronze,4,1,1,1,1,2024-11-25,2024-11-25,0,273,1,66.59,North,Mobile,Returning
4979,Bronze,4,1,1,1,1,2025-04-09,2025-04-09,0,138,1,103.40,Central,Mobile,Returning
4982,Bronze,4,1,1,1,1,2024-10-02,2024-10-02,0,327,1,21.77,East,Mobile,Returning
86,Bronze,4,1,1,1,1,2025-06-07,2025-06-07,0,79,1,3.53,South,Mobile,Returning
120,Bronze,4,1,1,1,1,2024-09-24,2024-09-24,0,335,1,18.90,International,Tablet,Returning
132,Bronze,4,1,1,1,1,2024-12-03,2024-12-03,0,265,1,45.25,International,Mobile,Returning
136,Bronze,4,1,1,1,1,2025-01-12,2025-01-12,0,225,1,2.09,East,Desktop,New
170,Bronze,4,1,1,1,1,2025-03-19,2025-03-19,0,159,1,14.69,East,Mobile,New
171,Bronze,4,1,1,1,1,2025-06-23,2025-06-23,0,63,1,99.45,International,Mobile,Returning
179,Bronze,4,1,1,1,1,2024-11-05,2024-11-05,0,293,1,147.73,Central,Desktop,Returning
258,Bronze,4,1,1,1,1,2025-06-05,2025-06-05,0,81,1,158.98,West,Tablet,Returning
284,Bronze,4,1,1,1,1,2025-03-19,2025-03-19,0,159,1,0.80,West,Tablet,Returning
288,Bronze,4,1,1,1,1,2024-11-06,2024-11-06,0,292,1,45.67,North,Desktop,Returning
300,Bronze,4,1,1,1,1,2024-10-06,2024-10-06,0,323,1,20.38,West,Desktop,Returning
301,Bronze,4,1,1,1,1,2025-01-01,2025-01-01,0,236,1,7.29,West,Mobile,Returning
316,Bronze,4,1,1,1,1,2024-09-11,2024-09-11,0,348,1,104.98,West,Mobile,Returning
380,Bronze,4,1,1,1,1,2024-09-07,2024-09-07,0,352,1,103.73,North,Mobile,New
435,Bronze,4,1,1,1,1,2025-05-10,2025-05-10,0,107,1,33.58,South,Desktop,New
456,Bronze,4,1,1,1,1,2025-01-18,2025-01-18,0,219,1,27.16,Central,Desktop,Returning
457,Bronze,4,1,1,1,1,2024-11-02,2024-11-02,0,296,1,80.72,International,Desktop,Returning
475,Bronze,4,1,1,1,1,2024-10-27,2024-10-27,0,302,1,33.93,East,Mobile,Returning
520,Bronze,4,1,1,1,1,2024-09-07,2024-09-07,0,352,1,36.02,International,Tablet,Returning
522,Bronze,4,1,1,1,1,2025-01-06,2025-01-06,0,231,1,99.87,North,Mobile,Returning
600,Bronze,4,1,1,1,1,2025-06-23,2025-06-23,0,63,1,93.88,North,Mobile,Returning
621,Bronze,4,1,1,1,1,2025-06-09,2025-06-09,0,77,1,32.61,North,Tablet,Returning
711,Bronze,4,1,1,1,1,2025-06-21,2025-06-21,0,65,1,18.31,East,Tablet,Returning
722,Bronze,4,1,1,1,1,2025-05-07,2025-05-07,0,110,1,7.87,North,Desktop,Returning
747,Bronze,4,1,1,1,1,2024-10-06,2024-10-06,0,323,1,144.23,West,Desktop,Returning
776,Bronze,4,1,1,1,1,2024-12-23,2024-12-23,0,245,1,92.62,North,Tablet,Returning
798,Bronze,4,1,1,1,1,2024-09-25,2024-09-25,0,334,1,5.16,Central,Mobile,New
816,Bronze,4,1,1,1,1,2024-12-24,2024-12-24,0,244,1,119.58,South,Tablet,New
826,Bronze,4,1,1,1,1,2024-09-25,2024-09-25,0,334,1,5.79,East,Desktop,New
844,Bronze,4,1,1,1,1,2024-10-12,2024-10-12,0,317,1,71.96,South,Mobile,Returning
925,Bronze,4,1,1,1,1,2024-10-05,2024-10-05,0,324,1,47.89,East,Desktop,Returning
952,Bronze,4,1,1,1,1,2024-11-26,2024-11-26,0,272,1,14.06,South,Mobile,Returning
976,Bronze,4,1,1,1,1,2025-04-21,2025-04-21,0,126,1,9.11,Central,Desktop,Returning
981,Bronze,4,1,1,1,1,2024-09-07,2024-09-07,0,352,1,32.15,West,Tablet,Returning
982,Bronze,4,1,1,1,1,2024-11-14,2024-11-14,0,284,1,46.96,North,Desktop,New
985,Bronze,4,1,1,1,1,2025-03-19,2025-03-19,0,159,1,40.99,International,Mobile,Returning
1015,Bronze,4,1,1,1,1,2025-05-14,2025-05-14,0,103,1,127.83,Central,Mobile,Returning
1021,Bronze,4,1,1,1,1,2025-05-12,2025-05-12,0,105,1,110.81,East,Desktop,New
1030,Bronze,4,1,1,1,1,2025-02-28,2025-02-28,0,178,1,55.34,West,Tablet,Returning
1038,Bronze,4,1,1,1,1,2025-04-06,2025-04-06,0,141,1,35.58,International,Desktop,Returning
1058,Bronze,4,1,1,1,1,2025-01-18,2025-01-18,0,219,1,67.52,South,Desktop,Returning
1059,Bronze,4,1,1,1,1,2024-10-16,2024-10-16,0,313,1,40.76,Central,Mobile,New
1064,Bronze,4,1,1,1,1,2025-01-28,2025-01-28,0,209,1,25.88,North,Mobile,Returning
1080,Bronze,4,1,1,1,1,2024-12-02,2024-12-02,0,266,1,0.03,International,Desktop,Returning
1114,Bronze,4,1,1,1,1,2024-10-24,2024-10-24,0,305,1,90.20,South,Tablet,Returning
1145,Bronze,4,1,1,1,1,2025-05-26,2025-05-26,0,91,1,97.58,Central,Tablet,Returning
1164,Bronze,4,1,1,1,1,2024-12-24,2024-12-24,0,244,1,94.07,Central,Desktop,New
1172,Bronze,4,1,1,1,1,2024-10-18,2024-10-18,0,311,1,82.67,Central,Mobile,Returning
1215,Bronze,4,1,1,1,1,2024-12-16,2024-12-16,0,252,1,60.21,South,Tablet,Returning
1224,Bronze,4,1,1,1,1,2025-03-27,2025-03-27,0,151,1,37.14,Central,Desktop,Returning
1236,Bronze,4,1,1,1,1,2025-01-07,2025-01-07,0,230,1,65.73,West,Mobile,Returning
1282,Bronze,4,1,1,1,1,2024-10-29,2024-10-29,0,300,1,48.81,International,Mobile,Returning
1310,Bronze,4,1,1,1,1,2025-03-27,2025-03-27,0,151,1,43.88,Central,Desktop,Returning
1311,Bronze,4,1,1,1,1,2024-10-05,2024-10-05,0,324,1,50.28,North,Desktop,Returning
1319,Bronze,4,1,1,1,1,2025-03-22,2025-03-22,0,156,1,36.38,East,Mobile,Returning
1357,Bronze,4,1,1,1,1,2025-03-17,2025-03-17,0,161,1,29.14,South,Desktop,Returning
1360,Bronze,4,1,1,1,1,2024-11-10,2024-11-10,0,288,1,18.15,East,Desktop,New
1379,Bronze,4,1,1,1,1,2024-11-10,2024-11-10,0,288,1,18.10,Central,Tablet,Returning
1382,Bronze,4,1,1,1,1,2025-06-22,2025-06-22,0,64,1,3.12,North,Tablet,Returning
1423,Bronze,4,1,1,1,1,2025-04-08,2025-04-08,0,139,1,9.07,International,Mobile,Returning
1438,Bronze,4,1,1,1,1,2025-04-04,2025-04-04,0,143,1,13.50,North,Mobile,New
1445,Bronze,4,1,1,1,1,2025-02-23,2025-02-23,0,183,1,38.18,South,Tablet,Returning
1458,Bronze,4,1,1,1,1,2024-09-17,2024-09-17,0,342,1,116.30,West,Tablet,Returning
1465,Bronze,4,1,1,1,1,2024-09-16,2024-09-16,0,343,1,112.38,South,Desktop,Returning
1474,Bronze,4,1,1,1,1,2024-12-01,2024-12-01,0,267,1,51.98,East,Desktop,Returning
1510,Bronze,4,1,1,1,1,2025-03-14,2025-03-14,0,164,1,42.81,Central,Tablet,Returning
1518,Bronze,4,1,1,1,1,2025-01-24,2025-01-24,0,213,1,1.98,Central,Mobile,Returning
1565,Bronze,4,1,1,1,1,2025-04-24,2025-04-24,0,123,1,39.91,East,Mobile,Returning
1595,Bronze,4,1,1,1,1,2025-02-23,2025-02-23,0,183,1,78.02,Central,Tablet,Returning
1610,Bronze,4,1,1,1,1,2024-12-08,2024-12-08,0,260,1,18.08,East,Mobile,Returning
1723,Bronze,4,1,1,1,1,2025-04-24,2025-04-24,0,123,1,92.19,South,Mobile,Returning
1804,Bronze,4,1,1,1,1,2025-03-13,2025-03-13,0,165,1,16.28,Central,Desktop,Returning
1813,Bronze,4,1,1,1,1,2024-10-04,2024-10-04,0,325,1,58.73,South,Tablet,Returning
1830,Bronze,4,1,1,1,1,2025-05-10,2025-05-10,0,107,1,5.21,International,Tablet,Returning
1836,Bronze,4,1,1,1,1,2025-02-17,2025-02-17,0,189,1,10.50,North,Desktop,New
1852,Bronze,4,1,1,1,1,2024-11-30,2024-11-30,0,268,1,42.32,West,Mobile,Returning
1856,Bronze,4,1,1,1,1,2024-10-09,2024-10-09,0,320,1,15.88,North,Tablet,Returning
1865,Bronze,4,1,1,1,1,2024-10-06,2024-10-06,0,323,1,7.60,West,Mobile,Returning
1871,Bronze,4,1,1,1,1,2025-02-19,2025-02-19,0,187,1,30.44,South,Desktop,Returning
1886,Bronze,4,1,1,1,1,2025-04-10,2025-04-10,0,137,1,60.34,North,Tablet,Returning
1911,Bronze,4,1,1,1,1,2025-01-15,2025-01-15,0,222,1,61.61,East,Tablet,Returning
1917,Bronze,4,1,1,1,1,2024-10-30,2024-10-30,0,299,1,131.55,North,Mobile,Returning
1946,Bronze,4,1,1,1,1,2025-01-24,2025-01-24,0,213,1,140.88,North,Tablet,Returning
1949,Bronze,4,1,1,1,1,2025-04-18,2025-04-18,0,129,1,13.06,West,Tablet,Returning
1961,Bronze,4,1,1,1,1,2024-12-22,2024-12-22,0,246,1,2.88,East,Desktop,Returning
1963,Bronze,4,1,1,1,1,2024-10-08,2024-10-08,0,321,1,22.73,Central,Tablet,New
1978,Bronze,4,1,1,1,1,2025-06-12,2025-06-12,0,74,1,72.86,North,Mobile,New
1980,Bronze,4,1,1,1,1,2024-11-23,2024-11-23,0,275,1,41.33,Central,Mobile,Returning
1986,Bronze,4,1,1,1,1,2025-04-27,2025-04-27,0,120,1,61.33,North,Desktop,Returning
1988,Bronze,4,1,1,1,1,2025-03-01,2025-03-01,0,177,1,14.05,East,Tablet,Returning
1992,Bronze,4,1,1,1,1,2024-09-19,2024-09-19,0,340,1,42.83,North,Mobile,New
1997,Bronze,4,1,1,1,1,2024-11-07,2024-11-07,0,291,1,65.86,South,Mobile,New
2000,Bronze,4,1,1,1,1,2024-11-29,2024-11-29,0,269,1,72.92,West,Mobile,New
2007,Bronze,4,1,1,1,1,2025-04-02,2025-04-02,0,145,1,45.41,East,Desktop,Returning
2034,Bronze,4,1,1,1,1,2025-06-20,2025-06-20,0,66,1,19.03,West,Mobile,Returning
2040,Bronze,4,1,1,1,1,2024-11-04,2024-11-04,0,294,1,59.90,North,Tablet,Returning
2074,Bronze,4,1,1,1,1,2025-01-05,2025-01-05,0,232,1,44.76,South,Desktop,New
2077,Bronze,4,1,1,1,1,2025-06-18,2025-06-18,0,68,1,21.48,North,Mobile,Returning
2095,Bronze,4,1,1,1,1,2025-03-17,2025-03-17,0,161,1,105.31,East,Mobile,New
2101,Bronze,4,1,1,1,1,2024-10-16,2024-10-16,0,313,1,2.78,East,Tablet,Returning
2131,Bronze,4,1,1,1,1,2024-10-14,2024-10-14,0,315,1,3.58,West,Desktop,Returning
2161,Bronze,4,1,1,1,1,2025-03-29,2025-03-29,0,149,1,69.35,Central,Mobile,New
2182,Bronze,4,1,1,1,1,2024-10-07,2024-10-07,0,322,1,3.48,West,Desktop,Returning
2185,Bronze,4,1,1,1,1,2025-06-14,2025-06-14,0,72,1,27.20,North,Desktop,New
2214,Bronze,4,1,1,1,1,2024-10-13,2024-10-13,0,316,1,0.88,West,Desktop,New
2217,Bronze,4,1,1,1,1,2025-02-07,2025-02-07,0,199,1,48.44,West,Tablet,Returning
2234,Bronze,4,1,1,1,1,2025-06-08,2025-06-08,0,78,1,135.47,Central,Tablet,Returning
2243,Bronze,4,1,1,1,1,2025-04-18,2025-04-18,0,129,1,74.45,Central,Desktop,New
2249,Bronze,4,1,1,1,1,2025-01-29,2025-01-29,0,208,1,23.09,North,Mobile,Returning
2261,Bronze,4,1,1,1,1,2025-04-21,2025-04-21,0,126,1,14.78,Central,Desktop,Returning
2267,Bronze,4,1,1,1,1,2025-04-14,2025-04-14,0,133,1,67.26,Central,Tablet,Returning
2272,Bronze,4,1,1,1,1,2025-06-02,2025-06-02,0,84,1,114.17,Central,Tablet,Returning
2300,Bronze,4,1,1,1,1,2024-12-24,2024-12-24,0,244,1,37.63,International,Desktop,Returning
2334,Bronze,4,1,1,1,1,2024-10-09,2024-10-09,0,320,1,133.49,International,Mobile,Returning
2336,Bronze,4,1,1,1,1,2025-01-04,2025-01-04,0,233,1,140.52,Central,Desktop,Returning
2346,Bronze,4,1,1,1,1,2024-10-14,2024-10-14,0,315,1,11.00,North,Desktop,Returning
2363,Bronze,4,1,1,1,1,2025-06-03,2025-06-03,0,83,1,11.27,East,Mobile,Returning
2387,Bronze,4,1,1,1,1,2024-10-17,2024-10-17,0,312,1,60.94,Central,Tablet,Returning
2401,Bronze,4,1,1,1,1,2025-01-13,2025-01-13,0,224,1,81.42,North,Tablet,Returning
2405,Bronze,4,1,1,1,1,2025-03-09,2025-03-09,0,169,1,165.75,International,Mobile,Returning
2444,Bronze,4,1,1,1,1,2025-03-12,2025-03-12,0,166,1,52.94,North,Desktop,Returning
2446,Bronze,4,1,1,1,1,2025-02-21,2025-02-21,0,185,1,2.71,Central,Desktop,Returning
2447,Bronze,4,1,1,1,1,2025-05-24,2025-05-24,0,93,1,112.08,North,Desktop,Returning
2452,Bronze,4,1,1,1,1,2025-05-29,2025-05-29,0,88,1,12.39,North,Mobile,Returning
2455,Bronze,4,1,1,1,1,2025-03-31,2025-03-31,0,147,1,53.17,North,Tablet,Returning
2474,Bronze,4,1,1,1,1,2025-05-12,2025-05-12,0,105,1,21.30,North,Tablet,New
2475,Bronze,4,1,1,1,1,2025-05-03,2025-05-03,0,114,1,8.76,East,Desktop,Returning
2481,Bronze,4,1,1,1,1,2024-12-24,2024-12-24,0,244,1,119.45,East,Tablet,Returning
2489,Bronze,4,1,1,1,1,2025-03-27,2025-03-27,0,151,1,39.87,North,Mobile,Returning
2498,Bronze,4,1,1,1,1,2024-11-23,2024-11-23,0,275,1,46.53,Central,Tablet,New
2536,Bronze,4,1,1,1,1,2025-02-08,2025-02-08,0,198,1,24.59,East,Desktop,Returning
2538,Bronze,4,1,1,1,1,2025-04-06,2025-04-06,0,141,1,11.17,Central,Desktop,Returning
2549,Bronze,4,1,1,1,1,2024-10-01,2024-10-01,0,328,1,153.62,East,Tablet,Returning
2598,Bronze,4,1,1,1,1,2025-03-27,2025-03-27,0,151,1,66.76,Central,Desktop,New
2601,Bronze,4,1,1,1,1,2025-05-08,2025-05-08,0,109,1,40.77,Central,Desktop,Returning
2609,Bronze,4,1,1,1,1,2025-06-09,2025-06-09,0,77,1,16.30,Central,Tablet,Returning
2630,Bronze,4,1,1,1,1,2025-02-07,2025-02-07,0,199,1,25.76,Central,Desktop,Returning
2645,Bronze,4,1,1,1,1,2025-05-23,2025-05-23,0,94,1,39.03,International,Mobile,Returning
2700,Bronze,4,1,1,1,1,2024-09-27,2024-09-27,0,332,1,19.08,Central,Tablet,Returning
2717,Bronze,4,1,1,1,1,2025-03-13,2025-03-13,0,165,1,26.26,West,Desktop,Returning
2754,Bronze,4,1,1,1,1,2025-03-21,2025-03-21,0,157,1,76.40,North,Mobile,Returning
2760,Bronze,4,1,1,1,1,2025-01-31,2025-01-31,0,206,1,27.63,North,Desktop,Returning
2776,Bronze,4,1,1,1,1,2025-05-04,2025-05-04,0,113,1,86.17,North,Tablet,Returning
2797,Bronze,4,1,1,1,1,2024-11-12,2024-11-12,0,286,1,7.85,West,Mobile,New
2806,Bronze,4,1,1,1,1,2025-03-26,2025-03-26,0,152,1,18.79,East,Tablet,New
2852,Bronze,4,1,1,1,1,2024-12-27,2024-12-27,0,241,1,8.29,West,Desktop,Returning
2894,Bronze,4,1,1,1,1,2025-06-21,2025-06-21,0,65,1,22.91,Central,Tablet,Returning
2903,Bronze,4,1,1,1,1,2025-01-02,2025-01-02,0,235,1,49.33,West,Tablet,Returning
2909,Bronze,4,1,1,1,1,2024-11-06,2024-11-06,0,292,1,6.42,South,Tablet,Returning
2920,Bronze,4,1,1,1,1,2024-12-31,2024-12-31,0,237,1,43.81,North,Mobile,Returning
2950,Bronze,4,1,1,1,1,2024-09-01,2024-09-01,0,358,1,7.62,East,Mobile,Returning
2955,Bronze,4,1,1,1,1,2024-11-16,2024-11-16,0,282,1,14.97,West,Mobile,Returning
2956,Bronze,4,1,1,1,1,2024-11-24,2024-11-24,0,274,1,64.03,East,Mobile,Returning
2964,Bronze,4,1,1,1,1,2025-06-10,2025-06-10,0,76,1,15.33,South,Tablet,Returning
2998,Bronze,4,1,1,1,1,2025-03-30,2025-03-30,0,148,1,4.57,South,Desktop,Returning
3001,Bronze,4,1,1,1,1,2024-10-29,2024-10-29,0,300,1,54.17,South,Mobile,Returning
3003,Bronze,4,1,1,1,1,2025-04-24,2025-04-24,0,123,1,96.62,West,Mobile,Returning
3004,Bronze,4,1,1,1,1,2024-11-03,2024-11-03,0,295,1,10.37,East,Mobile,Returning
3005,Bronze,4,1,1,1,1,2025-03-25,2025-03-25,0,153,1,43.57,South,Mobile,Returning
3016,Bronze,4,1,1,1,1,2025-06-21,2025-06-21,0,65,1,2.29,Central,Desktop,New
3051,Bronze,4,1,1,1,1,2025-02-25,2025-02-25,0,181,1,33.39,South,Tablet,New
3060,Bronze,4,1,1,1,1,2024-10-27,2024-10-27,0,302,1,55.63,East,Desktop,Returning
3063,Bronze,4,1,1,1,1,2025-05-23,2025-05-23,0,94,1,45.06,South,Desktop,New
3072,Bronze,4,1,1,1,1,2025-03-24,2025-03-24,0,154,1,47.26,International,Mobile,Returning
3094,Bronze,4,1,1,1,1,2024-09-16,2024-09-16,0,343,1,93.24,North,Tablet,Returning
3097,Bronze,4,1,1,1,1,2025-02-26,2025-02-26,0,180,1,50.28,International,Desktop,Returning
3100,Bronze,4,1,1,1,1,2024-08-30,2024-08-30,0,360,1,8.52,Central,Tablet,Returning
3103,Bronze,4,1,1,1,1,2024-11-14,2024-11-14,0,284,1,1.42,East,Desktop,Returning
3114,Bronze,4,1,1,1,1,2024-12-30,2024-12-30,0,238,1,73.90,East,Tablet,Returning
3167,Bronze,4,1,1,1,1,2025-02-27,2025-02-27,0,179,1,72.82,International,Tablet,Returning
3187,Bronze,4,1,1,1,1,2025-04-18,2025-04-18,0,129,1,129.05,International,Mobile,Returning
3221,Bronze,4,1,1,1,1,2025-03-10,2025-03-10,0,168,1,38.05,South,Desktop,Returning
3249,Bronze,4,1,1,1,1,2025-05-19,2025-05-19,0,98,1,61.63,West,Tablet,New
3301,Bronze,4,1,1,1,1,2025-04-10,2025-04-10,0,137,1,105.59,East,Desktop,Returning
3309,Bronze,4,1,1,1,1,2025-04-15,2025-04-15,0,132,1,148.80,International,Tablet,Returning
3321,Bronze,4,1,1,1,1,2025-01-30,2025-01-30,0,207,1,77.32,East,Desktop,New
3340,Bronze,4,1,1,1,1,2025-01-31,2025-01-31,0,206,1,96.47,West,Mobile,New
3345,Bronze,4,1,1,1,1,2024-09-12,2024-09-12,0,347,1,21.45,East,Desktop,Returning
3372,Bronze,4,1,1,1,1,2025-04-21,2025-04-21,0,126,1,72.61,North,Desktop,Returning
3420,Bronze,4,1,1,1,1,2024-10-02,2024-10-02,0,327,1,45.23,International,Desktop,Returning
3429,Bronze,4,1,1,1,1,2025-05-24,2025-05-24,0,93,1,28.14,Central,Desktop,New
3486,Bronze,4,1,1,1,1,2025-02-19,2025-02-19,0,187,1,18.98,South,Tablet,Returning
3491,Bronze,4,1,1,1,1,2025-01-30,2025-01-30,0,207,1,136.32,Central,Tablet,Returning
3498,Bronze,4,1,1,1,1,2025-05-10,2025-05-10,0,107,1,5.42,International,Tablet,New
3512,Bronze,4,1,1,1,1,2024-09-11,2024-09-11,0,348,1,70.16,East,Mobile,Returning
3517,Bronze,4,1,1,1,1,2025-03-21,2025-03-21,0,157,1,0.99,International,Mobile,Returning
3519,Bronze,4,1,1,1,1,2025-05-27,2025-05-27,0,90,1,3.78,West,Desktop,New
3564,Bronze,4,1,1,1,1,2025-02-21,2025-02-21,0,185,1,40.35,International,Desktop,New
3587,Bronze,4,1,1,1,1,2024-09-04,2024-09-04,0,355,1,51.99,West,Desktop,Returning
