session_id,customer_id,visit_date,page_value,exit_rate,device,region,visitor_type
S0000001-C1,1,2024-12-31,39.22,0.078,Mobile,Central,New
S0000001-C1814,1814,2025-05-01,100.78,0.558,Desktop,International,Returning
S0000001-C2,2,2025-04-09,74.27,0.693,Mobile,North,Returning
S0000001-C3237,3237,2025-03-29,20.54,0.308,Desktop,Central,Returning
S0000001-C44,44,2024-11-04,28.58,0.312,Desktop,South,Returning
S0000001-C8,8,2025-02-20,3.31,0.548,Tablet,International,Returning
S0000001-C9,9,2024-12-21,168.25,0.207,Mobile,South,New
S0000002-C1,1,2025-07-15,77.29,0.580,Tablet,North,Returning
S0000002-C2,2,2025-01-05,93.87,0.440,Tablet,East,New
S0000002-C24,24,2025-05-14,163.33,0.262,Tablet,International,Returning
S0000002-C32,32,2025-05-18,53.26,0.511,Tablet,South,New
S0000002-C4909,4909,2025-02-10,150.57,0.181,Mobile,International,New
S0000002-C942,942,2024-10-06,174.58,0.682,Tablet,East,New
S0000003-C105,105,2024-12-31,37.49,0.938,Mobile,International,Returning
S0000003-C1277,1277,2025-07-20,147.81,0.403,Tablet,West,Returning
S0000003-C24,24,2025-06-05,111.13,0.145,Tablet,International,Returning
S0000003-C37,37,2025-01-13,134.39,0.512,Mobile,South,Returning
S0000004-C15,15,2025-03-30,19.56,0.289,Desktop,East,Returning
S0000004-C1673,1673,2025-03-18,39.58,0.652,Tablet,Central,Returning
S0000004-C3880,3880,2025-03-19,171.79,0.935,Mobile,Central,Returning
S0000004-C43,43,2025-01-21,22.30,0.751,Mobile,East,Returning
S0000005-C1123,1123,2025-08-06,119.99,0.802,Mobile,East,Returning
S0000005-C38,38,2024-11-21,63.05,0.317,Mobile,Central,Returning
S0000005-C40,40,2025-04-08,61.35,0.397,Desktop,International,Returning
S0000005-C481,481,2025-07-25,28.04,0.450,Tablet,West,Returning
S0000006-C18,18,2024-10-06,52.82,0.645,Mobile,West,Returning
S0000006-C3037,3037,2025-05-16,113.59,0.055,Desktop,West,New
S0000006-C4242,4242,2024-10-25,125.40,0.619,Desktop,East,Returning
S0000006-C7,7,2025-01-11,140.56,0.634,Desktop,Central,Returning
S0000007-C10,10,2024-09-25,182.73,0.789,Mobile,East,Returning
S0000007-C2821,2821,2025-01-25,42.85,0.345,Tablet,International,Returning
S0000007-C3531,3531,2025-01-12,193.09,0.929,Tablet,North,New
S0000007-C9,9,2025-07-24,177.50,0.203,Desktop,East,Returning
S0000008-C2400,2400,2025-07-25,197.38,0.661,Mobile,North,Returning
S0000008-C30,30,2025-08-15,34.55,0.747,Mobile,East,New
S0000008-C35,35,2024-09-02,121.25,0.131,Mobile,International,Returning
S0000008-C4358,4358,2025-03-14,128.50,0.823,Mobile,South,New
S0000009-C1629,1629,2025-01-17,7.35,0.388,Tablet,Central,Returning
S0000009-C25,25,2025-06-11,77.13,0.329,Mobile,North,Returning
S0000009-C4881,4881,2025-03-14,63.91,0.274,Desktop,Central,Returning
S0000009-C8,8,2025-07-19,6.03,0.808,Desktop,North,Returning
S0000010-C30,30,2025-03-29,10.66,0.083,Desktop,North,Returning
S0000010-C31,31,2025-01-24,171.90,0.538,Desktop,North,Returning
S0000010-C3763,3763,2025-07-27,28.94,0.484,Tablet,East,Returning
S0000010-C4997,4997,2025-04-27,130.40,0.293,Mobile,North,Returning
S0000011-C2943,2943,2025-07-19,150.30,0.453,Tablet,West,Returning
S0000011-C39,39,2024-10-20,141.57,0.944,Tablet,South,Returning
S0000011-C43,43,2024-11-26,177.84,0.234,Mobile,South,Returning
S0000011-C4422,4422,2024-12-09,181.08,0.403,Desktop,North,Returning
S0000012-C19,19,2024-12-02,78.28,0.743,Tablet,North,Returning
S0000012-C1947,1947,2025-03-23,192.17,0.524,Tablet,South,Returning
S0000012-C34,34,2024-12-24,18.48,0.455,Tablet,West,Returning
S0000012-C3904,3904,2025-06-09,142.72,0.891,Mobile,International,Returning
S0000013-C22,22,2025-04-12,83.75,0.933,Mobile,South,Returning
S0000013-C35,35,2024-10-16,196.26,0.348,Tablet,West,Returning
S0000013-C3608,3608,2025-01-01,13.77,0.414,Tablet,International,Returning
S0000013-C4366,4366,2025-05-08,174.99,0.480,Tablet,East,Returning
S0000014-C1293,1293,2025-06-06,65.95,0.937,Tablet,Central,Returning
S0000014-C3379,3379,2024-10-27,22.05,0.112,Desktop,International,Returning
S0000014-C40,40,2025-05-27,119.87,0.276,Mobile,West,Returning
S0000014-C6,6,2024-11-07,122.79,0.653,Mobile,West,New
S0000015-C10,10,2025-02-18,196.18,0.368,Tablet,North,Returning
S0000015-C32,32,2024-11-27,123.26,0.814,Mobile,East,Returning
S0000015-C3673,3673,2024-10-07,42.12,0.414,Mobile,Central,Returning
S0000015-C677,677,2025-08-01,187.15,0.477,Mobile,East,Returning
S0000016-C1702,1702,2025-06-23,169.07,0.686,Tablet,International,Returning
S0000016-C19,19,2025-06-09,171.54,0.633,Mobile,East,Returning
S0000016-C41,41,2025-08-11,102.67,0.452,Tablet,North,Returning
S0000016-C665,665,2024-10-07,4.04,0.455,Desktop,West,Returning
S0000017-C19,19,2025-04-30,74.53,0.861,Mobile,South,Returning
S0000017-C8,8,2025-04-14,60.15,0.416,Desktop,East,Returning
S0000017-C934,934,2024-10-18,141.46,0.928,Tablet,International,New
S0000017-C959,959,2024-11-14,63.75,0.282,Desktop,International,Returning
S0000018-C1981,1981,2024-11-21,121.86,0.741,Desktop,Central,Returning
S0000018-C3217,3217,2025-07-29,88.50,0.940,Mobile,North,Returning
S0000018-C33,33,2025-06-05,185.04,0.909,Tablet,North,Returning
S0000018-C7,7,2024-10-26,144.01,0.148,Mobile,West,Returning
S0000019-C1783,1783,2025-02-04,140.80,0.820,Desktop,South,Returning
S0000019-C22,22,2024-12-17,4.78,0.097,Desktop,Central,Returning
S0000019-C2391,2391,2025-07-05,53.60,0.877,Tablet,South,Returning
S0000019-C24,24,2024-09-05,63.44,0.654,Mobile,International,Returning
S0000020-C1408,1408,2024-12-12,133.82,0.264,Desktop,South,Returning
S0000020-C2364,2364,2024-11-10,105.60,0.295,Tablet,North,New
S0000020-C34,34,2025-04-03,155.53,0.677,Desktop,Central,Returning
S0000020-C43,43,2025-04-14,197.31,0.804,Desktop,West,Returning
S0000021-C1752,1752,2025-01-15,0.76,0.218,Tablet,North,Returning
S0000021-C20,20,2024-11-24,93.86,0.135,Desktop,North,Returning
S0000021-C4786,4786,2024-12-21,103.13,0.542,Desktop,South,Returning
S0000022-C2406,2406,2024-11-04,117.14,0.510,Tablet,East,Returning
S0000022-C31,31,2025-02-25,94.35,0.834,Tablet,North,Returning
S0000022-C622,622,2025-05-19,196.24,0.134,Mobile,East,New
S0000023-C3191,3191,2024-11-09,10.79,0.850,Desktop,Central,Returning
S0000023-C38,38,2025-05-04,10.89,0.354,Mobile,West,Returning
S0000023-C58,58,2025-03-20,28.46,0.415,Mobile,Central,New
S0000024-C39,39,2025-01-11,108.49,0.819,Mobile,West,Returning
S0000024-C903,903,2025-05-26,142.41,0.777,Tablet,North,Returning
S0000024-C998,998,2024-12-23,151.73,0.751,Mobile,Central,Returning
S0000025-C1592,1592,2024-10-22,52.03,0.745,Desktop,North,New
S0000025-C3015,3015,2024-12-22,112.93,0.770,Desktop,North,Returning
S0000025-C36,36,2024-10-22,176.32,0.840,Tablet,North,Returning
S0000026-C2567,2567,2025-07-12,12.60,0.908,Mobile,North,Returning
S0000026-C291,291,2025-05-29,7.23,0.459,Desktop,East,Returning
S0000026-C43,43,2024-08-31,16.56,0.467,Desktop,International,Returning
S0000027-C3099,3099,2024-12-12,129.76,0.175,Tablet,South,Returning
S0000027-C33,33,2025-07-21,61.27,0.268,Desktop,Central,Returning
S0000027-C4278,4278,2025-07-11,10.17,0.845,Desktop,Central,Returning
S0000028-C37,37,2024-12-18,193.93,0.760,Desktop,Central,Returning
S0000028-C4836,4836,2025-08-14,50.95,0.212,Desktop,North,Returning
S0000028-C4980,4980,2024-11-10,192.42,0.447,Desktop,South,Returning
S0000029-C14,14,2024-09-16,139.90,0.656,Desktop,South,Returning
S0000029-C349,349,2025-03-14,10.12,0.857,Mobile,International,Returning
S0000029-C4,4,2024-11-25,96.96,0.207,Mobile,West,Returning
S0000030-C2335,2335,2024-12-14,18.04,0.371,Mobile,East,Returning
S0000030-C4111,4111,2024-10-16,166.92,0.583,Mobile,West,Returning
S0000030-C6,6,2024-09-16,65.45,0.782,Desktop,International,Returning
S0000031-C14,14,2025-02-07,167.53,0.545,Desktop,West,Returning
S0000031-C2701,2701,2025-08-11,116.89,0.770,Desktop,Central,Returning
S0000031-C297,297,2025-01-25,147.74,0.899,Mobile,Central,Returning
S0000032-C1421,1421,2024-10-23,69.51,0.246,Desktop,West,Returning
S0000032-C2136,2136,2024-08-26,142.70,0.564,Tablet,International,New
S0000032-C7,7,2024-10-17,172.56,0.722,Desktop,East,Returning
S0000033-C13,13,2025-02-13,169.06,0.623,Mobile,South,Returning
S0000033-C38,38,2024-11-09,189.16,0.363,Tablet,East,Returning
S0000033-C549,549,2025-07-04,77.81,0.513,Mobile,East,New
S0000034-C12,12,2025-04-10,21.70,0.418,Tablet,East,Returning
S0000034-C2329,2329,2024-11-11,108.30,0.360,Desktop,East,Returning
S0000034-C4106,4106,2025-06-27,71.61,0.318,Mobile,South,Returning
S0000035-C17,17,2024-11-20,141.53,0.271,Desktop,Central,Returning
S0000035-C2509,2509,2025-01-21,91.77,0.514,Desktop,East,Returning
S0000035-C3180,3180,2025-05-14,102.62,0.692,Desktop,International,Returning
S0000036-C1752,1752,2025-06-27,153.28,0.358,Mobile,North,Returning
S0000036-C43,43,2024-12-09,144.63,0.487,Desktop,International,Returning
S0000036-C877,877,2024-11-30,30.78,0.556,Mobile,North,Returning
S0000037-C1601,1601,2024-09-05,178.92,0.554,Desktop,International,New
S0000037-C27,27,2024-12-20,126.76,0.165,Tablet,South,Returning
S0000037-C4384,4384,2024-11-18,43.20,0.745,Desktop,Central,New
S0000038-C1608,1608,2025-05-22,69.45,0.904,Tablet,Central,Returning
S0000038-C37,37,2025-08-18,130.61,0.236,Desktop,Central,Returning
S0000038-C470,470,2024-08-29,133.57,0.382,Tablet,North,New
S0000039-C1478,1478,2024-12-19,106.90,0.608,Mobile,West,Returning
S0000039-C21,21,2024-12-16,13.43,0.281,Desktop,West,Returning
S0000039-C3844,3844,2024-11-12,122.76,0.695,Tablet,West,Returning
S0000040-C1858,1858,2025-08-22,185.98,0.611,Desktop,Central,Returning
S0000040-C40,40,2025-02-21,181.10,0.054,Desktop,West,Returning
S0000040-C671,671,2024-10-08,199.85,0.370,Tablet,Central,Returning
S0000041-C2766,2766,2025-04-23,9.67,0.245,Tablet,North,Returning
S0000041-C29,29,2025-06-05,49.62,0.564,Desktop,International,Returning
S0000041-C3797,3797,2025-04-09,124.46,0.924,Tablet,North,Returning
S0000042-C1,1,2025-05-04,104.49,0.664,Tablet,South,Returning
S0000042-C273,273,2024-09-15,111.73,0.914,Desktop,Central,Returning
S0000042-C4512,4512,2024-09-28,167.72,0.469,Tablet,Central,Returning
S0000043-C1864,1864,2024-09-26,89.01,0.488,Desktop,North,Returning
S0000043-C2409,2409,2024-12-06,30.07,0.585,Mobile,Central,Returning
S0000043-C9,9,2024-10-02,186.02,0.914,Desktop,South,Returning
S0000044-C1201,1201,2025-01-26,35.69,0.188,Desktop,Central,Returning
S0000044-C2152,2152,2025-03-27,157.64,0.674,Desktop,East,Returning
S0000044-C31,31,2024-10-18,48.86,0.645,Mobile,International,Returning
S0000045-C214,214,2025-01-17,177.43,0.614,Mobile,East,Returning
S0000045-C31,31,2025-04-10,174.83,0.265,Mobile,North,Returning
S0000045-C3234,3234,2025-08-21,23.69,0.551,Mobile,East,New
S0000046-C2122,2122,2025-06-11,153.44,0.241,Tablet,North,Returning
S0000046-C23,23,2025-02-19,17.62,0.863,Desktop,West,Returning
S0000046-C578,578,2025-05-29,173.66,0.601,Mobile,East,Returning
S0000047-C10,10,2025-07-06,13.72,0.884,Mobile,East,Returning
S0000047-C574,574,2025-08-19,149.44,0.663,Desktop,Central,Returning
S0000047-C788,788,2025-07-31,176.72,0.234,Mobile,South,New
S0000048-C13,13,2025-08-22,41.31,0.053,Mobile,International,Returning
S0000048-C3247,3247,2025-08-05,66.87,0.502,Mobile,North,Returning
S0000048-C3949,3949,2025-01-05,162.05,0.179,Desktop,North,New
S0000049-C1247,1247,2025-06-05,74.40,0.219,Tablet,West,Returning
S0000049-C13,13,2025-03-06,108.91,0.322,Tablet,East,Returning
S0000049-C4215,4215,2024-12-15,190.00,0.646,Mobile,South,Returning
S0000050-C1647,1647,2024-10-18,55.13,0.788,Desktop,International,Returning
S0000050-C20,20,2024-11-04,152.32,0.396,Mobile,North,Returning
S0000050-C4091,4091,2025-06-12,113.21,0.246,Mobile,South,Returning
S0000051-C4,4,2024-12-28,17.76,0.467,Desktop,International,Returning
S0000051-C4112,4112,2025-07-31,176.80,0.238,Mobile,East,Returning
S0000051-C4220,4220,2025-07-27,174.91,0.166,Desktop,Central,Returning
S0000052-C19,19,2025-03-25,176.61,0.187,Desktop,North,Returning
S0000052-C2841,2841,2025-06-14,58.25,0.823,Mobile,West,Returning
S0000052-C3468,3468,2024-10-27,11.82,0.781,Tablet,International,Returning
S0000053-C1293,1293,2025-01-26,23.70,0.820,Tablet,North,Returning
S0000053-C1331,1331,2025-06-05,63.92,0.885,Tablet,West,New
S0000053-C32,32,2024-10-23,26.51,0.177,Desktop,North,Returning
S0000054-C1244,1244,2025-06-15,46.71,0.572,Desktop,South,Returning
S0000054-C1614,1614,2025-07-12,129.11,0.823,Mobile,South,New
S0000054-C45,45,2024-09-02,179.65,0.549,Desktop,Central,Returning
S0000055-C2626,2626,2025-02-21,191.88,0.299,Mobile,Central,Returning
S0000055-C2994,2994,2024-09-02,18.85,0.533,Mobile,East,Returning
S0000055-C42,42,2025-05-11,145.40,0.733,Mobile,Central,New
S0000056-C2689,2689,2024-09-19,9.09,0.439,Desktop,Central,New
S0000056-C3637,3637,2025-05-14,47.88,0.360,Desktop,International,Returning
S0000056-C4,4,2025-06-25,116.06,0.408,Desktop,North,Returning
S0000057-C2619,2619,2024-09-16,26.24,0.801,Tablet,East,Returning
S0000057-C4126,4126,2024-09-16,46.68,0.358,Desktop,North,New
S0000058-C1197,1197,2025-08-17,79.33,0.873,Mobile,South,Returning
S0000058-C4609,4609,2024-11-24,198.17,0.681,Mobile,West,New
S0000059-C251,251,2025-07-16,79.67,0.646,Desktop,West,Returning
S0000059-C938,938,2025-03-21,118.38,0.650,Mobile,Central,Returning
S0000060-C188,188,2025-04-23,117.81,0.882,Tablet,East,Returning
S0000060-C1998,1998,2025-07-27,41.56,0.766,Mobile,East,Returning
S0000061-C431,431,2024-10-04,40.88,0.360,Desktop,West,Returning
S0000061-C706,706,2024-09-22,39.77,0.249,Mobile,International,Returning
S0000062-C2939,2939,2025-05-20,115.19,0.119,Mobile,North,Returning
S0000062-C3587,3587,2024-09-04,142.84,0.636,Desktop,West,Returning
S0000063-C4453,4453,2025-06-12,70.05,0.175,Mobile,Central,New
S0000063-C851,851,2025-08-01,165.11,0.884,Desktop,International,Returning
S0000064-C2586,2586,2025-07-24,178.66,0.230,Desktop,International,New
S0000064-C3881,3881,2024-11-10,125.93,0.746,Tablet,West,Returning
S0000065-C4656,4656,2024-10-14,105.95,0.100,Tablet,South,Returning
S0000065-C847,847,2024-11-26,46.12,0.869,Tablet,West,Returning
S0000066-C2255,2255,2025-01-27,105.71,0.873,Tablet,South,Returning
S0000066-C2602,2602,2024-11-01,102.35,0.154,Desktop,International,New
S0000067-C1010,1010,2025-02-06,28.77,0.113,Tablet,East,New
S0000067-C782,782,2024-09-07,73.32,0.889,Mobile,North,Returning
S0000068-C2461,2461,2025-07-23,195.37,0.601,Desktop,Central,Returning
S0000068-C3222,3222,2025-06-02,45.26,0.442,Mobile,South,Returning
S0000069-C265,265,2025-06-29,126.46,0.668,Mobile,West,Returning
S0000069-C4279,4279,2024-11-04,93.31,0.871,Desktop,North,Returning
S0000070-C1584,1584,2024-10-20,58.30,0.871,Tablet,Central,Returning
S0000070-C3676,3676,2025-07-18,64.25,0.311,Mobile,West,Returning
S0000071-C1072,1072,2024-09-25,188.87,0.922,Desktop,North,Returning
S0000071-C727,727,2025-04-11,86.65,0.090,Tablet,East,Returning
S0000072-C1427,1427,2025-06-24,199.31,0.474,Mobile,East,Returning
S0000072-C4215,4215,2025-06-01,127.35,0.486,Mobile,North,Returning
S0000073-C3064,3064,2025-07-17,141.71,0.243,Tablet,North,Returning
S0000073-C3338,3338,2025-04-06,187.46,0.520,Tablet,East,Returning
S0000074-C2885,2885,2025-02-04,8.12,0.536,Mobile,South,Returning
S0000074-C4300,4300,2025-03-28,97.54,0.228,Mobile,North,Returning
S0000075-C1608,1608,2024-12-04,131.07,0.144,Mobile,East,Returning
S0000075-C298,298,2025-04-08,146.46,0.513,Mobile,East,Returning
S0000076-C161,161,2025-07-23,71.55,0.515,Mobile,International,Returning
S0000076-C4468,4468,2024-12-08,176.88,0.305,Tablet,International,Returning
S0000077-C1451,1451,2025-07-26,108.43,0.467,Tablet,North,Returning
S0000077-C3466,3466,2024-09-23,105.67,0.839,Tablet,East,Returning
S0000078-C4635,4635,2024-09-04,18.23,0.529,Mobile,East,Returning
S0000078-C949,949,2025-02-01,49.82,0.549,Desktop,East,Returning
S0000079-C4217,4217,2025-03-06,167.36,0.738,Desktop,South,Returning
S0000079-C4546,4546,2024-11-19,19.24,0.218,Mobile,Central,Returning
S0000080-C150,150,2025-08-01,48.54,0.063,Mobile,Central,Returning
S0000080-C353,353,2025-07-19,59.33,0.211,Desktop,East,Returning
S0000081-C2196,2196,2025-07-29,11.41,0.105,Desktop,East,New
S0000081-C3244,3244,2025-05-28,54.86,0.625,Mobile,International,Returning
S0000082-C1271,1271,2025-03-28,59.56,0.278,Mobile,North,Returning
S0000082-C3111,3111,2025-08-01,95.19,0.207,Mobile,Central,New
S0000083-C3094,3094,2024-09-16,171.08,0.455,Tablet,North,Returning
S0000083-C3545,3545,2025-08-03,35.92,0.693,Desktop,North,Returning
S0000084-C2021,2021,2025-08-11,197.46,0.785,Desktop,North,Returning
S0000084-C4677,4677,2024-12-20,119.85,0.908,Tablet,International,Returning
S0000085-C157,157,2025-06-23,155.78,0.384,Mobile,East,Returning
S0000085-C3237,3237,2024-09-07,176.12,0.508,Tablet,International,Returning
S0000086-C1652,1652,2024-10-15,62.95,0.941,Desktop,North,Returning
S0000086-C3515,3515,2025-08-12,14.32,0.275,Desktop,East,New
S0000087-C1975,1975,2025-08-20,176.76,0.390,Desktop,North,Returning
S0000087-C4233,4233,2025-06-29,49.37,0.736,Desktop,North,New
S0000088-C2582,2582,2025-07-05,31.42,0.376,Mobile,West,New
S0000088-C3175,3175,2025-02-26,114.29,0.384,Desktop,West,Returning
S0000089-C1148,1148,2025-07-12,183.70,0.256,Mobile,South,New
S0000089-C625,625,2024-10-14,188.12,0.152,Tablet,East,Returning
S0000090-C2170,2170,2025-08-25,142.02,0.539,Mobile,South,Returning
S0000090-C3294,3294,2025-08-07,56.71,0.286,Mobile,West,New
S0000091-C1226,1226,2024-11-18,22.01,0.269,Tablet,Central,Returning
S0000091-C4681,4681,2025-04-14,4.93,0.071,Desktop,North,Returning
S0000092-C129,129,2024-12-27,46.18,0.203,Desktop,South,Returning
S0000092-C3077,3077,2025-05-30,69.92,0.078,Desktop,East,Returning
S0000093-C2663,2663,2025-08-02,144.15,0.422,Tablet,South,Returning
S0000093-C4867,4867,2025-05-08,117.11,0.072,Mobile,Central,Returning
S0000094-C2397,2397,2025-03-26,129.25,0.933,Tablet,International,Returning
S0000094-C404,404,2025-04-01,151.81,0.585,Tablet,Central,Returning
S0000095-C4351,4351,2025-06-22,53.62,0.782,Desktop,International,Returning
S0000095-C4755,4755,2025-06-16,23.69,0.059,Tablet,East,New
S0000096-C1611,1611,2024-10-23,47.06,0.640,Mobile,International,Returning
S0000096-C834,834,2025-02-05,51.40,0.618,Mobile,North,Returning
S0000097-C4005,4005,2025-07-28,198.22,0.697,Mobile,International,Returning
S0000097-C541,541,2025-05-21,199.13,0.218,Tablet,North,Returning
S0000098-C2247,2247,2025-05-15,10.86,0.437,Tablet,West,Returning
S0000098-C3215,3215,2025-02-19,126.67,0.617,Desktop,East,New
S0000099-C204,204,2025-07-04,119.21,0.544,Tablet,North,Returning
S0000099-C2638,2638,2024-11-26,29.74,0.504,Desktop,International,New
S0000100-C307,307,2024-10-02,59.81,0.775,Desktop,South,Returning
S0000100-C4113,4113,2025-02-03,63.44,0.874,Mobile,East,New
S0000101-C1255,1255,2024-10-09,126.78,0.534,Tablet,South,Returning
S0000101-C4496,4496,2025-03-03,140.61,0.117,Desktop,North,Returning
S0000102-C1152,1152,2025-03-19,99.88,0.215,Mobile,West,Returning
S0000102-C1520,1520,2025-04-20,167.21,0.169,Desktop,East,Returning
S0000103-C2358,2358,2025-07-14,32.94,0.478,Tablet,North,Returning
S0000103-C3033,3033,2025-08-16,61.20,0.459,Mobile,East,Returning
S0000104-C3731,3731,2024-11-28,92.60,0.135,Desktop,North,Returning
S0000104-C3869,3869,2024-11-07,134.60,0.922,Tablet,South,Returning
S0000105-C1498,1498,2024-11-29,157.78,0.709,Desktop,South,Returning
S0000105-C2977,2977,2024-11-11,30.92,0.418,Mobile,Central,Returning
S0000106-C2823,2823,2025-04-03,56.58,0.256,Desktop,Central,New
S0000106-C61,61,2025-05-26,43.89,0.360,Desktop,South,New
S0000107-C4749,4749,2025-02-03,187.07,0.055,Desktop,North,Returning
S0000107-C520,520,2024-09-07,102.34,0.648,Tablet,International,Returning
S0000108-C4303,4303,2024-11-05,88.26,0.764,Mobile,Central,Returning
S0000108-C4606,4606,2025-02-03,4.23,0.442,Desktop,South,Returning
S0000109-C2835,2835,2025-06-11,66.43,0.087,Desktop,International,Returning
S0000109-C4717,4717,2024-10-05,124.06,0.438,Desktop,South,New
S0000110-C3267,3267,2025-07-05,147.74,0.297,Desktop,International,Returning
S0000110-C537,537,2025-01-13,151.74,0.901,Mobile,East,Returning
S0000111-C1953,1953,2024-11-17,135.91,0.128,Mobile,Central,Returning
S0000111-C3231,3231,2025-04-28,138.90,0.494,Mobile,East,Returning
S0000112-C3341,3341,2025-04-12,170.81,0.190,Desktop,West,Returning
S0000112-C4520,4520,2025-05-15,138.09,0.600,Tablet,North,Returning
S0000113-C586,586,2025-03-24,153.91,0.568,Mobile,North,Returning
S0000113-C600,600,2025-06-23,102.38,0.083,Mobile,North,Returning
S0000114-C242,242,2025-06-18,157.99,0.400,Mobile,Central,Returning
S0000114-C4932,4932,2025-04-25,142.69,0.558,Tablet,Central,Returning
S0000115-C1765,1765,2025-05-15,68.50,0.835,Desktop,North,Returning
S0000115-C4771,4771,2025-04-29,151.25,0.779,Tablet,East,New
S0000116-C3698,3698,2025-01-19,154.51,0.111,Desktop,International,Returning
S0000116-C4984,4984,2025-05-06,107.33,0.741,Desktop,Central,Returning
S0000117-C3679,3679,2025-06-16,151.97,0.247,Tablet,East,Returning
S0000117-C4510,4510,2025-07-31,129.36,0.070,Desktop,Central,Returning
S0000118-C340,340,2025-04-24,96.29,0.407,Mobile,East,Returning
S0000118-C4588,4588,2025-06-12,53.93,0.711,Tablet,North,New
S0000119-C3817,3817,2024-12-01,74.96,0.658,Desktop,South,Returning
S0000119-C4024,4024,2025-03-13,170.17,0.856,Tablet,International,Returning
S0000120-C1950,1950,2024-12-16,58.46,0.396,Desktop,North,Returning
S0000120-C3507,3507,2024-11-05,182.60,0.189,Desktop,Central,Returning
S0000121-C4097,4097,2025-03-02,192.57,0.376,Tablet,West,Returning
S0000121-C703,703,2025-04-25,51.55,0.303,Mobile,South,Returning
S0000122-C2572,2572,2025-07-06,28.70,0.325,Desktop,West,Returning
S0000122-C2861,2861,2024-11-29,196.03,0.664,Mobile,South,New
S0000123-C4368,4368,2024-10-11,149.19,0.149,Desktop,South,Returning
S0000123-C768,768,2025-08-10,150.25,0.616,Tablet,West,New
S0000124-C1090,1090,2025-02-14,196.97,0.357,Tablet,Central,Returning
S0000124-C1695,1695,2025-07-27,78.11,0.687,Mobile,Central,Returning
S0000125-C1895,1895,2025-04-14,137.19,0.352,Mobile,North,Returning
S0000125-C4365,4365,2025-07-13,195.86,0.534,Tablet,North,Returning
S0000126-C4397,4397,2025-08-21,83.82,0.105,Desktop,North,New
S0000126-C4686,4686,2024-11-29,174.88,0.195,Desktop,East,Returning
S0000127-C2643,2643,2024-09-06,52.46,0.413,Desktop,International,Returning
S0000127-C2796,2796,2025-04-18,19.40,0.428,Tablet,Central,Returning
S0000128-C1475,1475,2024-10-12,92.16,0.677,Desktop,East,Returning
S0000128-C174,174,2025-05-16,58.57,0.614,Desktop,East,New
S0000129-C2931,2931,2025-01-06,82.75,0.199,Mobile,East,Returning
S0000129-C3104,3104,2025-01-03,71.25,0.815,Desktop,East,Returning
S0000130-C1220,1220,2025-03-25,73.80,0.576,Tablet,South,New
S0000130-C4027,4027,2024-11-22,74.33,0.577,Tablet,South,New
S0000131-C2985,2985,2024-12-24,112.42,0.769,Desktop,North,Returning
S0000131-C4350,4350,2024-10-20,125.04,0.576,Desktop,East,Returning
S0000132-C2365,2365,2025-08-15,145.23,0.539,Mobile,North,Returning
S0000132-C276,276,2025-04-16,126.17,0.119,Mobile,South,Returning
S0000133-C1955,1955,2024-11-07,163.97,0.683,Desktop,South,Returning
S0000133-C2878,2878,2024-09-21,182.53,0.752,Desktop,East,Returning
S0000134-C4348,4348,2024-11-12,62.26,0.234,Desktop,Central,Returning
S0000134-C821,821,2025-01-22,92.38,0.533,Desktop,International,Returning
S0000135-C4615,4615,2024-09-07,13.41,0.441,Tablet,West,Returning
S0000135-C4845,4845,2025-05-18,90.47,0.452,Tablet,North,Returning
S0000136-C1981,1981,2025-01-31,128.90,0.521,Tablet,International,New
S0000136-C2724,2724,2025-07-04,16.79,0.940,Tablet,East,Returning
S0000137-C1049,1049,2025-01-13,88.92,0.391,Mobile,West,Returning
S0000137-C2886,2886,2025-01-03,95.08,0.458,Tablet,International,Returning
S0000138-C1126,1126,2025-06-16,58.15,0.837,Mobile,International,Returning
S0000138-C3974,3974,2024-08-28,116.29,0.885,Tablet,Central,Returning
S0000139-C3572,3572,2024-09-05,143.17,0.648,Desktop,International,Returning
S0000139-C4088,4088,2024-11-25,59.19,0.257,Desktop,West,Returning
S0000140-C3142,3142,2025-01-22,14.68,0.583,Tablet,International,Returning
S0000140-C4654,4654,2025-02-03,199.58,0.334,Mobile,International,New
S0000141-C2897,2897,2025-01-17,56.21,0.585,Desktop,International,Returning
S0000141-C585,585,2025-03-10,191.91,0.420,Desktop,West,Returning
S0000142-C4287,4287,2024-09-01,67.97,0.727,Tablet,East,New
S0000142-C4367,4367,2024-12-11,181.95,0.438,Mobile,Central,Returning
S0000143-C3729,3729,2024-12-22,26.71,0.631,Tablet,South,Returning
S0000143-C4771,4771,2025-07-21,126.07,0.820,Mobile,East,Returning
S0000144-C2229,2229,2025-07-26,16.57,0.196,Mobile,South,Returning
S0000144-C4918,4918,2025-04-13,178.20,0.365,Desktop,South,Returning
S0000145-C3549,3549,2024-11-29,112.19,0.582,Desktop,West,New
S0000145-C820,820,2025-02-16,24.65,0.093,Tablet,South,Returning
S0000146-C1297,1297,2025-06-16,36.27,0.348,Desktop,West,Returning
S0000146-C3811,3811,2025-02-23,46.29,0.632,Mobile,Central,New
S0000147-C2722,2722,2025-06-01,107.25,0.932,Desktop,West,Returning
S0000147-C3630,3630,2025-06-21,144.07,0.107,Desktop,West,Returning
S0000148-C2376,2376,2025-08-09,159.08,0.810,Tablet,West,Returning
S0000148-C4807,4807,2024-12-12,126.68,0.101,Mobile,Central,Returning
S0000149-C2990,2990,2025-05-10,135.94,0.513,Mobile,North,Returning
S0000149-C3980,3980,2024-12-03,50.05,0.111,Mobile,Central,Returning
S0000150-C3011,3011,2025-08-12,76.73,0.774,Tablet,International,New
S0000150-C3057,3057,2025-07-05,175.19,0.909,Desktop,International,Returning
S0000151-C2511,2511,2025-07-25,183.90,0.358,Tablet,Central,Returning
S0000151-C3033,3033,2024-11-15,13.95,0.064,Tablet,South,Returning
S0000152-C1743,1743,2025-06-08,4.75,0.479,Desktop,North,Returning
S0000152-C4213,4213,2024-11-11,82.80,0.684,Desktop,South,Returning
S0000153-C1759,1759,2024-11-04,196.75,0.496,Mobile,North,New
S0000153-C2015,2015,2024-12-07,75.73,0.717,Mobile,West,Returning
S0000154-C1459,1459,2025-08-17,48.18,0.171,Tablet,East,Returning
S0000154-C5000,5000,2024-10-03,94.83,0.668,Desktop,International,Returning
S0000155-C2179,2179,2025-03-01,26.09,0.221,Mobile,South,Returning
S0000155-C2621,2621,2024-09-18,20.17,0.680,Desktop,International,Returning
S0000156-C1834,1834,2025-01-09,7.30,0.321,Mobile,North,New
S0000156-C3296,3296,2024-12-16,97.46,0.372,Desktop,West,Returning
S0000157-C2611,2611,2025-07-27,166.31,0.877,Desktop,Central,Returning
S0000157-C2869,2869,2025-03-31,58.86,0.286,Mobile,East,Returning
S0000158-C1932,1932,2025-03-10,28.90,0.356,Desktop,South,Returning
S0000158-C4271,4271,2025-08-18,107.82,0.621,Mobile,International,Returning
S0000159-C394,394,2024-09-07,117.19,0.083,Mobile,North,Returning
S0000159-C4219,4219,2025-07-04,37.52,0.506,Tablet,East,Returning
S0000160-C4165,4165,2024-10-16,159.27,0.414,Mobile,International,Returning
S0000160-C4568,4568,2025-06-15,48.33,0.607,Mobile,International,Returning
S0000161-C1542,1542,2024-09-06,183.20,0.658,Mobile,North,Returning
S0000161-C2857,2857,2025-06-18,45.56,0.567,Desktop,South,Returning
S0000162-C4089,4089,2025-01-11,129.75,0.395,Tablet,Central,Returning
S0000162-C872,872,2024-11-24,48.55,0.909,Desktop,East,Returning
S0000163-C1007,1007,2025-08-10,121.43,0.868,Tablet,International,Returning
S0000163-C3311,3311,2024-12-23,74.45,0.811,Desktop,North,Returning
S0000164-C4149,4149,2025-05-30,141.38,0.785,Tablet,East,Returning
S0000164-C4602,4602,2025-06-14,46.69,0.563,Desktop,North,Returning
S0000165-C2860,2860,2025-08-03,117.59,0.732,Desktop,International,New
S0000165-C4110,4110,2024-12-04,32.36,0.619,Tablet,East,Returning
S0000166-C1325,1325,2024-10-22,82.93,0.543,Mobile,Central,Returning
S0000166-C3218,3218,2024-09-14,160.55,0.206,Mobile,Central,Returning
S0000167-C1583,1583,2024-09-01,192.70,0.833,Mobile,Central,New
S0000167-C3928,3928,2024-09-06,96.02,0.499,Desktop,Central,Returning
S0000168-C744,744,2024-12-25,178.55,0.464,Mobile,Central,Returning
S0000168-C813,813,2024-12-19,186.92,0.608,Desktop,West,New
S0000169-C4275,4275,2024-10-25,122.39,0.548,Tablet,North,Returning
S0000169-C428,428,2024-10-11,20.14,0.850,Desktop,North,Returning
S0000170-C421,421,2024-11-20,113.49,0.541,Desktop,East,Returning
S0000170-C4893,4893,2025-03-28,25.32,0.406,Mobile,Central,Returning
S0000171-C1413,1413,2025-04-11,3.19,0.915,Tablet,International,Returning
S0000171-C3933,3933,2025-06-11,134.30,0.715,Tablet,South,Returning
S0000172-C3729,3729,2024-10-26,184.87,0.163,Tablet,International,Returning
S0000172-C4410,4410,2024-11-26,16.33,0.205,Mobile,West,Returning
S0000173-C3697,3697,2025-08-05,11.47,0.159,Mobile,Central,Returning
S0000173-C426,426,2025-01-31,115.75,0.224,Desktop,West,New
S0000174-C2070,2070,2024-11-24,103.93,0.357,Desktop,Central,New
S0000174-C832,832,2025-05-09,198.46,0.110,Mobile,West,Returning
S0000175-C2257,2257,2024-09-29,33.72,0.167,Desktop,South,New
S0000175-C2596,2596,2025-08-14,118.99,0.845,Mobile,West,Returning
S0000176-C3715,3715,2024-11-24,104.98,0.385,Desktop,South,Returning
S0000176-C4735,4735,2025-06-18,19.42,0.880,Desktop,International,Returning
S0000177-C3295,3295,2025-07-09,134.27,0.921,Tablet,South,Returning
S0000177-C3412,3412,2024-12-18,78.21,0.853,Desktop,Central,Returning
S0000178-C2768,2768,2024-10-18,121.53,0.480,Mobile,East,Returning
S0000178-C3138,3138,2025-07-02,173.62,0.851,Tablet,West,Returning
S0000179-C196,196,2025-03-04,54.00,0.876,Tablet,North,Returning
S0000179-C2773,2773,2025-08-11,106.16,0.534,Desktop,International,New
S0000180-C1629,1629,2025-01-23,192.83,0.101,Mobile,Central,Returning
S0000180-C2787,2787,2024-12-13,164.69,0.068,Mobile,North,Returning
S0000181-C2265,2265,2025-01-05,166.32,0.269,Tablet,International,Returning
S0000181-C828,828,2024-11-29,38.75,0.729,Desktop,Central,Returning
S0000182-C2325,2325,2025-01-22,110.87,0.052,Mobile,Central,Returning
S0000182-C3619,3619,2024-11-13,147.16,0.351,Mobile,South,Returning
S0000183-C1440,1440,2024-12-24,97.31,0.430,Mobile,International,New
S0000183-C4503,4503,2025-01-03,103.26,0.636,Tablet,West,Returning
S0000184-C466,466,2025-03-25,163.79,0.802,Tablet,North,Returning
S0000184-C4936,4936,2024-12-07,123.88,0.904,Tablet,West,Returning
S0000185-C2075,2075,2025-08-10,193.04,0.680,Mobile,International,Returning
S0000185-C2203,2203,2025-02-25,33.72,0.364,Desktop,North,New
S0000186-C1320,1320,2024-10-02,138.99,0.754,Tablet,Central,Returning
S0000186-C3421,3421,2025-04-23,131.81,0.292,Mobile,North,New
S0000187-C140,140,2025-07-27,63.87,0.369,Tablet,North,Returning
S0000187-C95,95,2024-12-29,45.02,0.191,Desktop,North,New
S0000188-C4158,4158,2025-07-05,42.21,0.619,Mobile,Central,New
S0000188-C675,675,2024-11-20,81.34,0.722,Mobile,South,New
S0000189-C1535,1535,2025-06-05,40.15,0.348,Desktop,South,New
S0000189-C2364,2364,2025-07-22,9.93,0.921,Tablet,West,Returning
S0000190-C2714,2714,2024-10-31,91.17,0.796,Tablet,East,Returning
S0000190-C769,769,2025-06-17,97.77,0.837,Tablet,International,Returning
S0000191-C1287,1287,2024-09-27,155.59,0.194,Mobile,International,Returning
S0000191-C517,517,2025-02-10,76.28,0.313,Desktop,Central,Returning
S0000192-C2841,2841,2025-04-07,42.86,0.878,Tablet,North,Returning
S0000192-C3972,3972,2025-06-05,146.72,0.948,Tablet,International,Returning
S0000193-C1304,1304,2025-02-26,139.29,0.946,Tablet,East,Returning
S0000193-C767,767,2025-02-04,64.20,0.893,Tablet,Central,Returning
S0000194-C2607,2607,2025-05-16,164.49,0.302,Tablet,International,Returning
S0000194-C2726,2726,2024-08-28,66.00,0.654,Mobile,Central,Returning
S0000195-C1621,1621,2024-11-17,176.19,0.133,Tablet,Central,Returning
S0000195-C1697,1697,2025-01-22,186.09,0.845,Mobile,East,Returning
S0000196-C4306,4306,2025-05-07,185.59,0.709,Tablet,South,Returning
S0000196-C777,777,2025-06-06,127.15,0.516,Tablet,International,Returning
S0000197-C1122,1122,2025-08-16,90.89,0.226,Mobile,East,Returning
S0000197-C3102,3102,2025-04-06,14.70,0.236,Tablet,East,Returning
S0000198-C2622,2622,2024-10-28,112.66,0.351,Tablet,International,Returning
S0000198-C3354,3354,2024-09-16,139.97,0.655,Desktop,South,Returning
S0000199-C2088,2088,2025-06-19,134.95,0.786,Desktop,International,New
S0000199-C2299,2299,2025-05-08,24.61,0.693,Desktop,International,Returning
S0000200-C4965,4965,2024-11-02,17.64,0.051,Tablet,Central,Returning
S0000200-C85,85,2024-12-04,113.19,0.644,Mobile,North,Returning
S0000201-C2722,2722,2024-11-25,22.32,0.330,Desktop,South,Returning
S0000201-C761,761,2025-08-17,131.45,0.246,Desktop,International,Returning
S0000202-C2953,2953,2025-05-16,122.47,0.258,Desktop,International,Returning
S0000202-C4276,4276,2025-05-17,161.37,0.240,Mobile,West,Returning
S0000203-C1834,1834,2025-03-17,21.19,0.235,Tablet,International,Returning
S0000203-C453,453,2024-11-17,116.74,0.595,Desktop,West,New
S0000204-C1552,1552,2025-02-07,160.00,0.375,Mobile,International,Returning
S0000204-C365,365,2025-01-10,178.44,0.585,Desktop,Central,Returning
S0000205-C4090,4090,2025-03-01,195.93,0.444,Desktop,International,Returning
S0000205-C4582,4582,2024-11-16,25.18,0.324,Desktop,Central,Returning
S0000206-C3328,3328,2025-03-07,69.56,0.349,Mobile,North,Returning
S0000206-C361,361,2025-03-29,167.44,0.908,Desktop,East,Returning
S0000207-C2407,2407,2025-04-19,64.60,0.550,Tablet,East,Returning
S0000207-C4157,4157,2025-05-13,186.23,0.771,Desktop,West,Returning
S0000208-C4768,4768,2025-02-11,164.87,0.510,Desktop,International,New
S0000208-C533,533,2024-12-12,38.37,0.817,Tablet,International,Returning
S0000209-C4655,4655,2024-12-05,164.61,0.901,Desktop,East,Returning
S0000209-C72,72,2024-12-17,80.55,0.902,Mobile,Central,Returning
S0000210-C1199,1199,2025-05-24,112.96,0.098,Mobile,Central,Returning
S0000210-C1211,1211,2025-01-05,90.57,0.371,Mobile,North,New
S0000211-C4280,4280,2025-05-21,151.11,0.935,Mobile,South,Returning
S0000211-C4830,4830,2025-04-10,196.28,0.752,Tablet,East,Returning
S0000212-C351,351,2025-02-07,105.15,0.938,Mobile,Central,New
S0000212-C911,911,2025-08-16,115.50,0.782,Mobile,South,New
S0000213-C4554,4554,2025-05-04,164.34,0.209,Mobile,West,Returning
S0000213-C4989,4989,2025-01-26,182.01,0.778,Desktop,North,Returning
S0000214-C1700,1700,2025-03-15,43.67,0.724,Desktop,South,Returning
S0000214-C4493,4493,2024-09-09,21.15,0.633,Tablet,Central,Returning
S0000215-C349,349,2025-07-03,104.03,0.197,Desktop,Central,New
S0000215-C4251,4251,2025-02-10,29.35,0.154,Desktop,East,Returning
S0000216-C1745,1745,2024-09-20,120.92,0.259,Mobile,North,New
S0000216-C2542,2542,2025-08-19,112.44,0.733,Desktop,South,Returning
S0000217-C3032,3032,2025-01-18,38.24,0.185,Desktop,East,Returning
S0000217-C844,844,2024-10-12,167.35,0.570,Mobile,South,Returning
S0000218-C4013,4013,2025-06-29,76.95,0.454,Desktop,North,Returning
S0000218-C4837,4837,2024-11-23,175.41,0.156,Tablet,East,Returning
S0000219-C1148,1148,2025-06-05,86.85,0.498,Desktop,East,Returning
S0000219-C4070,4070,2025-03-31,117.11,0.690,Tablet,International,Returning
S0000220-C3744,3744,2024-09-26,65.48,0.854,Mobile,Central,Returning
S0000220-C614,614,2024-11-16,100.54,0.222,Mobile,West,Returning
S0000221-C4388,4388,2025-03-08,141.42,0.168,Mobile,South,Returning
S0000221-C4655,4655,2024-09-04,14.44,0.448,Tablet,West,Returning
S0000222-C1318,1318,2024-10-22,85.41,0.594,Tablet,International,Returning
S0000222-C999,999,2025-04-29,5.49,0.195,Tablet,North,Returning
S0000223-C2818,2818,2025-07-31,130.53,0.102,Desktop,East,Returning
S0000223-C487,487,2024-08-30,128.61,0.279,Mobile,International,Returning
S0000224-C2233,2233,2025-07-14,47.87,0.814,Mobile,North,Returning
S0000224-C3502,3502,2025-04-10,156.94,0.763,Mobile,West,Returning
S0000225-C1637,1637,2025-05-23,63.54,0.778,Desktop,North,Returning
S0000225-C744,744,2025-07-26,195.00,0.610,Desktop,North,Returning
S0000226-C1197,1197,2025-01-17,60.55,0.681,Mobile,International,Returning
S0000226-C3430,3430,2025-07-21,84.41,0.790,Tablet,Central,Returning
S0000227-C2758,2758,2024-10-27,97.90,0.915,Mobile,Central,New
S0000227-C482,482,2024-12-31,192.51,0.826,Mobile,West,Returning
S0000228-C3137,3137,2025-07-15,136.46,0.116,Desktop,East,Returning
S0000228-C946,946,2024-10-05,176.65,0.721,Desktop,North,Returning
S0000229-C1571,1571,2024-10-03,106.68,0.933,Desktop,West,New
S0000229-C1759,1759,2025-07-26,72.61,0.558,Tablet,International,Returning
S0000230-C1726,1726,2024-11-16,165.81,0.794,Mobile,Central,Returning
S0000230-C2347,2347,2025-06-16,112.72,0.261,Mobile,Central,New
S0000231-C2248,2248,2024-10-04,23.15,0.860,Desktop,North,Returning
S0000231-C4291,4291,2024-10-30,106.10,0.221,Mobile,South,New
S0000232-C1038,1038,2025-04-06,64.22,0.446,Desktop,International,Returning
S0000232-C1884,1884,2024-10-12,44.81,0.507,Tablet,Central,Returning
S0000233-C1118,1118,2025-03-14,116.90,0.562,Desktop,Central,Returning
S0000233-C3780,3780,2025-03-05,20.94,0.140,Desktop,West,Returning
S0000234-C1431,1431,2024-10-03,122.13,0.385,Desktop,North,New
S0000234-C6,6,2025-05-16,76.84,0.130,Desktop,South,New
S0000235-C3409,3409,2025-05-19,61.15,0.696,Tablet,South,New
S0000235-C79,79,2025-08-13,25.38,0.527,Desktop,Central,Returning
S0000236-C3014,3014,2024-10-13,104.79,0.068,Mobile,West,Returning
S0000236-C3328,3328,2025-04-16,161.16,0.903,Desktop,Central,Returning
S0000237-C378,378,2025-05-21,20.03,0.684,Desktop,North,Returning
S0000237-C4822,4822,2025-05-19,91.54,0.480,Desktop,West,New
S0000238-C161,161,2025-01-29,153.32,0.154,Desktop,North,Returning
S0000238-C3561,3561,2025-02-14,100.56,0.888,Desktop,International,Returning
S0000239-C1684,1684,2025-08-24,1.26,0.069,Desktop,East,Returning
S0000239-C3544,3544,2025-03-15,21.95,0.237,Tablet,International,Returning
S0000240-C2819,2819,2025-03-22,91.00,0.939,Mobile,International,Returning
S0000240-C344,344,2025-03-27,172.89,0.122,Tablet,Central,Returning
S0000241-C1499,1499,2024-10-03,115.79,0.237,Desktop,International,Returning
S0000241-C625,625,2025-04-24,63.07,0.557,Tablet,West,Returning
S0000242-C1507,1507,2025-02-04,173.42,0.656,Tablet,Central,Returning
S0000242-C490,490,2024-10-29,164.40,0.627,Tablet,Central,Returning
S0000243-C3627,3627,2024-10-31,183.17,0.162,Tablet,International,Returning
S0000243-C498,498,2025-04-01,142.20,0.364,Mobile,North,Returning
S0000244-C1079,1079,2025-05-03,185.59,0.675,Tablet,East,Returning
S0000244-C4021,4021,2024-09-14,63.14,0.717,Tablet,West,Returning
S0000245-C1715,1715,2024-10-14,58.94,0.842,Mobile,International,New
S0000245-C3514,3514,2025-06-01,11.62,0.582,Tablet,North,Returning
S0000246-C3745,3745,2025-03-25,172.54,0.093,Mobile,North,Returning
S0000246-C66,66,2025-05-31,28.99,0.063,Mobile,North,Returning
S0000247-C2532,2532,2025-06-21,74.68,0.348,Mobile,Central,Returning
S0000247-C3237,3237,2025-03-14,62.83,0.246,Desktop,North,Returning
S0000248-C1690,1690,2024-09-08,161.54,0.181,Desktop,North,Returning
S0000248-C830,830,2025-05-14,184.43,0.733,Desktop,International,Returning
S0000249-C1949,1949,2025-04-18,119.81,0.891,Tablet,West,Returning
S0000249-C2829,2829,2025-07-07,196.35,0.501,Mobile,South,Returning
S0000250-C1592,1592,2025-08-08,56.86,0.300,Mobile,International,Returning
S0000250-C2129,2129,2025-03-16,191.14,0.445,Desktop,South,Returning
S0000251-C3413,3413,2025-03-07,60.47,0.141,Mobile,Central,Returning
S0000251-C560,560,2024-12-07,50.62,0.151,Tablet,Central,Returning
S0000252-C2064,2064,2024-09-11,105.92,0.759,Mobile,East,Returning
S0000252-C4091,4091,2025-06-19,93.49,0.756,Mobile,South,Returning
S0000253-C2291,2291,2025-04-06,113.25,0.650,Mobile,South,Returning
S0000253-C400,400,2024-10-11,25.01,0.056,Mobile,South,Returning
S0000254-C1879,1879,2024-09-19,107.92,0.858,Tablet,West,Returning
S0000254-C4688,4688,2024-12-31,89.14,0.296,Desktop,East,Returning
S0000255-C2327,2327,2025-05-23,179.47,0.690,Tablet,South,Returning
S0000255-C4622,4622,2024-10-15,107.02,0.132,Tablet,International,Returning
S0000256-C3110,3110,2025-06-17,16.67,0.813,Tablet,East,Returning
S0000256-C4735,4735,2024-10-19,81.69,0.493,Desktop,Central,Returning
S0000257-C326,326,2024-11-04,168.52,0.761,Mobile,Central,Returning
S0000257-C3850,3850,2024-10-06,25.25,0.923,Mobile,East,Returning
S0000258-C2855,2855,2025-02-15,183.03,0.949,Desktop,South,Returning
S0000258-C366,366,2024-09-03,134.05,0.426,Desktop,North,Returning
S0000259-C3414,3414,2025-06-24,162.87,0.549,Desktop,International,Returning
S0000259-C4294,4294,2024-12-06,3.77,0.893,Mobile,East,Returning
S0000260-C3459,3459,2024-12-23,58.24,0.443,Desktop,South,Returning
S0000260-C4572,4572,2025-06-06,72.71,0.189,Tablet,International,Returning
S0000261-C1960,1960,2025-08-11,5.06,0.055,Tablet,Central,Returning
S0000261-C2283,2283,2025-01-21,119.43,0.235,Desktop,West,New
S0000262-C1008,1008,2025-04-25,15.34,0.387,Mobile,North,Returning
S0000262-C4846,4846,2025-03-18,57.69,0.162,Tablet,East,Returning
S0000263-C2007,2007,2025-04-02,157.14,0.711,Desktop,East,Returning
S0000263-C3848,3848,2025-03-19,176.15,0.131,Tablet,Central,Returning
S0000264-C2617,2617,2024-10-28,112.95,0.359,Desktop,North,Returning
S0000264-C4913,4913,2025-02-16,132.06,0.713,Tablet,South,Returning
S0000265-C1418,1418,2025-02-18,147.63,0.174,Mobile,International,Returning
S0000265-C471,471,2025-05-18,15.59,0.566,Mobile,East,Returning
S0000266-C1720,1720,2024-12-10,101.39,0.420,Mobile,East,Returning
S0000266-C4263,4263,2025-05-31,125.94,0.442,Desktop,North,Returning
S0000267-C3832,3832,2024-09-06,109.80,0.803,Mobile,North,Returning
S0000267-C4352,4352,2024-11-19,42.34,0.739,Desktop,West,Returning
S0000268-C2682,2682,2025-07-31,147.75,0.487,Desktop,West,Returning
S0000268-C2844,2844,2024-12-05,181.54,0.383,Desktop,West,Returning
S0000269-C3446,3446,2024-12-19,69.36,0.667,Mobile,International,Returning
S0000269-C4531,4531,2025-02-17,175.38,0.794,Mobile,North,Returning
S0000270-C2096,2096,2024-09-08,110.60,0.841,Tablet,North,Returning
S0000270-C2597,2597,2024-09-30,192.40,0.138,Mobile,Central,Returning
S0000271-C4168,4168,2025-06-15,96.63,0.793,Tablet,International,Returning
S0000271-C4779,4779,2025-05-10,120.33,0.164,Tablet,Central,Returning
S0000272-C2632,2632,2025-02-14,10.42,0.664,Desktop,South,Returning
S0000272-C4916,4916,2025-05-17,86.11,0.342,Desktop,Central,Returning
S0000273-C4863,4863,2024-10-05,106.56,0.944,Mobile,International,Returning
S0000273-C718,718,2025-04-04,107.72,0.510,Tablet,South,New
S0000274-C2769,2769,2025-07-30,141.14,0.328,Mobile,South,Returning
S0000274-C3251,3251,2025-07-01,162.42,0.593,Mobile,North,Returning
S0000275-C368,368,2025-06-29,114.76,0.403,Desktop,North,Returning
S0000275-C962,962,2024-10-04,177.03,0.724,Desktop,South,Returning
S0000276-C4485,4485,2025-04-01,63.70,0.398,Tablet,Central,Returning
S0000276-C4508,4508,2025-04-29,184.46,0.622,Mobile,North,Returning
S0000277-C2855,2855,2025-01-26,37.74,0.232,Mobile,West,Returning
S0000277-C560,560,2025-08-17,157.17,0.821,Tablet,North,Returning
S0000278-C1146,1146,2024-12-06,181.97,0.402,Desktop,International,New
S0000278-C515,515,2025-07-12,61.16,0.194,Tablet,International,New
S0000279-C1929,1929,2024-11-03,176.86,0.947,Desktop,West,Returning
S0000279-C3125,3125,2024-10-26,55.68,0.860,Mobile,West,New
S0000280-C2895,2895,2024-09-10,10.90,0.408,Tablet,International,Returning
S0000280-C4113,4113,2024-12-17,195.58,0.790,Desktop,East,Returning
S0000281-C1028,1028,2025-03-26,95.61,0.170,Desktop,Central,New
S0000281-C3287,3287,2025-02-14,133.98,0.738,Tablet,Central,Returning
S0000282-C2117,2117,2024-12-21,23.13,0.542,Mobile,South,Returning
S0000282-C3941,3941,2024-12-21,5.34,0.139,Mobile,Central,Returning
S0000283-C3291,3291,2025-04-13,172.54,0.240,Mobile,Central,New
S0000283-C3809,3809,2024-09-08,106.41,0.743,Desktop,International,New
S0000284-C1452,1452,2025-04-19,176.90,0.382,Desktop,International,Returning
S0000284-C2621,2621,2025-06-01,119.54,0.308,Mobile,East,Returning
S0000285-C4190,4190,2024-10-09,176.16,0.741,Desktop,Central,Returning
S0000285-C4821,4821,2024-12-13,120.64,0.877,Tablet,North,Returning
S0000286-C3952,3952,2025-01-23,113.46,0.116,Mobile,North,Returning
S0000286-C4039,4039,2024-11-25,64.91,0.387,Tablet,East,New
S0000287-C2072,2072,2025-03-23,177.55,0.194,Desktop,South,Returning
S0000287-C2665,2665,2025-05-11,171.03,0.413,Mobile,North,Returning
S0000288-C1655,1655,2024-09-07,166.31,0.287,Tablet,South,New
S0000288-C2957,2957,2025-08-18,64.54,0.550,Tablet,East,Returning
S0000289-C1307,1307,2024-10-15,104.76,0.081,Mobile,International,Returning
S0000289-C3247,3247,2024-10-06,97.58,0.750,Mobile,Central,Returning
S0000290-C411,411,2025-04-26,83.21,0.125,Desktop,West,Returning
S0000290-C4283,4283,2025-07-04,28.53,0.307,Desktop,North,Returning
S0000291-C1296,1296,2025-07-30,116.49,0.677,Tablet,West,Returning
S0000291-C1479,1479,2025-05-24,77.50,0.205,Tablet,International,Returning
S0000292-C1156,1156,2025-01-05,98.80,0.552,Desktop,International,Returning
S0000292-C3821,3821,2024-12-07,58.77,0.336,Tablet,West,Returning
S0000293-C1211,1211,2025-07-11,179.50,0.152,Tablet,North,Returning
S0000293-C408,408,2025-07-12,73.38,0.471,Desktop,Central,Returning
S0000294-C2506,2506,2024-09-11,54.66,0.501,Tablet,International,Returning
S0000294-C3546,3546,2024-09-28,81.54,0.336,Mobile,International,Returning
S0000295-C2988,2988,2025-05-19,112.04,0.940,Desktop,East,New
S0000295-C4369,4369,2024-11-07,73.78,0.455,Desktop,East,Returning
S0000296-C445,445,2025-07-15,61.35,0.221,Desktop,West,Returning
S0000296-C4719,4719,2024-12-12,137.62,0.346,Mobile,International,Returning
S0000297-C1897,1897,2025-03-23,198.84,0.672,Mobile,South,New
S0000297-C395,395,2025-07-11,78.33,0.573,Tablet,International,Returning
S0000298-C2627,2627,2025-04-14,51.51,0.219,Desktop,South,Returning
S0000298-C426,426,2025-04-25,83.29,0.121,Desktop,East,New
S0000299-C1881,1881,2025-04-11,149.11,0.593,Tablet,North,New
S0000299-C3176,3176,2025-07-17,127.60,0.828,Mobile,East,Returning
S0000300-C1607,1607,2025-05-27,55.18,0.622,Mobile,International,New
S0000300-C3218,3218,2025-06-01,47.16,0.481,Tablet,North,Returning
S0000301-C1365,1365,2024-10-06,121.64,0.397,Desktop,East,Returning
S0000301-C4249,4249,2025-04-30,13.11,0.373,Mobile,International,Returning
S0000302-C1001,1001,2025-01-08,108.96,0.803,Mobile,South,Returning
S0000302-C824,824,2025-02-25,197.61,0.456,Desktop,North,Returning
S0000303-C144,144,2025-02-26,76.64,0.441,Desktop,Central,Returning
S0000303-C4346,4346,2025-03-17,120.06,0.659,Mobile,International,Returning
S0000304-C2591,2591,2025-01-12,107.34,0.796,Mobile,South,Returning
S0000304-C3934,3934,2024-10-15,190.71,0.212,Desktop,West,New
S0000305-C3140,3140,2024-11-05,26.16,0.271,Tablet,East,Returning
S0000305-C4877,4877,2024-09-07,180.75,0.609,Mobile,North,Returning
S0000306-C1975,1975,2024-09-13,112.59,0.920,Desktop,Central,Returning
S0000306-C228,228,2025-06-07,191.29,0.164,Tablet,East,Returning
S0000307-C3561,3561,2024-12-23,46.07,0.169,Tablet,East,Returning
S0000307-C524,524,2024-10-08,16.88,0.755,Mobile,International,Returning
S0000308-C1325,1325,2025-04-14,6.33,0.106,Desktop,International,Returning
S0000308-C810,810,2025-04-06,89.98,0.129,Desktop,South,Returning
S0000309-C2287,2287,2024-11-07,125.19,0.708,Tablet,Central,New
S0000309-C4478,4478,2025-04-05,53.15,0.192,Tablet,East,Returning
S0000310-C3395,3395,2024-09-20,123.87,0.323,Mobile,East,Returning
S0000310-C3419,3419,2025-07-03,135.75,0.910,Tablet,International,New
S0000311-C2023,2023,2025-05-06,61.83,0.619,Desktop,South,Returning
S0000311-C2449,2449,2025-03-22,136.09,0.151,Mobile,South,Returning
S0000312-C1914,1914,2025-08-24,173.65,0.348,Desktop,South,New
S0000312-C640,640,2025-05-17,199.18,0.187,Tablet,East,Returning
S0000313-C1098,1098,2025-08-08,115.44,0.720,Tablet,Central,Returning
S0000313-C906,906,2025-05-05,198.56,0.088,Desktop,North,Returning
S0000314-C2210,2210,2024-12-25,1.27,0.079,Desktop,West,Returning
S0000314-C235,235,2025-05-07,75.51,0.929,Tablet,Central,Returning
S0000315-C2274,2274,2025-05-13,14.80,0.507,Desktop,North,Returning
S0000315-C4803,4803,2025-07-08,157.67,0.536,Mobile,North,Returning
S0000316-C1893,1893,2024-09-03,148.57,0.759,Tablet,South,Returning
S0000316-C496,496,2024-11-26,86.21,0.876,Desktop,Central,Returning
S0000317-C1825,1825,2025-03-04,59.72,0.101,Mobile,Central,Returning
S0000317-C3408,3408,2025-07-28,68.49,0.482,Mobile,East,New
S0000318-C3733,3733,2024-12-06,72.40,0.634,Desktop,International,Returning
S0000318-C897,897,2024-11-08,89.38,0.809,Tablet,International,Returning
S0000319-C1601,1601,2025-05-16,85.02,0.315,Desktop,North,Returning
S0000319-C3554,3554,2025-01-25,156.26,0.193,Mobile,Central,Returning
S0000320-C1201,1201,2025-03-04,133.02,0.855,Mobile,Central,New
S0000320-C506,506,2025-08-01,7.65,0.938,Tablet,North,New
S0000321-C1502,1502,2025-05-24,76.30,0.174,Mobile,South,Returning
S0000321-C2834,2834,2025-05-22,122.14,0.290,Mobile,Central,New
S0000322-C3864,3864,2025-08-15,166.25,0.110,Tablet,International,Returning
S0000322-C529,529,2025-04-07,122.25,0.859,Mobile,West,New
S0000323-C1708,1708,2025-05-05,102.99,0.636,Tablet,West,Returning
S0000323-C2687,2687,2025-03-10,140.34,0.158,Mobile,North,New
S0000324-C2860,2860,2025-06-01,90.22,0.550,Mobile,East,Returning
S0000324-C730,730,2025-03-21,143.40,0.313,Desktop,Central,Returning
S0000325-C2933,2933,2024-09-06,15.32,0.483,Desktop,East,Returning
S0000325-C912,912,2025-01-23,78.59,0.231,Tablet,West,New
S0000326-C79,79,2025-07-28,68.90,0.489,Mobile,West,Returning
S0000326-C989,989,2025-02-16,3.08,0.511,Mobile,North,Returning
S0000327-C4949,4949,2025-07-21,104.06,0.327,Tablet,International,Returning
S0000327-C937,937,2025-06-05,110.22,0.129,Tablet,West,Returning
S0000328-C3412,3412,2024-12-30,44.77,0.191,Desktop,North,New
S0000328-C3937,3937,2025-07-30,0.34,0.761,Tablet,East,Returning
S0000329-C1500,1500,2025-06-29,177.82,0.925,Desktop,North,Returning
S0000329-C3672,3672,2024-11-13,141.55,0.223,Tablet,West,Returning
S0000330-C1101,1101,2025-07-29,144.55,0.396,Tablet,West,Returning
S0000330-C124,124,2025-04-04,179.70,0.328,Tablet,South,New
S0000331-C1729,1729,2025-02-09,133.46,0.692,Mobile,Central,Returning
S0000331-C340,340,2025-08-23,166.62,0.179,Desktop,West,Returning
S0000332-C3662,3662,2025-04-10,136.57,0.308,Mobile,North,New
S0000332-C735,735,2024-10-13,180.22,0.860,Tablet,South,New
S0000333-C2326,2326,2025-07-13,39.69,0.622,Mobile,North,Returning
S0000333-C2633,2633,2025-06-09,96.16,0.741,Mobile,Central,Returning
S0000334-C2870,2870,2024-10-02,152.41,0.158,Desktop,South,New
S0000334-C4859,4859,2025-05-24,72.43,0.090,Desktop,West,Returning
S0000335-C4439,4439,2025-02-12,198.97,0.391,Tablet,East,Returning
S0000335-C4764,4764,2025-03-29,37.89,0.697,Desktop,International,Returning
S0000336-C129,129,2024-11-21,145.09,0.361,Mobile,Central,Returning
S0000336-C3227,3227,2025-07-29,88.20,0.931,Mobile,International,Returning
S0000337-C3403,3403,2025-03-01,79.08,0.513,Mobile,East,Returning
S0000337-C3755,3755,2025-08-11,189.67,0.609,Desktop,East,Returning
S0000338-C3751,3751,2025-02-20,60.42,0.931,Tablet,North,New
S0000338-C4689,4689,2025-06-10,45.93,0.520,Tablet,North,Returning
S0000339-C1388,1388,2024-09-21,161.90,0.286,Tablet,West,Returning
S0000339-C1683,1683,2025-03-08,64.31,0.238,Desktop,Central,Returning
S0000340-C2745,2745,2025-05-13,157.57,0.121,Desktop,International,Returning
S0000340-C4874,4874,2024-10-08,96.13,0.734,Mobile,West,Returning
S0000341-C236,236,2024-12-24,42.24,0.090,Mobile,Central,Returning
S0000341-C2939,2939,2025-02-07,195.16,0.262,Desktop,West,Returning
S0000342-C1124,1124,2025-06-10,74.05,0.252,Desktop,East,Returning
S0000342-C4664,4664,2024-10-19,92.03,0.721,Mobile,West,Returning
S0000343-C1424,1424,2024-11-21,189.66,0.464,Mobile,International,New
S0000343-C4227,4227,2024-11-01,106.74,0.254,Mobile,International,Returning
S0000344-C3058,3058,2025-07-11,156.66,0.541,Mobile,South,New
S0000344-C4660,4660,2025-05-14,123.87,0.273,Mobile,North,Returning
S0000345-C37,37,2025-01-31,161.81,0.362,Desktop,East,Returning
S0000345-C3965,3965,2025-08-25,126.69,0.194,Tablet,North,Returning
S0000346-C4447,4447,2025-05-15,148.51,0.830,Desktop,International,Returning
S0000346-C766,766,2025-06-15,103.07,0.943,Mobile,North,Returning
S0000347-C3459,3459,2025-01-23,171.97,0.534,Desktop,International,Returning
S0000347-C4651,4651,2024-09-25,157.96,0.231,Mobile,West,Returning
S0000348-C217,217,2025-07-22,69.84,0.463,Desktop,International,Returning
S0000348-C737,737,2024-11-03,121.35,0.594,Desktop,South,Returning
S0000349-C2103,2103,2024-10-07,31.74,0.177,Desktop,Central,Returning
S0000349-C314,314,2024-11-28,104.69,0.401,Mobile,Central,Returning
S0000350-C1959,1959,2025-03-30,170.96,0.101,Tablet,East,Returning
S0000350-C2975,2975,2025-07-19,147.03,0.377,Mobile,International,New
S0000351-C1377,1377,2025-05-25,88.88,0.464,Tablet,East,Returning
S0000351-C2089,2089,2025-05-13,36.63,0.099,Tablet,East,New
S0000352-C2112,2112,2025-08-08,193.77,0.683,Mobile,International,Returning
S0000352-C4419,4419,2025-05-10,165.25,0.270,Tablet,International,Returning
S0000353-C1665,1665,2025-06-16,192.21,0.256,Desktop,West,Returning
S0000353-C3308,3308,2025-07-12,126.24,0.758,Desktop,International,New
S0000354-C4212,4212,2024-08-26,92.28,0.333,Desktop,International,Returning
S0000354-C4578,4578,2025-02-27,143.68,0.152,Mobile,Central,Returning
S0000355-C2647,2647,2025-01-02,127.88,0.284,Mobile,North,Returning
S0000355-C4569,4569,2025-03-16,96.81,0.127,Tablet,West,New
S0000356-C1702,1702,2025-08-10,39.05,0.812,Mobile,Central,Returning
S0000356-C4430,4430,2024-08-28,62.44,0.571,Tablet,North,Returning
S0000357-C2545,2545,2024-08-27,89.96,0.287,Tablet,North,Returning
S0000357-C4493,4493,2025-05-27,109.40,0.940,Desktop,West,Returning
S0000358-C2596,2596,2025-01-19,88.29,0.417,Tablet,East,Returning
S0000358-C3784,3784,2025-07-13,65.37,0.299,Mobile,South,Returning
S0000359-C242,242,2025-04-10,146.92,0.541,Mobile,International,Returning
S0000359-C3908,3908,2024-09-20,60.14,0.695,Tablet,South,Returning
S0000360-C1540,1540,2024-09-29,119.51,0.298,Mobile,North,Returning
S0000360-C3220,3220,2025-05-17,89.02,0.410,Mobile,North,Returning
S0000361-C2796,2796,2025-08-05,120.36,0.807,Mobile,East,Returning
S0000361-C973,973,2024-10-02,181.07,0.800,Mobile,Central,Returning
S0000362-C3286,3286,2025-01-12,22.44,0.690,Desktop,International,New
S0000362-C4058,4058,2024-11-01,127.92,0.728,Tablet,International,Returning
S0000363-C4024,4024,2025-01-12,133.63,0.492,Mobile,Central,Returning
S0000363-C4330,4330,2025-05-29,124.19,0.386,Desktop,International,Returning
S0000364-C2585,2585,2024-10-16,148.91,0.181,Mobile,North,Returning
S0000364-C3930,3930,2025-03-20,162.26,0.730,Mobile,East,New
S0000365-C1810,1810,2024-12-02,111.88,0.599,Mobile,North,New
S0000365-C2892,2892,2025-04-19,4.16,0.096,Desktop,Central,Returning
S0000366-C4068,4068,2024-12-01,44.89,0.881,Tablet,International,Returning
S0000366-C4859,4859,2024-10-26,48.84,0.703,Tablet,South,Returning
S0000367-C3161,3161,2025-03-03,102.50,0.155,Desktop,International,Returning
S0000367-C587,587,2025-06-20,110.77,0.253,Mobile,West,Returning
S0000368-C2626,2626,2024-09-23,5.69,0.392,Tablet,International,Returning
S0000368-C4283,4283,2025-04-14,52.72,0.246,Desktop,International,Returning
S0000369-C1392,1392,2024-11-25,181.22,0.307,Tablet,Central,Returning
S0000369-C352,352,2025-04-05,148.27,0.532,Mobile,West,Returning
S0000370-C3379,3379,2025-05-01,112.64,0.826,Mobile,West,Returning
S0000370-C3590,3590,2024-11-17,140.03,0.220,Tablet,West,Returning
S0000371-C2747,2747,2024-12-29,126.97,0.234,Desktop,International,Returning
S0000371-C4861,4861,2024-11-23,172.06,0.082,Mobile,International,Returning
S0000372-C1998,1998,2025-06-23,133.98,0.796,Desktop,South,Returning
S0000372-C4028,4028,2025-04-10,94.09,0.248,Tablet,Central,Returning
S0000373-C4806,4806,2025-05-06,128.23,0.312,Mobile,Central,Returning
S0000373-C4844,4844,2025-05-28,64.40,0.836,Mobile,East,Returning
S0000374-C1858,1858,2024-11-01,191.07,0.352,Tablet,North,Returning
S0000374-C1909,1909,2024-11-09,164.36,0.706,Desktop,Central,New
S0000375-C3798,3798,2025-03-08,12.67,0.870,Mobile,North,Returning
S0000375-C4750,4750,2024-12-13,129.53,0.176,Tablet,East,Returning
S0000376-C3334,3334,2024-12-21,77.55,0.865,Mobile,North,Returning
S0000376-C3889,3889,2025-01-06,167.85,0.313,Tablet,International,Returning
S0000377-C198,198,2024-11-19,142.02,0.278,Desktop,International,Returning
S0000377-C2583,2583,2025-04-23,32.36,0.754,Mobile,Central,Returning
S0000378-C1403,1403,2024-11-17,2.31,0.721,Tablet,South,New
S0000378-C4269,4269,2025-04-21,33.12,0.763,Mobile,International,Returning
S0000379-C3541,3541,2025-01-09,0.80,0.179,Tablet,North,Returning
S0000379-C3683,3683,2025-03-25,177.29,0.207,Desktop,West,New
S0000380-C2053,2053,2025-08-09,198.77,0.801,Desktop,East,Returning
S0000380-C3970,3970,2024-12-09,35.17,0.720,Desktop,Central,New
S0000381-C1891,1891,2025-02-13,102.77,0.933,Mobile,International,Returning
S0000381-C4382,4382,2025-03-10,135.76,0.059,Desktop,North,New
S0000382-C2091,2091,2024-11-09,141.41,0.192,Tablet,International,Returning
S0000382-C3011,3011,2025-05-10,131.90,0.426,Desktop,South,New
S0000383-C1178,1178,2025-08-04,116.78,0.721,Tablet,West,Returning
S0000383-C4912,4912,2025-04-09,188.89,0.579,Desktop,Central,Returning
S0000384-C1730,1730,2024-09-02,172.64,0.388,Desktop,South,Returning
S0000384-C197,197,2024-11-01,191.93,0.367,Tablet,East,New
S0000385-C2000,2000,2024-11-29,97.48,0.252,Mobile,West,New
S0000385-C2841,2841,2024-11-30,195.26,0.656,Mobile,North,Returning
S0000386-C222,222,2024-12-31,24.98,0.653,Tablet,International,Returning
S0000386-C303,303,2024-11-17,134.17,0.089,Desktop,International,Returning
S0000387-C1901,1901,2024-12-06,90.20,0.140,Desktop,East,Returning
S0000387-C1906,1906,2025-02-28,60.02,0.081,Desktop,South,Returning
S0000388-C2040,2040,2024-11-04,162.76,0.632,Tablet,North,Returning
S0000388-C2342,2342,2025-08-23,127.05,0.187,Tablet,Central,Returning
S0000389-C2646,2646,2025-02-26,177.67,0.911,Desktop,Central,Returning
S0000389-C935,935,2025-04-20,36.14,0.823,Tablet,South,Returning
S0000390-C3904,3904,2024-09-30,34.17,0.182,Desktop,West,Returning
S0000390-C4585,4585,2024-09-12,2.82,0.241,Desktop,East,New
S0000391-C2937,2937,2025-04-09,27.18,0.537,Desktop,International,Returning
S0000391-C984,984,2025-07-27,161.51,0.769,Mobile,East,Returning
S0000392-C2450,2450,2025-06-11,112.12,0.216,Desktop,West,Returning
S0000392-C3996,3996,2025-08-02,184.88,0.436,Mobile,West,Returning
S0000393-C3860,3860,2025-06-07,155.15,0.252,Tablet,South,New
S0000393-C4490,4490,2025-04-26,193.30,0.803,Desktop,International,Returning
S0000394-C2654,2654,2025-03-29,91.10,0.094,Tablet,South,Returning
S0000394-C2803,2803,2024-10-20,111.43,0.268,Mobile,International,Returning
S0000395-C1157,1157,2025-04-11,36.05,0.749,Mobile,East,Returning
S0000395-C1944,1944,2025-07-01,117.62,0.489,Tablet,International,Returning
S0000396-C1806,1806,2025-07-23,75.29,0.596,Tablet,Central,Returning
S0000396-C4761,4761,2025-07-03,175.20,0.896,Desktop,West,Returning
S0000397-C4144,4144,2024-11-11,90.21,0.854,Desktop,International,New
S0000397-C4889,4889,2025-05-03,126.22,0.245,Desktop,South,Returning
S0000398-C3322,3322,2025-07-05,142.00,0.165,Mobile,South,Returning
S0000398-C4097,4097,2025-05-23,166.35,0.397,Mobile,International,Returning
S0000399-C2238,2238,2025-06-22,108.82,0.220,Desktop,International,Returning
S0000399-C617,617,2025-01-07,157.72,0.093,Tablet,South,Returning
S0000400-C4638,4638,2025-08-01,111.02,0.566,Desktop,South,Returning
S0000400-C66,66,2025-07-26,77.07,0.655,Desktop,North,Returning
S0000401-C159,159,2024-09-19,112.61,0.068,Mobile,North,Returning
S0000401-C867,867,2025-03-12,153.45,0.468,Desktop,Central,Returning
S0000402-C4549,4549,2025-06-16,47.67,0.600,Mobile,International,Returning
S0000402-C548,548,2025-06-05,157.82,0.297,Desktop,South,New
S0000403-C2507,2507,2025-03-22,128.46,0.881,Tablet,Central,Returning
S0000403-C716,716,2024-12-30,167.12,0.247,Mobile,South,Returning
S0000404-C2038,2038,2025-07-26,38.80,0.698,Desktop,International,Returning
S0000404-C3637,3637,2025-01-31,128.70,0.520,Tablet,International,New
S0000405-C1174,1174,2025-04-18,13.45,0.296,Desktop,North,Returning
S0000405-C822,822,2025-03-25,121.50,0.750,Desktop,International,Returning
S0000406-C3476,3476,2024-10-22,26.42,0.167,Desktop,International,Returning
S0000406-C3739,3739,2025-02-19,65.91,0.144,Mobile,East,New
S0000407-C2870,2870,2024-09-17,194.15,0.085,Desktop,South,Returning
S0000407-C3125,3125,2024-12-03,152.90,0.625,Tablet,West,Returning
S0000408-C204,204,2025-03-07,44.16,0.678,Tablet,North,Returning
S0000408-C2592,2592,2024-11-02,102.17,0.153,Desktop,International,New
S0000409-C1486,1486,2024-09-09,181.92,0.651,Mobile,North,Returning
S0000409-C3346,3346,2025-08-06,52.59,0.187,Tablet,East,New
S0000410-C2016,2016,2025-01-05,195.00,0.918,Tablet,West,Returning
S0000410-C3861,3861,2024-12-05,59.77,0.343,Tablet,Central,New
S0000411-C3252,3252,2025-04-06,197.26,0.742,Tablet,North,Returning
S0000411-C4349,4349,2024-11-01,92.56,0.834,Tablet,South,New
S0000412-C1267,1267,2024-12-03,174.91,0.223,Mobile,North,Returning
S0000412-C2938,2938,2024-09-14,194.79,0.075,Desktop,North,Returning
S0000413-C1736,1736,2025-07-09,122.05,0.644,Mobile,East,Returning
S0000413-C3992,3992,2024-09-28,29.10,0.053,Mobile,International,Returning
S0000414-C1024,1024,2025-01-10,100.50,0.628,Tablet,West,Returning
S0000414-C4302,4302,2025-06-19,69.36,0.210,Tablet,Central,Returning
S0000415-C3072,3072,2025-03-24,54.26,0.129,Mobile,International,Returning
S0000415-C3287,3287,2025-03-19,41.94,0.716,Desktop,North,Returning
S0000416-C3440,3440,2025-08-02,52.74,0.160,Tablet,Central,New
S0000416-C3968,3968,2024-12-28,183.29,0.594,Desktop,West,Returning
S0000417-C3825,3825,2025-05-25,193.26,0.117,Mobile,North,Returning
S0000417-C4348,4348,2024-12-31,127.76,0.271,Desktop,Central,New
S0000418-C1054,1054,2025-08-06,127.25,0.068,Desktop,International,Returning
S0000418-C1795,1795,2025-05-07,88.79,0.327,Desktop,North,Returning
S0000419-C4803,4803,2025-08-25,25.79,0.625,Tablet,North,New
S0000419-C986,986,2025-05-15,163.15,0.261,Tablet,International,Returning
S0000420-C1987,1987,2024-12-17,51.44,0.245,Desktop,International,Returning
S0000420-C2036,2036,2025-01-23,142.72,0.776,Tablet,North,Returning
S0000421-C1125,1125,2025-04-15,27.76,0.595,Mobile,South,Returning
S0000421-C3756,3756,2025-08-22,157.91,0.880,Desktop,East,Returning
S0000422-C1353,1353,2025-07-04,180.41,0.124,Tablet,South,Returning
S0000422-C445,445,2024-08-27,142.97,0.577,Tablet,North,Returning
S0000423-C2484,2484,2024-12-17,191.18,0.691,Tablet,South,Returning
S0000423-C3527,3527,2025-06-06,198.64,0.320,Mobile,Central,Returning
S0000424-C3914,3914,2025-05-23,188.05,0.885,Tablet,South,New
S0000424-C4209,4209,2025-06-06,115.06,0.245,Mobile,North,Returning
S0000425-C2459,2459,2024-12-01,37.17,0.710,Desktop,East,Returning
S0000425-C3289,3289,2024-09-22,129.49,0.468,Mobile,West,Returning
S0000426-C3261,3261,2024-09-17,146.14,0.807,Desktop,West,Returning
S0000426-C3821,3821,2024-11-21,100.82,0.269,Tablet,Central,Returning
S0000427-C3256,3256,2024-10-16,68.53,0.172,Mobile,International,Returning
S0000427-C4097,4097,2025-08-18,128.82,0.193,Tablet,International,Returning
S0000428-C2953,2953,2025-07-27,126.11,0.870,Mobile,West,Returning
S0000428-C4423,4423,2025-01-31,35.47,0.219,Mobile,East,New
S0000429-C2036,2036,2025-02-13,84.69,0.527,Mobile,South,Returning
S0000429-C368,368,2025-03-12,11.33,0.875,Mobile,South,Returning
S0000430-C1477,1477,2025-07-11,147.34,0.329,Mobile,Central,Returning
S0000430-C4044,4044,2024-08-31,99.35,0.527,Desktop,South,Returning
S0000431-C3780,3780,2025-04-21,94.32,0.333,Desktop,International,Returning
S0000431-C726,726,2025-08-01,180.53,0.329,Tablet,South,Returning
S0000432-C1072,1072,2024-10-29,94.33,0.851,Desktop,East,Returning
S0000432-C3754,3754,2024-09-03,127.29,0.274,Mobile,International,Returning
S0000433-C2113,2113,2024-09-07,112.33,0.870,Tablet,West,Returning
S0000433-C2345,2345,2025-04-07,104.20,0.453,Tablet,North,New
S0000434-C2201,2201,2024-10-25,169.84,0.720,Desktop,West,Returning
S0000434-C4199,4199,2025-01-14,107.75,0.823,Tablet,Central,New
S0000435-C2152,2152,2025-07-04,86.08,0.697,Desktop,East,Returning
S0000435-C4398,4398,2025-06-17,63.38,0.060,Desktop,East,New
S0000436-C1007,1007,2025-01-17,83.82,0.304,Desktop,International,New
S0000436-C2585,2585,2024-11-02,102.32,0.158,Desktop,International,Returning
S0000437-C2305,2305,2025-05-19,194.55,0.096,Mobile,West,Returning
S0000437-C3980,3980,2024-12-28,182.45,0.573,Desktop,North,New
S0000438-C2205,2205,2025-03-31,138.18,0.272,Desktop,North,Returning
S0000438-C3733,3733,2024-12-14,49.07,0.172,Tablet,South,Returning
S0000439-C3377,3377,2025-06-09,7.06,0.536,Mobile,East,Returning
S0000439-C4074,4074,2024-12-18,198.20,0.854,Mobile,Central,Returning
S0000440-C3661,3661,2024-11-08,157.46,0.542,Mobile,South,Returning
S0000440-C813,813,2025-05-17,177.03,0.592,Mobile,International,Returning
S0000441-C4723,4723,2025-03-27,49.47,0.940,Desktop,North,Returning
S0000441-C530,530,2024-12-18,21.42,0.483,Desktop,International,Returning
S0000442-C225,225,2025-03-11,30.60,0.403,Mobile,South,New
S0000442-C3704,3704,2024-08-26,154.48,0.829,Desktop,East,Returning
S0000443-C3879,3879,2025-06-13,136.32,0.772,Tablet,East,Returning
S0000443-C3987,3987,2025-02-21,30.61,0.264,Tablet,International,Returning
S0000444-C307,307,2025-03-02,47.72,0.716,Tablet,Central,Returning
S0000444-C3780,3780,2025-06-02,176.72,0.705,Tablet,Central,Returning
S0000445-C2491,2491,2024-09-15,46.30,0.340,Tablet,West,Returning
S0000445-C3066,3066,2024-11-23,188.27,0.445,Mobile,West,Returning
S0000446-C239,239,2024-12-26,34.70,0.840,Tablet,Central,Returning
S0000446-C3730,3730,2024-11-14,131.64,0.908,Tablet,North,New
S0000447-C1429,1429,2025-07-27,109.25,0.490,Tablet,West,Returning
S0000447-C2012,2012,2025-05-04,68.57,0.756,Tablet,North,Returning
S0000448-C1670,1670,2025-03-14,51.60,0.891,Tablet,Central,Returning
S0000448-C682,682,2024-08-29,109.95,0.746,Desktop,Central,New
S0000449-C3004,3004,2024-11-03,50.34,0.794,Mobile,East,Returning
S0000449-C3307,3307,2024-12-04,127.91,0.071,Desktop,International,New
S0000450-C1917,1917,2024-10-30,189.83,0.307,Mobile,North,Returning
S0000450-C741,741,2025-07-08,44.07,0.683,Tablet,North,Returning
S0000451-C2584,2584,2024-09-05,59.96,0.580,Desktop,East,New
S0000451-C3893,3893,2025-07-09,64.33,0.242,Desktop,International,New
S0000452-C2588,2588,2025-08-10,131.10,0.187,Tablet,West,Returning
S0000452-C3985,3985,2024-12-05,43.77,0.886,Tablet,North,Returning
S0000453-C2158,2158,2024-10-25,175.39,0.844,Tablet,South,Returning
S0000453-C3119,3119,2025-04-03,22.66,0.388,Mobile,West,Returning
S0000454-C2483,2483,2024-11-23,56.06,0.176,Tablet,International,Returning
S0000454-C3713,3713,2025-08-17,178.22,0.396,Desktop,North,Returning
S0000455-C1035,1035,2024-09-12,28.11,0.812,Tablet,West,New
S0000455-C857,857,2025-01-19,95.04,0.574,Mobile,Central,Returning
S0000456-C286,286,2024-09-18,100.82,0.694,Desktop,South,Returning
S0000456-C3639,3639,2024-11-16,136.59,0.136,Mobile,International,Returning
S0000457-C1495,1495,2025-01-24,5.60,0.396,Tablet,North,Returning
S0000457-C3971,3971,2024-08-30,111.86,0.798,Mobile,International,New
S0000458-C2419,2419,2025-05-31,148.13,0.939,Tablet,West,Returning
S0000458-C3403,3403,2025-06-25,159.88,0.493,Desktop,International,New
S0000459-C2994,2994,2024-09-25,156.40,0.197,Mobile,International,Returning
S0000459-C336,336,2025-04-15,122.22,0.921,Desktop,North,Returning
S0000460-C3382,3382,2025-02-06,144.13,0.908,Mobile,North,New
S0000460-C4369,4369,2024-12-15,171.64,0.233,Mobile,West,Returning
S0000461-C2778,2778,2024-11-26,13.60,0.139,Desktop,North,Returning
S0000461-C3254,3254,2025-06-23,184.60,0.131,Tablet,North,Returning
S0000462-C1277,1277,2025-03-23,71.62,0.515,Mobile,International,Returning
S0000462-C3922,3922,2025-08-24,134.19,0.357,Tablet,East,New
S0000463-C368,368,2025-07-02,105.69,0.224,Mobile,South,Returning
S0000463-C517,517,2025-05-15,18.80,0.615,Tablet,East,Returning
S0000464-C1432,1432,2025-07-24,117.53,0.653,Mobile,International,Returning
S0000464-C4396,4396,2025-06-30,27.84,0.257,Tablet,International,Returning
S0000465-C1817,1817,2024-10-19,33.98,0.314,Tablet,International,Returning
S0000465-C3397,3397,2024-12-09,103.13,0.452,Tablet,North,Returning
S0000466-C2881,2881,2024-11-12,38.02,0.590,Mobile,East,Returning
S0000466-C3839,3839,2024-12-03,67.49,0.503,Mobile,North,Returning
S0000467-C123,123,2024-10-01,84.94,0.432,Tablet,International,Returning
S0000467-C2922,2922,2025-04-16,9.60,0.194,Mobile,Central,Returning
S0000468-C2886,2886,2024-09-25,170.61,0.513,Desktop,West,Returning
S0000468-C3026,3026,2025-07-14,154.06,0.500,Desktop,East,Returning
S0000469-C1807,1807,2025-08-10,26.19,0.523,Desktop,West,Returning
S0000469-C4920,4920,2024-09-22,135.26,0.594,Tablet,North,Returning
S0000470-C2786,2786,2025-04-13,33.13,0.703,Desktop,East,New
S0000470-C3785,3785,2024-10-22,187.89,0.204,Desktop,Central,Returning
S0000471-C1270,1270,2025-02-22,152.49,0.318,Desktop,North,Returning
S0000471-C3666,3666,2025-02-07,107.49,0.091,Mobile,International,Returning
S0000472-C1840,1840,2025-04-25,113.98,0.811,Mobile,North,Returning
S0000472-C2550,2550,2025-01-05,130.45,0.367,Tablet,International,Returning
S0000473-C1574,1574,2025-02-25,108.67,0.252,Mobile,Central,Returning
S0000473-C406,406,2025-06-03,179.52,0.773,Desktop,South,New
S0000474-C3918,3918,2024-12-25,197.11,0.884,Tablet,West,Returning
S0000474-C4251,4251,2024-09-20,21.48,0.718,Mobile,Central,Returning
S0000475-C4511,4511,2024-12-11,163.72,0.930,Mobile,South,Returning
S0000475-C512,512,2025-07-04,82.53,0.618,Tablet,Central,Returning
S0000476-C3256,3256,2025-01-03,52.66,0.398,Desktop,West,Returning
S0000476-C3510,3510,2025-06-06,198.93,0.332,Mobile,International,New
S0000477-C2847,2847,2025-02-01,21.45,0.812,Tablet,North,Returning
S0000477-C31,31,2025-08-13,30.26,0.639,Tablet,North,New
S0000478-C2892,2892,2025-05-04,163.54,0.191,Desktop,South,Returning
S0000478-C4438,4438,2025-05-24,124.38,0.355,Tablet,North,New
S0000479-C1582,1582,2025-06-25,178.09,0.904,Desktop,West,Returning
S0000479-C971,971,2025-07-16,195.65,0.549,Tablet,West,New
S0000480-C926,926,2025-03-14,138.67,0.156,Mobile,South,Returning
S0000480-C931,931,2024-10-02,186.08,0.913,Desktop,North,Returning
S0000481-C2509,2509,2025-05-19,169.49,0.433,Mobile,West,Returning
S0000481-C4777,4777,2024-11-22,185.21,0.370,Tablet,International,Returning
S0000482-C1569,1569,2024-12-05,133.31,0.201,Tablet,Central,Returning
S0000482-C2631,2631,2025-07-04,28.64,0.305,Tablet,North,Returning
S0000483-C3,3,2024-12-29,54.85,0.415,Desktop,Central,Returning
S0000483-C3853,3853,2024-09-19,69.32,0.894,Mobile,East,Returning
S0000484-C4270,4270,2024-10-05,176.03,0.712,Desktop,International,Returning
S0000484-C4777,4777,2025-08-23,34.15,0.799,Mobile,Central,Returning
S0000485-C2989,2989,2024-12-15,136.82,0.351,Mobile,North,Returning
S0000485-C4894,4894,2025-02-08,157.19,0.317,Desktop,Central,Returning
S0000486-C1367,1367,2025-03-03,117.66,0.497,Tablet,North,Returning
S0000486-C3654,3654,2024-10-19,12.13,0.726,Mobile,West,Returning
S0000487-C2347,2347,2025-05-15,199.77,0.185,Tablet,South,Returning
S0000487-C296,296,2025-07-05,104.81,0.229,Mobile,West,Returning
S0000488-C3800,3800,2024-11-20,108.30,0.423,Mobile,North,Returning
S0000488-C901,901,2024-10-20,139.71,0.904,Mobile,East,New
S0000489-C1004,1004,2024-11-25,29.27,0.484,Tablet,East,New
S0000489-C1831,1831,2024-11-06,181.68,0.174,Tablet,East,New
S0000490-C2745,2745,2025-05-16,147.66,0.825,Desktop,International,New
S0000490-C3136,3136,2025-01-17,28.30,0.854,Desktop,West,Returning
S0000491-C2815,2815,2024-12-01,193.88,0.637,Mobile,Central,Returning
S0000491-C814,814,2025-07-02,51.45,0.805,Mobile,West,Returning
S0000492-C2477,2477,2025-02-15,26.50,0.132,Desktop,North,Returning
S0000492-C4341,4341,2025-07-06,17.25,0.065,Tablet,North,Returning
S0000493-C1269,1269,2025-01-25,31.05,0.074,Mobile,South,Returning
S0000493-C3032,3032,2025-06-04,63.46,0.864,Mobile,North,New
S0000494-C2884,2884,2025-07-27,135.32,0.175,Mobile,International,Returning
S0000494-C3012,3012,2024-08-29,29.07,0.730,Mobile,East,New
S0000495-C101,101,2025-03-14,39.82,0.626,Mobile,North,Returning
S0000495-C2389,2389,2024-09-24,31.54,0.080,Tablet,East,Returning
S0000496-C220,220,2025-06-05,196.13,0.262,Desktop,East,Returning
S0000496-C4532,4532,2025-07-18,160.95,0.689,Desktop,West,Returning
S0000497-C4167,4167,2025-05-08,198.77,0.115,Mobile,Central,Returning
S0000497-C4441,4441,2025-03-13,121.03,0.648,Mobile,West,New
S0000498-C2560,2560,2025-01-17,97.86,0.618,Tablet,West,Returning
S0000498-C842,842,2025-04-09,78.49,0.791,Tablet,South,Returning
S0000499-C4342,4342,2025-06-06,100.10,0.805,Tablet,International,Returning
S0000499-C567,567,2025-03-07,1.32,0.613,Desktop,West,Returning
S0000500-C2808,2808,2024-11-23,17.35,0.204,Mobile,East,Returning
S0000500-C4270,4270,2025-04-11,62.50,0.444,Desktop,International,Returning
S0000501-C119,119,2025-06-13,188.44,0.143,Tablet,North,Returning
S0000501-C1330,1330,2024-11-30,176.43,0.232,Mobile,South,New
S0000502-C2477,2477,2025-04-12,72.98,0.693,Mobile,South,Returning
S0000502-C2693,2693,2024-09-18,13.08,0.517,Mobile,East,Returning
S0000503-C1901,1901,2025-07-16,82.00,0.698,Mobile,Central,Returning
S0000503-C223,223,2024-09-05,145.59,0.701,Mobile,International,Returning
S0000504-C1049,1049,2025-07-02,23.53,0.176,Mobile,South,Returning
S0000504-C3022,3022,2025-08-19,56.57,0.371,Tablet,West,Returning
S0000505-C1950,1950,2025-06-07,182.66,0.875,Tablet,East,Returning
S0000505-C4354,4354,2024-12-31,127.76,0.269,Desktop,Central,Returning
S0000506-C2404,2404,2025-02-15,36.66,0.357,Desktop,Central,Returning
S0000506-C2961,2961,2025-01-30,12.63,0.601,Tablet,West,Returning
S0000507-C1320,1320,2025-03-20,76.90,0.605,Tablet,Central,Returning
S0000507-C1969,1969,2024-09-09,125.35,0.274,Mobile,North,Returning
S0000508-C1505,1505,2025-01-27,197.14,0.226,Desktop,West,Returning
S0000508-C3711,3711,2025-08-20,170.94,0.252,Mobile,North,Returning
S0000509-C2015,2015,2025-07-04,100.82,0.134,Tablet,East,Returning
S0000509-C210,210,2024-12-29,30.30,0.762,Mobile,North,New
S0000510-C1857,1857,2025-06-27,138.89,0.938,Tablet,South,Returning
S0000510-C2433,2433,2024-10-03,1.51,0.372,Tablet,Central,Returning
S0000511-C4088,4088,2025-05-24,166.20,0.396,Mobile,North,Returning
S0000511-C438,438,2025-08-15,177.35,0.360,Desktop,South,New
S0000512-C218,218,2024-12-11,78.43,0.812,Desktop,Central,Returning
S0000512-C3019,3019,2024-10-19,87.94,0.633,Tablet,West,Returning
S0000513-C3254,3254,2024-12-20,90.27,0.243,Tablet,International,Returning
S0000513-C3546,3546,2024-11-20,136.66,0.167,Mobile,West,Returning
S0000514-C2502,2502,2024-12-15,195.01,0.761,Desktop,Central,Returning
S0000514-C688,688,2024-10-04,10.62,0.578,Tablet,North,New
S0000515-C3088,3088,2025-02-10,167.25,0.561,Desktop,International,Returning
S0000515-C994,994,2024-09-24,199.81,0.264,Desktop,South,Returning
S0000516-C3136,3136,2025-07-17,131.23,0.912,Tablet,South,Returning
S0000516-C4917,4917,2025-01-14,22.42,0.701,Desktop,South,Returning
S0000517-C4053,4053,2025-06-29,71.07,0.324,Mobile,East,Returning
S0000517-C4677,4677,2025-03-02,121.87,0.588,Desktop,North,Returning
S0000518-C1199,1199,2024-11-09,49.48,0.822,Mobile,North,New
S0000518-C3873,3873,2025-06-16,128.85,0.627,Desktop,East,Returning
S0000519-C1891,1891,2024-10-04,64.94,0.903,Tablet,International,Returning
S0000519-C506,506,2025-06-22,117.38,0.410,Desktop,North,Returning
S0000520-C1560,1560,2025-01-23,199.96,0.264,Desktop,South,Returning
S0000520-C2340,2340,2025-03-14,171.03,0.878,Desktop,East,New
S0000521-C1152,1152,2025-04-02,61.07,0.346,Tablet,West,New
S0000521-C3896,3896,2024-10-14,196.53,0.339,Mobile,South,Returning
S0000522-C1938,1938,2024-09-27,77.85,0.243,Tablet,International,Returning
S0000522-C2855,2855,2025-02-15,182.11,0.931,Desktop,International,Returning
S0000523-C4185,4185,2025-02-22,3.29,0.559,Tablet,South,Returning
S0000523-C9,9,2024-11-05,1.96,0.626,Desktop,International,New
S0000524-C3946,3946,2024-09-30,30.55,0.097,Tablet,International,Returning
S0000524-C4875,4875,2025-03-29,24.30,0.392,Mobile,West,New
S0000525-C3101,3101,2025-01-17,32.18,0.943,Mobile,East,Returning
S0000525-C3494,3494,2025-05-02,96.30,0.465,Tablet,International,New
S0000526-C1752,1752,2024-12-19,73.57,0.759,Tablet,Central,Returning
S0000526-C4240,4240,2025-04-04,85.73,0.914,Mobile,Central,Returning
S0000527-C1646,1646,2025-08-18,21.88,0.490,Desktop,North,Returning
S0000527-C2031,2031,2025-05-01,74.71,0.871,Mobile,East,New
S0000528-C4180,4180,2025-08-18,119.23,0.876,Tablet,South,Returning
S0000528-C4363,4363,2025-01-10,99.66,0.610,Mobile,South,Returning
S0000529-C2437,2437,2024-11-22,64.22,0.352,Tablet,West,Returning
S0000529-C3370,3370,2024-12-14,93.14,0.262,Tablet,South,Returning
S0000530-C4121,4121,2025-08-06,157.76,0.758,Mobile,East,Returning
S0000530-C4169,4169,2025-08-11,139.75,0.386,Tablet,Central,Returning
S0000531-C3726,3726,2025-02-09,94.67,0.717,Desktop,South,Returning
S0000531-C663,663,2025-02-20,30.16,0.253,Tablet,Central,Returning
S0000532-C2043,2043,2025-03-29,165.38,0.863,Desktop,East,Returning
S0000532-C368,368,2025-07-27,38.12,0.686,Tablet,Central,Returning
S0000533-C3068,3068,2025-03-07,102.38,0.183,Desktop,West,Returning
S0000533-C3718,3718,2025-08-14,184.72,0.523,Tablet,Central,Returning
S0000534-C3209,3209,2025-04-07,198.80,0.787,Desktop,North,New
S0000534-C3487,3487,2025-01-20,177.87,0.642,Mobile,North,Returning
S0000535-C2663,2663,2025-06-27,43.30,0.585,Desktop,Central,New
S0000535-C3257,3257,2024-10-29,31.19,0.332,Desktop,West,Returning
S0000536-C1469,1469,2025-08-22,34.51,0.797,Mobile,Central,Returning
S0000536-C4601,4601,2025-08-14,78.45,0.833,Desktop,South,Returning
S0000537-C2271,2271,2024-11-16,100.70,0.228,Mobile,Central,Returning
S0000537-C4608,4608,2025-03-31,51.63,0.120,Mobile,Central,Returning
S0000538-C2801,2801,2025-08-22,74.67,0.801,Desktop,Central,Returning
S0000538-C93,93,2025-06-16,181.39,0.912,Desktop,East,New
S0000539-C312,312,2025-08-07,14.39,0.234,Tablet,East,Returning
S0000539-C4576,4576,2024-12-28,111.04,0.766,Desktop,South,Returning
S0000540-C702,702,2024-12-27,176.76,0.443,Mobile,East,New
S0000540-C766,766,2024-09-09,67.62,0.781,Desktop,Central,Returning
S0000541-C3000,3000,2025-01-11,61.04,0.647,Mobile,North,Returning
S0000541-C4269,4269,2024-12-06,7.62,0.078,Desktop,North,Returning
S0000542-C1397,1397,2024-11-05,37.50,0.520,Desktop,Central,Returning
S0000542-C3961,3961,2024-12-17,13.47,0.294,Desktop,International,Returning
S0000543-C1267,1267,2025-03-01,135.48,0.882,Mobile,South,New
S0000543-C2501,2501,2024-12-13,0.98,0.879,Mobile,South,Returning
S0000544-C2622,2622,2024-09-14,30.91,0.892,Desktop,South,Returning
S0000544-C358,358,2024-08-28,150.48,0.754,Mobile,International,Returning
S0000545-C1515,1515,2024-12-16,108.75,0.632,Mobile,North,Returning
S0000545-C4080,4080,2024-10-03,4.18,0.431,Desktop,International,Returning
S0000546-C3495,3495,2024-12-02,111.26,0.581,Desktop,West,Returning
S0000546-C758,758,2025-05-19,179.78,0.664,Tablet,West,Returning
S0000547-C3556,3556,2025-01-22,163.68,0.339,Desktop,Central,Returning
S0000547-C4380,4380,2024-09-29,179.17,0.739,Desktop,East,Returning
S0000548-C3245,3245,2025-02-09,151.88,0.206,Mobile,East,Returning
S0000548-C4848,4848,2025-03-11,76.57,0.535,Mobile,North,Returning
S0000549-C2320,2320,2025-05-15,2.99,0.258,Desktop,International,Returning
S0000549-C2597,2597,2024-12-28,148.59,0.711,Mobile,North,Returning
S0000550-C251,251,2025-02-27,62.90,0.134,Mobile,East,New
S0000550-C2689,2689,2025-02-05,29.66,0.126,Tablet,West,Returning
S0000551-C1536,1536,2024-11-03,23.96,0.207,Mobile,North,Returning
S0000551-C3158,3158,2024-11-19,186.37,0.377,Desktop,North,New
S0000552-C407,407,2025-04-29,75.74,0.878,Mobile,West,Returning
S0000552-C670,670,2024-12-05,42.23,0.849,Tablet,East,Returning
S0000553-C1545,1545,2025-04-18,170.81,0.231,Mobile,West,Returning
S0000553-C182,182,2024-10-03,71.85,0.154,Mobile,North,Returning
S0000554-C411,411,2025-08-13,184.99,0.520,Tablet,West,Returning
S0000554-C4186,4186,2025-03-28,108.85,0.489,Tablet,West,Returning
S0000555-C1876,1876,2025-01-07,5.41,0.270,Desktop,International,Returning
S0000555-C4440,4440,2024-11-03,76.55,0.487,Desktop,International,Returning
S0000556-C3109,3109,2025-03-21,57.57,0.183,Tablet,International,New
S0000556-C381,381,2025-06-12,158.02,0.356,Desktop,West,New
S0000557-C1541,1541,2025-03-01,100.20,0.095,Tablet,West,Returning
S0000557-C3456,3456,2025-07-10,113.35,0.455,Mobile,East,Returning
S0000558-C2085,2085,2025-07-10,77.13,0.542,Mobile,South,Returning
S0000558-C2744,2744,2024-11-16,43.38,0.740,Desktop,West,Returning
S0000559-C2917,2917,2025-02-09,190.46,0.176,Tablet,Central,Returning
S0000559-C3599,3599,2025-08-02,33.84,0.634,Tablet,Central,Returning
S0000560-C1485,1485,2024-09-07,188.49,0.781,Desktop,Central,Returning
S0000560-C4175,4175,2024-10-22,142.57,0.080,Desktop,North,New
S0000561-C3220,3220,2024-11-27,157.11,0.678,Desktop,West,Returning
S0000561-C3625,3625,2024-12-28,24.89,0.628,Tablet,South,Returning
S0000562-C1795,1795,2025-01-29,156.48,0.227,Mobile,West,New
S0000562-C1805,1805,2025-05-08,84.04,0.229,Tablet,North,New
S0000563-C1888,1888,2024-11-05,178.58,0.094,Mobile,Central,Returning
S0000563-C3673,3673,2025-07-25,46.71,0.865,Tablet,East,Returning
S0000564-C3421,3421,2025-06-26,155.97,0.410,Mobile,North,Returning
S0000564-C3582,3582,2024-11-04,177.20,0.058,Mobile,International,Returning
S0000565-C1439,1439,2024-10-06,114.45,0.230,Desktop,Central,Returning
S0000565-C830,830,2024-12-14,196.62,0.794,Desktop,East,Returning
S0000566-C256,256,2025-06-06,189.69,0.123,Mobile,West,New
S0000566-C3796,3796,2025-08-01,10.52,0.109,Desktop,West,Returning
S0000567-C3092,3092,2024-09-08,193.02,0.890,Tablet,North,New
S0000567-C4462,4462,2025-07-13,184.71,0.282,Mobile,Central,Returning
S0000568-C224,224,2024-11-28,114.70,0.629,Mobile,West,Returning
S0000568-C4098,4098,2025-07-24,198.06,0.664,Mobile,North,Returning
S0000569-C2454,2454,2024-11-12,91.37,0.884,Desktop,West,Returning
S0000569-C4213,4213,2024-10-29,118.56,0.493,Tablet,International,Returning
S0000570-C1209,1209,2025-04-05,44.61,0.902,Desktop,East,New
S0000570-C3997,3997,2025-04-17,76.70,0.814,Desktop,International,Returning
S0000571-C2414,2414,2024-10-12,181.36,0.879,Tablet,West,Returning
S0000571-C4152,4152,2025-06-14,100.37,0.872,Desktop,West,Returning
S0000572-C1532,1532,2025-02-04,170.28,0.586,Mobile,South,Returning
S0000572-C3178,3178,2025-06-25,186.49,0.193,Tablet,West,Returning
S0000573-C3534,3534,2025-02-11,111.30,0.209,Desktop,West,New
S0000573-C837,837,2025-06-04,126.74,0.488,Mobile,South,Returning
S0000574-C3055,3055,2024-09-23,154.98,0.149,Desktop,Central,Returning
S0000574-C3068,3068,2024-12-05,152.89,0.643,Desktop,North,New
S0000575-C3446,3446,2024-09-04,160.09,0.123,Desktop,Central,Returning
S0000575-C794,794,2024-10-14,168.08,0.601,Mobile,International,Returning
S0000576-C4084,4084,2025-08-08,156.75,0.751,Mobile,East,Returning
S0000576-C912,912,2025-06-18,79.62,0.431,Tablet,East,Returning
S0000577-C232,232,2025-02-11,107.86,0.131,Tablet,International,Returning
S0000577-C3899,3899,2025-08-23,138.02,0.440,Desktop,South,Returning
S0000578-C2360,2360,2025-02-03,74.31,0.217,Tablet,West,New
S0000578-C4758,4758,2024-08-26,28.26,0.688,Desktop,East,New
S0000579-C3445,3445,2025-04-12,158.74,0.817,Tablet,International,Returning
S0000579-C4237,4237,2025-08-16,118.36,0.841,Mobile,East,Returning
S0000580-C1694,1694,2024-09-04,170.65,0.360,Desktop,Central,Returning
S0000580-C3745,3745,2025-03-05,25.83,0.248,Tablet,International,Returning
S0000581-C1243,1243,2025-08-03,111.70,0.599,Mobile,North,New
S0000581-C3762,3762,2025-02-23,51.35,0.748,Desktop,South,Returning
S0000582-C2165,2165,2024-10-31,157.63,0.490,Desktop,International,Returning
S0000582-C529,529,2025-05-16,14.77,0.531,Mobile,West,Returning
S0000583-C1005,1005,2024-11-01,95.89,0.903,Desktop,West,Returning
S0000583-C2771,2771,2025-08-01,134.55,0.196,Tablet,East,New
S0000584-C3661,3661,2025-02-06,111.04,0.163,Tablet,East,Returning
S0000584-C660,660,2025-04-08,101.72,0.410,Mobile,South,Returning
S0000585-C3729,3729,2025-04-15,116.68,0.792,Mobile,East,Returning
S0000585-C4729,4729,2024-08-27,29.14,0.715,Desktop,North,Returning
S0000586-C28,28,2025-02-17,117.18,0.381,Desktop,South,Returning
S0000586-C3145,3145,2025-03-16,68.68,0.391,Tablet,South,Returning
S0000587-C2992,2992,2025-07-30,113.35,0.605,Mobile,North,New
S0000587-C569,569,2025-01-31,98.51,0.736,Mobile,East,Returning
S0000588-C2161,2161,2025-03-29,151.09,0.541,Mobile,Central,New
S0000588-C3785,3785,2025-06-11,152.47,0.223,Tablet,Central,Returning
S0000589-C236,236,2025-06-21,151.03,0.264,Tablet,International,Returning
S0000589-C946,946,2025-06-06,105.81,0.939,Mobile,Central,Returning
S0000590-C247,247,2024-08-30,158.67,0.052,Mobile,North,Returning
S0000590-C30,30,2025-03-27,11.75,0.093,Desktop,South,Returning
S0000591-C3930,3930,2025-04-04,120.74,0.807,Mobile,East,New
S0000591-C4021,4021,2025-08-14,149.34,0.624,Tablet,International,Returning
S0000592-C714,714,2024-12-05,37.03,0.732,Desktop,International,Returning
S0000592-C908,908,2025-01-30,60.33,0.771,Desktop,North,New
S0000593-C1198,1198,2024-10-24,93.50,0.793,Tablet,North,Returning
S0000593-C2268,2268,2024-10-24,165.81,0.618,Tablet,East,Returning
S0000594-C3055,3055,2025-06-14,32.59,0.246,Mobile,East,Returning
S0000594-C347,347,2025-03-05,33.69,0.425,Mobile,West,Returning
S0000595-C2050,2050,2024-12-31,5.36,0.212,Tablet,West,Returning
S0000595-C2499,2499,2024-11-11,87.42,0.791,Tablet,West,Returning
S0000596-C1447,1447,2025-05-23,85.65,0.377,Mobile,West,Returning
S0000596-C497,497,2025-03-25,161.80,0.753,Mobile,North,Returning
S0000597-C3066,3066,2025-05-20,98.42,0.645,Tablet,South,Returning
S0000597-C3799,3799,2025-03-08,12.13,0.860,Desktop,International,Returning
S0000598-C1873,1873,2024-12-01,107.69,0.496,Tablet,Central,Returning
S0000598-C3223,3223,2024-10-19,63.37,0.080,Desktop,International,Returning
S0000599-C269,269,2024-11-19,134.55,0.107,Desktop,South,Returning
S0000599-C2725,2725,2024-11-02,84.70,0.664,Desktop,West,Returning
S0000600-C1361,1361,2025-03-17,80.29,0.659,Desktop,International,Returning
S0000600-C2434,2434,2024-11-27,52.86,0.128,Mobile,International,Returning
S0000601-C1241,1241,2024-11-13,34.34,0.508,Desktop,West,New
S0000601-C1592,1592,2025-05-28,55.10,0.625,Mobile,International,Returning
S0000602-C1129,1129,2025-07-29,138.87,0.274,Desktop,North,Returning
S0000602-C4745,4745,2025-07-21,128.90,0.885,Tablet,Central,Returning
S0000603-C3716,3716,2024-09-18,88.54,0.419,Tablet,East,Returning
S0000603-C4996,4996,2025-03-04,79.33,0.542,Mobile,North,Returning
S0000604-C2902,2902,2025-01-14,62.90,0.715,Tablet,West,Returning
S0000604-C3290,3290,2024-08-26,3.76,0.139,Mobile,International,New
S0000605-C3683,3683,2025-05-24,14.29,0.580,Tablet,International,Returning
S0000605-C4617,4617,2025-05-19,116.38,0.138,Tablet,East,Returning
S0000606-C1803,1803,2025-08-24,188.81,0.684,Tablet,East,Returning
S0000606-C2142,2142,2025-02-24,42.88,0.565,Desktop,East,Returning
S0000607-C1094,1094,2025-07-05,9.04,0.775,Tablet,North,Returning
S0000607-C4970,4970,2025-05-09,99.62,0.592,Mobile,Central,Returning
S0000608-C2450,2450,2024-10-06,191.70,0.172,Tablet,West,Returning
S0000608-C2783,2783,2025-01-08,95.56,0.500,Desktop,International,New
S0000609-C1391,1391,2025-02-12,167.29,0.572,Mobile,South,Returning
S0000609-C2774,2774,2024-12-06,186.29,0.500,Tablet,North,New
S0000610-C3912,3912,2025-05-22,193.38,0.092,Desktop,West,Returning
S0000610-C68,68,2025-08-21,3.02,0.088,Desktop,Central,Returning
S0000611-C2168,2168,2025-04-11,113.81,0.701,Tablet,East,New
S0000611-C4497,4497,2025-02-24,159.46,0.490,Desktop,Central,Returning
S0000612-C4005,4005,2025-03-21,150.76,0.478,Desktop,North,Returning
S0000612-C4622,4622,2025-08-20,60.51,0.471,Mobile,Central,Returning
S0000613-C2332,2332,2025-06-16,112.20,0.256,Mobile,West,Returning
S0000613-C4565,4565,2025-05-16,131.58,0.456,Desktop,North,Returning
S0000614-C3905,3905,2024-12-08,45.25,0.941,Desktop,East,New
S0000614-C786,786,2025-04-10,81.58,0.871,Mobile,International,Returning
S0000615-C2127,2127,2024-11-15,120.89,0.675,Mobile,South,New
S0000615-C3547,3547,2025-03-24,197.68,0.655,Mobile,International,Returning
S0000616-C1726,1726,2024-11-16,168.20,0.842,Tablet,Central,New
S0000616-C3408,3408,2025-06-04,17.24,0.727,Mobile,South,Returning
S0000617-C1199,1199,2024-11-14,35.72,0.549,Desktop,West,Returning
S0000617-C17,17,2024-10-03,93.71,0.640,Tablet,East,Returning
S0000618-C3380,3380,2025-05-24,50.68,0.498,Tablet,North,Returning
S0000618-C4395,4395,2024-12-01,4.78,0.881,Mobile,International,New
S0000619-C2935,2935,2025-07-23,139.24,0.236,Tablet,North,Returning
S0000619-C4008,4008,2025-01-14,130.10,0.427,Desktop,East,Returning
S0000620-C640,640,2024-09-24,42.32,0.321,Tablet,East,Returning
S0000620-C914,914,2024-11-03,100.66,0.127,Tablet,South,Returning
S0000621-C2769,2769,2025-08-12,104.71,0.506,Tablet,South,Returning
S0000621-C3944,3944,2025-08-02,192.38,0.601,Desktop,North,Returning
S0000622-C1010,1010,2025-07-05,20.88,0.136,Desktop,West,Returning
S0000622-C1888,1888,2024-11-15,149.90,0.427,Tablet,International,Returning
S0000623-C2324,2324,2024-12-25,187.64,0.672,Mobile,North,Returning
S0000623-C2611,2611,2024-11-19,51.50,0.944,Desktop,International,Returning
S0000624-C2283,2283,2024-09-11,80.80,0.190,Mobile,East,New
S0000624-C4106,4106,2025-08-13,142.76,0.467,Desktop,East,Returning
S0000625-C3129,3129,2024-12-18,111.44,0.703,Tablet,West,New
S0000625-C4360,4360,2024-11-14,57.30,0.132,Mobile,Central,Returning
S0000626-C2801,2801,2025-01-20,60.77,0.706,Tablet,East,New
S0000626-C4873,4873,2025-04-02,12.98,0.168,Mobile,International,Returning
S0000627-C1361,1361,2024-11-27,180.59,0.305,Tablet,Central,Returning
S0000627-C2359,2359,2024-10-30,136.63,0.911,Tablet,Central,Returning
S0000628-C2332,2332,2025-03-26,139.02,0.247,Desktop,East,Returning
S0000628-C3383,3383,2024-09-21,122.07,0.291,Mobile,Central,New
S0000629-C2376,2376,2025-01-24,99.74,0.715,Desktop,Central,Returning
S0000629-C3203,3203,2024-12-18,103.01,0.512,Desktop,West,Returning
S0000630-C1143,1143,2025-06-15,58.24,0.833,Mobile,Central,Returning
S0000630-C432,432,2025-06-26,114.09,0.369,Desktop,South,New
S0000631-C1915,1915,2024-10-19,21.65,0.939,Mobile,North,Returning
S0000631-C4507,4507,2025-06-25,28.83,0.241,Mobile,West,Returning
S0000632-C3480,3480,2025-02-05,134.12,0.678,Mobile,South,New
S0000632-C4668,4668,2024-11-30,174.72,0.197,Desktop,East,Returning
S0000633-C2160,2160,2024-09-10,99.47,0.600,Mobile,International,Returning
S0000633-C4872,4872,2025-06-16,7.31,0.596,Tablet,Central,Returning
S0000634-C4303,4303,2025-02-11,18.25,0.817,Tablet,East,Returning
S0000634-C863,863,2025-06-17,86.95,0.592,Tablet,Central,Returning
S0000635-C1885,1885,2025-04-19,125.25,0.119,Mobile,South,Returning
S0000635-C3528,3528,2025-01-16,182.21,0.715,Tablet,West,New
S0000636-C2245,2245,2025-07-11,54.68,0.945,Desktop,Central,Returning
S0000636-C368,368,2025-04-10,132.72,0.219,Tablet,South,New
S0000637-C23,23,2025-01-18,199.99,0.223,Tablet,South,Returning
S0000637-C2851,2851,2024-11-07,57.42,0.084,Desktop,West,Returning
S0000638-C2005,2005,2025-05-29,0.96,0.320,Mobile,West,New
S0000638-C2049,2049,2025-03-29,164.92,0.852,Tablet,South,Returning
S0000639-C1642,1642,2025-08-13,36.13,0.773,Mobile,International,Returning
S0000639-C703,703,2025-05-13,1.73,0.217,Tablet,International,New
S0000640-C1187,1187,2024-10-03,152.03,0.156,Desktop,South,Returning
S0000640-C1696,1696,2025-01-24,182.76,0.779,Desktop,North,Returning
S0000641-C1919,1919,2024-09-08,132.18,0.426,Desktop,South,New
S0000641-C4858,4858,2024-10-16,76.88,0.359,Mobile,Central,New
S0000642-C1510,1510,2025-03-14,68.27,0.373,Tablet,Central,Returning
S0000642-C3342,3342,2024-11-27,141.77,0.334,Mobile,South,Returning
S0000643-C1183,1183,2025-03-09,122.45,0.651,Mobile,West,New
S0000643-C1435,1435,2024-10-06,115.11,0.244,Mobile,North,Returning
S0000644-C1690,1690,2025-07-31,68.16,0.492,Mobile,Central,New
S0000644-C4262,4262,2025-08-20,103.87,0.546,Desktop,East,New
S0000645-C1974,1974,2024-11-30,97.68,0.265,Tablet,International,Returning
S0000645-C3575,3575,2025-07-19,72.62,0.510,Mobile,Central,Returning
S0000646-C1937,1937,2025-01-03,10.47,0.350,Mobile,West,Returning
S0000646-C2030,2030,2025-04-15,120.76,0.884,Tablet,South,New
S0000647-C1933,1933,2025-05-02,84.90,0.205,Mobile,East,Returning
S0000647-C3651,3651,2025-05-31,199.43,0.296,Mobile,North,New
S0000648-C1934,1934,2024-09-13,117.96,0.139,Tablet,South,Returning
S0000648-C3181,3181,2024-12-15,113.02,0.717,Desktop,International,New
S0000649-C1228,1228,2024-11-17,24.77,0.323,Desktop,Central,Returning
S0000649-C1726,1726,2025-04-28,120.60,0.079,Mobile,West,Returning
S0000650-C1201,1201,2025-03-07,125.85,0.713,Tablet,Central,Returning
S0000650-C3091,3091,2025-05-20,94.99,0.570,Mobile,West,Returning
S0000651-C3825,3825,2025-04-28,68.55,0.708,Mobile,International,Returning
S0000651-C3975,3975,2024-12-02,54.49,0.201,Desktop,West,Returning
S0000652-C1751,1751,2025-05-29,32.07,0.118,Tablet,South,Returning
S0000652-C339,339,2025-04-01,160.52,0.779,Mobile,Central,Returning
S0000653-C1667,1667,2024-10-08,81.95,0.412,Tablet,Central,Returning
S0000653-C242,242,2025-01-31,135.89,0.682,Mobile,South,Returning
S0000654-C3862,3862,2025-07-14,51.84,0.905,Tablet,North,New
S0000654-C4776,4776,2025-07-14,142.58,0.246,Tablet,North,Returning
S0000655-C4054,4054,2025-02-12,46.31,0.554,Desktop,International,Returning
S0000655-C4247,4247,2025-04-14,56.05,0.324,Tablet,East,Returning
S0000656-C3205,3205,2024-09-20,146.52,0.833,Desktop,North,Returning
S0000656-C4352,4352,2024-12-05,0.46,0.809,Desktop,West,Returning
S0000657-C12,12,2025-07-05,140.56,0.129,Desktop,East,Returning
S0000657-C1538,1538,2025-01-13,30.62,0.878,Desktop,International,Returning
S0000658-C3716,3716,2024-11-20,116.26,0.608,Mobile,International,Returning
S0000658-C3742,3742,2024-11-15,128.73,0.847,Mobile,Central,Returning
S0000659-C3211,3211,2025-04-21,161.50,0.947,Mobile,Central,Returning
S0000659-C4750,4750,2025-07-13,148.87,0.379,Mobile,International,Returning
S0000660-C1177,1177,2025-03-07,128.71,0.777,Desktop,North,Returning
S0000660-C3286,3286,2025-08-22,16.25,0.387,Mobile,North,Returning
S0000661-C306,306,2025-01-08,191.31,0.859,Mobile,East,Returning
S0000661-C726,726,2024-11-03,122.06,0.612,Desktop,West,New
S0000662-C1725,1725,2024-12-21,71.92,0.735,Tablet,East,Returning
S0000662-C4975,4975,2025-06-09,14.47,0.705,Mobile,International,Returning
S0000663-C4790,4790,2024-11-22,181.45,0.291,Mobile,South,Returning
S0000663-C4967,4967,2025-07-12,126.11,0.758,Desktop,International,New
S0000664-C4633,4633,2025-04-16,4.58,0.080,Desktop,East,Returning
S0000664-C4728,4728,2025-08-06,85.30,0.927,Mobile,North,Returning
S0000665-C62,62,2025-06-27,154.36,0.386,Mobile,West,Returning
S0000665-C712,712,2025-04-24,54.11,0.351,Tablet,South,Returning
S0000666-C2839,2839,2025-06-25,29.09,0.246,Mobile,West,New
S0000666-C4549,4549,2024-10-23,93.72,0.792,Tablet,North,Returning
S0000667-C3637,3637,2025-04-03,160.16,0.783,Tablet,International,Returning
S0000667-C3750,3750,2025-04-05,140.01,0.347,Mobile,Central,New
S0000668-C3064,3064,2025-02-19,146.36,0.155,Mobile,West,Returning
S0000668-C4419,4419,2024-10-16,127.58,0.604,Desktop,International,Returning
S0000669-C1482,1482,2025-08-15,51.04,0.220,Desktop,East,New
S0000669-C429,429,2025-06-09,160.68,0.393,Mobile,South,New
S0000670-C3562,3562,2025-07-11,98.67,0.130,Tablet,West,Returning
S0000670-C4010,4010,2025-02-10,57.35,0.786,Desktop,Central,Returning
S0000671-C3339,3339,2024-11-26,146.10,0.421,Tablet,North,Returning
S0000671-C4361,4361,2024-08-31,60.45,0.554,Tablet,Central,Returning
S0000672-C1808,1808,2024-08-28,177.52,0.459,Mobile,Central,Returning
S0000672-C4409,4409,2024-12-25,136.76,0.430,Desktop,North,Returning
S0000673-C3037,3037,2025-06-01,69.79,0.088,Desktop,Central,Returning
S0000673-C310,310,2025-03-23,189.26,0.457,Mobile,Central,Returning
S0000674-C4025,4025,2025-07-23,9.33,0.911,Mobile,East,Returning
S0000674-C958,958,2025-02-27,176.80,0.900,Desktop,West,Returning
S0000675-C2771,2771,2025-03-02,152.40,0.370,Mobile,East,Returning
S0000675-C4744,4744,2025-04-19,183.97,0.536,Tablet,North,Returning
S0000676-C1359,1359,2024-10-06,124.26,0.450,Mobile,East,Returning
S0000676-C2575,2575,2024-09-18,26.84,0.827,Tablet,International,New
S0000677-C4338,4338,2025-01-27,56.38,0.661,Mobile,Central,Returning
S0000677-C4801,4801,2025-05-26,73.59,0.132,Mobile,East,Returning
S0000678-C1205,1205,2025-01-20,50.50,0.480,Mobile,Central,Returning
S0000678-C1386,1386,2025-04-17,191.26,0.688,Tablet,South,Returning
S0000679-C1522,1522,2025-03-14,67.96,0.363,Tablet,West,Returning
S0000679-C2187,2187,2025-03-08,5.30,0.706,Mobile,West,Returning
S0000680-C1190,1190,2025-03-09,121.82,0.637,Mobile,South,Returning
S0000680-C3769,3769,2025-07-02,97.28,0.935,Mobile,East,Returning
S0000681-C168,168,2024-09-03,157.49,0.054,Mobile,South,Returning
S0000681-C3033,3033,2025-08-05,92.67,0.182,Mobile,South,Returning
S0000682-C2448,2448,2025-08-15,136.24,0.334,Mobile,Central,New
S0000682-C739,739,2025-02-13,42.85,0.479,Tablet,South,New
S0000683-C4896,4896,2025-03-29,21.37,0.327,Desktop,South,New
S0000683-C541,541,2025-04-18,89.11,0.199,Mobile,International,Returning
S0000684-C2018,2018,2025-03-05,32.34,0.397,Mobile,North,Returning
S0000684-C4251,4251,2025-06-13,92.61,0.687,Desktop,West,Returning
S0000685-C1608,1608,2024-12-10,114.48,0.716,Tablet,Central,Returning
S0000685-C2735,2735,2024-09-27,182.35,0.794,Mobile,West,Returning
S0000686-C2210,2210,2025-08-23,142.59,0.537,Mobile,South,Returning
S0000686-C2514,2514,2024-09-07,62.95,0.662,Mobile,South,Returning
S0000687-C1421,1421,2025-05-24,85.76,0.388,Mobile,Central,Returning
S0000687-C2653,2653,2025-07-22,175.27,0.141,Tablet,North,Returning
S0000688-C1541,1541,2025-03-07,84.76,0.689,Desktop,South,Returning
S0000688-C2469,2469,2025-05-30,143.59,0.833,Desktop,East,Returning
S0000689-C1575,1575,2024-12-10,119.56,0.827,Mobile,North,Returning
S0000689-C3224,3224,2024-11-21,172.81,0.087,Mobile,International,Returning
S0000690-C3391,3391,2024-12-23,66.97,0.637,Desktop,East,Returning
S0000690-C3910,3910,2025-06-18,118.62,0.412,Desktop,International,New
S0000691-C2452,2452,2025-05-29,147.48,0.916,Mobile,North,Returning
S0000691-C2604,2604,2024-10-06,173.11,0.654,Tablet,Central,Returning
S0000692-C1400,1400,2025-05-27,80.07,0.282,Desktop,West,New
S0000692-C3633,3633,2024-11-07,161.62,0.633,Tablet,North,Returning
S0000693-C1633,1633,2025-03-18,42.90,0.730,Desktop,East,Returning
S0000693-C3784,3784,2025-07-26,29.84,0.495,Desktop,West,New
S0000694-C156,156,2025-06-15,176.33,0.791,Mobile,International,New
S0000694-C3740,3740,2025-04-25,86.10,0.183,Mobile,Central,Returning
S0000695-C1888,1888,2024-10-12,44.64,0.502,Tablet,Central,Returning
S0000695-C4476,4476,2025-02-25,158.99,0.488,Desktop,Central,Returning
S0000696-C1869,1869,2025-01-01,22.59,0.612,Tablet,North,Returning
S0000696-C4397,4397,2025-04-02,71.65,0.584,Tablet,Central,Returning
S0000697-C3255,3255,2025-08-13,42.40,0.915,Desktop,International,Returning
S0000697-C955,955,2025-04-15,48.86,0.168,Tablet,South,Returning
S0000698-C3824,3824,2024-10-30,161.19,0.563,Mobile,East,Returning
S0000698-C74,74,2025-08-01,58.21,0.279,Mobile,South,Returning
S0000699-C1656,1656,2024-10-17,56.69,0.816,Mobile,East,New
S0000699-C256,256,2025-03-28,182.88,0.348,Tablet,West,New
S0000700-C2088,2088,2025-01-27,126.34,0.435,Desktop,International,Returning
S0000700-C4885,4885,2025-03-11,74.09,0.474,Desktop,Central,Returning
S0000701-C1228,1228,2025-06-09,65.67,0.053,Desktop,North,Returning
S0000701-C4861,4861,2024-08-30,5.31,0.200,Tablet,South,New
S0000702-C2794,2794,2025-08-20,78.64,0.882,Mobile,East,Returning
S0000702-C3760,3760,2025-03-29,159.34,0.727,Mobile,West,Returning
S0000703-C2856,2856,2025-05-31,95.46,0.655,Tablet,West,Returning
S0000703-C4665,4665,2025-07-12,163.09,0.688,Desktop,East,Returning
S0000704-C2719,2719,2025-07-07,10.21,0.811,Desktop,International,Returning
S0000704-C4644,4644,2025-02-05,194.08,0.228,Desktop,Central,Returning
S0000705-C2248,2248,2025-05-24,186.36,0.852,Mobile,West,New
S0000705-C2294,2294,2024-09-04,99.16,0.550,Desktop,Central,New
S0000706-C3761,3761,2025-04-03,143.28,0.408,Tablet,North,Returning
S0000706-C42,42,2024-11-01,9.41,0.763,Tablet,Central,New
S0000707-C2917,2917,2025-03-08,117.19,0.526,Tablet,International,Returning
S0000707-C3614,3614,2024-09-12,117.43,0.124,Mobile,North,New
S0000708-C1824,1824,2025-01-21,175.49,0.594,Mobile,North,Returning
S0000708-C662,662,2025-07-28,197.70,0.690,Mobile,Central,Returning
S0000709-C694,694,2024-11-29,54.73,0.189,Tablet,South,Returning
S0000709-C711,711,2025-06-21,95.37,0.808,Tablet,East,Returning
S0000710-C1111,1111,2025-05-28,111.87,0.105,Mobile,International,Returning
S0000710-C3226,3226,2025-02-05,166.38,0.499,Desktop,West,Returning
S0000711-C3758,3758,2024-09-04,121.70,0.162,Tablet,West,Returning
S0000711-C700,700,2025-07-19,19.18,0.203,Mobile,South,Returning
S0000712-C2602,2602,2025-01-23,74.61,0.144,Mobile,Central,Returning
S0000712-C967,967,2025-02-21,192.23,0.303,Mobile,Central,Returning
S0000713-C2412,2412,2025-03-14,161.04,0.657,Tablet,Central,Returning
S0000713-C390,390,2025-02-02,112.30,0.167,Tablet,East,Returning
S0000714-C1147,1147,2025-06-09,75.45,0.272,Desktop,Central,Returning
S0000714-C2558,2558,2024-12-24,162.05,0.090,Tablet,Central,Returning
S0000715-C1241,1241,2025-08-22,60.19,0.480,Mobile,International,Returning
S0000715-C2802,2802,2025-08-02,128.69,0.070,Desktop,International,Returning
S0000716-C3087,3087,2025-02-15,153.97,0.299,Desktop,West,Returning
S0000716-C4259,4259,2025-06-04,115.72,0.241,Desktop,North,New
S0000717-C2599,2599,2025-04-24,26.80,0.639,Tablet,East,Returning
S0000717-C488,488,2025-03-22,169.10,0.900,Desktop,North,Returning
S0000718-C2143,2143,2025-06-16,135.38,0.776,Desktop,West,Returning
S0000718-C2242,2242,2025-04-06,118.53,0.771,Desktop,Central,Returning
S0000719-C3053,3053,2025-06-22,10.93,0.717,Mobile,East,Returning
S0000719-C428,428,2025-02-24,49.58,0.713,Tablet,East,Returning
S0000720-C3729,3729,2025-06-18,141.13,0.916,Tablet,West,Returning
S0000720-C3904,3904,2024-09-15,74.65,0.083,Desktop,South,Returning
S0000721-C3198,3198,2025-02-08,158.98,0.362,Mobile,Central,Returning
S0000721-C3955,3955,2025-05-12,14.86,0.503,Desktop,International,Returning
S0000722-C3076,3076,2025-04-06,18.45,0.319,Desktop,South,Returning
S0000722-C900,900,2025-02-12,24.01,0.054,Mobile,South,Returning
S0000723-C2588,2588,2025-07-02,39.88,0.541,Desktop,North,Returning
S0000723-C4660,4660,2024-11-22,198.07,0.662,Mobile,North,Returning
S0000724-C2501,2501,2025-04-16,61.03,0.448,Desktop,North,Returning
S0000724-C4802,4802,2025-08-15,51.94,0.243,Desktop,Central,New
S0000725-C192,192,2025-03-02,59.41,0.084,Desktop,East,New
S0000725-C2612,2612,2025-08-13,120.95,0.879,Tablet,South,Returning
S0000726-C1278,1278,2025-01-23,35.61,0.161,Desktop,North,Returning
S0000726-C4521,4521,2025-02-27,148.74,0.271,Tablet,South,Returning
S0000727-C1456,1456,2024-10-17,80.24,0.447,Desktop,Central,Returning
S0000727-C3676,3676,2024-11-23,113.57,0.568,Desktop,North,New
S0000728-C1910,1910,2025-03-18,9.25,0.874,Mobile,East,Returning
S0000728-C733,733,2025-04-01,114.01,0.630,Mobile,West,Returning
S0000729-C1999,1999,2025-07-05,100.20,0.126,Tablet,East,New
S0000729-C779,779,2024-09-12,58.85,0.603,Desktop,North,Returning
S0000730-C2153,2153,2025-05-05,50.14,0.345,Tablet,East,Returning
S0000730-C4851,4851,2024-10-26,48.20,0.693,Tablet,North,Returning
S0000731-C2443,2443,2025-01-30,74.69,0.198,Tablet,North,Returning
S0000731-C4042,4042,2025-07-10,41.30,0.638,Mobile,South,Returning
S0000732-C2519,2519,2025-07-18,3.58,0.745,Tablet,Central,New
S0000732-C3008,3008,2025-05-30,78.20,0.264,Desktop,East,Returning
S0000733-C3630,3630,2025-07-21,62.64,0.294,Mobile,South,New
S0000733-C4333,4333,2024-09-13,28.94,0.839,Tablet,North,Returning
S0000734-C2179,2179,2024-10-02,35.26,0.222,Mobile,West,Returning
S0000734-C4152,4152,2024-11-24,55.04,0.155,Tablet,East,Returning
S0000735-C1008,1008,2025-05-06,184.05,0.668,Tablet,South,Returning
S0000735-C176,176,2025-02-11,114.21,0.274,Mobile,International,New
S0000736-C1305,1305,2025-05-12,133.22,0.465,Desktop,North,Returning
S0000736-C2561,2561,2025-07-15,7.18,0.802,Desktop,International,New
S0000737-C3322,3322,2025-06-18,190.46,0.225,Desktop,International,Returning
S0000737-C3721,3721,2025-06-14,153.43,0.263,Tablet,Central,Returning
S0000738-C4684,4684,2025-05-14,122.35,0.235,Desktop,East,New
S0000738-C828,828,2024-09-18,37.05,0.155,Desktop,Central,Returning
S0000739-C3625,3625,2025-06-26,131.70,0.763,Tablet,West,Returning
S0000739-C489,489,2024-11-08,135.93,0.063,Desktop,North,Returning
S0000740-C1234,1234,2024-12-28,112.13,0.791,Mobile,Central,New
S0000740-C2383,2383,2024-10-04,5.25,0.462,Desktop,Central,Returning
S0000741-C3904,3904,2025-04-07,117.03,0.743,Desktop,North,Returning
S0000741-C4208,4208,2024-10-10,169.93,0.611,Mobile,International,New
S0000742-C4478,4478,2024-08-30,49.33,0.296,Mobile,South,Returning
S0000742-C4915,4915,2025-03-15,59.09,0.168,Tablet,East,Returning
S0000743-C1718,1718,2024-09-29,98.32,0.720,Desktop,North,Returning
S0000743-C2630,2630,2025-02-07,31.42,0.180,Desktop,Central,Returning
S0000744-C1787,1787,2024-12-17,74.48,0.766,Tablet,International,Returning
S0000744-C2086,2086,2025-06-05,173.97,0.659,Tablet,International,Returning
S0000745-C4030,4030,2025-03-18,156.26,0.578,Mobile,South,Returning
S0000745-C632,632,2024-12-06,42.38,0.865,Tablet,Central,Returning
S0000746-C2508,2508,2024-10-20,147.16,0.171,Mobile,International,Returning
S0000746-C3974,3974,2024-09-03,99.08,0.544,Desktop,West,Returning
S0000747-C1994,1994,2025-05-13,46.82,0.331,Tablet,East,Returning
S0000747-C2482,2482,2025-08-24,107.36,0.652,Tablet,West,New
S0000748-C2425,2425,2025-07-02,58.27,0.058,Desktop,Central,Returning
S0000748-C85,85,2025-03-22,17.44,0.188,Mobile,North,Returning
S0000749-C3190,3190,2025-05-01,135.11,0.432,Desktop,South,Returning
S0000749-C4234,4234,2024-11-03,101.61,0.150,Desktop,Central,New
S0000750-C3599,3599,2025-03-04,45.32,0.681,Tablet,North,Returning
S0000750-C4701,4701,2025-01-26,16.36,0.651,Desktop,East,New
S0000751-C1788,1788,2024-12-10,94.58,0.264,Tablet,North,Returning
S0000751-C4091,4091,2024-09-08,72.44,0.879,Mobile,Central,Returning
S0000752-C1681,1681,2025-01-02,43.25,0.182,Desktop,International,Returning
S0000752-C2577,2577,2024-11-17,60.86,0.240,Desktop,North,Returning
S0000753-C1230,1230,2025-04-30,175.40,0.425,Mobile,North,Returning
S0000753-C3612,3612,2025-01-10,190.99,0.861,Mobile,West,Returning
S0000754-C1706,1706,2024-12-16,87.48,0.150,Desktop,International,Returning
S0000754-C2899,2899,2025-08-14,84.49,0.064,Tablet,International,Returning
S0000755-C3253,3253,2025-05-13,94.84,0.514,Desktop,South,Returning
S0000755-C4188,4188,2025-03-01,184.64,0.189,Desktop,West,Returning
S0000756-C3666,3666,2025-01-14,171.38,0.456,Tablet,North,Returning
S0000756-C692,692,2025-03-28,128.11,0.923,Tablet,Central,Returning
S0000757-C4819,4819,2025-04-22,164.82,0.132,Tablet,West,Returning
S0000757-C962,962,2025-07-10,12.46,0.885,Mobile,East,New
S0000758-C2838,2838,2024-09-23,182.69,0.768,Desktop,International,Returning
S0000758-C3754,3754,2025-01-04,190.34,0.803,Desktop,North,Returning
S0000759-C4020,4020,2025-07-14,33.92,0.499,Tablet,East,Returning
S0000759-C4580,4580,2025-07-18,155.67,0.569,Mobile,International,Returning
S0000760-C4069,4069,2024-09-02,92.11,0.376,Mobile,North,Returning
S0000760-C4516,4516,2024-11-15,36.18,0.563,Desktop,International,Returning
S0000761-C3565,3565,2025-01-02,17.46,0.501,Desktop,Central,Returning
S0000761-C3571,3571,2024-10-23,12.10,0.753,Tablet,South,New
S0000762-C4838,4838,2025-04-09,0.11,0.825,Desktop,International,Returning
S0000762-C884,884,2025-05-14,178.50,0.598,Mobile,North,Returning
S0000763-C3137,3137,2025-04-20,173.68,0.313,Tablet,East,Returning
S0000763-C4431,4431,2025-06-03,96.37,0.703,Desktop,Central,New
S0000764-C1596,1596,2025-05-11,100.47,0.622,Tablet,East,Returning
S0000764-C4355,4355,2025-07-12,199.13,0.602,Desktop,West,Returning
S0000765-C4961,4961,2025-07-06,143.86,0.211,Tablet,North,Returning
S0000765-C89,89,2025-03-03,69.19,0.311,Mobile,South,Returning
S0000766-C1644,1644,2024-09-06,170.47,0.373,Desktop,North,Returning
S0000766-C657,657,2025-03-24,144.24,0.353,Mobile,West,Returning
S0000767-C1200,1200,2024-08-30,43.71,0.167,Tablet,West,Returning
S0000767-C3608,3608,2025-06-17,157.20,0.374,Mobile,North,Returning
S0000768-C3916,3916,2025-06-11,138.33,0.800,Desktop,International,Returning
S0000768-C610,610,2024-12-08,39.53,0.815,Mobile,Central,Returning
S0000769-C2351,2351,2025-07-09,48.62,0.791,Mobile,East,New
S0000769-C4257,4257,2025-01-16,96.26,0.577,Mobile,West,Returning
S0000770-C1118,1118,2025-01-18,66.02,0.815,Desktop,Central,Returning
S0000770-C2415,2415,2024-10-07,192.73,0.204,Tablet,South,Returning
S0000771-C1027,1027,2025-06-28,36.48,0.439,Mobile,Central,New
S0000771-C3036,3036,2025-07-13,156.03,0.536,Mobile,South,Returning
S0000772-C121,121,2024-10-04,78.52,0.305,Desktop,East,New
S0000772-C2596,2596,2025-06-27,52.11,0.781,Desktop,International,Returning
S0000773-C4625,4625,2024-11-28,187.39,0.462,Mobile,North,Returning
S0000773-C958,958,2024-11-05,88.60,0.774,Tablet,North,New
S0000774-C4087,4087,2025-02-26,5.29,0.631,Desktop,Central,Returning
S0000774-C587,587,2024-12-15,23.42,0.504,Desktop,East,New
S0000775-C1843,1843,2025-06-19,162.61,0.513,Desktop,North,New
S0000775-C3999,3999,2025-02-17,38.20,0.411,Mobile,International,Returning
S0000776-C2689,2689,2025-06-28,38.48,0.481,Tablet,West,Returning
S0000776-C3074,3074,2025-01-26,9.31,0.498,Mobile,South,Returning
S0000777-C2697,2697,2024-10-02,173.15,0.625,Mobile,North,Returning
S0000777-C4552,4552,2025-05-27,102.01,0.775,Mobile,North,Returning
S0000778-C2332,2332,2024-11-30,56.83,0.240,Desktop,East,Returning
S0000778-C329,329,2024-11-20,124.77,0.794,Desktop,Central,Returning
S0000779-C1374,1374,2025-02-13,164.52,0.522,Desktop,South,Returning
S0000779-C1825,1825,2024-12-10,89.03,0.142,Desktop,West,Returning
S0000780-C1141,1141,2025-03-22,92.72,0.076,Tablet,Central,New
S0000780-C4270,4270,2025-04-25,24.42,0.590,Mobile,East,Returning
S0000781-C3159,3159,2025-05-03,133.96,0.419,Desktop,International,Returning
S0000781-C4021,4021,2025-02-24,17.59,0.896,Mobile,East,Returning
S0000782-C1321,1321,2024-09-22,166.93,0.407,Mobile,South,Returning
S0000782-C4485,4485,2025-06-19,46.94,0.606,Mobile,North,Returning
S0000783-C22,22,2025-05-19,67.45,0.839,Mobile,South,Returning
S0000783-C2412,2412,2025-02-10,48.51,0.589,Desktop,West,Returning
S0000784-C1322,1322,2025-04-13,11.03,0.200,Tablet,International,Returning
S0000784-C4423,4423,2024-12-06,187.35,0.527,Tablet,West,Returning
S0000785-C2828,2828,2025-06-26,26.34,0.196,Mobile,West,Returning
S0000785-C3524,3524,2025-08-20,191.13,0.713,Tablet,International,Returning
S0000786-C2982,2982,2024-09-03,18.71,0.535,Mobile,East,Returning
S0000786-C3868,3868,2025-05-26,185.85,0.857,Tablet,Central,Returning
S0000787-C2720,2720,2024-11-07,72.18,0.418,Tablet,West,New
S0000787-C3904,3904,2025-03-22,159.89,0.691,Desktop,Central,Returning
S0000788-C1841,1841,2024-11-16,152.26,0.488,Desktop,South,New
S0000788-C2399,2399,2024-12-17,1.80,0.929,Tablet,East,New
S0000789-C1084,1084,2025-08-17,92.64,0.273,Tablet,West,New
S0000789-C3461,3461,2025-08-14,15.95,0.325,Desktop,West,Returning
S0000790-C2435,2435,2025-03-25,129.62,0.928,Tablet,Central,Returning
S0000790-C626,626,2025-03-27,139.80,0.276,Desktop,North,Returning
S0000791-C1334,1334,2025-04-29,164.28,0.171,Desktop,West,Returning
S0000791-C460,460,2024-10-04,35.60,0.246,Mobile,North,Returning
S0000792-C1550,1550,2024-11-25,162.80,0.791,Tablet,International,Returning
S0000792-C3501,3501,2024-09-12,132.25,0.455,Desktop,International,New
S0000793-C1828,1828,2024-12-26,44.49,0.159,Tablet,South,Returning
S0000793-C4584,4584,2024-08-29,41.47,0.106,Tablet,South,Returning
S0000794-C2098,2098,2025-04-11,122.03,0.887,Tablet,South,New
S0000794-C451,451,2025-08-22,156.75,0.848,Desktop,Central,Returning
S0000795-C1658,1658,2025-02-17,119.79,0.445,Mobile,Central,New
S0000795-C868,868,2025-03-24,118.42,0.674,Tablet,East,Returning
S0000796-C3410,3410,2025-07-04,135.93,0.917,Tablet,International,Returning
S0000796-C3627,3627,2025-06-17,155.70,0.338,Desktop,East,New
S0000797-C4672,4672,2024-12-26,104.75,0.610,Mobile,International,Returning
S0000797-C606,606,2024-11-24,80.63,0.730,Mobile,West,New
S0000798-C2219,2219,2025-03-21,165.48,0.808,Tablet,North,Returning
S0000798-C943,943,2025-04-06,75.00,0.690,Mobile,North,Returning
S0000799-C2863,2863,2024-12-08,171.58,0.180,Desktop,South,New
S0000799-C4072,4072,2024-11-20,74.25,0.561,Tablet,International,Returning
S0000800-C2221,2221,2024-10-04,24.60,0.898,Mobile,International,Returning
S0000800-C2867,2867,2025-01-31,22.03,0.818,Tablet,North,Returning
S0000801-C2059,2059,2024-11-01,166.74,0.704,Desktop,East,New
S0000801-C628,628,2025-01-26,104.47,0.835,Tablet,East,Returning
S0000802-C4087,4087,2024-09-28,18.94,0.721,Mobile,International,Returning
S0000802-C4502,4502,2025-04-30,181.74,0.570,Desktop,North,Returning
S0000803-C1396,1396,2024-12-17,120.72,0.908,Tablet,International,Returning
S0000803-C4478,4478,2024-11-14,40.74,0.666,Tablet,International,Returning
S0000804-C3934,3934,2025-05-20,194.53,0.107,Mobile,Central,Returning
S0000804-C4377,4377,2025-06-14,72.25,0.243,Tablet,South,Returning
S0000805-C3088,3088,2025-01-22,21.13,0.728,Mobile,International,Returning
S0000805-C4248,4248,2024-12-22,166.78,0.176,Desktop,West,Returning
S0000806-C3381,3381,2025-02-10,133.13,0.691,Mobile,Central,Returning
S0000806-C85,85,2025-05-10,83.67,0.239,Tablet,East,Returning
S0000807-C1910,1910,2024-10-12,39.87,0.401,Mobile,West,Returning
S0000807-C3734,3734,2024-12-29,8.81,0.275,Desktop,Central,Returning
S0000808-C2574,2574,2025-06-24,62.87,0.101,Mobile,West,Returning
S0000808-C2939,2939,2025-04-25,182.40,0.549,Desktop,West,Returning
S0000809-C2928,2928,2025-08-18,68.26,0.633,Desktop,North,New
S0000809-C4926,4926,2025-04-05,198.15,0.758,Tablet,East,Returning
S0000810-C3670,3670,2025-01-24,145.88,0.849,Desktop,West,Returning
S0000810-C793,793,2024-09-25,21.99,0.769,Mobile,International,Returning
S0000811-C1365,1365,2025-02-07,182.60,0.883,Tablet,Central,Returning
S0000811-C2163,2163,2025-03-25,161.30,0.743,Mobile,International,Returning
S0000812-C151,151,2025-03-25,2.32,0.767,Tablet,East,Returning
S0000812-C2864,2864,2024-12-14,153.49,0.721,Mobile,International,Returning
S0000813-C1636,1636,2025-08-16,28.50,0.624,Tablet,International,Returning
S0000813-C3128,3128,2025-05-05,133.15,0.413,Desktop,International,Returning
S0000814-C2224,2224,2025-02-14,61.38,0.905,Tablet,South,Returning
S0000814-C867,867,2024-11-17,66.82,0.372,Tablet,International,Returning
S0000815-C1128,1128,2025-06-01,99.03,0.745,Mobile,West,Returning
S0000815-C125,125,2025-06-20,166.86,0.613,Mobile,South,Returning
S0000816-C1246,1246,2025-08-13,83.79,0.946,Tablet,West,Returning
S0000816-C4181,4181,2025-08-05,155.43,0.693,Desktop,North,Returning
S0000817-C2853,2853,2025-06-07,75.83,0.267,Desktop,West,Returning
S0000817-C3411,3411,2024-12-14,86.72,0.122,Desktop,South,Returning
S0000818-C3630,3630,2024-10-13,30.97,0.207,Mobile,West,Returning
S0000818-C794,794,2024-10-24,140.86,0.062,Tablet,Central,Returning
S0000819-C1920,1920,2024-11-26,115.24,0.630,Mobile,West,New
S0000819-C3292,3292,2024-08-29,196.67,0.897,Tablet,International,Returning
S0000820-C1747,1747,2025-06-22,165.80,0.607,Mobile,South,New
S0000820-C4285,4285,2025-01-06,119.76,0.133,Mobile,North,Returning
S0000821-C355,355,2025-01-09,183.81,0.695,Tablet,International,Returning
S0000821-C4376,4376,2025-07-11,198.84,0.589,Desktop,South,Returning
S0000822-C3885,3885,2024-09-21,62.48,0.748,Tablet,East,New
S0000822-C98,98,2024-09-18,125.03,0.334,Tablet,West,Returning
S0000823-C1746,1746,2025-03-18,31.54,0.469,Tablet,International,Returning
S0000823-C4235,4235,2025-07-15,5.77,0.772,Tablet,South,Returning
S0000824-C230,230,2025-06-15,169.58,0.633,Tablet,West,Returning
S0000824-C2497,2497,2025-08-20,116.11,0.820,Mobile,North,Returning
S0000825-C2507,2507,2025-01-09,125.43,0.281,Mobile,South,New
S0000825-C2594,2594,2024-12-23,160.78,0.053,Mobile,North,Returning
S0000826-C1695,1695,2024-10-17,52.70,0.724,Tablet,West,Returning
S0000826-C2258,2258,2025-07-07,64.41,0.234,Desktop,West,New
S0000827-C1808,1808,2025-03-20,16.20,0.145,Desktop,North,Returning
S0000827-C3654,3654,2025-06-05,185.65,0.922,Desktop,East,Returning
S0000828-C4272,4272,2024-10-23,128.31,0.667,Mobile,East,Returning
S0000828-C929,929,2024-11-01,103.12,0.171,Desktop,South,Returning
S0000829-C185,185,2024-09-09,137.90,0.561,Tablet,North,Returning
S0000829-C2045,2045,2024-11-11,141.65,0.212,Tablet,East,Returning
S0000830-C2591,2591,2025-03-21,120.04,0.688,Tablet,West,Returning
S0000830-C4161,4161,2025-08-07,150.81,0.608,Tablet,South,New
S0000831-C3345,3345,2024-09-12,150.02,0.857,Desktop,East,Returning
S0000831-C3546,3546,2025-03-07,44.43,0.681,Tablet,North,Returning
S0000832-C1957,1957,2025-06-28,126.14,0.654,Mobile,South,New
S0000832-C4097,4097,2025-06-27,71.17,0.312,Mobile,North,New
S0000833-C2826,2826,2025-02-04,16.35,0.718,Mobile,North,New
S0000833-C3405,3405,2024-10-11,64.11,0.936,Tablet,International,Returning
S0000834-C2141,2141,2024-12-19,26.98,0.610,Tablet,Central,Returning
S0000835-C1378,1378,2025-01-21,26.74,0.853,Desktop,West,Returning
S0000836-C4348,4348,2025-02-25,176.41,0.875,Tablet,International,Returning
S0000837-C1511,1511,2025-08-01,85.48,0.893,Mobile,South,Returning
S0000838-C1684,1684,2025-04-29,122.39,0.128,Mobile,Central,Returning
S0000839-C4906,4906,2025-03-28,24.92,0.394,Mobile,West,New
S0000840-C3820,3820,2025-01-21,135.96,0.605,Desktop,East,Returning
S0000841-C1570,1570,2025-02-13,143.03,0.933,Tablet,International,New
S0000842-C3287,3287,2025-07-09,135.47,0.947,Tablet,Central,New
S0000843-C3777,3777,2024-12-03,74.99,0.671,Desktop,West,Returning
S0000844-C1999,1999,2025-02-05,113.61,0.212,Desktop,East,Returning
S0000845-C3439,3439,2025-01-04,26.63,0.723,Mobile,East,Returning
S0000846-C4426,4426,2024-12-21,146.90,0.625,Tablet,North,Returning
S0000847-C4787,4787,2025-07-03,170.85,0.802,Mobile,West,Returning
S0000848-C1154,1154,2025-06-15,58.47,0.834,Mobile,Central,Returning
S0000849-C4568,4568,2025-06-06,73.59,0.207,Tablet,South,Returning
S0000850-C3038,3038,2025-07-25,122.88,0.779,Desktop,West,Returning
S0000851-C878,878,2024-12-18,180.71,0.464,Mobile,West,New
S0000852-C2454,2454,2025-04-19,58.00,0.403,Desktop,South,New
S0000853-C4567,4567,2025-07-19,154.60,0.551,Mobile,West,Returning
S0000854-C2949,2949,2025-06-13,46.72,0.560,Desktop,International,Returning
S0000855-C448,448,2025-05-19,16.85,0.599,Tablet,North,Returning
S0000856-C1649,1649,2025-01-25,185.77,0.854,Tablet,Central,Returning
S0000857-C3668,3668,2024-09-23,81.95,0.305,Desktop,North,Returning
S0000858-C4526,4526,2025-08-09,102.25,0.428,Mobile,West,New
S0000859-C864,864,2025-04-30,18.31,0.493,Desktop,East,Returning
S0000860-C553,553,2025-03-04,11.09,0.811,Desktop,Central,Returning
S0000861-C4056,4056,2025-06-12,116.19,0.317,Tablet,Central,Returning
S0000862-C3177,3177,2024-11-26,164.64,0.841,Tablet,International,New
S0000863-C3370,3370,2025-08-24,0.89,0.056,Desktop,North,Returning
S0000864-C1758,1758,2024-11-02,2.13,0.603,Desktop,East,Returning
S0000865-C902,902,2024-09-10,49.54,0.379,Desktop,South,Returning
S0000866-C4284,4284,2025-06-18,73.48,0.297,Desktop,West,Returning
S0000867-C2763,2763,2025-05-15,149.60,0.857,Desktop,West,Returning
S0000868-C3306,3306,2024-11-11,189.90,0.399,Desktop,South,New
S0000869-C307,307,2024-11-27,107.03,0.450,Mobile,Central,Returning
S0000870-C824,824,2025-06-20,83.95,0.545,Mobile,Central,Returning
S0000871-C2651,2651,2024-10-14,147.09,0.124,Desktop,Central,Returning
S0000872-C4439,4439,2024-12-06,187.50,0.525,Tablet,West,Returning
S0000873-C2320,2320,2024-12-22,195.98,0.839,Mobile,West,Returning
S0000874-C787,787,2025-08-09,151.66,0.638,Tablet,International,New
S0000875-C236,236,2025-06-08,185.91,0.055,Desktop,South,New
S0000876-C1228,1228,2024-11-18,21.01,0.248,Tablet,South,Returning
S0000877-C911,911,2024-09-27,2.78,0.350,Mobile,North,Returning
S0000878-C1956,1956,2024-12-15,59.27,0.410,Desktop,East,Returning
S0000879-C1082,1082,2024-12-11,176.10,0.306,Tablet,North,Returning
S0000880-C2691,2691,2024-10-15,140.14,0.873,Mobile,West,Returning
S0000881-C1832,1832,2024-09-26,93.05,0.579,Mobile,International,New
S0000882-C4088,4088,2024-12-20,190.68,0.701,Tablet,West,Returning
S0000883-C1234,1234,2024-11-17,23.70,0.299,Desktop,South,Returning
S0000884-C3011,3011,2025-03-06,110.30,0.359,Desktop,South,New
S0000885-C332,332,2024-11-05,163.97,0.669,Tablet,International,Returning
S0000886-C3440,3440,2024-12-05,109.99,0.573,Desktop,West,Returning
S0000887-C235,235,2025-03-21,4.26,0.778,Tablet,East,Returning
S0000888-C4666,4666,2025-06-02,72.37,0.151,Mobile,North,Returning
S0000889-C4724,4724,2025-05-21,98.76,0.655,Tablet,East,Returning
S0000890-C1339,1339,2025-03-02,124.17,0.635,Mobile,International,Returning
S0000891-C3896,3896,2024-12-26,196.21,0.873,Mobile,East,New
S0000892-C1513,1513,2025-06-07,36.40,0.281,Tablet,International,Returning
S0000893-C4615,4615,2025-01-08,74.72,0.934,Tablet,North,Returning
S0000894-C2198,2198,2025-07-17,43.46,0.738,Desktop,West,Returning
S0000895-C4520,4520,2025-02-04,12.51,0.634,Desktop,South,Returning
S0000896-C1831,1831,2025-03-24,3.35,0.783,Desktop,Central,Returning
S0000897-C2654,2654,2024-12-07,197.91,0.769,Desktop,Central,Returning
S0000898-C3142,3142,2025-03-12,78.96,0.595,Tablet,East,Returning
S0000899-C1648,1648,2025-07-15,114.82,0.530,Tablet,North,Returning
S0000900-C1639,1639,2025-03-18,44.32,0.757,Desktop,International,Returning
S0000901-C4594,4594,2024-11-29,187.38,0.472,Mobile,South,Returning
S0000902-C3523,3523,2025-03-20,10.87,0.924,Tablet,West,Returning
S0000903-C3185,3185,2025-06-06,37.53,0.301,Tablet,South,New
S0000904-C3556,3556,2025-07-06,112.28,0.401,Desktop,North,New
S0000905-C3151,3151,2025-07-29,96.47,0.219,Mobile,International,New
S0000906-C2712,2712,2025-02-05,27.71,0.080,Tablet,West,New
S0000907-C1068,1068,2024-09-11,25.51,0.749,Mobile,South,Returning
S0000908-C2333,2333,2025-07-11,45.26,0.730,Desktop,South,Returning
S0000909-C3353,3353,2024-12-03,123.97,0.878,Tablet,International,Returning
S0000910-C4060,4060,2025-03-11,170.75,0.856,Tablet,International,Returning
S0000911-C4016,4016,2024-09-18,54.66,0.551,Tablet,North,Returning
S0000912-C4494,4494,2024-10-09,139.41,0.814,Desktop,South,Returning
S0000913-C3435,3435,2025-03-28,199.76,0.733,Tablet,Central,New
S0000914-C2678,2678,2025-05-12,168.92,0.367,Desktop,North,Returning
S0000915-C2200,2200,2024-09-01,119.19,0.077,Mobile,Central,Returning
S0000916-C2559,2559,2024-09-14,38.50,0.163,Desktop,International,Returning
S0000917-C3313,3313,2025-02-15,126.47,0.581,Desktop,East,Returning
S0000918-C47,47,2025-06-29,152.67,0.358,Mobile,North,New
S0000919-C1690,1690,2025-04-19,149.51,0.663,Desktop,Central,Returning
S0000920-C2783,2783,2024-12-29,123.02,0.144,Tablet,North,Returning
S0000921-C3079,3079,2024-09-09,191.61,0.867,Mobile,West,Returning
S0000922-C176,176,2025-05-10,72.56,0.890,Mobile,North,Returning
S0000923-C978,978,2024-09-28,192.10,0.117,Mobile,South,Returning
S0000924-C3191,3191,2025-06-14,16.46,0.782,Tablet,Central,Returning
S0000925-C1826,1826,2025-06-12,185.56,0.073,Mobile,West,New
S0000926-C4115,4115,2024-12-21,185.28,0.586,Desktop,South,Returning
S0000927-C1764,1764,2025-01-18,189.22,0.885,Tablet,South,Returning
S0000928-C4143,4143,2025-08-08,152.13,0.640,Tablet,North,New
S0000929-C2015,2015,2024-11-27,102.36,0.344,Desktop,West,Returning
S0000930-C3592,3592,2024-10-21,14.73,0.798,Tablet,South,New
S0000931-C4450,4450,2025-06-15,62.50,0.926,Tablet,Central,Returning
S0000932-C4777,4777,2025-05-06,131.05,0.377,Tablet,South,Returning
S0000933-C4794,4794,2024-09-27,136.88,0.667,Mobile,Central,Returning
S0000934-C2106,2106,2025-06-22,123.14,0.546,Tablet,International,Returning
S0000935-C4289,4289,2025-06-20,66.32,0.154,Mobile,West,New
S0000936-C2943,2943,2024-11-13,29.44,0.400,Mobile,East,New
S0000937-C4776,4776,2025-06-17,18.14,0.842,Desktop,International,Returning
S0000938-C13,13,2025-06-07,16.96,0.742,Mobile,West,Returning
S0000939-C908,908,2024-12-30,143.65,0.620,Desktop,North,Returning
S0000940-C2037,2037,2024-12-14,53.39,0.267,Mobile,South,Returning
S0000941-C3270,3270,2025-04-29,133.18,0.367,Tablet,Central,Returning
S0000942-C2453,2453,2024-11-18,74.59,0.552,Tablet,Central,Returning
S0000943-C4823,4823,2025-01-14,34.57,0.072,Mobile,International,Returning
S0000944-C3701,3701,2024-09-11,110.95,0.868,Tablet,Central,Returning
S0000945-C2726,2726,2025-01-21,66.31,0.840,Mobile,South,Returning
S0000946-C2135,2135,2024-12-21,22.90,0.532,Mobile,North,Returning
S0000947-C1785,1785,2024-10-16,44.97,0.542,Desktop,West,New
S0000948-C2810,2810,2025-02-28,152.92,0.367,Mobile,South,New
S0000949-C1702,1702,2025-01-28,170.73,0.539,Desktop,North,Returning
S0000950-C63,63,2025-06-21,172.61,0.747,Desktop,North,Returning
S0000951-C4568,4568,2025-01-04,92.93,0.410,Mobile,Central,Returning
S0000952-C836,836,2024-10-22,141.24,0.056,Tablet,West,New
S0000953-C2145,2145,2025-07-22,36.01,0.608,Mobile,International,New
S0000954-C2059,2059,2024-09-29,59.68,0.745,Tablet,West,Returning
S0000955-C3458,3458,2025-02-13,114.31,0.293,Mobile,East,Returning
S0000956-C3101,3101,2025-05-23,87.97,0.427,Tablet,West,Returning
S0000957-C751,751,2025-04-27,40.36,0.066,Mobile,East,Returning
S0000958-C4122,4122,2024-09-07,70.74,0.835,Desktop,International,Returning
S0000959-C295,295,2024-12-29,21.56,0.562,Mobile,International,Returning
S0000960-C3666,3666,2025-08-15,189.87,0.642,Mobile,South,Returning
S0000961-C1541,1541,2025-06-30,170.22,0.761,Mobile,West,Returning
S0000962-C3698,3698,2024-09-20,87.22,0.399,Mobile,International,New
S0000963-C1497,1497,2025-04-24,157.55,0.884,Desktop,West,New
S0000964-C3544,3544,2025-05-19,45.91,0.351,Tablet,International,Returning
S0000965-C1826,1826,2024-09-09,141.02,0.631,Desktop,West,Returning
S0000966-C81,81,2024-11-24,141.23,0.300,Desktop,West,Returning
S0000967-C2062,2062,2024-12-22,27.24,0.642,Tablet,East,Returning
S0000968-C276,276,2024-10-06,53.90,0.668,Mobile,North,Returning
S0000969-C501,501,2025-07-13,58.85,0.153,Tablet,North,Returning
S0000970-C4918,4918,2025-02-11,146.57,0.099,Desktop,South,Returning
S0000971-C1690,1690,2025-04-29,121.66,0.111,Mobile,East,Returning
S0000972-C2570,2570,2025-01-24,77.88,0.219,Tablet,South,New
S0000973-C4989,4989,2025-03-14,52.19,0.907,Tablet,North,Returning
S0000974-C610,610,2024-10-12,197.25,0.338,Mobile,South,Returning
S0000975-C4594,4594,2025-01-23,36.27,0.180,Desktop,East,Returning
S0000976-C1401,1401,2025-06-06,51.94,0.625,Mobile,North,Returning
S0000977-C543,543,2025-08-23,141.96,0.525,Mobile,International,Returning
S0000978-C2830,2830,2024-09-11,15.50,0.520,Mobile,South,Returning
S0000979-C2592,2592,2025-07-23,180.24,0.259,Mobile,West,Returning
S0000980-C1052,1052,2025-05-25,128.31,0.450,Desktop,North,Returning
S0000981-C4316,4316,2024-12-03,8.68,0.084,Desktop,South,Returning
S0000982-C4689,4689,2025-01-13,53.21,0.484,Mobile,West,Returning
S0000983-C2992,2992,2025-07-20,141.98,0.272,Desktop,Central,Returning
S0000984-C2743,2743,2025-08-20,84.93,0.123,Desktop,East,Returning
S0000985-C1260,1260,2025-07-01,1.15,0.564,Tablet,East,Returning
S0000986-C792,792,2025-08-20,120.24,0.914,Tablet,North,Returning
S0000987-C2284,2284,2025-01-15,136.16,0.566,Tablet,East,Returning
S0000988-C2981,2981,2025-05-12,130.48,0.408,Desktop,International,Returning
S0000989-C3121,3121,2025-08-18,47.33,0.156,Tablet,North,Returning
S0000990-C3810,3810,2025-07-29,17.58,0.244,Tablet,East,Returning
S0000991-C4782,4782,2024-10-16,86.07,0.565,Mobile,North,Returning
S0000992-C2117,2117,2025-06-07,164.65,0.464,Tablet,Central,Returning
S0000993-C3224,3224,2025-08-12,48.97,0.155,Tablet,International,Returning
S0000994-C4929,4929,2025-07-11,132.02,0.887,Tablet,West,Returning
S0000995-C1228,1228,2024-10-10,126.97,0.546,Tablet,West,Returning
S0000996-C3427,3427,2024-09-27,100.64,0.752,Mobile,West,Returning
S0000997-C3927,3927,2025-07-07,65.05,0.246,Desktop,International,Returning
S0000998-C1791,1791,2025-07-07,120.21,0.590,Desktop,South,Returning
S0000999-C483,483,2025-02-26,35.53,0.417,Mobile,South,New
S0001000-C1126,1126,2025-08-14,96.78,0.342,Desktop,International,Returning
S0001001-C3054,3054,2025-02-16,154.82,0.326,Desktop,North,New
S0001002-C4583,4583,2025-04-09,29.19,0.583,Mobile,International,Returning
S0001003-C3286,3286,2025-04-10,182.46,0.438,Mobile,Central,Returning
S0001004-C1921,1921,2025-01-03,13.02,0.406,Tablet,Central,Returning
S0001005-C358,358,2025-01-10,180.45,0.627,Mobile,West,Returning
S0001006-C810,810,2024-12-22,179.20,0.456,Mobile,East,Returning
S0001007-C703,703,2025-02-07,62.00,0.870,Mobile,East,New
S0001008-C1614,1614,2025-05-05,113.70,0.878,Tablet,Central,Returning
S0001009-C2229,2229,2025-03-11,192.82,0.446,Desktop,South,New
S0001010-C678,678,2025-06-10,127.28,0.550,Tablet,Central,Returning
S0001011-C289,289,2024-11-01,181.67,0.134,Tablet,East,Returning
S0001012-C752,752,2025-07-18,14.56,0.095,Desktop,North,Returning
S0001013-C2975,2975,2025-06-09,56.41,0.743,Desktop,Central,Returning
S0001014-C3138,3138,2025-03-05,100.04,0.114,Tablet,North,Returning
S0001015-C3039,3039,2024-11-23,190.86,0.504,Mobile,Central,Returning
S0001016-C2851,2851,2024-10-09,134.64,0.712,Mobile,North,Returning
S0001017-C398,398,2024-08-30,140.76,0.548,Mobile,West,New
S0001018-C4543,4543,2025-07-31,125.36,0.881,Tablet,International,Returning
S0001019-C3909,3909,2025-08-18,151.36,0.701,Mobile,West,Returning
S0001020-C93,93,2024-10-07,72.87,0.203,Tablet,South,New
S0001021-C3272,3272,2024-08-30,195.22,0.875,Mobile,West,Returning
S0001022-C4450,4450,2025-04-18,20.48,0.454,Tablet,East,Returning
S0001023-C1987,1987,2025-04-24,99.82,0.483,Tablet,North,Returning
S0001024-C2222,2222,2024-08-30,120.40,0.094,Mobile,North,Returning
S0001025-C2641,2641,2024-10-26,114.68,0.385,Desktop,West,Returning
S0001026-C4558,4558,2024-09-15,196.57,0.125,Mobile,North,New
S0001027-C894,894,2025-01-17,95.85,0.578,Mobile,Central,New
S0001028-C2786,2786,2025-04-23,5.52,0.157,Mobile,South,Returning
S0001029-C3383,3383,2025-08-18,15.71,0.345,Mobile,North,Returning
S0001030-C3962,3962,2025-08-20,140.33,0.465,Desktop,West,Returning
S0001031-C2870,2870,2025-03-27,70.56,0.517,Mobile,North,New
S0001032-C3983,3983,2024-10-12,193.02,0.241,Desktop,South,Returning
S0001033-C4676,4676,2025-07-02,188.56,0.289,Mobile,Central,Returning
S0001034-C3883,3883,2024-09-06,103.88,0.669,Tablet,East,New
S0001035-C863,863,2024-11-22,53.12,0.102,Mobile,South,Returning
S0001036-C354,354,2025-04-09,138.45,0.337,Mobile,West,Returning
S0001037-C304,304,2025-02-11,100.32,0.858,Tablet,South,New
S0001038-C1398,1398,2024-10-31,49.22,0.752,Desktop,East,Returning
S0001039-C3709,3709,2025-06-01,188.64,0.064,Desktop,South,New
S0001040-C1841,1841,2025-05-13,66.73,0.775,Desktop,Central,Returning
S0001041-C1920,1920,2025-04-02,167.12,0.937,Mobile,North,Returning
S0001042-C4937,4937,2025-03-06,80.73,0.589,Tablet,North,Returning
S0001043-C4811,4811,2025-08-22,33.21,0.769,Mobile,North,Returning
S0001044-C2011,2011,2025-06-07,177.09,0.745,Desktop,Central,Returning
S0001045-C2555,2555,2024-11-16,66.46,0.358,Tablet,West,Returning
S0001046-C1559,1559,2024-11-11,0.24,0.630,Desktop,North,New
S0001047-C341,341,2025-08-15,187.16,0.585,Desktop,North,Returning
S0001048-C3213,3213,2024-09-19,147.24,0.845,Desktop,East,Returning
S0001049-C1179,1179,2025-04-17,15.24,0.330,Desktop,Central,Returning
S0001050-C2500,2500,2024-09-17,39.62,0.205,Desktop,Central,Returning
S0001051-C4310,4310,2025-02-12,15.39,0.758,Tablet,North,Returning
S0001052-C95,95,2024-08-29,177.77,0.479,Tablet,North,Returning
S0001053-C3805,3805,2024-10-16,1.92,0.476,Mobile,South,Returning
S0001054-C3165,3165,2025-04-30,141.72,0.571,Tablet,North,Returning
S0001055-C3705,3705,2025-07-29,30.43,0.532,Desktop,West,Returning
S0001056-C4375,4375,2024-12-02,5.95,0.910,Tablet,West,Returning
S0001057-C2480,2480,2024-09-20,32.62,0.073,Mobile,North,Returning
S0001058-C4168,4168,2025-05-18,172.27,0.491,Tablet,International,Returning
S0001059-C3886,3886,2024-10-06,19.59,0.799,Tablet,International,Returning
S0001060-C2465,2465,2024-12-30,158.55,0.051,Mobile,North,Returning
S0001061-C2337,2337,2025-08-18,141.40,0.473,Desktop,Central,Returning
S0001062-C2770,2770,2024-09-19,199.49,0.223,Tablet,South,Returning
S0001063-C648,648,2025-02-21,31.85,0.291,Tablet,West,Returning
S0001064-C637,637,2024-10-17,180.43,0.896,Tablet,North,Returning
S0001065-C2049,2049,2024-12-02,84.96,0.889,Mobile,North,Returning
S0001066-C4989,4989,2025-02-01,165.14,0.444,Tablet,South,New
S0001067-C2975,2975,2024-11-11,31.49,0.430,Mobile,International,Returning
S0001068-C3142,3142,2025-07-15,136.59,0.117,Desktop,East,Returning
S0001069-C3601,3601,2024-12-25,36.32,0.863,Tablet,North,Returning
S0001070-C2558,2558,2025-06-13,94.06,0.724,Desktop,East,New
S0001071-C566,566,2025-04-18,85.93,0.128,Desktop,East,Returning
S0001072-C685,685,2024-09-10,75.11,0.055,Tablet,East,Returning
S0001073-C2098,2098,2024-11-25,96.71,0.205,Mobile,West,Returning
S0001074-C3578,3578,2025-06-23,145.98,0.161,Mobile,Central,Returning
S0001075-C2835,2835,2025-07-19,163.14,0.742,Mobile,Central,Returning
S0001076-C12,12,2025-04-07,184.70,0.463,Mobile,South,Returning
S0001077-C3112,3112,2025-07-24,114.49,0.589,Desktop,West,New
S0001078-C3112,3112,2024-10-03,121.98,0.377,Tablet,International,Returning
S0001079-C4131,4131,2025-05-04,14.30,0.435,Tablet,South,Returning
S0001080-C2394,2394,2024-12-10,20.03,0.391,Mobile,Central,Returning
S0001081-C2003,2003,2024-10-14,24.29,0.062,Tablet,East,Returning
S0001082-C4403,4403,2025-01-11,93.01,0.465,Tablet,South,New
S0001083-C676,676,2025-05-14,2.36,0.238,Desktop,East,New
S0001084-C4613,4613,2025-02-17,166.67,0.596,Mobile,International,Returning
S0001085-C2269,2269,2025-02-28,17.14,0.914,Mobile,International,Returning
S0001086-C1573,1573,2024-10-11,83.60,0.476,Desktop,North,Returning
S0001087-C1623,1623,2025-01-25,188.48,0.916,Tablet,North,Returning
S0001088-C221,221,2025-02-14,100.97,0.898,Desktop,North,New
S0001089-C1529,1529,2025-07-27,98.11,0.237,Mobile,South,Returning
S0001090-C1507,1507,2025-04-27,149.62,0.724,Mobile,South,Returning
S0001091-C1133,1133,2024-12-04,189.58,0.557,Tablet,South,Returning
S0001092-C892,892,2025-07-28,170.16,0.070,Mobile,Central,Returning
S0001093-C3753,3753,2024-11-14,129.95,0.867,Mobile,South,Returning
S0001094-C1091,1091,2024-09-15,12.68,0.488,Desktop,Central,New
S0001095-C4589,4589,2025-03-02,132.56,0.828,Mobile,North,Returning
S0001096-C3514,3514,2025-04-19,129.60,0.218,Tablet,East,Returning
S0001097-C2945,2945,2025-07-19,149.40,0.434,Tablet,South,Returning
S0001098-C3070,3070,2025-04-11,5.53,0.065,Desktop,International,Returning
S0001099-C4635,4635,2025-04-14,9.33,0.173,Mobile,South,Returning
S0001100-C3701,3701,2024-10-04,46.49,0.492,Tablet,South,Returning
S0001101-C2002,2002,2025-06-10,170.52,0.618,Mobile,North,Returning
S0001102-C4884,4884,2024-09-16,154.72,0.091,Tablet,East,Returning
S0001103-C1380,1380,2025-03-01,120.33,0.545,Tablet,North,Returning
S0001104-C3321,3321,2025-01-30,170.31,0.546,Desktop,East,New
S0001105-C4134,4134,2025-01-21,97.91,0.650,Tablet,South,Returning
S0001106-C4802,4802,2024-10-15,84.53,0.528,Mobile,East,Returning
S0001107-C4136,4136,2025-03-28,117.05,0.668,Tablet,South,Returning
S0001108-C4414,4414,2024-12-10,179.97,0.384,Desktop,West,Returning
S0001109-C551,551,2025-07-18,39.08,0.646,Tablet,West,Returning
S0001110-C4880,4880,2024-09-08,178.26,0.559,Desktop,North,Returning
S0001111-C453,453,2024-10-06,32.82,0.193,Desktop,North,Returning
S0001112-C1318,1318,2025-02-26,135.21,0.860,Mobile,Central,Returning
S0001113-C2938,2938,2025-06-20,30.52,0.242,Mobile,East,Returning
S0001114-C4605,4605,2024-09-28,156.22,0.211,Mobile,South,Returning
S0001115-C3408,3408,2024-08-29,182.87,0.587,Desktop,East,Returning
S0001116-C1910,1910,2024-09-14,117.27,0.133,Tablet,South,New
S0001117-C3275,3275,2025-08-05,63.92,0.435,Desktop,West,Returning
S0001118-C3442,3442,2024-09-18,123.01,0.290,Mobile,West,Returning
S0001119-C4999,4999,2025-01-10,23.67,0.699,Desktop,North,Returning
S0001120-C1386,1386,2025-05-26,85.63,0.396,Mobile,North,Returning
S0001121-C2199,2199,2025-05-27,185.41,0.849,Mobile,West,New
S0001122-C3634,3634,2025-05-12,51.98,0.442,Mobile,Central,Returning
S0001123-C4921,4921,2025-05-05,116.97,0.052,Desktop,South,Returning
S0001124-C1004,1004,2025-06-18,68.37,0.178,Tablet,North,Returning
S0001125-C4782,4782,2024-11-12,10.94,0.877,Mobile,East,Returning
S0001126-C2226,2226,2025-08-16,159.69,0.871,Desktop,North,Returning
S0001127-C2672,2672,2024-11-12,65.33,0.298,Mobile,North,Returning
S0001128-C2835,2835,2025-08-23,65.54,0.609,Desktop,Central,Returning
S0001129-C4093,4093,2024-10-24,145.17,0.158,Mobile,Central,Returning
S0001130-C1593,1593,2025-08-12,46.19,0.088,Mobile,East,Returning
S0001131-C3376,3376,2024-09-27,106.71,0.889,Desktop,West,Returning
S0001132-C1768,1768,2025-01-07,20.00,0.593,Tablet,Central,Returning
S0001133-C1887,1887,2024-12-29,30.43,0.761,Mobile,North,New
S0001134-C4619,4619,2025-03-07,116.88,0.508,Tablet,East,Returning
S0001135-C2589,2589,2025-05-04,0.15,0.114,Mobile,West,Returning
S0001136-C253,253,2025-08-22,178.91,0.451,Mobile,East,Returning
S0001137-C543,543,2024-11-05,138.22,0.091,Desktop,West,Returning
S0001138-C3370,3370,2025-06-06,15.98,0.715,Mobile,North,Returning
S0001139-C1619,1619,2024-09-19,138.32,0.644,Desktop,North,New
S0001140-C4622,4622,2025-04-03,40.48,0.794,Mobile,North,Returning
S0001141-C2828,2828,2025-06-12,63.62,0.934,Tablet,Central,Returning
S0001142-C4425,4425,2025-01-17,73.40,0.070,Desktop,International,Returning
S0001143-C1763,1763,2025-06-16,181.98,0.922,Desktop,Central,New
S0001144-C358,358,2025-05-07,59.47,0.572,Desktop,South,Returning
S0001145-C1850,1850,2025-02-25,76.44,0.424,Tablet,East,Returning
S0001146-C741,741,2024-09-30,15.14,0.650,Desktop,West,Returning
S0001147-C195,195,2025-06-06,197.12,0.290,Mobile,North,Returning
S0001148-C619,619,2024-11-06,126.08,0.726,Tablet,North,Returning
S0001149-C2571,2571,2025-04-23,32.97,0.770,Mobile,North,New
S0001150-C1031,1031,2024-12-21,155.33,0.812,Tablet,International,New
S0001151-C3836,3836,2025-03-20,173.67,0.086,Mobile,International,Returning
S0001152-C3999,3999,2025-01-23,107.85,0.890,Desktop,East,New
S0001153-C141,141,2024-09-22,108.39,0.891,Desktop,East,Returning
S0001154-C2714,2714,2024-10-25,109.01,0.249,Mobile,Central,New
S0001155-C1264,1264,2025-08-05,105.48,0.469,Tablet,East,Returning
S0001156-C771,771,2025-03-04,184.55,0.214,Desktop,South,Returning
S0001157-C3751,3751,2025-04-09,128.59,0.121,Mobile,North,New
S0001158-C116,116,2024-09-17,123.28,0.294,Mobile,Central,New
S0001159-C314,314,2025-06-15,159.52,0.407,Mobile,Central,New
S0001160-C4260,4260,2025-06-20,70.92,0.254,Desktop,Central,New
S0001161-C3608,3608,2025-06-26,132.48,0.784,Desktop,North,Returning
S0001162-C4559,4559,2025-06-18,40.59,0.457,Mobile,International,Returning
S0001163-C4608,4608,2025-08-09,92.29,0.205,Mobile,International,Returning
S0001164-C3664,3664,2025-07-27,41.74,0.770,Mobile,East,New
S0001165-C2872,2872,2025-05-09,151.59,0.861,Desktop,East,Returning
S0001166-C2613,2613,2024-10-08,167.96,0.549,Desktop,West,Returning
S0001167-C2136,2136,2025-04-02,141.53,0.360,Mobile,International,New
S0001168-C1612,1612,2025-03-06,79.40,0.560,Mobile,West,Returning
S0001169-C2809,2809,2024-09-11,19.01,0.597,Tablet,International,Returning
S0001170-C1447,1447,2025-06-17,17.63,0.830,Desktop,Central,Returning
S0001171-C2207,2207,2025-01-21,127.73,0.424,Desktop,West,Returning
S0001172-C4942,4942,2024-09-19,138.73,0.656,Desktop,East,New
S0001173-C3565,3565,2025-08-25,172.84,0.337,Desktop,North,Returning
S0001174-C1212,1212,2025-04-16,14.82,0.311,Desktop,South,Returning
S0001175-C2608,2608,2025-01-15,95.78,0.561,Mobile,South,Returning
S0001176-C4695,4695,2025-02-03,194.24,0.215,Desktop,East,Returning
S0001177-C738,738,2024-11-01,126.79,0.702,Tablet,East,Returning
S0001178-C2343,2343,2025-02-22,23.55,0.117,Desktop,International,Returning
S0001179-C547,547,2025-02-28,24.89,0.186,Mobile,East,New
S0001180-C1413,1413,2025-08-17,54.90,0.319,Tablet,East,Returning
S0001181-C1045,1045,2025-07-29,150.52,0.532,Mobile,East,New
S0001182-C2466,2466,2024-10-06,191.73,0.167,Tablet,East,New
S0001183-C743,743,2025-04-12,81.18,0.877,Mobile,North,Returning
S0001184-C246,246,2024-11-08,167.20,0.761,Mobile,International,Returning
S0001185-C4305,4305,2024-12-22,158.06,0.885,Desktop,West,Returning
S0001186-C1150,1150,2025-06-10,71.00,0.184,Tablet,International,Returning
S0001187-C2574,2574,2025-01-28,64.67,0.857,Mobile,International,Returning
S0001188-C2149,2149,2024-12-03,69.83,0.557,Tablet,North,Returning
S0001189-C3556,3556,2025-05-21,38.81,0.207,Desktop,International,Returning
S0001190-C4213,4213,2025-08-04,152.08,0.616,Tablet,East,Returning
S0001191-C3467,3467,2024-12-28,43.01,0.138,Tablet,International,New
S0001192-C4402,4402,2024-08-29,62.24,0.576,Tablet,South,New
S0001193-C2370,2370,2025-04-27,46.77,0.208,Desktop,East,Returning
S0001194-C1718,1718,2024-10-17,48.94,0.643,Mobile,Central,Returning
S0001195-C2842,2842,2025-01-07,91.79,0.407,Mobile,International,Returning
S0001196-C1621,1621,2025-02-17,125.73,0.575,Desktop,East,Returning
S0001197-C1043,1043,2025-03-28,85.92,0.874,Desktop,Central,Returning
S0001198-C4136,4136,2025-04-01,105.56,0.440,Mobile,West,Returning
S0001199-C4458,4458,2025-03-31,70.08,0.533,Mobile,West,Returning
S0001200-C4257,4257,2025-02-12,22.60,0.918,Mobile,West,Returning
S0001201-C2138,2138,2025-02-15,66.86,0.141,Mobile,South,Returning
S0001202-C754,754,2025-07-28,188.08,0.470,Mobile,North,Returning
S0001203-C3500,3500,2024-11-04,185.53,0.249,Desktop,International,Returning
S0001204-C1283,1283,2024-11-07,45.33,0.712,Tablet,Central,Returning
S0001205-C1722,1722,2024-10-02,90.64,0.567,Mobile,International,Returning
S0001206-C3700,3700,2024-11-25,104.22,0.375,Desktop,North,Returning
S0001207-C809,809,2025-07-26,186.15,0.414,Desktop,International,Returning
S0001208-C223,223,2025-04-30,93.92,0.397,Mobile,East,Returning
S0001209-C423,423,2025-04-16,110.54,0.662,Tablet,West,New
S0001210-C2117,2117,2024-10-10,20.34,0.847,Desktop,International,Returning
S0001211-C1242,1242,2024-09-07,17.50,0.534,Mobile,West,Returning
S0001212-C554,554,2025-02-08,77.47,0.325,Mobile,International,Returning
S0001213-C2106,2106,2024-10-28,174.11,0.835,Tablet,North,Returning
S0001214-C3338,3338,2025-07-21,97.93,0.188,Desktop,North,Returning
S0001215-C4975,4975,2025-04-23,145.28,0.595,Tablet,East,Returning
S0001216-C3006,3006,2025-05-15,121.34,0.219,Desktop,North,Returning
S0001217-C4014,4014,2024-12-18,3.49,0.079,Desktop,East,Returning
S0001218-C593,593,2024-09-22,53.58,0.559,Desktop,East,New
S0001219-C4881,4881,2024-12-02,145.15,0.443,Desktop,Central,Returning
S0001220-C2746,2746,2025-07-06,10.11,0.801,Desktop,West,Returning
S0001221-C3502,3502,2024-10-30,199.51,0.526,Mobile,West,Returning
S0001222-C4542,4542,2025-04-03,51.41,0.136,Tablet,South,New
S0001223-C223,223,2024-12-02,104.04,0.418,Mobile,South,Returning
S0001224-C4755,4755,2025-05-30,69.80,0.071,Desktop,South,Returning
S0001225-C1373,1373,2024-12-17,123.25,0.066,Desktop,North,Returning
S0001226-C2213,2213,2025-05-08,35.18,0.930,Mobile,International,Returning
S0001227-C3401,3401,2025-01-07,23.04,0.665,Desktop,South,Returning
S0001228-C2195,2195,2025-04-01,138.92,0.290,Desktop,East,Returning
S0001229-C4429,4429,2025-07-15,181.44,0.228,Desktop,Central,Returning
S0001230-C770,770,2025-06-29,65.24,0.192,Tablet,West,Returning
S0001231-C3547,3547,2025-08-01,41.03,0.793,Mobile,North,Returning
S0001232-C1426,1426,2024-12-16,120.85,0.901,Tablet,Central,Returning
S0001233-C2253,2253,2025-03-11,189.13,0.365,Tablet,West,Returning
S0001234-C3636,3636,2025-08-02,27.04,0.487,Desktop,West,Returning
S0001235-C1417,1417,2025-01-01,77.57,0.947,Tablet,North,New
S0001236-C200,200,2024-08-31,161.50,0.123,Tablet,Central,Returning
S0001237-C4989,4989,2024-11-12,185.45,0.306,Mobile,East,Returning
S0001238-C4728,4728,2025-04-22,176.50,0.393,Desktop,North,Returning
S0001239-C2180,2180,2025-05-28,184.98,0.846,Mobile,West,New
S0001240-C1316,1316,2025-05-10,136.31,0.523,Mobile,South,Returning
S0001241-C2750,2750,2025-08-17,94.68,0.314,Desktop,East,Returning
S0001242-C185,185,2025-04-27,107.40,0.677,Tablet,South,Returning
S0001243-C4282,4282,2025-07-26,168.46,0.918,Desktop,West,New
S0001244-C2663,2663,2025-03-03,161.12,0.577,Mobile,Central,Returning
S0001245-C534,534,2025-08-21,148.22,0.652,Desktop,West,Returning
S0001246-C1756,1756,2024-10-13,57.21,0.794,Desktop,International,Returning
S0001247-C2567,2567,2024-12-30,144.36,0.637,Desktop,West,Returning
S0001248-C4892,4892,2024-09-05,184.59,0.680,Tablet,West,Returning
S0001249-C1348,1348,2025-01-24,22.52,0.779,Tablet,North,Returning
S0001250-C2045,2045,2025-04-22,97.59,0.420,Mobile,Central,Returning
S0001251-C136,136,2025-01-12,2.75,0.240,Desktop,East,New
S0001252-C3238,3238,2025-01-04,50.11,0.353,Tablet,West,Returning
S0001253-C2147,2147,2024-12-10,50.83,0.181,Tablet,East,New
S0001254-C186,186,2025-08-01,45.38,0.888,Tablet,North,Returning
S0001255-C1533,1533,2024-08-30,4.45,0.182,Mobile,International,Returning
S0001256-C2467,2467,2025-06-22,81.83,0.511,Mobile,North,Returning
S0001257-C4960,4960,2024-09-24,122.78,0.334,Tablet,Central,Returning
S0001258-C480,480,2025-07-19,44.20,0.770,Mobile,South,Returning
S0001259-C599,599,2025-03-24,150.85,0.503,Desktop,Central,New
S0001260-C4482,4482,2025-04-10,39.02,0.811,Mobile,Central,Returning
S0001261-C598,598,2025-05-01,47.99,0.267,Mobile,Central,New
S0001262-C784,784,2025-01-09,133.07,0.451,Desktop,Central,Returning
S0001263-C2853,2853,2025-01-06,91.99,0.407,Mobile,Central,Returning
S0001264-C1057,1057,2025-08-13,107.79,0.582,Mobile,International,Returning
S0001265-C537,537,2024-10-30,157.21,0.469,Tablet,East,Returning
S0001266-C1529,1529,2025-02-09,156.69,0.317,Desktop,Central,Returning
S0001267-C1057,1057,2025-02-17,193.08,0.291,Mobile,East,Returning
S0001268-C823,823,2024-11-04,108.18,0.305,Tablet,North,Returning
S0001269-C4576,4576,2024-11-09,43.70,0.693,Tablet,East,Returning
S0001270-C3860,3860,2025-01-11,156.28,0.094,Tablet,East,New
S0001271-C1364,1364,2025-06-27,0.37,0.516,Mobile,East,New
S0001272-C243,243,2025-06-22,148.99,0.222,Tablet,North,Returning
S0001273-C3245,3245,2025-03-25,31.43,0.521,Desktop,North,Returning
S0001274-C1292,1292,2025-05-24,100.55,0.722,Desktop,International,Returning
S0001275-C1219,1219,2024-10-14,118.46,0.381,Desktop,South,Returning
S0001276-C2647,2647,2025-06-26,47.85,0.680,Tablet,Central,Returning
S0001277-C372,372,2025-05-19,25.67,0.798,Tablet,East,Returning
S0001278-C1587,1587,2025-07-01,162.22,0.588,Mobile,International,Returning
S0001279-C1012,1012,2025-04-27,8.22,0.245,Tablet,North,Returning
S0001280-C4794,4794,2025-07-04,167.59,0.735,Desktop,South,New
S0001281-C2629,2629,2025-01-21,77.86,0.200,Mobile,Central,New
S0001282-C962,962,2025-02-02,43.80,0.426,Mobile,International,Returning
S0001283-C1875,1875,2025-06-04,1.16,0.366,Tablet,West,Returning
S0001284-C4109,4109,2025-05-15,187.72,0.816,Mobile,West,Returning
S0001285-C2365,2365,2024-12-01,47.78,0.950,Desktop,East,Returning
S0001286-C4497,4497,2024-11-03,68.96,0.318,Mobile,East,Returning
S0001287-C3773,3773,2025-08-20,162.17,0.059,Mobile,North,Returning
S0001288-C4409,4409,2025-06-18,58.74,0.865,Mobile,West,Returning
S0001289-C2390,2390,2025-01-22,104.52,0.805,Mobile,West,Returning
S0001290-C1127,1127,2025-03-05,140.15,0.120,Desktop,South,New
S0001291-C588,588,2025-06-30,84.71,0.637,Tablet,International,Returning
S0001292-C39,39,2025-08-09,40.88,0.847,Tablet,East,Returning
S0001293-C4771,4771,2024-10-20,74.69,0.343,Mobile,West,Returning
S0001294-C4389,4389,2025-03-19,110.84,0.463,Mobile,Central,New
S0001295-C3377,3377,2025-04-13,163.37,0.931,Mobile,South,New
S0001296-C2620,2620,2025-04-02,85.33,0.891,Mobile,North,Returning
S0001297-C2809,2809,2024-08-29,52.75,0.365,Tablet,Central,Returning
S0001298-C3947,3947,2025-02-05,79.41,0.344,Mobile,South,Returning
S0001299-C1387,1387,2025-08-18,54.77,0.325,Tablet,West,Returning
S0001300-C4975,4975,2025-08-02,67.82,0.501,Mobile,International,Returning
S0001301-C1791,1791,2025-07-26,67.78,0.452,Desktop,Central,New
S0001302-C491,491,2025-05-10,35.58,0.055,Mobile,East,Returning
S0001303-C3782,3782,2025-05-10,39.62,0.149,Tablet,East,Returning
S0001304-C2885,2885,2024-12-03,180.43,0.348,Tablet,Central,Returning
S0001305-C1623,1623,2024-10-11,77.97,0.348,Mobile,East,Returning
S0001306-C1669,1669,2025-03-03,80.26,0.559,Mobile,East,Returning
S0001307-C3974,3974,2025-04-20,72.90,0.746,Tablet,West,Returning
S0001308-C2242,2242,2024-08-30,117.74,0.935,Desktop,Central,Returning
S0001309-C1682,1682,2025-08-11,39.14,0.820,Tablet,International,Returning
S0001310-C1480,1480,2025-05-11,113.91,0.926,Desktop,International,Returning
S0001311-C4084,4084,2025-03-24,132.60,0.093,Desktop,North,Returning
S0001312-C2019,2019,2024-11-05,160.67,0.597,Mobile,South,Returning
S0001313-C3856,3856,2025-01-18,138.76,0.648,Desktop,South,Returning
S0001314-C498,498,2025-03-14,191.84,0.447,Desktop,South,Returning
S0001315-C291,291,2025-03-02,49.78,0.761,Desktop,West,Returning
S0001316-C1901,1901,2024-10-05,60.82,0.818,Mobile,South,New
S0001317-C2500,2500,2025-03-31,103.04,0.381,Desktop,East,Returning
S0001318-C1900,1900,2025-05-30,10.61,0.544,Mobile,South,Returning
S0001319-C2809,2809,2024-11-25,12.84,0.114,Desktop,West,Returning
S0001320-C4625,4625,2024-09-04,18.99,0.548,Mobile,Central,Returning
S0001321-C401,401,2025-01-11,172.37,0.453,Mobile,International,Returning
S0001322-C3294,3294,2025-06-06,26.67,0.051,Mobile,North,Returning
S0001323-C2451,2451,2025-02-21,14.61,0.805,Tablet,East,Returning
S0001324-C2541,2541,2024-11-19,61.59,0.266,Desktop,Central,Returning
S0001325-C2983,2983,2025-03-27,57.91,0.230,Desktop,North,Returning
S0001326-C1860,1860,2025-07-11,102.21,0.211,Mobile,South,Returning
S0001327-C2906,2906,2025-08-02,116.19,0.689,Tablet,International,New
S0001328-C4648,4648,2025-05-27,91.14,0.529,Desktop,International,Returning
S0001329-C3556,3556,2025-06-26,139.10,0.932,Tablet,North,Returning
S0001330-C3436,3436,2024-11-12,173.13,0.925,Desktop,East,Returning
S0001331-C4674,4674,2024-08-31,23.57,0.623,Tablet,South,Returning
S0001332-C3132,3132,2025-07-04,167.96,0.741,Desktop,South,Returning
S0001333-C3159,3159,2024-12-30,75.56,0.883,Mobile,Central,Returning
S0001334-C3650,3650,2024-11-16,136.52,0.131,Mobile,Central,Returning
S0001335-C795,795,2025-04-10,80.44,0.845,Desktop,East,Returning
S0001336-C4034,4034,2024-11-01,130.43,0.786,Desktop,South,Returning
S0001337-C2335,2335,2025-02-27,11.76,0.787,Tablet,North,Returning
S0001338-C4861,4861,2025-05-24,72.56,0.092,Desktop,West,Returning
S0001339-C3161,3161,2024-12-01,154.93,0.654,Desktop,North,Returning
S0001340-C2884,2884,2025-07-24,144.04,0.348,Mobile,East,Returning
S0001341-C4899,4899,2025-05-22,74.59,0.120,Desktop,North,Returning
S0001342-C1832,1832,2025-01-13,196.45,0.106,Mobile,West,New
S0001343-C3127,3127,2024-11-08,21.54,0.183,Mobile,West,Returning
S0001344-C4673,4673,2024-11-25,188.52,0.469,Mobile,North,New
S0001345-C3827,3827,2024-11-13,122.62,0.698,Tablet,West,Returning
S0001346-C4092,4092,2025-06-01,143.96,0.855,Desktop,International,Returning
S0001347-C3274,3274,2024-10-02,105.14,0.891,Desktop,Central,New
S0001348-C2577,2577,2025-05-29,133.36,0.596,Desktop,East,Returning
S0001349-C4957,4957,2025-07-02,155.83,0.450,Tablet,North,Returning
S0001350-C2784,2784,2025-02-23,167.96,0.674,Tablet,West,Returning
S0001351-C874,874,2025-01-21,88.06,0.430,Tablet,Central,New
S0001352-C2109,2109,2024-11-06,149.16,0.340,Mobile,International,Returning
S0001353-C1966,1966,2024-12-16,55.12,0.325,Tablet,West,Returning
S0001354-C1321,1321,2024-09-24,160.62,0.282,Tablet,West,Returning
S0001355-C3610,3610,2025-08-13,2.06,0.901,Tablet,West,New
S0001356-C4672,4672,2025-07-08,171.17,0.846,Tablet,West,Returning
S0001357-C3196,3196,2024-12-08,129.97,0.148,Mobile,West,Returning
S0001358-C2061,2061,2025-01-04,191.96,0.843,Mobile,International,Returning
S0001359-C4352,4352,2025-05-27,125.87,0.412,Desktop,East,Returning
S0001360-C1689,1689,2025-02-12,129.02,0.618,Desktop,South,Returning
S0001361-C323,323,2025-04-27,90.84,0.304,Desktop,East,Returning
S0001362-C103,103,2025-01-28,161.86,0.342,Desktop,International,Returning
S0001363-C4200,4200,2025-07-13,14.58,0.058,Tablet,North,New
S0001364-C4626,4626,2025-03-03,125.55,0.677,Mobile,International,Returning
S0001365-C264,264,2024-08-29,159.38,0.060,Mobile,South,Returning
S0001366-C2744,2744,2025-05-16,149.51,0.861,Desktop,West,Returning
S0001367-C3575,3575,2025-01-09,195.77,0.068,Desktop,Central,Returning
S0001368-C1380,1380,2025-03-16,78.87,0.625,Desktop,North,Returning
S0001369-C3890,3890,2024-08-31,117.15,0.929,Desktop,Central,New
S0001370-C3272,3272,2024-11-05,12.29,0.853,Desktop,Central,Returning
S0001371-C3089,3089,2024-10-28,54.10,0.840,Mobile,South,Returning
S0001372-C329,329,2025-01-12,178.91,0.606,Mobile,South,Returning
S0001373-C3703,3703,2024-11-26,101.31,0.316,Tablet,International,Returning
S0001374-C3273,3273,2025-05-30,46.72,0.455,Mobile,East,Returning
S0001375-C1627,1627,2024-12-01,137.56,0.267,Desktop,International,Returning
S0001376-C2279,2279,2024-10-23,167.60,0.650,Tablet,North,New
S0001377-C4675,4675,2025-02-13,168.83,0.618,Mobile,South,Returning
S0001378-C3547,3547,2024-12-11,78.87,0.823,Desktop,International,Returning
S0001379-C3873,3873,2025-05-24,190.13,0.940,Desktop,East,New
S0001380-C2339,2339,2024-11-17,89.57,0.886,Desktop,Central,Returning
S0001381-C1367,1367,2025-05-04,146.97,0.717,Mobile,South,Returning
S0001382-C4061,4061,2025-05-25,166.34,0.408,Mobile,South,Returning
S0001383-C3167,3167,2025-02-27,112.55,0.353,Tablet,International,Returning
S0001384-C736,736,2025-04-29,36.98,0.904,Desktop,North,Returning
S0001385-C1954,1954,2025-07-07,101.91,0.175,Desktop,East,Returning
S0001386-C2557,2557,2024-09-26,7.56,0.451,Desktop,South,Returning
S0001387-C3378,3378,2024-12-03,122.61,0.843,Mobile,South,Returning
S0001388-C3956,3956,2025-07-10,53.53,0.908,Tablet,International,Returning
S0001389-C3619,3619,2024-10-19,16.01,0.814,Desktop,East,Returning
S0001390-C2978,2978,2024-11-27,187.38,0.455,Mobile,International,Returning
S0001391-C1218,1218,2025-04-28,181.58,0.551,Desktop,West,Returning
S0001392-C3977,3977,2025-06-20,103.79,0.097,Tablet,East,Returning
S0001393-C1555,1555,2025-02-15,139.14,0.861,Mobile,East,Returning
S0001394-C2169,2169,2024-08-28,132.87,0.358,Tablet,West,Returning
S0001395-C3844,3844,2024-11-23,93.27,0.111,Tablet,West,Returning
S0001396-C4730,4730,2024-12-29,89.00,0.280,Tablet,International,Returning
S0001397-C2812,2812,2025-06-20,45.07,0.571,Desktop,East,New
S0001398-C3343,3343,2024-10-05,88.26,0.535,Mobile,South,New
S0001399-C2212,2212,2025-07-06,74.24,0.444,Desktop,North,New
S0001400-C206,206,2025-07-24,63.97,0.350,Tablet,West,Returning
S0001401-C568,568,2024-09-16,73.07,0.053,Tablet,West,Returning
S0001402-C1168,1168,2025-02-02,20.35,0.795,Tablet,Central,Returning
S0001403-C1986,1986,2025-04-27,92.37,0.336,Desktop,North,Returning
S0001404-C761,761,2024-11-16,82.14,0.710,Mobile,International,Returning
S0001405-C4855,4855,2025-07-15,130.20,0.875,Mobile,East,New
S0001406-C1938,1938,2025-01-25,148.78,0.928,Mobile,South,Returning
S0001407-C454,454,2025-01-03,188.31,0.752,Desktop,North,Returning
S0001408-C2500,2500,2024-11-25,50.53,0.061,Desktop,East,Returning
S0001409-C4492,4492,2025-07-20,160.07,0.684,Desktop,East,New
S0001410-C735,735,2025-04-21,59.32,0.447,Desktop,South,Returning
S0001411-C3304,3304,2025-03-07,72.38,0.413,Tablet,East,Returning
S0001412-C3846,3846,2025-01-23,126.64,0.412,Desktop,East,Returning
S0001413-C4609,4609,2025-03-19,83.05,0.741,Mobile,West,Returning
S0001414-C3697,3697,2025-08-06,10.69,0.144,Mobile,East,Returning
S0001415-C2682,2682,2025-03-10,140.19,0.157,Mobile,North,New
S0001416-C4160,4160,2025-07-27,180.96,0.305,Tablet,Central,Returning
S0001417-C764,764,2025-08-01,176.44,0.236,Mobile,South,Returning
S0001418-C818,818,2025-02-06,50.23,0.600,Desktop,Central,Returning
S0001419-C1239,1239,2024-10-08,133.59,0.674,Mobile,South,Returning
S0001420-C790,790,2025-03-04,183.78,0.193,Desktop,Central,Returning
S0001421-C346,346,2025-08-16,184.11,0.523,Tablet,Central,New
S0001422-C3569,3569,2024-09-05,143.50,0.655,Desktop,North,Returning
S0001423-C2634,2634,2025-08-03,146.77,0.483,Desktop,West,Returning
S0001424-C2464,2464,2024-11-28,46.89,0.900,Desktop,South,Returning
S0001425-C3370,3370,2025-03-05,69.95,0.343,Mobile,International,Returning
S0001426-C3294,3294,2025-01-07,36.22,0.060,Mobile,West,New
S0001427-C4895,4895,2025-02-05,164.65,0.464,Tablet,Central,Returning
S0001428-C3477,3477,2025-05-25,36.32,0.183,Desktop,West,New
S0001429-C2843,2843,2024-11-20,22.50,0.295,Desktop,South,Returning
S0001430-C608,608,2025-03-30,134.51,0.176,Tablet,International,Returning
S0001431-C3488,3488,2024-12-23,54.02,0.350,Tablet,South,Returning
S0001432-C1156,1156,2024-12-05,183.17,0.422,Desktop,East,Returning
S0001433-C784,784,2025-05-31,143.40,0.836,Desktop,East,Returning
S0001434-C3291,3291,2025-02-28,94.15,0.848,Desktop,East,New
S0001435-C2737,2737,2025-06-13,71.79,0.225,Tablet,International,Returning
S0001436-C737,737,2025-03-15,159.38,0.627,Tablet,North,Returning
S0001437-C461,461,2025-02-11,79.18,0.388,Tablet,South,Returning
S0001438-C4733,4733,2024-09-07,197.03,0.078,Desktop,International,Returning
S0001439-C4379,4379,2025-01-08,102.34,0.658,Tablet,South,Returning
S0001440-C1795,1795,2024-12-30,38.20,0.945,Mobile,North,Returning
S0001441-C1508,1508,2024-09-30,121.94,0.356,Tablet,East,New
S0001442-C1442,1442,2025-05-20,94.05,0.545,Mobile,North,Returning
S0001443-C11,11,2025-05-01,117.63,0.936,Desktop,Central,Returning
S0001444-C4395,4395,2025-04-10,48.85,0.134,Tablet,East,Returning
S0001445-C1818,1818,2024-12-07,99.28,0.347,Desktop,Central,Returning
S0001446-C2358,2358,2025-01-14,128.84,0.397,Tablet,Central,New
S0001447-C1057,1057,2025-01-03,116.89,0.942,Desktop,North,Returning
S0001448-C4475,4475,2024-12-28,123.24,0.140,Mobile,International,Returning
S0001449-C2478,2478,2024-10-24,139.66,0.933,Tablet,North,New
S0001450-C377,377,2025-07-01,106.25,0.232,Mobile,East,New
S0001451-C635,635,2025-05-04,34.83,0.894,Desktop,North,Returning
S0001452-C4742,4742,2024-09-18,166.58,0.372,Desktop,East,New
S0001453-C43,43,2024-09-12,147.17,0.790,Tablet,North,Returning
S0001454-C3431,3431,2024-12-07,104.39,0.465,Tablet,South,Returning
S0001455-C4967,4967,2024-11-11,192.14,0.445,Desktop,South,Returning
S0001456-C4076,4076,2025-07-07,45.83,0.717,Desktop,International,Returning
S0001457-C3919,3919,2025-07-24,19.67,0.250,Tablet,East,Returning
S0001458-C3510,3510,2024-11-22,137.66,0.199,Tablet,South,Returning
S0001459-C2196,2196,2025-04-12,107.00,0.557,Desktop,East,Returning
S0001460-C289,289,2025-01-26,143.52,0.818,Desktop,North,Returning
S0001461-C3365,3365,2025-07-10,123.37,0.683,Mobile,South,New
S0001462-C3432,3432,2025-05-30,27.70,0.927,Mobile,East,Returning
S0001463-C4754,4754,2025-02-07,176.07,0.736,Desktop,West,Returning
S0001464-C4338,4338,2025-04-01,80.00,0.769,Tablet,West,Returning
S0001465-C3172,3172,2024-11-19,184.98,0.345,Tablet,East,New
S0001466-C2473,2473,2025-06-26,68.43,0.244,Desktop,West,Returning
S0001467-C2747,2747,2025-07-10,198.83,0.577,Tablet,International,New
S0001468-C984,984,2024-09-25,197.89,0.230,Desktop,West,Returning
S0001469-C3102,3102,2025-07-04,170.37,0.798,Mobile,West,Returning
S0001470-C1545,1545,2025-06-02,45.98,0.460,Mobile,West,New
S0001471-C3948,3948,2025-01-03,168.71,0.311,Tablet,Central,Returning
S0001472-C1780,1780,2025-08-10,28.82,0.584,Mobile,International,Returning
S0001473-C3460,3460,2024-10-26,15.21,0.850,Desktop,East,Returning
S0001474-C198,198,2024-11-02,188.31,0.295,Mobile,International,Returning
S0001475-C3874,3874,2024-10-11,7.00,0.554,Tablet,Central,Returning
S0001476-C4525,4525,2024-09-07,23.39,0.667,Desktop,South,Returning
S0001477-C528,528,2025-05-19,6.54,0.368,Tablet,South,Returning
S0001478-C1946,1946,2025-01-24,150.83,0.066,Tablet,North,Returning
S0001479-C1555,1555,2024-10-27,41.90,0.556,Desktop,South,Returning
S0001480-C1207,1207,2025-03-13,109.34,0.384,Desktop,International,New
S0001481-C83,83,2025-02-12,123.58,0.490,Mobile,East,Returning
S0001482-C4796,4796,2024-12-01,157.35,0.712,Desktop,East,Returning
S0001483-C2819,2819,2025-08-25,61.79,0.540,Tablet,East,Returning
S0001484-C3571,3571,2025-02-18,86.65,0.609,Tablet,North,Returning
S0001485-C2561,2561,2025-04-16,52.32,0.256,Mobile,North,Returning
S0001486-C787,787,2025-05-15,187.36,0.805,Mobile,East,Returning
S0001487-C438,438,2024-10-15,9.28,0.632,Desktop,West,Returning
S0001488-C944,944,2024-10-08,168.97,0.570,Mobile,North,New
S0001489-C2645,2645,2025-05-23,140.92,0.723,Mobile,International,Returning
S0001490-C902,902,2025-06-17,82.85,0.498,Desktop,Central,Returning
S0001491-C3264,3264,2025-04-26,141.20,0.528,Mobile,North,Returning
S0001492-C770,770,2025-07-22,1.67,0.734,Tablet,West,Returning
S0001493-C1408,1408,2025-01-24,16.51,0.641,Desktop,South,Returning
S0001494-C4978,4978,2025-06-10,12.89,0.672,Desktop,South,Returning
S0001495-C2607,2607,2025-05-28,131.45,0.548,Tablet,South,Returning
S0001496-C443,443,2024-11-01,160.98,0.574,Mobile,Central,Returning
S0001497-C3984,3984,2025-04-11,97.26,0.325,Desktop,East,Returning
S0001498-C2186,2186,2025-04-21,85.14,0.128,Desktop,West,New
S0001499-C5000,5000,2024-12-23,73.71,0.789,Desktop,West,Returning
S0001500-C69,69,2024-10-11,65.67,0.068,Desktop,West,Returning
S0001501-C3462,3462,2024-12-09,95.08,0.271,Tablet,South,Returning
S0001502-C99,99,2025-06-17,179.04,0.863,Tablet,East,Returning
S0001503-C1953,1953,2024-12-09,76.65,0.755,Tablet,East,New
S0001504-C812,812,2025-03-17,143.98,0.298,Desktop,South,Returning
S0001505-C2232,2232,2025-05-09,29.52,0.811,Tablet,East,Returning
S0001506-C4832,4832,2024-09-19,154.08,0.095,Tablet,West,Returning
S0001507-C51,51,2025-05-25,47.44,0.433,Mobile,Central,Returning
S0001508-C1896,1896,2025-01-08,0.02,0.156,Mobile,West,Returning
S0001509-C1123,1123,2025-02-17,184.23,0.094,Mobile,South,Returning
S0001510-C2087,2087,2025-01-27,125.61,0.421,Desktop,West,Returning
S0001511-C3059,3059,2024-09-22,157.37,0.195,Mobile,Central,Returning
S0001512-C2897,2897,2024-10-30,72.74,0.372,Tablet,East,Returning
S0001513-C2584,2584,2024-11-28,30.49,0.537,Desktop,West,Returning
S0001514-C4038,4038,2025-08-08,162.19,0.873,Desktop,International,Returning
S0001515-C46,46,2024-09-27,106.42,0.882,Desktop,East,Returning
S0001516-C2931,2931,2024-12-04,172.86,0.183,Desktop,South,New
S0001517-C779,779,2024-11-19,72.12,0.506,Mobile,Central,Returning
S0001518-C1447,1447,2025-02-02,187.77,0.059,Desktop,North,Returning
S0001519-C2880,2880,2024-10-08,135.86,0.727,Tablet,East,Returning
S0001520-C491,491,2025-01-25,122.26,0.332,Tablet,Central,Returning
S0001521-C4135,4135,2024-09-14,49.24,0.405,Desktop,International,Returning
S0001522-C1817,1817,2025-08-23,188.16,0.667,Mobile,International,New
S0001523-C1540,1540,2025-03-31,19.75,0.302,Desktop,Central,New
S0001524-C2239,2239,2024-09-16,72.25,0.935,Tablet,South,Returning
S0001525-C1981,1981,2025-07-05,102.56,0.179,Desktop,East,Returning
S0001526-C2236,2236,2024-09-17,71.26,0.917,Tablet,International,Returning
S0001527-C1439,1439,2025-02-04,182.05,0.848,Tablet,International,Returning
S0001528-C2158,2158,2025-02-08,84.62,0.486,Desktop,South,New
S0001529-C3576,3576,2025-06-24,141.87,0.080,Desktop,North,Returning
S0001530-C3126,3126,2024-09-06,193.04,0.879,Tablet,Central,Returning
S0001531-C4044,4044,2025-02-14,42.42,0.480,Tablet,South,Returning
S0001532-C4453,4453,2025-04-26,197.41,0.896,Tablet,International,New
S0001533-C1228,1228,2024-12-14,150.43,0.651,Desktop,East,Returning
S0001534-C2881,2881,2025-01-12,70.87,0.880,Mobile,International,Returning
S0001535-C895,895,2025-05-31,129.24,0.519,Tablet,Central,Returning
S0001536-C4988,4988,2025-04-03,198.78,0.750,Tablet,South,Returning
S0001537-C4363,4363,2025-03-06,148.73,0.321,Desktop,East,Returning
S0001538-C1914,1914,2025-06-06,192.24,0.176,Tablet,Central,Returning
S0001539-C2513,2513,2024-11-06,99.99,0.136,Tablet,West,New
S0001540-C2590,2590,2025-04-01,90.47,0.102,Tablet,East,Returning
S0001541-C3987,3987,2025-08-16,147.24,0.594,Tablet,South,Returning
S0001542-C970,970,2025-01-13,98.36,0.603,Mobile,North,Returning
S0001543-C1403,1403,2025-01-30,199.16,0.299,Mobile,North,Returning
S0001544-C2019,2019,2025-05-07,59.62,0.577,Desktop,East,Returning
S0001545-C1730,1730,2025-08-25,192.95,0.790,Desktop,West,Returning
S0001546-C2228,2228,2024-10-24,170.78,0.730,Desktop,Central,Returning
S0001547-C2381,2381,2025-05-27,162.42,0.335,Desktop,Central,Returning
S0001548-C4586,4586,2025-05-31,86.51,0.457,Tablet,East,Returning
S0001549-C3749,3749,2025-03-10,12.97,0.892,Mobile,West,Returning
S0001550-C1512,1512,2025-01-11,37.87,0.130,Tablet,North,Returning
S0001551-C2340,2340,2025-03-17,162.97,0.719,Desktop,North,Returning
S0001552-C3430,3430,2024-08-28,181.65,0.556,Desktop,Central,Returning
S0001553-C4385,4385,2025-07-06,12.57,0.858,Desktop,Central,New
S0001554-C1702,1702,2025-05-31,31.86,0.130,Tablet,West,Returning
S0001555-C4093,4093,2025-04-03,104.35,0.430,Mobile,East,Returning
S0001556-C548,548,2025-03-19,172.11,0.940,Mobile,International,New
S0001557-C1625,1625,2025-07-23,97.53,0.195,Mobile,South,New
S0001558-C3762,3762,2025-02-19,61.29,0.945,Desktop,South,Returning
S0001559-C1047,1047,2025-03-21,106.67,0.383,Desktop,North,Returning
S0001560-C1862,1862,2024-09-01,158.56,0.066,Tablet,West,Returning
S0001561-C2394,2394,2025-06-16,105.32,0.100,Tablet,South,Returning
S0001562-C3106,3106,2025-02-05,180.21,0.812,Mobile,North,Returning
S0001563-C2369,2369,2025-03-01,1.80,0.578,Tablet,Central,New
S0001564-C2540,2540,2025-08-13,128.52,0.152,Mobile,International,Returning
S0001565-C1173,1173,2025-07-23,150.88,0.498,Desktop,West,Returning
S0001566-C2092,2092,2024-12-08,62.59,0.432,Desktop,West,Returning
S0001567-C1394,1394,2025-03-03,113.38,0.403,Desktop,North,Returning
S0001568-C4957,4957,2025-04-30,128.14,0.261,Desktop,West,New
S0001569-C1842,1842,2024-10-27,7.03,0.672,Mobile,Central,Returning
S0001570-C4198,4198,2025-08-05,152.70,0.633,Tablet,Central,New
S0001571-C2451,2451,2024-09-29,10.46,0.543,Mobile,South,Returning
S0001572-C1257,1257,2025-03-27,64.00,0.370,Tablet,North,Returning
S0001573-C1055,1055,2025-07-24,162.72,0.770,Mobile,East,Returning
S0001574-C1909,1909,2024-09-09,132.32,0.431,Desktop,East,Returning
S0001575-C4017,4017,2025-06-09,130.94,0.621,Desktop,North,New
S0001576-C4821,4821,2025-01-23,9.99,0.486,Desktop,International,Returning
S0001577-C4646,4646,2025-03-14,92.62,0.919,Mobile,South,New
S0001578-C3882,3882,2025-02-25,32.20,0.330,Desktop,East,Returning
S0001579-C1726,1726,2024-09-14,140.13,0.645,Desktop,North,Returning
S0001580-C4444,4444,2025-01-07,97.10,0.533,Desktop,West,Returning
S0001581-C474,474,2024-12-22,19.68,0.466,Desktop,Central,Returning
S0001582-C447,447,2025-07-06,84.26,0.673,Desktop,International,New
S0001583-C1334,1334,2025-05-02,155.26,0.892,Mobile,International,Returning
S0001584-C2543,2543,2025-02-10,33.60,0.252,Mobile,East,New
S0001585-C3568,3568,2025-08-23,178.80,0.454,Mobile,East,Returning
S0001586-C4976,4976,2024-09-23,124.75,0.368,Tablet,East,Returning
S0001587-C4143,4143,2024-10-06,189.57,0.121,Mobile,West,Returning
S0001588-C1031,1031,2025-06-25,43.82,0.584,Desktop,Central,Returning
S0001589-C266,266,2024-12-24,38.46,0.906,Desktop,North,Returning
S0001590-C112,112,2025-05-29,30.12,0.070,Mobile,South,New
S0001591-C1289,1289,2024-12-09,156.67,0.755,Mobile,East,Returning
S0001592-C4977,4977,2024-09-23,125.46,0.382,Tablet,Central,Returning
S0001593-C4761,4761,2024-09-19,160.93,0.254,Tablet,International,Returning
S0001594-C2031,2031,2024-12-01,90.50,0.104,Tablet,West,Returning
S0001595-C2891,2891,2025-04-07,38.39,0.773,Mobile,Central,Returning
S0001596-C321,321,2025-06-01,194.46,0.196,Tablet,International,Returning
S0001597-C2165,2165,2025-05-03,54.45,0.427,Desktop,North,Returning
S0001598-C3583,3583,2025-07-14,87.21,0.796,Tablet,Central,Returning
S0001599-C3642,3642,2024-11-23,118.00,0.667,Mobile,South,New
S0001600-C491,491,2025-08-15,168.66,0.171,Desktop,South,New
S0001601-C2221,2221,2025-08-19,152.02,0.721,Mobile,International,Returning
S0001602-C900,900,2025-08-25,94.25,0.365,Mobile,West,New
S0001603-C3733,3733,2025-04-17,109.52,0.649,Tablet,East,New
S0001604-C1417,1417,2025-08-03,92.63,0.165,Desktop,International,Returning
S0001605-C1615,1615,2024-10-16,66.36,0.121,Mobile,Central,Returning
S0001606-C2959,2959,2025-05-27,93.77,0.588,Mobile,North,Returning
S0001607-C4613,4613,2025-08-11,87.33,0.105,Tablet,Central,Returning
S0001608-C1798,1798,2024-09-06,154.09,0.899,Mobile,South,Returning
S0001609-C390,390,2025-06-12,158.08,0.354,Desktop,West,Returning
S0001610-C4031,4031,2025-05-01,36.01,0.897,Desktop,North,Returning
S0001611-C3276,3276,2024-12-24,77.73,0.888,Mobile,West,Returning
S0001612-C4560,4560,2025-05-27,100.67,0.746,Mobile,East,Returning
S0001613-C4579,4579,2024-11-11,38.46,0.588,Mobile,South,New
S0001614-C3627,3627,2025-05-05,72.70,0.854,Mobile,South,Returning
S0001615-C4627,4627,2024-10-03,140.30,0.789,Desktop,West,Returning
S0001616-C4242,4242,2025-06-27,53.68,0.819,Mobile,Central,Returning
S0001617-C4222,4222,2024-09-17,31.65,0.929,Mobile,North,Returning
S0001618-C1711,1711,2024-12-12,97.97,0.356,Desktop,North,Returning
S0001619-C1403,1403,2025-01-14,44.28,0.292,Tablet,West,Returning
S0001620-C208,208,2025-05-09,71.47,0.858,Mobile,East,Returning
S0001621-C1700,1700,2025-01-21,188.88,0.899,Tablet,West,Returning
S0001622-C3645,3645,2024-11-27,106.93,0.446,Mobile,Central,Returning
S0001623-C3688,3688,2025-08-10,199.43,0.824,Desktop,International,Returning
S0001624-C2659,2659,2025-08-22,89.69,0.244,Tablet,North,Returning
S0001625-C2673,2673,2024-09-29,185.54,0.878,Tablet,South,New
S0001626-C4081,4081,2025-01-14,123.49,0.273,Mobile,South,Returning
S0001627-C2156,2156,2024-11-25,91.23,0.078,Tablet,International,Returning
S0001628-C3420,3420,2024-10-02,86.65,0.478,Desktop,International,Returning
S0001629-C4580,4580,2024-09-29,156.58,0.227,Mobile,West,Returning
S0001630-C623,623,2024-12-07,41.02,0.841,Tablet,South,Returning
S0001631-C4277,4277,2025-02-19,199.18,0.448,Desktop,Central,Returning
S0001632-C312,312,2025-03-14,11.93,0.905,Mobile,North,Returning
S0001633-C2944,2944,2024-09-03,24.20,0.655,Desktop,International,Returning
S0001634-C3161,3161,2025-03-28,31.77,0.555,Desktop,International,Returning
S0001635-C1140,1140,2024-12-23,134.56,0.365,Tablet,West,Returning
S0001636-C1979,1979,2025-03-15,9.68,0.861,Mobile,North,Returning
S0001637-C3089,3089,2024-09-11,183.68,0.706,Tablet,South,Returning
S0001638-C2595,2595,2025-01-18,90.68,0.465,Tablet,East,Returning
S0001639-C1134,1134,2025-01-21,57.47,0.641,Mobile,North,Returning
S0001640-C2886,2886,2024-12-12,157.30,0.790,Tablet,South,New
S0001641-C198,198,2024-12-28,34.62,0.852,Tablet,North,New
S0001642-C4929,4929,2025-04-25,145.27,0.610,Tablet,Central,New
S0001643-C1341,1341,2024-09-05,10.56,0.365,Mobile,International,Returning
S0001644-C219,219,2024-09-08,137.25,0.537,Mobile,West,New
S0001645-C3017,3017,2024-11-18,5.99,0.811,Desktop,North,Returning
S0001646-C2012,2012,2024-10-07,43.09,0.432,Mobile,North,New
S0001647-C4943,4943,2024-11-15,185.03,0.312,Tablet,West,Returning
S0001648-C2963,2963,2025-08-11,83.79,0.929,Mobile,South,New
S0001649-C545,545,2025-07-17,44.17,0.748,Desktop,Central,New
S0001650-C1668,1668,2025-05-04,110.89,0.805,Mobile,North,New
S0001651-C1470,1470,2025-08-17,47.21,0.148,Tablet,International,Returning
S0001652-C2454,2454,2024-08-26,103.73,0.589,Mobile,East,Returning
S0001653-C524,524,2025-02-06,87.71,0.537,Mobile,South,Returning
S0001654-C2057,2057,2025-01-13,167.51,0.360,Desktop,North,Returning
S0001655-C1927,1927,2025-03-15,17.41,0.131,Desktop,West,Returning
S0001656-C4108,4108,2024-10-31,125.67,0.667,Mobile,West,Returning
S0001657-C2143,2143,2025-07-23,34.44,0.578,Mobile,South,Returning
S0001658-C3750,3750,2024-12-03,78.61,0.752,Tablet,South,New
S0001659-C4361,4361,2024-09-04,50.61,0.359,Tablet,Central,Returning
S0001660-C2262,2262,2025-03-28,140.67,0.303,Desktop,West,Returning
S0001661-C1597,1597,2024-10-07,90.83,0.611,Tablet,International,Returning
S0001662-C3430,3430,2025-01-26,167.81,0.461,Tablet,East,New
S0001663-C4063,4063,2024-09-20,42.00,0.285,Tablet,West,Returning
S0001664-C442,442,2025-02-22,51.63,0.749,Desktop,South,Returning
S0001665-C1086,1086,2024-11-23,25.81,0.389,Mobile,East,Returning
S0001666-C2392,2392,2025-03-13,166.69,0.776,Mobile,South,Returning
S0001667-C1033,1033,2025-05-13,162.27,0.228,Mobile,South,Returning
S0001668-C3931,3931,2025-07-12,49.11,0.829,Mobile,East,New
S0001669-C21,21,2024-09-04,172.31,0.395,Desktop,West,Returning
S0001670-C1217,1217,2025-02-05,6.57,0.506,Mobile,West,Returning
S0001671-C3995,3995,2025-07-04,65.13,0.225,Tablet,East,New
S0001672-C4274,4274,2025-05-30,126.89,0.458,Mobile,East,New
S0001673-C2626,2626,2025-07-22,180.28,0.249,Mobile,East,Returning
S0001674-C2595,2595,2025-08-01,155.37,0.666,Desktop,East,Returning
S0001675-C1883,1883,2024-11-27,117.08,0.678,Tablet,West,Returning
S0001676-C3393,3393,2025-04-21,139.71,0.457,Desktop,East,Returning
S0001677-C4665,4665,2025-08-07,91.89,0.178,Mobile,South,Returning
S0001678-C1603,1603,2024-09-04,181.73,0.609,Mobile,North,New
S0001679-C449,449,2025-04-27,76.70,0.883,Mobile,West,Returning
S0001680-C1683,1683,2024-11-16,173.36,0.057,Mobile,South,Returning
S0001681-C1580,1580,2024-10-12,79.55,0.393,Tablet,East,Returning
S0001682-C2912,2912,2025-08-24,53.73,0.350,Tablet,South,Returning
S0001683-C4775,4775,2024-10-24,64.44,0.139,Mobile,East,New
S0001684-C2658,2658,2025-04-27,11.30,0.313,Desktop,West,New
S0001685-C1669,1669,2025-01-08,29.48,0.813,Tablet,East,Returning
S0001686-C4100,4100,2025-01-16,114.78,0.094,Mobile,East,Returning
S0001687-C3055,3055,2025-01-08,63.25,0.673,Mobile,East,Returning
S0001688-C4598,4598,2024-09-02,27.43,0.724,Desktop,East,New
S0001689-C4942,4942,2024-10-31,23.71,0.179,Mobile,East,Returning
S0001690-C3163,3163,2024-09-21,148.24,0.880,Mobile,South,Returning
S0001691-C673,673,2025-03-09,185.00,0.255,Mobile,North,Returning
S0001692-C3388,3388,2025-02-16,116.12,0.352,Tablet,West,Returning
S0001693-C2810,2810,2025-05-15,143.31,0.717,Mobile,West,New
S0001694-C436,436,2024-09-08,111.19,0.851,Tablet,South,Returning
S0001695-C1755,1755,2025-04-27,120.64,0.070,Desktop,East,Returning
S0001696-C1559,1559,2025-01-31,178.09,0.731,Desktop,South,New
S0001697-C3773,3773,2025-04-04,139.98,0.339,Mobile,West,Returning
S0001698-C4838,4838,2024-10-27,47.76,0.688,Tablet,North,Returning
S0001699-C63,63,2025-06-07,9.67,0.581,Tablet,South,Returning
S0001700-C3532,3532,2024-10-26,8.68,0.697,Mobile,South,Returning
S0001701-C4324,4324,2024-10-05,169.46,0.565,Desktop,International,Returning
S0001702-C1760,1760,2025-01-24,174.59,0.597,Mobile,South,New
S0001703-C3388,3388,2025-07-22,87.19,0.859,Desktop,South,Returning
S0001704-C1457,1457,2024-12-25,92.03,0.320,Desktop,Central,New
S0001705-C3374,3374,2024-10-01,96.18,0.682,Desktop,South,Returning
S0001706-C4657,4657,2024-10-03,136.89,0.712,Mobile,International,Returning
S0001707-C3160,3160,2025-07-03,167.15,0.716,Desktop,Central,New
S0001708-C2063,2063,2024-12-20,34.60,0.787,Mobile,East,Returning
S0001709-C2574,2574,2025-02-18,8.93,0.653,Desktop,North,Returning
S0001710-C1790,1790,2025-01-03,28.21,0.749,Mobile,International,Returning
S0001711-C1965,1965,2025-01-23,151.35,0.070,Tablet,North,New
S0001712-C2814,2814,2025-06-09,76.09,0.285,Desktop,North,Returning
S0001713-C1885,1885,2024-11-10,163.68,0.700,Desktop,West,Returning
S0001714-C1181,1181,2025-04-28,185.08,0.632,Mobile,East,Returning
S0001715-C4170,4170,2025-08-11,138.28,0.357,Mobile,North,Returning
S0001716-C2323,2323,2025-08-24,125.09,0.154,Tablet,North,Returning
S0001717-C588,588,2025-03-26,147.22,0.434,Tablet,East,New
S0001718-C4738,4738,2024-12-04,157.27,0.729,Mobile,Central,Returning
S0001719-C2045,2045,2024-11-21,114.32,0.571,Desktop,North,Returning
S0001720-C4305,4305,2025-02-25,180.74,0.074,Mobile,North,Returning
S0001721-C1498,1498,2024-10-13,87.05,0.569,Mobile,North,New
S0001722-C2890,2890,2024-10-08,134.08,0.689,Mobile,West,New
S0001723-C906,906,2025-04-03,87.00,0.939,Mobile,South,New
S0001724-C507,507,2025-08-01,6.86,0.922,Tablet,Central,Returning
S0001725-C1726,1726,2025-02-27,84.74,0.629,Tablet,Central,New
S0001726-C1163,1163,2024-11-06,60.54,0.152,Mobile,International,Returning
S0001727-C438,438,2025-07-31,16.83,0.242,Tablet,East,Returning
S0001728-C274,274,2025-05-13,52.59,0.463,Mobile,North,Returning
S0001729-C3059,3059,2025-03-21,64.95,0.345,Mobile,East,Returning
S0001730-C2695,2695,2025-02-03,32.91,0.189,Desktop,International,Returning
S0001731-C491,491,2025-06-22,116.72,0.402,Desktop,International,Returning
S0001732-C3261,3261,2025-04-25,145.72,0.619,Tablet,International,Returning
S0001733-C4323,4323,2025-03-16,127.48,0.814,Desktop,North,Returning
S0001734-C1709,1709,2025-07-14,111.19,0.438,Mobile,North,Returning
S0001735-C4221,4221,2025-03-12,149.59,0.384,Mobile,International,Returning
S0001736-C4116,4116,2025-05-08,6.93,0.294,Desktop,East,Returning
S0001737-C4248,4248,2024-09-12,42.99,0.245,Mobile,West,Returning
S0001738-C1854,1854,2024-12-30,30.82,0.780,Mobile,West,Returning
S0001739-C3511,3511,2024-09-16,120.38,0.216,Desktop,North,Returning
S0001740-C143,143,2024-12-28,42.78,0.131,Tablet,Central,Returning
S0001741-C3894,3894,2025-01-02,177.19,0.497,Tablet,West,Returning
S0001742-C2869,2869,2024-11-13,39.30,0.619,Mobile,International,New
S0001743-C2190,2190,2025-08-22,146.64,0.624,Tablet,North,Returning
S0001744-C4829,4829,2025-06-20,2.78,0.521,Mobile,South,Returning
S0001745-C4300,4300,2025-08-05,140.35,0.356,Mobile,International,Returning
S0001746-C221,221,2025-05-16,52.41,0.476,Mobile,East,Returning
S0001747-C416,416,2025-05-15,30.44,0.878,Desktop,International,Returning
S0001748-C4548,4548,2025-03-04,132.93,0.849,Mobile,West,Returning
S0001749-C2564,2564,2025-05-22,153.84,0.105,Tablet,Central,New
S0001750-C4608,4608,2025-04-06,35.45,0.699,Desktop,South,Returning
S0001751-C2380,2380,2024-09-25,32.23,0.097,Tablet,Central,Returning
S0001752-C2962,2962,2024-10-11,118.30,0.353,Tablet,West,Returning
S0001753-C4938,4938,2025-06-15,3.47,0.499,Mobile,Central,Returning
S0001754-C642,642,2024-10-10,197.62,0.335,Mobile,North,Returning
S0001755-C4407,4407,2024-10-30,90.49,0.774,Mobile,International,Returning
S0001756-C74,74,2025-03-21,21.57,0.273,Tablet,International,Returning
S0001757-C3333,3333,2025-08-16,26.56,0.576,Mobile,International,Returning
S0001758-C1348,1348,2025-08-18,57.84,0.399,Desktop,South,Returning
S0001759-C68,68,2024-09-21,119.60,0.236,Desktop,West,New
S0001760-C1153,1153,2025-02-01,25.04,0.892,Desktop,Central,Returning
S0001761-C664,664,2024-12-13,19.87,0.409,Tablet,South,Returning
S0001762-C3032,3032,2025-06-22,12.40,0.753,Tablet,South,New
S0001763-C4292,4292,2024-09-26,198.06,0.241,Desktop,Central,Returning
S0001764-C3270,3270,2024-11-06,10.32,0.815,Desktop,International,Returning
S0001765-C4643,4643,2025-01-11,63.13,0.696,Mobile,North,Returning
S0001766-C2339,2339,2025-04-12,90.00,0.174,Mobile,South,Returning
S0001767-C824,824,2025-01-14,113.55,0.052,Desktop,West,Returning
S0001768-C4576,4576,2025-03-01,136.54,0.911,Tablet,Central,Returning
S0001769-C3654,3654,2025-06-28,122.98,0.581,Desktop,Central,Returning
S0001770-C1337,1337,2024-11-08,34.54,0.481,Tablet,International,New
S0001771-C2510,2510,2025-04-30,20.37,0.540,Mobile,East,New
S0001772-C3626,3626,2025-01-28,138.07,0.709,Mobile,Central,New
S0001773-C4087,4087,2025-08-14,140.61,0.430,Desktop,Central,Returning
S0001774-C1847,1847,2024-12-19,60.73,0.474,Mobile,Central,Returning
S0001775-C1384,1384,2025-07-03,181.12,0.128,Tablet,South,Returning
S0001776-C1538,1538,2025-06-22,191.54,0.285,Mobile,East,Returning
S0001777-C3238,3238,2025-01-23,198.32,0.228,Desktop,East,Returning
S0001778-C518,518,2025-01-13,152.38,0.919,Mobile,Central,Returning
S0001779-C4485,4485,2025-07-31,131.16,0.114,Mobile,Central,Returning
S0001780-C924,924,2025-02-23,192.40,0.320,Mobile,South,New
S0001781-C3121,3121,2025-08-14,56.14,0.331,Tablet,West,New
S0001782-C2600,2600,2025-05-01,8.11,0.268,Desktop,Central,Returning
S0001783-C3162,3162,2025-07-30,94.31,0.173,Desktop,International,Returning
S0001784-C2052,2052,2025-02-12,87.81,0.584,Mobile,East,Returning
S0001785-C2943,2943,2024-11-27,190.03,0.519,Tablet,South,Returning
S0001786-C2396,2396,2024-09-26,25.25,0.854,Desktop,Central,Returning
S0001787-C1722,1722,2025-07-01,146.01,0.223,Tablet,South,New
S0001788-C3132,3132,2024-10-20,72.66,0.294,Desktop,West,Returning
S0001789-C1663,1663,2025-04-25,137.46,0.433,Desktop,North,New
S0001790-C1221,1221,2024-09-05,25.63,0.702,Desktop,North,Returning
S0001791-C3951,3951,2024-10-20,172.77,0.751,Desktop,South,Returning
S0001792-C1826,1826,2024-10-06,67.64,0.078,Desktop,West,Returning
S0001793-C1338,1338,2025-03-02,122.92,0.610,Desktop,East,Returning
S0001794-C2360,2360,2025-01-12,133.40,0.487,Mobile,Central,New
S0001795-C2219,2219,2024-09-17,72.06,0.938,Tablet,South,Returning
S0001796-C4420,4420,2025-02-08,12.87,0.673,Desktop,South,Returning
S0001797-C3441,3441,2024-09-08,149.16,0.809,Tablet,East,Returning
S0001798-C823,823,2025-05-14,185.63,0.759,Desktop,East,Returning
S0001799-C3383,3383,2025-01-04,34.64,0.900,Desktop,South,Returning
S0001800-C4662,4662,2024-11-15,17.49,0.146,Desktop,North,Returning
S0001801-C3625,3625,2025-02-15,89.52,0.648,Tablet,International,Returning
S0001802-C1460,1460,2025-01-01,72.91,0.841,Desktop,International,Returning
S0001803-C2063,2063,2024-10-12,21.13,0.880,Desktop,Central,Returning
S0001804-C1124,1124,2025-07-17,172.29,0.937,Mobile,Central,Returning
S0001805-C3570,3570,2025-06-28,130.90,0.765,Desktop,West,Returning
S0001806-C2560,2560,2024-12-30,145.39,0.659,Desktop,International,Returning
S0001807-C3823,3823,2024-11-15,118.69,0.621,Mobile,North,New
S0001808-C2872,2872,2025-03-31,60.58,0.319,Mobile,North,Returning
S0001809-C4440,4440,2025-05-26,119.19,0.252,Desktop,International,Returning
S0001810-C3850,3850,2025-08-23,145.95,0.613,Tablet,Central,Returning
S0001811-C3277,3277,2025-01-05,42.75,0.195,Desktop,South,New
S0001812-C4361,4361,2024-10-23,115.21,0.378,Desktop,East,Returning
S0001813-C386,386,2025-03-17,195.76,0.561,Tablet,Central,Returning
S0001814-C1507,1507,2025-03-09,84.77,0.700,Mobile,West,Returning
S0001815-C3713,3713,2024-12-14,50.49,0.207,Desktop,North,Returning
S0001816-C1881,1881,2025-06-26,139.76,0.948,Tablet,East,Returning
S0001817-C4287,4287,2025-04-25,20.61,0.509,Desktop,Central,Returning
S0001818-C1807,1807,2024-11-20,145.90,0.373,Mobile,International,Returning
S0001819-C443,443,2025-03-13,0.78,0.642,Desktop,East,Returning
S0001820-C4375,4375,2024-12-09,186.17,0.519,Tablet,West,New
S0001821-C4060,4060,2024-10-11,184.78,0.053,Desktop,South,Returning
S0001822-C1316,1316,2025-07-01,192.84,0.382,Tablet,West,Returning
S0001823-C37,37,2024-10-14,59.84,0.863,Mobile,East,New
S0001824-C1009,1009,2024-11-09,71.73,0.424,Tablet,Central,Returning
S0001825-C2875,2875,2025-01-28,28.63,0.946,Mobile,Central,New
S0001826-C1193,1193,2024-09-29,161.49,0.341,Desktop,North,Returning
S0001827-C885,885,2025-01-29,63.87,0.848,Mobile,Central,New
S0001828-C3419,3419,2024-09-26,103.21,0.806,Mobile,Central,Returning
S0001829-C2604,2604,2025-04-17,44.61,0.090,Mobile,West,Returning
S0001830-C2417,2417,2025-08-25,110.97,0.744,Desktop,West,Returning
S0001831-C2082,2082,2025-08-03,11.31,0.139,Desktop,East,Returning
S0001832-C2694,2694,2025-02-02,37.69,0.284,Tablet,International,Returning
S0001833-C2231,2231,2025-01-29,104.95,0.866,Tablet,North,Returning
S0001834-C275,275,2024-09-21,93.99,0.562,Mobile,East,New
S0001835-C3716,3716,2025-01-08,184.05,0.690,Tablet,International,Returning
S0001836-C3628,3628,2025-08-02,29.25,0.534,Desktop,West,Returning
S0001837-C625,625,2025-03-27,141.11,0.302,Desktop,West,New
S0001838-C1617,1617,2025-01-20,1.25,0.271,Desktop,South,Returning
S0001839-C3445,3445,2024-12-23,58.99,0.462,Mobile,West,New
S0001840-C587,587,2025-02-03,86.22,0.487,Desktop,South,Returning
S0001841-C4248,4248,2025-07-06,28.38,0.316,Desktop,East,Returning
S0001842-C1298,1298,2025-05-13,130.63,0.416,Desktop,North,Returning
S0001843-C1227,1227,2025-01-17,56.99,0.601,Desktop,South,Returning
S0001844-C715,715,2024-12-19,196.77,0.835,Mobile,East,Returning
S0001845-C1143,1143,2025-03-18,103.12,0.282,Tablet,International,Returning
S0001846-C1772,1772,2025-03-01,72.44,0.370,Tablet,East,Returning
S0001847-C1552,1552,2024-10-18,67.32,0.160,Mobile,West,Returning
S0001848-C1085,1085,2024-11-11,56.86,0.105,Mobile,North,Returning
S0001849-C3823,3823,2024-10-23,180.73,0.050,Desktop,East,Returning
S0001850-C2451,2451,2025-04-19,57.78,0.400,Desktop,South,Returning
S0001851-C3913,3913,2025-05-31,167.44,0.478,Tablet,International,Returning
S0001852-C4024,4024,2025-04-30,39.32,0.065,Mobile,East,Returning
S0001853-C3949,3949,2025-07-12,48.40,0.809,Mobile,International,New
S0001854-C11,11,2025-02-08,141.47,0.868,Mobile,East,Returning
S0001855-C4732,4732,2024-10-05,121.13,0.375,Tablet,International,Returning
S0001856-C1191,1191,2025-07-25,142.56,0.327,Mobile,North,New
S0001857-C3405,3405,2024-10-16,50.41,0.665,Mobile,South,Returning
S0001858-C3186,3186,2025-04-20,167.50,0.174,Desktop,East,Returning
S0001859-C4319,4319,2024-11-29,18.83,0.284,Desktop,South,Returning
S0001860-C1925,1925,2025-02-05,120.40,0.370,Tablet,Central,New
S0001861-C206,206,2024-09-18,112.20,0.945,Desktop,East,Returning
S0001862-C3860,3860,2025-01-29,107.23,0.923,Desktop,South,Returning
S0001863-C3834,3834,2024-12-30,192.84,0.826,Mobile,West,Returning
S0001864-C4792,4792,2024-10-03,120.44,0.342,Tablet,North,New
S0001865-C1101,1101,2024-11-19,33.02,0.527,Desktop,South,Returning
S0001866-C4288,4288,2024-10-27,114.58,0.390,Desktop,Central,New
S0001867-C190,190,2025-07-22,71.62,0.507,Mobile,Central,Returning
S0001868-C2086,2086,2025-03-27,165.21,0.846,Tablet,North,Returning
S0001869-C817,817,2025-03-28,114.50,0.613,Mobile,North,Returning
S0001870-C2398,2398,2025-01-13,128.26,0.373,Tablet,South,Returning
S0001871-C4348,4348,2025-07-04,21.49,0.147,Desktop,Central,New
S0001872-C1751,1751,2025-04-07,173.73,0.223,Mobile,South,Returning
S0001873-C4645,4645,2024-09-16,183.79,0.744,Desktop,South,Returning
S0001874-C2610,2610,2024-11-18,54.83,0.110,Mobile,East,Returning
S0001875-C1359,1359,2025-02-08,181.29,0.859,Tablet,South,Returning
S0001876-C2266,2266,2025-03-11,185.81,0.295,Mobile,North,Returning
S0001877-C2849,2849,2025-06-10,68.23,0.118,Mobile,West,Returning
S0001878-C3358,3358,2025-04-11,170.70,0.182,Desktop,East,Returning
S0001879-C4117,4117,2025-05-26,156.95,0.204,Mobile,International,Returning
S0001880-C1312,1312,2024-09-04,15.47,0.471,Desktop,North,Returning
S0001881-C2284,2284,2025-06-29,82.52,0.584,Tablet,International,New
S0001882-C339,339,2024-09-15,102.64,0.713,Desktop,East,New
S0001883-C4327,4327,2025-07-17,189.07,0.412,Desktop,West,Returning
S0001884-C4753,4753,2025-04-05,21.27,0.371,Mobile,South,Returning
S0001885-C3565,3565,2024-10-12,42.15,0.450,Mobile,West,Returning
S0001886-C3095,3095,2025-06-05,51.34,0.604,Desktop,Central,Returning
S0001887-C2866,2866,2025-05-15,135.66,0.548,Tablet,International,Returning
S0001888-C3921,3921,2024-12-23,2.31,0.086,Desktop,Central,Returning
S0001889-C4250,4250,2025-05-12,178.30,0.584,Desktop,Central,Returning
S0001890-C2316,2316,2024-10-28,147.48,0.240,Tablet,West,Returning
S0001891-C356,356,2025-05-18,31.26,0.914,Desktop,Central,Returning
S0001892-C4702,4702,2025-06-29,192.40,0.356,Tablet,North,Returning
S0001893-C4647,4647,2025-06-15,37.57,0.368,Desktop,International,Returning
S0001894-C858,858,2025-06-08,112.93,0.208,Desktop,East,Returning
S0001895-C4526,4526,2025-05-18,130.58,0.449,Desktop,International,New
S0001896-C1470,1470,2025-04-16,184.81,0.533,Tablet,International,Returning
S0001897-C778,778,2024-11-14,86.87,0.798,Tablet,Central,Returning
S0001898-C1197,1197,2025-05-23,114.87,0.137,Tablet,West,Returning
S0001899-C3473,3473,2024-11-25,133.50,0.128,Mobile,International,New
S0001900-C1229,1229,2024-12-25,120.73,0.062,Desktop,South,Returning
S0001901-C3088,3088,2024-12-25,97.40,0.438,Tablet,South,Returning
S0001902-C2921,2921,2025-03-17,91.29,0.911,Mobile,South,Returning
S0001903-C1580,1580,2025-06-07,28.49,0.102,Tablet,North,New
S0001904-C624,624,2025-05-09,23.42,0.672,Desktop,East,Returning
S0001905-C475,475,2024-10-27,173.10,0.804,Mobile,East,Returning
S0001906-C4353,4353,2025-08-13,111.56,0.669,Tablet,Central,Returning
S0001907-C742,742,2025-05-10,5.83,0.285,Desktop,South,Returning
S0001908-C2524,2524,2024-10-14,162.88,0.478,Tablet,South,Returning
S0001909-C978,978,2024-10-24,119.37,0.477,Mobile,East,Returning
S0001910-C4174,4174,2025-06-10,109.70,0.150,Tablet,South,Returning
S0001911-C4992,4992,2025-08-20,15.34,0.356,Mobile,East,Returning
S0001912-C1638,1638,2024-10-24,39.46,0.481,Tablet,West,Returning
S0001913-C2340,2340,2025-08-12,156.96,0.780,Tablet,North,Returning
S0001914-C285,285,2025-02-16,87.82,0.617,Tablet,South,Returning
S0001915-C1855,1855,2025-04-18,132.50,0.273,Desktop,West,Returning
S0001916-C1519,1519,2025-06-01,51.52,0.578,Desktop,North,Returning
S0001917-C2579,2579,2025-04-04,84.39,0.886,Mobile,North,Returning
S0001918-C2210,2210,2025-06-23,109.08,0.234,Mobile,South,Returning
S0001919-C541,541,2025-05-04,47.33,0.272,Mobile,International,Returning
S0001920-C2339,2339,2024-10-09,196.35,0.300,Mobile,East,Returning
S0001921-C4238,4238,2025-03-20,124.61,0.784,Desktop,West,Returning
S0001922-C410,410,2025-05-16,29.27,0.857,Desktop,West,Returning
S0001923-C4358,4358,2024-10-04,170.06,0.565,Desktop,International,Returning
S0001924-C4449,4449,2025-01-20,60.88,0.714,Tablet,Central,New
S0001925-C433,433,2025-04-11,122.97,0.905,Tablet,Central,Returning
S0001926-C692,692,2024-11-04,123.81,0.657,Mobile,West,Returning
S0001927-C2880,2880,2025-07-11,179.82,0.157,Tablet,North,Returning
S0001928-C2681,2681,2024-12-09,189.65,0.597,Desktop,North,New
S0001929-C934,934,2025-01-29,58.08,0.718,Tablet,International,Returning
S0001930-C2931,2931,2025-08-08,97.15,0.304,Tablet,International,Returning
S0001931-C89,89,2024-11-01,3.62,0.633,Desktop,International,Returning
S0001932-C4287,4287,2025-06-13,87.22,0.568,Mobile,North,Returning
S0001933-C680,680,2024-09-02,97.17,0.494,Desktop,West,Returning
S0001934-C755,755,2025-03-10,170.63,0.844,Tablet,West,Returning
S0001935-C3091,3091,2025-01-09,53.97,0.477,Mobile,East,Returning
S0001936-C1276,1276,2025-03-29,56.22,0.210,Desktop,Central,Returning
S0001937-C2874,2874,2024-10-08,135.92,0.730,Tablet,East,Returning
S0001938-C2045,2045,2025-06-06,175.95,0.711,Desktop,International,Returning
S0001939-C4202,4202,2024-09-13,45.13,0.302,Tablet,Central,Returning
S0001940-C1480,1480,2025-05-09,120.47,0.156,Tablet,West,Returning
S0001941-C2427,2427,2025-07-07,45.12,0.697,Tablet,East,Returning
S0001942-C4103,4103,2024-10-28,132.45,0.803,Desktop,East,Returning
S0001943-C2924,2924,2025-02-21,158.27,0.437,Tablet,West,Returning
S0001944-C586,586,2024-10-10,4.60,0.491,Mobile,East,New
S0001945-C175,175,2024-09-12,131.99,0.447,Desktop,Central,Returning
S0001946-C1718,1718,2024-12-27,54.79,0.398,Desktop,East,Returning
S0001947-C779,779,2024-11-21,67.88,0.422,Desktop,North,Returning
S0001948-C1524,1524,2024-09-17,155.36,0.113,Desktop,International,Returning
S0001949-C304,304,2025-05-13,50.06,0.403,Desktop,International,Returning
S0001950-C3,3,2024-10-24,36.21,0.406,Mobile,International,Returning
S0001951-C918,918,2025-08-14,121.29,0.894,Tablet,West,New
S0001952-C4498,4498,2025-06-22,37.86,0.423,Mobile,South,Returning
S0001953-C1788,1788,2025-05-11,77.31,0.101,Desktop,East,Returning
S0001954-C977,977,2025-06-01,117.11,0.252,Mobile,North,Returning
S0001955-C431,431,2025-05-14,32.91,0.922,Mobile,International,New
S0001956-C2019,2019,2025-03-15,6.80,0.791,Desktop,West,Returning
S0001957-C4287,4287,2025-02-22,191.08,0.284,Mobile,East,Returning
S0001958-C1115,1115,2025-08-02,130.34,0.110,Mobile,Central,Returning
S0001959-C1843,1843,2024-08-28,171.96,0.338,Desktop,North,Returning
S0001960-C4021,4021,2025-07-26,1.18,0.751,Tablet,North,Returning
S0001961-C3918,3918,2025-06-24,102.16,0.084,Mobile,North,Returning
S0001962-C3437,3437,2024-09-17,125.00,0.332,Tablet,West,Returning
S0001963-C4524,4524,2025-08-04,116.47,0.711,Tablet,East,Returning
S0001964-C1444,1444,2025-02-16,148.82,0.189,Mobile,South,Returning
S0001965-C719,719,2025-08-24,116.52,0.864,Tablet,North,Returning
S0001966-C4845,4845,2025-04-13,187.41,0.571,Desktop,Central,New
S0001967-C3432,3432,2024-08-26,186.05,0.642,Mobile,West,New
S0001968-C4771,4771,2025-03-10,90.36,0.833,Tablet,East,Returning
S0001969-C945,945,2025-04-14,52.52,0.244,Desktop,Central,New
S0001970-C1592,1592,2025-06-30,164.38,0.629,Tablet,Central,Returning
S0001971-C4165,4165,2025-01-24,84.70,0.378,Mobile,West,Returning
S0001972-C1756,1756,2024-11-25,137.87,0.231,Tablet,North,Returning
S0001973-C3788,3788,2024-08-31,130.26,0.322,Mobile,International,Returning
S0001974-C4641,4641,2025-02-22,149.79,0.252,Tablet,Central,Returning
S0001975-C2521,2521,2024-11-30,34.12,0.629,Tablet,West,Returning
S0001976-C2413,2413,2024-10-17,165.47,0.565,Mobile,South,Returning
S0001977-C488,488,2025-04-30,63.43,0.608,Desktop,International,Returning
S0001978-C511,511,2024-12-24,7.77,0.218,Tablet,West,Returning
S0001979-C2197,2197,2025-01-28,110.69,0.090,Mobile,Central,Returning
S0001980-C2046,2046,2024-08-30,141.26,0.564,Tablet,International,Returning
S0001981-C1812,1812,2024-10-22,24.08,0.120,Desktop,International,Returning
S0001982-C1645,1645,2025-03-20,36.90,0.608,Mobile,International,Returning
S0001983-C4684,4684,2025-02-03,194.53,0.224,Desktop,Central,Returning
S0001984-C314,314,2024-12-27,25.13,0.626,Tablet,South,Returning
S0001985-C4474,4474,2024-08-29,54.03,0.390,Desktop,South,New
S0001986-C3112,3112,2024-10-15,88.78,0.620,Tablet,South,Returning
S0001987-C1899,1899,2025-04-05,162.15,0.845,Tablet,South,Returning
S0001988-C1815,1815,2025-02-26,75.56,0.418,Tablet,South,Returning
S0001989-C3231,3231,2025-03-17,55.40,0.100,Mobile,North,New
S0001990-C4658,4658,2025-02-01,4.12,0.422,Desktop,Central,Returning
S0001991-C1925,1925,2025-08-03,31.32,0.587,Mobile,Central,Returning
S0001992-C950,950,2025-08-05,142.92,0.412,Tablet,North,New
S0001993-C4458,4458,2025-05-14,149.33,0.843,Desktop,South,Returning
S0001994-C1953,1953,2024-11-05,170.03,0.804,Mobile,Central,Returning
S0001995-C1417,1417,2025-08-14,62.05,0.459,Mobile,East,Returning
S0001996-C3375,3375,2025-07-10,123.47,0.681,Mobile,South,Returning
S0001997-C4787,4787,2025-07-19,128.26,0.859,Mobile,North,New
S0001998-C3318,3318,2025-05-23,60.61,0.715,Tablet,Central,Returning
S0001999-C4918,4918,2025-06-01,45.17,0.431,Mobile,International,Returning
S0002000-C4441,4441,2025-03-21,97.94,0.191,Desktop,North,Returning
S0002001-C1499,1499,2024-09-10,177.00,0.549,Desktop,International,Returning
S0002002-C3087,3087,2025-05-27,77.82,0.231,Tablet,West,Returning
S0002003-C1115,1115,2024-09-18,1.82,0.265,Desktop,North,New
S0002004-C644,644,2025-04-19,73.42,0.755,Tablet,Central,Returning
S0002005-C4221,4221,2025-01-19,91.18,0.488,Desktop,International,New
S0002006-C245,245,2024-10-16,29.23,0.190,Mobile,South,New
S0002007-C4266,4266,2024-09-12,39.19,0.164,Desktop,International,New
S0002008-C4449,4449,2025-06-15,62.68,0.930,Tablet,Central,New
S0002009-C2012,2012,2025-02-13,88.80,0.617,Tablet,South,Returning
S0002010-C4732,4732,2025-06-06,53.91,0.664,Mobile,International,New
S0002011-C1773,1773,2025-01-16,194.65,0.090,Desktop,East,Returning
S0002012-C3414,3414,2025-02-12,123.82,0.496,Mobile,West,New
S0002013-C257,257,2024-11-30,104.99,0.426,Mobile,South,New
S0002014-C434,434,2025-03-22,176.04,0.155,Tablet,East,New
S0002015-C4644,4644,2025-01-09,67.85,0.789,Desktop,International,Returning
S0002016-C666,666,2024-10-26,150.81,0.300,Desktop,Central,Returning
S0002017-C4508,4508,2025-02-21,166.49,0.626,Tablet,West,Returning
S0002018-C2456,2456,2024-10-03,0.41,0.342,Mobile,North,Returning
S0002019-C1691,1691,2025-03-06,70.49,0.358,Mobile,South,Returning
S0002020-C2458,2458,2024-12-02,34.51,0.657,Tablet,South,Returning
S0002021-C3526,3526,2025-03-14,26.70,0.337,Desktop,North,Returning
S0002022-C806,806,2025-02-22,9.64,0.700,Mobile,North,Returning
S0002023-C2974,2974,2024-12-04,167.06,0.054,Mobile,West,Returning
S0002024-C4286,4286,2025-04-24,24.54,0.587,Mobile,South,Returning
S0002025-C1220,1220,2025-04-23,194.68,0.809,Desktop,International,Returning
S0002026-C3618,3618,2024-10-20,14.12,0.777,Tablet,Central,New
S0002027-C2155,2155,2024-11-07,139.38,0.132,Mobile,West,Returning
S0002028-C2129,2129,2025-05-07,47.47,0.300,Tablet,West,Returning
S0002029-C388,388,2025-07-06,92.51,0.856,Desktop,Central,Returning
S0002030-C2152,2152,2025-02-16,62.59,0.052,Desktop,East,Returning
S0002031-C3817,3817,2025-07-14,57.97,0.141,Mobile,International,Returning
S0002032-C4173,4173,2024-12-18,184.79,0.557,Desktop,West,Returning
S0002033-C4938,4938,2025-04-04,199.96,0.789,Desktop,North,New
S0002034-C242,242,2025-07-29,46.62,0.895,Tablet,North,Returning
S0002035-C2740,2740,2025-04-28,197.92,0.921,Tablet,East,Returning
S0002036-C4445,4445,2025-02-25,162.72,0.572,Mobile,West,Returning
S0002037-C1553,1553,2025-04-13,182.68,0.464,Mobile,East,Returning
S0002038-C3931,3931,2024-12-10,36.58,0.761,Mobile,West,Returning
S0002039-C4262,4262,2025-03-26,105.60,0.400,Mobile,West,New
S0002040-C3387,3387,2025-08-16,19.66,0.422,Tablet,West,Returning
S0002041-C398,398,2025-08-14,183.98,0.504,Tablet,South,Returning
S0002042-C840,840,2025-06-14,97.07,0.800,Tablet,North,New
S0002043-C2739,2739,2025-05-04,181.67,0.600,Desktop,Central,New
S0002044-C4936,4936,2024-12-22,84.01,0.114,Desktop,South,New
S0002045-C2410,2410,2025-06-01,145.78,0.896,Mobile,Central,New
S0002046-C2933,2933,2025-03-14,98.54,0.151,Desktop,North,New
S0002047-C2223,2223,2024-10-31,151.39,0.347,Mobile,International,Returning
S0002048-C2142,2142,2024-10-24,179.00,0.920,Desktop,International,Returning
S0002049-C2310,2310,2024-10-01,23.54,0.848,Desktop,Central,Returning
S0002050-C306,306,2024-09-17,102.12,0.713,Desktop,West,Returning
S0002051-C3685,3685,2024-10-15,18.28,0.838,Desktop,International,New
S0002052-C526,526,2025-08-06,190.03,0.582,Desktop,Central,Returning
S0002053-C659,659,2025-06-10,130.88,0.628,Desktop,South,Returning
S0002054-C1024,1024,2025-02-12,10.52,0.647,Desktop,Central,Returning
S0002055-C958,958,2025-03-30,91.26,0.107,Tablet,West,Returning
S0002056-C3902,3902,2025-05-25,184.68,0.823,Mobile,North,Returning
S0002057-C4752,4752,2024-09-25,147.38,0.888,Mobile,East,Returning
S0002058-C107,107,2025-02-25,84.48,0.608,Tablet,South,New
S0002059-C1456,1456,2025-04-29,149.77,0.744,Mobile,Central,Returning
S0002060-C4682,4682,2025-06-12,43.64,0.477,Tablet,South,Returning
S0002061-C4787,4787,2024-12-11,131.56,0.204,Tablet,International,Returning
S0002062-C2786,2786,2025-06-02,97.50,0.718,Desktop,North,Returning
S0002063-C2783,2783,2024-10-28,92.26,0.795,Tablet,South,Returning
S0002064-C1028,1028,2025-04-13,44.70,0.062,Mobile,International,Returning
S0002065-C4455,4455,2024-11-02,78.63,0.524,Mobile,Central,New
S0002066-C1155,1155,2024-08-30,48.62,0.279,Mobile,International,New
S0002067-C3406,3406,2025-07-22,86.07,0.831,Desktop,West,New
S0002068-C852,852,2024-11-01,112.19,0.376,Desktop,West,Returning
S0002069-C382,382,2025-04-17,111.48,0.694,Tablet,East,New
S0002070-C2939,2939,2025-02-17,167.62,0.617,Mobile,South,Returning
S0002071-C4076,4076,2025-03-08,177.46,0.083,Mobile,West,Returning
S0002072-C1426,1426,2025-02-08,171.86,0.651,Tablet,Central,Returning
S0002073-C1300,1300,2025-07-21,140.62,0.253,Desktop,East,New
S0002074-C264,264,2025-08-02,34.04,0.639,Tablet,International,Returning
S0002075-C154,154,2025-03-23,8.69,0.892,Mobile,International,New
S0002076-C2050,2050,2024-09-26,68.06,0.914,Tablet,North,Returning
S0002077-C2398,2398,2025-05-08,11.47,0.400,Tablet,Central,New
S0002078-C3797,3797,2025-05-14,28.80,0.830,Tablet,International,Returning
S0002079-C2960,2960,2025-04-18,0.85,0.908,Tablet,International,Returning
S0002080-C3592,3592,2024-12-05,90.38,0.136,Desktop,South,Returning
S0002081-C1554,1554,2024-11-13,196.39,0.555,Tablet,West,Returning
S0002082-C3285,3285,2024-11-13,187.02,0.349,Tablet,South,Returning
S0002083-C1666,1666,2025-06-28,161.60,0.550,Mobile,North,Returning
S0002084-C4870,4870,2025-02-25,113.61,0.362,Desktop,North,Returning
S0002085-C4081,4081,2024-11-04,118.14,0.527,Tablet,Central,Returning
S0002086-C2216,2216,2025-07-17,42.57,0.715,Desktop,North,New
S0002087-C2827,2827,2025-04-12,33.16,0.691,Desktop,South,Returning
S0002088-C4553,4553,2025-02-27,145.47,0.195,Mobile,West,Returning
S0002089-C3900,3900,2024-10-11,4.67,0.499,Mobile,West,Returning
S0002090-C2099,2099,2025-02-17,66.52,0.147,Mobile,East,Returning
S0002091-C1721,1721,2024-10-30,14.26,0.855,Desktop,West,Returning
S0002092-C2768,2768,2024-09-18,3.64,0.306,Mobile,International,Returning
S0002093-C4744,4744,2025-03-25,51.72,0.077,Mobile,Central,Returning
S0002094-C3531,3531,2025-07-24,64.09,0.355,Tablet,West,New
S0002095-C1617,1617,2025-03-14,56.39,0.103,Mobile,North,Returning
S0002096-C2873,2873,2025-08-17,78.53,0.854,Desktop,Central,Returning
S0002097-C3174,3174,2025-06-13,21.37,0.885,Desktop,Central,New
S0002098-C4664,4664,2025-03-12,96.85,0.096,Tablet,International,Returning
S0002099-C555,555,2024-12-06,51.31,0.166,Tablet,International,Returning
S0002100-C3417,3417,2025-03-25,11.22,0.065,Tablet,West,Returning
S0002101-C4575,4575,2024-10-11,122.95,0.462,Mobile,International,Returning
S0002102-C567,567,2024-11-21,92.39,0.076,Tablet,Central,Returning
S0002103-C321,321,2025-01-11,181.25,0.655,Mobile,South,New
S0002104-C3266,3266,2025-07-12,130.82,0.862,Mobile,North,Returning
S0002105-C3687,3687,2024-09-08,120.09,0.153,Tablet,West,Returning
S0002106-C4240,4240,2025-04-04,85.65,0.912,Mobile,West,Returning
S0002107-C4097,4097,2024-10-28,134.39,0.844,Mobile,South,Returning
S0002108-C929,929,2025-01-05,125.63,0.257,Desktop,West,Returning
S0002109-C4358,4358,2025-05-07,180.44,0.591,Desktop,Central,Returning
S0002110-C3703,3703,2025-08-21,167.75,0.192,Desktop,International,Returning
S0002111-C2529,2529,2025-01-11,118.09,0.129,Tablet,North,Returning
S0002112-C2925,2925,2024-10-22,92.48,0.753,Mobile,South,Returning
S0002113-C4552,4552,2025-04-24,190.80,0.733,Tablet,East,New
S0002114-C2862,2862,2025-03-26,73.11,0.570,Tablet,South,Returning
S0002115-C1698,1698,2025-05-21,59.57,0.679,Mobile,International,Returning
S0002116-C921,921,2025-02-04,43.52,0.434,Mobile,North,New
S0002117-C1488,1488,2025-07-18,128.31,0.849,Mobile,International,Returning
S0002118-C427,427,2025-02-03,106.69,0.944,Mobile,International,New
S0002119-C2003,2003,2025-03-27,173.85,0.143,Tablet,South,Returning
S0002120-C3376,3376,2024-09-19,128.68,0.424,Desktop,East,New
S0002121-C3366,3366,2025-05-19,66.00,0.806,Desktop,West,New
S0002122-C3331,3331,2025-06-27,162.33,0.565,Mobile,East,Returning
S0002123-C3559,3559,2025-06-18,159.79,0.441,Tablet,West,Returning
S0002124-C4514,4514,2024-09-14,5.97,0.326,Mobile,South,New
S0002125-C4449,4449,2024-09-02,45.51,0.230,Desktop,International,Returning
S0002126-C4264,4264,2025-04-07,73.18,0.658,Desktop,East,Returning
S0002127-C4246,4246,2025-05-15,170.82,0.437,Mobile,West,Returning
S0002128-C1190,1190,2024-10-01,157.61,0.265,Tablet,East,Returning
S0002129-C1170,1170,2025-08-13,94.23,0.277,Tablet,East,Returning
S0002130-C3951,3951,2025-03-26,144.25,0.366,Mobile,International,Returning
S0002131-C563,563,2025-05-23,191.32,0.056,Desktop,Central,Returning
S0002132-C43,43,2025-01-15,4.61,0.308,Mobile,International,Returning
S0002133-C2463,2463,2025-03-12,159.91,0.618,Tablet,International,Returning
S0002134-C1887,1887,2025-05-29,17.27,0.681,Desktop,North,Returning
S0002135-C361,361,2024-12-16,48.11,0.166,Tablet,South,Returning
S0002136-C688,688,2025-01-19,115.21,0.128,Tablet,South,Returning
S0002137-C2309,2309,2025-02-11,57.57,0.802,Desktop,North,Returning
S0002138-C3382,3382,2025-05-22,56.47,0.613,Desktop,West,Returning
S0002139-C948,948,2024-12-11,190.57,0.636,Mobile,North,Returning
S0002140-C4232,4232,2025-05-24,148.97,0.909,Mobile,Central,Returning
S0002141-C4447,4447,2025-08-09,112.94,0.666,Tablet,West,Returning
S0002142-C4230,4230,2025-07-27,172.12,0.108,Tablet,East,Returning
S0002143-C4594,4594,2024-11-27,191.68,0.557,Tablet,North,Returning
S0002144-C948,948,2025-06-10,95.78,0.740,Mobile,Central,New
S0002145-C4231,4231,2024-12-07,8.11,0.100,Desktop,West,Returning
S0002146-C536,536,2024-11-17,107.74,0.390,Desktop,South,Returning
S0002147-C4270,4270,2025-04-18,42.36,0.945,Mobile,Central,Returning
S0002148-C2442,2442,2024-10-10,182.19,0.886,Tablet,Central,New
S0002149-C2082,2082,2025-01-07,181.65,0.632,Mobile,West,Returning
S0002150-C3991,3991,2025-03-28,132.07,0.112,Mobile,West,Returning
S0002151-C4637,4637,2024-11-11,30.09,0.403,Mobile,East,Returning
S0002152-C3687,3687,2025-02-04,112.91,0.191,Desktop,International,Returning
S0002153-C1399,1399,2025-03-11,92.18,0.882,Desktop,East,Returning
S0002154-C3516,3516,2025-04-26,112.11,0.771,Desktop,South,New
S0002155-C3504,3504,2025-05-03,92.34,0.383,Mobile,South,Returning
S0002156-C4266,4266,2025-06-29,45.62,0.651,Mobile,South,Returning
S0002157-C897,897,2024-12-14,189.38,0.629,Mobile,International,Returning
S0002158-C2227,2227,2025-06-02,164.19,0.420,Mobile,Central,Returning
S0002159-C4991,4991,2025-02-26,95.59,0.866,Desktop,Central,Returning
S0002160-C2270,2270,2025-01-14,140.37,0.654,Desktop,South,Returning
S0002161-C2465,2465,2025-07-06,43.68,0.656,Tablet,West,Returning
S0002162-C1254,1254,2025-02-15,175.32,0.775,Mobile,West,Returning
S0002163-C4110,4110,2024-09-06,74.24,0.908,Mobile,East,New
S0002164-C1473,1473,2025-07-02,172.95,0.837,Tablet,South,New
S0002165-C1626,1626,2025-02-10,142.64,0.908,Mobile,South,Returning
S0002166-C2815,2815,2025-04-05,51.64,0.161,Tablet,Central,Returning
S0002167-C3506,3506,2025-01-23,166.31,0.407,Mobile,South,Returning
S0002168-C1891,1891,2025-04-03,167.72,0.058,Mobile,West,Returning
S0002169-C4007,4007,2025-04-02,119.07,0.749,Desktop,South,Returning
S0002170-C1012,1012,2025-04-06,65.71,0.483,Mobile,Central,New
S0002171-C1668,1668,2025-03-08,67.29,0.302,Mobile,North,Returning
S0002172-C3146,3146,2024-09-07,187.27,0.759,Desktop,South,New
S0002173-C1092,1092,2025-08-04,126.72,0.946,Desktop,East,Returning
S0002174-C1927,1927,2024-11-07,168.63,0.785,Mobile,South,Returning
S0002175-C3017,3017,2025-05-11,129.01,0.367,Tablet,North,Returning
S0002176-C1157,1157,2025-03-02,146.09,0.228,Tablet,East,Returning
S0002177-C3390,3390,2024-12-22,69.38,0.686,Mobile,East,Returning
S0002178-C53,53,2025-03-17,36.58,0.577,Mobile,North,Returning
S0002179-C2565,2565,2024-11-09,85.38,0.730,Mobile,South,Returning
S0002180-C708,708,2025-08-07,164.95,0.927,Mobile,North,New
S0002181-C1684,1684,2025-04-10,175.05,0.270,Mobile,South,Returning
S0002182-C3646,3646,2025-07-05,103.20,0.192,Desktop,Central,Returning
S0002183-C2759,2759,2024-09-30,172.74,0.596,Mobile,East,Returning
S0002184-C959,959,2024-09-24,3.16,0.342,Mobile,International,Returning
S0002185-C867,867,2025-02-08,39.15,0.364,Desktop,Central,Returning
S0002186-C500,500,2024-12-17,30.40,0.670,Tablet,International,Returning
S0002187-C2195,2195,2024-09-11,91.39,0.429,Tablet,East,Returning
S0002188-C4098,4098,2024-12-19,193.28,0.749,Tablet,West,New
S0002189-C2080,2080,2024-09-13,99.78,0.632,Tablet,Central,Returning
S0002190-C928,928,2025-02-28,178.14,0.937,Desktop,South,Returning
S0002191-C698,698,2025-05-28,161.11,0.314,Desktop,East,Returning
S0002192-C1959,1959,2024-10-17,22.38,0.939,Mobile,North,Returning
S0002193-C4537,4537,2025-05-02,172.40,0.374,Desktop,International,Returning
S0002194-C2385,2385,2025-02-15,39.23,0.414,Mobile,International,Returning
S0002195-C3059,3059,2025-02-01,195.46,0.229,Desktop,Central,Returning
S0002196-C4279,4279,2025-07-30,159.09,0.734,Mobile,Central,Returning
S0002197-C4856,4856,2024-10-12,87.73,0.574,Mobile,South,Returning
S0002198-C4802,4802,2024-10-28,51.22,0.769,Desktop,Central,Returning
S0002199-C2968,2968,2025-07-18,150.20,0.442,Tablet,South,Returning
S0002200-C1204,1204,2024-12-22,130.94,0.273,Desktop,West,Returning
S0002201-C2829,2829,2024-09-05,32.75,0.862,Desktop,East,Returning
S0002202-C1601,1601,2024-09-30,111.66,0.122,Tablet,East,Returning
S0002203-C3490,3490,2025-06-25,148.97,0.249,Tablet,Central,Returning
S0002204-C913,913,2025-04-18,45.60,0.117,Tablet,South,New
S0002205-C2771,2771,2025-01-05,105.13,0.694,Desktop,International,Returning
S0002206-C4069,4069,2025-05-30,152.66,0.134,Desktop,West,Returning
S0002207-C3978,3978,2025-04-02,120.42,0.785,Desktop,International,Returning
S0002208-C3189,3189,2025-02-23,118.80,0.469,Mobile,East,New
S0002209-C810,810,2024-12-09,13.06,0.227,Tablet,East,Returning
S0002210-C3010,3010,2025-08-09,83.90,0.916,Mobile,International,Returning
S0002211-C386,386,2025-06-30,107.23,0.248,Mobile,Central,Returning
S0002212-C1238,1238,2025-01-02,97.40,0.498,Desktop,West,New
S0002213-C3525,3525,2025-07-03,124.37,0.651,Mobile,East,Returning
S0002214-C3496,3496,2025-03-17,21.67,0.246,Tablet,South,Returning
S0002215-C1849,1849,2025-07-16,88.83,0.850,Desktop,International,New
S0002216-C4786,4786,2025-03-31,30.59,0.545,Desktop,Central,New
S0002217-C2020,2020,2025-02-16,80.05,0.441,Tablet,West,Returning
S0002218-C2384,2384,2024-09-26,27.92,0.911,Mobile,International,Returning
S0002219-C1336,1336,2025-03-03,121.64,0.586,Desktop,International,Returning
S0002220-C917,917,2024-12-31,139.59,0.537,Mobile,East,Returning
S0002221-C2053,2053,2025-08-18,175.16,0.333,Tablet,Central,New
S0002222-C729,729,2025-03-24,134.59,0.139,Mobile,North,Returning
S0002223-C3088,3088,2025-06-23,3.50,0.559,Tablet,South,Returning
S0002224-C1844,1844,2025-07-22,73.55,0.549,Tablet,Central,Returning
S0002225-C4695,4695,2025-02-22,142.98,0.100,Desktop,East,New
S0002226-C4692,4692,2025-03-20,71.79,0.491,Mobile,East,Returning
S0002227-C1269,1269,2025-01-22,37.90,0.209,Desktop,North,Returning
S0002228-C1985,1985,2025-08-06,14.58,0.236,Tablet,East,Returning
S0002229-C3007,3007,2025-01-02,83.90,0.197,Mobile,South,Returning
S0002230-C1252,1252,2024-11-21,9.02,0.903,Mobile,South,New
S0002231-C4295,4295,2025-08-04,142.63,0.403,Tablet,International,New
S0002232-C32,32,2025-01-31,162.80,0.383,Mobile,International,Returning
S0002233-C2304,2304,2024-09-16,65.30,0.776,Desktop,International,New
S0002234-C323,323,2024-09-18,97.97,0.625,Tablet,Central,Returning
S0002235-C4589,4589,2025-04-22,192.08,0.747,Tablet,West,New
S0002236-C4071,4071,2024-12-25,177.65,0.449,Mobile,East,Returning
S0002237-C4842,4842,2025-02-21,125.93,0.615,Desktop,East,New
S0002238-C1203,1203,2025-08-23,61.36,0.515,Mobile,Central,Returning
S0002239-C118,118,2025-02-19,98.92,0.890,Desktop,North,New
S0002240-C4993,4993,2024-11-19,166.86,0.836,Tablet,Central,Returning
S0002241-C2342,2342,2025-01-19,116.71,0.162,Tablet,International,Returning
S0002242-C3338,3338,2025-04-17,156.12,0.800,Tablet,West,Returning
S0002243-C1760,1760,2024-10-28,14.14,0.840,Desktop,South,Returning
S0002244-C4254,4254,2025-07-23,182.38,0.303,Tablet,West,Returning
S0002245-C819,819,2025-06-13,103.61,0.936,Mobile,International,Returning
S0002246-C630,630,2025-02-08,69.20,0.136,Mobile,International,Returning
S0002247-C2735,2735,2024-09-10,29.14,0.821,Tablet,West,Returning
S0002248-C4084,4084,2024-11-04,116.94,0.502,Tablet,South,New
S0002249-C4574,4574,2025-07-17,160.39,0.664,Desktop,International,Returning
S0002250-C2551,2551,2024-10-09,171.22,0.634,Tablet,East,New
S0002251-C1821,1821,2025-03-24,6.16,0.842,Desktop,International,Returning
S0002252-C1185,1185,2025-03-26,74.46,0.601,Tablet,International,Returning
S0002253-C742,742,2025-07-29,185.88,0.430,Desktop,East,Returning
S0002254-C4412,4412,2025-08-08,119.56,0.808,Mobile,West,Returning
S0002255-C222,222,2025-01-23,161.88,0.303,Tablet,North,Returning
S0002256-C2593,2593,2025-01-25,70.40,0.064,Desktop,North,Returning
S0002257-C83,83,2025-04-15,153.00,0.713,Mobile,Central,Returning
S0002258-C903,903,2025-03-01,177.47,0.932,Desktop,South,Returning
S0002259-C3650,3650,2025-06-20,143.33,0.085,Desktop,North,Returning
S0002260-C4224,4224,2024-09-28,1.29,0.327,Mobile,Central,Returning
S0002261-C678,678,2025-06-23,92.16,0.755,Mobile,South,New
S0002262-C875,875,2024-11-14,74.31,0.518,Mobile,International,Returning
S0002263-C4098,4098,2025-03-17,150.78,0.448,Tablet,East,Returning
S0002264-C4753,4753,2025-08-14,60.85,0.435,Desktop,International,Returning
S0002265-C1222,1222,2025-02-06,3.65,0.447,Desktop,East,Returning
S0002266-C4939,4939,2024-08-28,199.94,0.069,Desktop,East,Returning
S0002267-C2783,2783,2024-10-30,86.77,0.686,Desktop,North,Returning
S0002268-C2895,2895,2025-05-23,110.80,0.946,Desktop,West,Returning
S0002269-C1025,1025,2025-08-10,120.81,0.850,Mobile,West,Returning
S0002270-C2522,2522,2024-12-06,15.81,0.266,Tablet,North,Returning
S0002271-C3214,3214,2025-03-12,71.39,0.422,Tablet,Central,Returning
S0002272-C2477,2477,2025-06-02,134.71,0.655,Mobile,Central,Returning
S0002273-C4793,4793,2025-01-24,9.78,0.491,Desktop,North,Returning
S0002274-C2443,2443,2025-03-09,171.16,0.848,Tablet,West,Returning
S0002275-C2679,2679,2025-01-29,50.22,0.537,Tablet,North,Returning
S0002276-C2812,2812,2025-03-17,106.43,0.347,Desktop,South,New
S0002277-C530,530,2024-08-31,121.72,0.129,Mobile,Central,New
S0002278-C1309,1309,2024-09-21,169.01,0.452,Tablet,North,Returning
S0002279-C4965,4965,2024-10-07,87.65,0.537,Mobile,South,Returning
S0002280-C1617,1617,2025-05-31,41.88,0.356,Desktop,South,Returning
S0002281-C819,819,2025-02-13,32.97,0.258,Mobile,West,New
S0002282-C1733,1733,2025-01-03,34.29,0.888,Desktop,International,New
S0002283-C4143,4143,2024-11-01,118.47,0.513,Tablet,East,Returning
S0002284-C4056,4056,2025-01-30,81.81,0.356,Mobile,East,Returning
S0002285-C2121,2121,2025-05-26,197.19,0.207,Tablet,North,Returning
S0002286-C2726,2726,2025-07-23,164.97,0.813,Tablet,South,New
S0002287-C4326,4326,2024-10-06,166.47,0.505,Desktop,West,New
S0002288-C2038,2038,2024-10-16,15.61,0.779,Tablet,West,Returning
S0002289-C277,277,2024-10-11,40.24,0.397,Desktop,East,Returning
S0002290-C2522,2522,2025-04-13,66.07,0.541,Tablet,North,New
S0002291-C149,149,2025-08-10,23.86,0.474,Tablet,West,Returning
S0002292-C3841,3841,2025-07-07,76.00,0.490,Desktop,North,Returning
S0002293-C3961,3961,2024-11-17,96.71,0.142,Desktop,International,Returning
S0002294-C4361,4361,2025-08-05,133.89,0.208,Tablet,Central,Returning
S0002295-C533,533,2024-09-01,118.10,0.056,Desktop,South,Returning
S0002296-C2075,2075,2025-07-17,58.23,0.171,Tablet,West,Returning
S0002297-C4301,4301,2024-11-30,20.17,0.316,Desktop,International,Returning
S0002298-C427,427,2025-06-14,148.68,0.156,Mobile,East,New
S0002299-C558,558,2025-05-02,50.28,0.325,Tablet,International,Returning
S0002300-C1124,1124,2024-10-06,151.05,0.157,Desktop,South,Returning
S0002301-C1718,1718,2025-04-02,192.71,0.609,Desktop,South,Returning
S0002302-C2264,2264,2025-08-22,137.41,0.417,Tablet,Central,Returning
S0002303-C482,482,2025-06-09,155.96,0.282,Tablet,International,New
S0002304-C1301,1301,2025-06-19,28.31,0.189,Mobile,South,Returning
S0002305-C4229,4229,2025-06-04,117.87,0.294,Mobile,North,Returning
S0002306-C4036,4036,2025-02-10,54.63,0.724,Tablet,East,New
S0002307-C2375,2375,2025-08-23,121.31,0.062,Desktop,South,Returning
S0002308-C3915,3915,2025-07-29,5.23,0.865,Mobile,West,Returning
S0002309-C4876,4876,2024-09-20,146.12,0.823,Desktop,International,Returning
S0002310-C1333,1333,2025-08-01,107.18,0.481,Tablet,East,New
S0002311-C4668,4668,2025-03-21,72.32,0.510,Mobile,Central,Returning
S0002312-C3943,3943,2025-08-21,138.74,0.440,Desktop,North,Returning
S0002313-C1927,1927,2024-10-09,47.83,0.553,Desktop,Central,Returning
S0002314-C1901,1901,2025-08-25,174.07,0.361,Desktop,West,Returning
S0002315-C1148,1148,2025-08-14,92.95,0.259,Tablet,North,Returning
S0002316-C1650,1650,2025-01-10,24.63,0.723,Mobile,West,Returning
S0002317-C4298,4298,2025-03-02,168.25,0.729,Desktop,International,New
S0002318-C3730,3730,2025-04-28,78.69,0.940,Tablet,International,Returning
S0002319-C904,904,2025-07-30,163.39,0.832,Tablet,International,Returning
S0002320-C3592,3592,2025-01-21,162.04,0.295,Tablet,Central,Returning
S0002321-C1779,1779,2024-12-25,54.70,0.377,Tablet,International,Returning
S0002322-C2503,2503,2025-06-09,113.38,0.224,Desktop,Central,Returning
S0002323-C3044,3044,2025-07-13,153.25,0.478,Desktop,International,Returning
S0002324-C1241,1241,2025-04-25,187.29,0.656,Mobile,Central,New
S0002325-C3277,3277,2024-12-17,95.68,0.343,Desktop,International,Returning
S0002326-C3900,3900,2024-10-16,191.18,0.232,Desktop,North,New
S0002327-C1255,1255,2024-09-28,157.58,0.244,Tablet,International,Returning
S0002328-C1976,1976,2024-12-14,59.89,0.416,Desktop,East,Returning
S0002329-C4075,4075,2025-01-25,94.41,0.599,Mobile,East,Returning
S0002330-C4719,4719,2025-04-22,176.84,0.403,Desktop,East,Returning
S0002331-C1182,1182,2025-01-19,57.58,0.627,Mobile,Central,Returning
S0002332-C1179,1179,2025-03-27,73.69,0.587,Tablet,West,Returning
S0002333-C831,831,2025-01-05,137.99,0.533,Mobile,East,Returning
S0002334-C4742,4742,2025-04-23,171.92,0.298,Tablet,North,Returning
S0002335-C3013,3013,2024-11-21,197.83,0.651,Mobile,International,New
S0002336-C1053,1053,2025-01-22,62.91,0.775,Desktop,International,Returning
S0002337-C3440,3440,2025-06-01,20.47,0.781,Tablet,South,Returning
S0002338-C4550,4550,2025-03-27,68.46,0.472,Desktop,South,Returning
S0002339-C82,82,2025-04-14,155.80,0.768,Mobile,International,Returning
S0002340-C2212,2212,2024-09-05,105.95,0.711,Desktop,South,Returning
S0002341-C2247,2247,2024-11-09,122.73,0.672,Mobile,North,New
S0002342-C4286,4286,2024-11-20,49.63,0.904,Desktop,North,Returning
S0002343-C2224,2224,2024-10-11,6.61,0.541,Mobile,East,Returning
S0002344-C2583,2583,2024-11-14,70.15,0.422,Desktop,International,New
S0002345-C904,904,2025-02-28,180.00,0.081,Mobile,South,Returning
S0002346-C3652,3652,2024-09-18,97.62,0.620,Tablet,West,Returning
S0002347-C3918,3918,2025-06-28,89.51,0.733,Mobile,International,Returning
S0002348-C4272,4272,2025-01-23,76.16,0.174,Mobile,South,Returning
S0002349-C4018,4018,2025-06-27,80.86,0.529,Mobile,West,Returning
S0002350-C3140,3140,2025-04-07,9.34,0.118,Desktop,International,New
S0002351-C2216,2216,2025-08-13,167.32,0.125,Tablet,South,Returning
S0002352-C3252,3252,2025-07-02,159.19,0.529,Desktop,Central,Returning
S0002353-C3493,3493,2025-02-24,81.87,0.540,Mobile,Central,Returning
S0002354-C3945,3945,2024-08-31,111.66,0.803,Mobile,North,Returning
S0002355-C402,402,2025-02-26,47.43,0.679,Tablet,Central,Returning
S0002356-C1401,1401,2025-06-29,189.58,0.290,Mobile,West,Returning
S0002357-C3995,3995,2024-11-21,80.30,0.706,Mobile,North,Returning
S0002358-C2862,2862,2024-12-11,162.62,0.903,Desktop,West,Returning
S0002359-C3668,3668,2024-12-26,25.63,0.629,Tablet,South,Returning
S0002360-C3776,3776,2024-12-16,38.41,0.847,Tablet,West,Returning
S0002361-C2917,2917,2025-03-06,122.09,0.622,Mobile,International,New
S0002362-C644,644,2025-05-21,187.20,0.848,Mobile,East,Returning
S0002363-C4730,4730,2025-05-02,148.70,0.742,Mobile,Central,Returning
S0002364-C2808,2808,2024-10-01,161.79,0.364,Desktop,West,Returning
S0002365-C459,459,2025-06-01,179.59,0.757,Desktop,Central,Returning
S0002366-C2130,2130,2025-08-23,150.06,0.711,Mobile,International,Returning
S0002367-C3531,3531,2024-12-25,42.63,0.110,Tablet,South,Returning
S0002368-C2714,2714,2024-10-01,174.72,0.650,Tablet,West,Returning
S0002369-C4532,4532,2025-04-18,10.10,0.222,Tablet,East,Returning
S0002370-C3324,3324,2024-09-20,131.44,0.496,Mobile,North,Returning
S0002371-C1386,1386,2025-04-20,183.17,0.528,Tablet,International,Returning
S0002372-C810,810,2024-11-02,115.42,0.453,Mobile,South,Returning
S0002373-C3524,3524,2025-07-03,124.04,0.644,Mobile,South,Returning
S0002374-C1629,1629,2025-06-03,33.17,0.179,Desktop,Central,Returning
S0002375-C1982,1982,2024-09-16,104.31,0.753,Mobile,East,Returning
S0002376-C4518,4518,2025-07-13,176.21,0.095,Mobile,International,Returning
S0002377-C2326,2326,2025-03-16,164.90,0.761,Mobile,North,Returning
S0002378-C1685,1685,2025-01-04,37.09,0.059,Mobile,East,Returning
S0002379-C573,573,2025-02-14,58.09,0.835,Mobile,Central,Returning
S0002380-C4162,4162,2025-06-22,77.30,0.412,Tablet,North,Returning
S0002381-C2154,2154,2024-08-27,137.07,0.446,Desktop,East,Returning
S0002382-C3812,3812,2025-08-17,165.13,0.105,Tablet,International,Returning
S0002383-C2323,2323,2025-02-10,59.10,0.828,Mobile,West,Returning
S0002384-C763,763,2025-08-13,144.10,0.496,Desktop,North,Returning
S0002385-C2202,2202,2025-02-03,92.83,0.635,Tablet,South,New
S0002386-C2364,2364,2025-07-27,197.64,0.677,Mobile,West,Returning
S0002387-C2299,2299,2025-05-08,25.00,0.700,Desktop,North,Returning
S0002388-C4388,4388,2025-06-04,98.84,0.765,Mobile,North,Returning
S0002389-C995,995,2025-04-21,27.73,0.637,Tablet,South,Returning
S0002390-C769,769,2025-04-01,108.09,0.501,Tablet,International,Returning
S0002391-C336,336,2025-03-22,189.50,0.453,Mobile,West,New
S0002392-C1293,1293,2025-06-23,17.93,0.886,Mobile,North,Returning
S0002393-C2340,2340,2025-05-13,4.59,0.283,Desktop,East,New
S0002394-C1482,1482,2025-05-17,98.54,0.621,Tablet,West,Returning
S0002395-C434,434,2025-06-29,106.41,0.217,Desktop,North,Returning
S0002396-C187,187,2024-11-05,180.58,0.145,Tablet,Central,Returning
S0002397-C4265,4265,2024-09-12,38.99,0.160,Desktop,Central,Returning
S0002398-C2504,2504,2025-06-06,119.07,0.336,Tablet,North,Returning
S0002399-C2607,2607,2024-11-20,49.72,0.910,Desktop,South,Returning
S0002400-C4571,4571,2025-02-24,151.30,0.305,Desktop,International,Returning
S0002401-C1118,1118,2025-06-16,60.20,0.880,Tablet,Central,Returning
S0002402-C1749,1749,2025-02-06,140.83,0.832,Desktop,West,New
S0002403-C3598,3598,2025-04-13,135.76,0.312,Mobile,South,Returning
S0002404-C3826,3826,2025-07-01,91.79,0.808,Tablet,West,Returning
S0002405-C3143,3143,2025-08-22,31.88,0.743,Mobile,West,Returning
S0002406-C2655,2655,2024-11-27,26.09,0.427,Tablet,South,New
S0002407-C4797,4797,2025-04-11,197.66,0.790,Desktop,South,Returning
S0002408-C2306,2306,2024-11-18,92.30,0.050,Mobile,North,Returning
S0002409-C3334,3334,2025-01-28,174.83,0.632,Mobile,North,Returning
S0002410-C1003,1003,2024-10-04,170.48,0.581,Mobile,South,Returning
S0002411-C1495,1495,2025-06-23,194.09,0.349,Tablet,Central,Returning
S0002412-C842,842,2025-04-02,98.78,0.293,Tablet,West,New
S0002413-C3376,3376,2025-06-09,7.97,0.554,Tablet,Central,Returning
S0002414-C3712,3712,2024-09-09,115.13,0.947,Desktop,South,Returning
S0002415-C2759,2759,2024-12-11,173.16,0.245,Mobile,Central,Returning
S0002416-C3982,3982,2024-12-10,29.38,0.602,Mobile,South,Returning
S0002417-C3887,3887,2025-05-01,52.59,0.372,Tablet,International,Returning
S0002418-C1686,1686,2024-10-30,17.63,0.933,Mobile,South,Returning
S0002419-C1025,1025,2024-10-29,101.31,0.104,Tablet,Central,Returning
S0002420-C1028,1028,2025-06-13,78.40,0.370,Mobile,International,Returning
S0002421-C2531,2531,2024-09-13,45.79,0.317,Tablet,North,New
S0002422-C328,328,2025-07-11,84.44,0.716,Mobile,International,Returning
S0002423-C1120,1120,2024-10-04,156.59,0.268,Tablet,West,Returning
S0002424-C4161,4161,2025-06-07,118.63,0.331,Tablet,International,Returning
S0002425-C3353,3353,2024-11-07,197.14,0.527,Tablet,International,Returning
S0002426-C4485,4485,2025-01-31,28.89,0.069,Tablet,South,Returning
S0002427-C2540,2540,2025-07-22,190.48,0.479,Mobile,South,Returning
S0002428-C1555,1555,2025-03-22,40.95,0.717,Desktop,South,Returning
S0002429-C3828,3828,2025-07-03,88.33,0.739,Mobile,South,Returning
S0002430-C1188,1188,2025-03-13,111.30,0.429,Mobile,International,Returning
S0002431-C3474,3474,2025-01-18,183.20,0.752,Desktop,East,Returning
S0002432-C4664,4664,2024-11-25,190.64,0.514,Tablet,North,New
S0002433-C706,706,2025-02-07,62.50,0.879,Tablet,West,Returning
S0002434-C2998,2998,2025-03-30,46.61,0.902,Desktop,South,Returning
S0002435-C2996,2996,2025-03-12,96.90,0.098,Tablet,International,New
S0002436-C4001,4001,2024-12-19,3.38,0.081,Desktop,East,New
S0002437-C479,479,2025-07-09,73.14,0.443,Desktop,North,Returning
S0002438-C1966,1966,2024-09-28,73.69,0.152,Mobile,International,Returning
S0002439-C2090,2090,2024-12-16,41.26,0.910,Desktop,International,New
S0002440-C29,29,2025-02-03,154.07,0.211,Mobile,East,New
S0002441-C3735,3735,2025-06-18,140.82,0.908,Mobile,East,New
S0002442-C1936,1936,2025-02-07,115.64,0.273,Mobile,Central,Returning
S0002443-C2152,2152,2025-07-18,46.28,0.809,Mobile,North,Returning
S0002444-C590,590,2024-09-10,86.05,0.303,Desktop,Central,Returning
S0002445-C1327,1327,2025-03-10,101.24,0.185,Desktop,Central,Returning
S0002446-C4983,4983,2025-02-16,122.64,0.504,Tablet,International,Returning
S0002447-C2559,2559,2025-05-31,129.02,0.516,Mobile,Central,Returning
S0002448-C3840,3840,2025-07-18,45.87,0.794,Mobile,Central,Returning
S0002449-C4466,4466,2025-06-24,35.61,0.388,Mobile,West,Returning
S0002450-C4947,4947,2025-07-29,81.97,0.790,Tablet,International,New
S0002451-C3199,3199,2024-09-29,121.56,0.341,Tablet,International,Returning
S0002452-C3993,3993,2025-04-23,62.67,0.537,Tablet,South,Returning
S0002453-C576,576,2025-04-27,59.88,0.509,Mobile,Central,Returning
S0002454-C1435,1435,2025-04-21,175.28,0.356,Desktop,South,Returning
S0002455-C958,958,2024-12-31,135.57,0.444,Desktop,East,Returning
S0002456-C4437,4437,2024-10-13,135.53,0.756,Tablet,North,Returning
S0002457-C3641,3641,2025-06-01,197.63,0.263,Desktop,East,Returning
S0002458-C1803,1803,2024-10-10,59.52,0.825,Mobile,East,New
S0002459-C1204,1204,2024-11-04,63.21,0.192,Tablet,Central,New
S0002460-C1579,1579,2025-05-12,98.69,0.593,Mobile,International,Returning
S0002461-C4774,4774,2025-01-01,75.87,0.906,Mobile,South,Returning
S0002462-C3544,3544,2024-12-08,89.28,0.130,Desktop,South,Returning
S0002463-C4756,4756,2024-09-18,164.63,0.329,Desktop,East,New
S0002464-C690,690,2025-04-16,78.49,0.841,Desktop,East,Returning
S0002465-C2428,2428,2024-11-28,49.87,0.071,Mobile,Central,Returning
S0002466-C2174,2174,2024-09-22,64.86,0.810,Desktop,Central,Returning
S0002467-C4491,4491,2025-07-30,134.10,0.170,Mobile,International,Returning
S0002468-C2888,2888,2025-02-05,5.05,0.474,Desktop,International,New
S0002469-C3140,3140,2024-11-16,198.50,0.623,Desktop,North,Returning
S0002470-C2733,2733,2024-11-11,61.03,0.193,Tablet,International,Returning
S0002471-C176,176,2025-05-08,78.99,0.117,Desktop,Central,New
S0002472-C4584,4584,2025-02-07,196.25,0.291,Mobile,North,Returning
S0002473-C3694,3694,2024-11-24,108.76,0.467,Tablet,North,New
S0002474-C2450,2450,2025-07-23,199.10,0.678,Mobile,East,Returning
S0002475-C4507,4507,2025-01-22,49.48,0.470,Mobile,West,Returning
S0002476-C881,881,2024-08-28,86.49,0.217,Mobile,West,New
S0002477-C3762,3762,2025-03-22,176.08,0.158,Tablet,East,Returning
S0002478-C505,505,2024-12-24,8.67,0.238,Tablet,International,Returning
S0002479-C574,574,2025-01-18,131.33,0.484,Mobile,Central,Returning
S0002480-C1334,1334,2024-11-10,29.54,0.383,Mobile,International,Returning
S0002481-C538,538,2025-03-25,156.56,0.636,Tablet,West,New
S0002482-C683,683,2025-06-28,77.09,0.455,Desktop,North,Returning
S0002483-C1368,1368,2025-04-08,19.20,0.347,Mobile,Central,New
S0002484-C2999,2999,2024-09-08,4.19,0.241,Tablet,East,Returning
S0002485-C4803,4803,2025-04-10,199.07,0.815,Desktop,Central,New
S0002486-C784,784,2025-03-01,192.39,0.365,Tablet,South,Returning
S0002487-C881,881,2025-03-07,164.29,0.678,Desktop,North,New
S0002488-C376,376,2025-05-09,52.10,0.420,Desktop,North,Returning
S0002489-C4306,4306,2024-11-26,29.38,0.497,Desktop,Central,Returning
S0002490-C1147,1147,2024-12-09,173.75,0.239,Mobile,West,Returning
S0002491-C855,855,2025-07-18,1.66,0.706,Mobile,International,Returning
S0002492-C3915,3915,2024-11-06,131.70,0.850,Mobile,West,Returning
S0002493-C3311,3311,2025-02-19,116.77,0.389,Desktop,West,Returning
S0002494-C4410,4410,2025-02-21,177.75,0.881,Tablet,International,New
S0002495-C995,995,2024-09-23,2.56,0.318,Mobile,East,Returning
S0002496-C1744,1744,2025-05-20,58.45,0.643,Mobile,North,Returning
S0002497-C4972,4972,2025-06-16,196.71,0.354,Tablet,Central,New
S0002498-C4167,4167,2025-01-01,146.84,0.708,Mobile,North,Returning
S0002499-C2772,2772,2024-09-19,199.66,0.225,Tablet,South,Returning
S0002500-C547,547,2024-12-04,60.18,0.344,Tablet,Central,Returning
S0002501-C264,264,2025-01-18,168.78,0.427,Mobile,West,New
S0002502-C3140,3140,2024-09-03,1.16,0.136,Mobile,North,Returning
S0002503-C1763,1763,2024-12-02,119.72,0.769,Desktop,West,Returning
S0002504-C1513,1513,2025-05-29,60.37,0.755,Desktop,Central,Returning
S0002505-C2579,2579,2024-08-31,74.18,0.863,Mobile,South,Returning
S0002506-C4617,4617,2025-02-28,134.37,0.855,Mobile,West,Returning
S0002507-C1749,1749,2024-10-16,49.21,0.638,Mobile,Central,Returning
S0002508-C4864,4864,2025-03-10,79.17,0.582,Tablet,North,Returning
S0002509-C3821,3821,2024-10-16,1.32,0.458,Desktop,International,Returning
S0002510-C3197,3197,2025-06-03,45.02,0.446,Mobile,South,Returning
S0002511-C3722,3722,2024-09-18,88.41,0.415,Tablet,South,Returning
S0002512-C3539,3539,2025-01-16,182.40,0.715,Tablet,West,Returning
S0002513-C1373,1373,2025-04-11,8.43,0.132,Desktop,East,Returning
S0002514-C1426,1426,2024-11-13,10.20,0.870,Mobile,South,Returning
S0002515-C828,828,2025-06-06,120.62,0.370,Tablet,Central,Returning
S0002516-C2748,2748,2024-10-30,91.11,0.784,Tablet,North,Returning
S0002517-C2940,2940,2024-11-05,51.72,0.842,Mobile,East,Returning
S0002518-C156,156,2024-12-17,70.48,0.675,Mobile,International,Returning
S0002519-C3391,3391,2025-06-17,183.57,0.066,Mobile,West,New
S0002520-C3487,3487,2025-07-04,126.63,0.708,Tablet,West,Returning
S0002521-C1802,1802,2024-09-13,133.43,0.488,Mobile,Central,Returning
S0002522-C4928,4928,2025-05-19,78.47,0.187,Mobile,East,Returning
S0002523-C2610,2610,2024-10-18,140.86,0.913,Tablet,West,Returning
S0002524-C3362,3362,2025-04-08,178.03,0.326,Tablet,East,Returning
S0002525-C3734,3734,2025-01-28,126.35,0.442,Desktop,North,Returning
S0002526-C381,381,2025-04-21,100.07,0.468,Tablet,Central,New
S0002527-C1958,1958,2025-01-05,1.88,0.173,Mobile,International,Returning
S0002528-C1290,1290,2025-06-23,18.27,0.894,Mobile,South,New
S0002529-C1962,1962,2024-10-12,33.15,0.251,Mobile,East,Returning
S0002530-C369,369,2025-02-03,114.54,0.218,Desktop,West,Returning
S0002531-C1607,1607,2024-12-25,73.22,0.799,Desktop,Central,Returning
S0002532-C585,585,2024-10-24,165.56,0.619,Tablet,East,Returning
S0002533-C2412,2412,2025-05-25,164.29,0.362,Desktop,South,Returning
S0002534-C2494,2494,2025-03-10,163.46,0.678,Desktop,North,Returning
S0002535-C3208,3208,2025-08-11,55.55,0.290,Mobile,Central,New
S0002536-C674,674,2025-02-20,28.90,0.224,Mobile,North,Returning
S0002537-C4869,4869,2025-04-30,137.53,0.476,Desktop,North,Returning
S0002538-C2354,2354,2024-12-10,24.72,0.497,Desktop,North,New
S0002539-C4816,4816,2024-12-12,124.00,0.945,Desktop,West,Returning
S0002540-C4907,4907,2025-05-15,93.38,0.489,Desktop,Central,Returning
S0002541-C2646,2646,2025-08-22,91.81,0.291,Tablet,International,New
S0002542-C2584,2584,2025-05-15,171.14,0.441,Mobile,Central,Returning
S0002543-C4741,4741,2025-05-23,89.98,0.476,Desktop,West,Returning
S0002544-C789,789,2025-07-14,23.14,0.253,Tablet,South,Returning
S0002545-C689,689,2025-03-28,128.54,0.932,Tablet,International,Returning
S0002546-C3357,3357,2025-05-09,93.54,0.455,Tablet,International,Returning
S0002547-C3074,3074,2025-02-15,157.10,0.365,Mobile,International,Returning
S0002548-C1213,1213,2025-08-18,74.20,0.766,Tablet,International,New
S0002549-C3626,3626,2025-05-10,60.68,0.617,Desktop,South,Returning
S0002550-C874,874,2025-03-27,110.52,0.515,Tablet,North,Returning
S0002551-C4608,4608,2024-12-11,152.27,0.672,Desktop,Central,Returning
S0002552-C4109,4109,2024-11-10,97.40,0.107,Tablet,North,Returning
S0002553-C1220,1220,2025-02-24,154.88,0.381,Mobile,East,Returning
S0002554-C4482,4482,2024-10-12,133.37,0.699,Mobile,International,Returning
S0002555-C3719,3719,2025-04-25,88.54,0.238,Tablet,International,Returning
S0002556-C1780,1780,2024-10-23,24.89,0.146,Desktop,East,Returning
S0002557-C997,997,2025-06-10,89.42,0.598,Tablet,Central,Returning
S0002558-C2388,2388,2025-03-06,187.30,0.285,Mobile,Central,Returning
S0002559-C4276,4276,2025-05-04,198.55,0.076,Desktop,Central,Returning
S0002560-C4538,4538,2024-10-19,106.14,0.141,Tablet,South,Returning
S0002561-C1554,1554,2024-12-23,85.86,0.167,Mobile,East,Returning
S0002562-C3204,3204,2025-05-16,95.00,0.533,Desktop,Central,Returning
S0002563-C880,880,2024-09-16,35.84,0.115,Tablet,International,New
S0002564-C1891,1891,2024-10-19,23.78,0.088,Tablet,North,New
S0002565-C2655,2655,2025-08-04,141.55,0.373,Tablet,South,Returning
S0002566-C4334,4334,2025-04-27,11.04,0.305,Desktop,East,Returning
S0002567-C4696,4696,2025-08-17,59.26,0.422,Desktop,West,Returning
S0002568-C3143,3143,2024-08-27,18.19,0.472,Desktop,International,Returning
S0002569-C4496,4496,2024-10-23,99.64,0.926,Mobile,International,Returning
S0002570-C1612,1612,2024-12-11,111.32,0.652,Tablet,East,Returning
S0002571-C4490,4490,2025-07-22,156.61,0.616,Tablet,North,New
S0002572-C998,998,2024-12-13,181.30,0.437,Mobile,International,Returning
S0002573-C1817,1817,2024-10-15,42.68,0.487,Tablet,East,New
S0002574-C3125,3125,2025-07-21,122.41,0.741,Desktop,Central,Returning
S0002575-C4007,4007,2025-06-04,145.49,0.913,Mobile,South,New
S0002576-C3529,3529,2025-04-05,166.17,0.937,Mobile,South,Returning
S0002577-C1201,1201,2024-10-13,123.00,0.477,Mobile,South,Returning
S0002578-C2875,2875,2025-01-31,20.68,0.788,Tablet,East,New
S0002579-C98,98,2024-11-08,183.28,0.227,Desktop,West,Returning
S0002580-C2216,2216,2025-03-01,21.24,0.113,Desktop,International,Returning
S0002581-C914,914,2025-07-14,6.96,0.792,Desktop,West,New
S0002582-C1222,1222,2025-06-24,23.36,0.117,Desktop,International,Returning
S0002583-C448,448,2025-03-30,152.64,0.587,Tablet,Central,Returning
S0002584-C2972,2972,2024-08-30,30.15,0.764,Mobile,South,Returning
S0002585-C2872,2872,2025-01-28,30.14,0.077,Tablet,East,Returning
S0002586-C488,488,2024-09-20,72.62,0.070,Desktop,North,New
S0002587-C3128,3128,2024-12-23,98.51,0.447,Tablet,South,Returning
S0002588-C614,614,2025-04-15,88.96,0.173,Mobile,South,Returning
S0002589-C4680,4680,2024-09-19,172.55,0.510,Tablet,South,Returning
S0002590-C1759,1759,2024-11-13,172.24,0.911,Desktop,North,New
S0002591-C3278,3278,2025-05-19,76.89,0.150,Mobile,Central,Returning
S0002592-C310,310,2025-01-06,197.68,0.084,Desktop,International,Returning
S0002593-C2863,2863,2024-09-21,184.44,0.794,Mobile,East,Returning
S0002594-C2259,2259,2025-07-07,63.52,0.216,Tablet,South,Returning
S0002595-C4221,4221,2025-01-21,86.64,0.398,Mobile,North,New
S0002596-C2973,2973,2025-01-15,51.95,0.476,Mobile,West,Returning
S0002597-C2179,2179,2024-11-07,137.51,0.087,Desktop,West,Returning
S0002598-C3842,3842,2025-04-29,64.25,0.618,Desktop,North,Returning
S0002599-C2079,2079,2024-09-22,75.94,0.160,Mobile,North,Returning
S0002600-C4612,4612,2024-10-17,102.23,0.940,Mobile,North,Returning
S0002601-C3991,3991,2025-04-19,72.21,0.727,Tablet,North,Returning
S0002602-C3185,3185,2025-04-11,192.47,0.669,Mobile,Central,Returning
S0002603-C552,552,2025-08-16,158.76,0.855,Desktop,Central,Returning
S0002604-C2456,2456,2024-11-12,88.97,0.836,Desktop,West,Returning
S0002605-C1894,1894,2025-07-21,69.17,0.446,Desktop,East,Returning
S0002606-C2169,2169,2025-06-07,157.97,0.315,Desktop,West,Returning
S0002607-C2004,2004,2025-03-25,180.79,0.281,Mobile,North,Returning
S0002608-C764,764,2024-12-01,42.28,0.820,Mobile,West,Returning
S0002609-C2631,2631,2024-11-22,41.57,0.741,Desktop,Central,New
S0002610-C3109,3109,2025-02-02,186.41,0.934,Desktop,West,Returning
S0002611-C4798,4798,2025-02-22,128.74,0.684,Mobile,International,Returning
S0002612-C4425,4425,2024-09-10,25.41,0.739,Mobile,International,Returning
S0002613-C416,416,2025-05-22,12.49,0.523,Mobile,West,Returning
S0002614-C218,218,2024-10-10,49.90,0.608,Mobile,International,Returning
S0002615-C1618,1618,2025-03-24,28.26,0.445,Tablet,West,Returning
S0002616-C2154,2154,2024-09-27,53.11,0.584,Desktop,North,Returning
S0002617-C4470,4470,2025-08-19,80.23,0.910,Mobile,North,Returning
S0002618-C3522,3522,2025-03-07,46.99,0.739,Desktop,South,Returning
S0002619-C1683,1683,2024-10-04,88.64,0.540,Mobile,South,Returning
S0002620-C1473,1473,2025-07-17,132.63,0.939,Tablet,Central,New
S0002621-C4613,4613,2025-03-12,102.58,0.227,Mobile,West,Returning
S0002622-C357,357,2024-08-28,149.80,0.740,Mobile,West,Returning
S0002623-C1324,1324,2025-08-21,52.75,0.306,Mobile,South,Returning
S0002624-C342,342,2025-01-30,126.54,0.465,Mobile,West,New
S0002625-C1143,1143,2025-08-14,95.39,0.309,Desktop,South,Returning
S0002626-C3152,3152,2024-12-24,90.44,0.280,Tablet,Central,Returning
S0002627-C2358,2358,2025-06-20,97.96,0.866,Desktop,West,Returning
S0002628-C568,568,2025-06-02,163.23,0.398,Mobile,South,Returning
S0002629-C3344,3344,2024-12-30,52.89,0.374,Desktop,International,Returning
S0002630-C4252,4252,2025-08-15,117.48,0.819,Mobile,International,Returning
S0002631-C4193,4193,2025-07-07,31.45,0.394,Mobile,North,Returning
S0002632-C3201,3201,2025-05-03,129.69,0.321,Mobile,International,Returning
S0002633-C1641,1641,2025-06-03,32.52,0.162,Desktop,South,New
S0002634-C3640,3640,2025-05-27,11.30,0.535,Mobile,North,Returning
S0002635-C984,984,2024-12-27,143.55,0.593,Tablet,West,Returning
S0002636-C2110,2110,2025-07-12,69.37,0.380,Tablet,International,Returning
S0002637-C751,751,2024-09-30,11.64,0.577,Tablet,North,Returning
S0002638-C391,391,2024-09-27,63.49,0.821,Desktop,North,Returning
S0002639-C3658,3658,2025-03-03,43.17,0.620,Mobile,Central,Returning
S0002640-C2226,2226,2025-02-19,46.50,0.610,Mobile,South,Returning
S0002641-C188,188,2025-08-18,198.21,0.854,Mobile,Central,Returning
S0002642-C4424,4424,2025-07-28,147.87,0.465,Desktop,North,Returning
S0002643-C3557,3557,2025-01-01,21.63,0.586,Mobile,East,Returning
S0002644-C3980,3980,2025-01-06,157.14,0.072,Tablet,Central,Returning
S0002645-C330,330,2024-09-18,97.01,0.604,Mobile,South,Returning
S0002646-C2664,2664,2025-05-22,143.35,0.766,Tablet,Central,Returning
S0002647-C4557,4557,2024-10-09,130.40,0.616,Desktop,North,Returning
S0002648-C1100,1100,2025-07-26,152.28,0.549,Mobile,Central,Returning
S0002649-C3985,3985,2024-12-11,27.64,0.566,Mobile,West,Returning
S0002650-C725,725,2024-12-27,174.42,0.389,Desktop,South,New
S0002651-C1927,1927,2025-04-24,106.83,0.641,Tablet,East,New
S0002652-C1570,1570,2025-06-13,13.90,0.717,Mobile,South,Returning
S0002653-C616,616,2025-05-12,13.92,0.486,Desktop,West,Returning
S0002654-C2141,2141,2024-11-19,110.07,0.456,Mobile,West,Returning
S0002655-C2636,2636,2025-07-10,10.79,0.850,Desktop,Central,Returning
S0002656-C256,256,2024-12-15,63.22,0.499,Mobile,South,Returning
S0002657-C4791,4791,2025-06-15,19.68,0.867,Desktop,West,Returning
S0002658-C2176,2176,2024-11-05,143.01,0.197,Tablet,International,Returning
S0002659-C4330,4330,2025-03-09,143.45,0.227,Tablet,West,Returning
S0002660-C1176,1176,2024-08-29,50.00,0.299,Mobile,East,Returning
S0002661-C344,344,2024-10-08,39.37,0.358,Desktop,West,Returning
S0002662-C4784,4784,2025-06-27,189.65,0.275,Mobile,South,New
S0002663-C461,461,2024-10-02,43.37,0.400,Desktop,South,Returning
S0002664-C496,496,2024-12-11,46.64,0.093,Mobile,West,New
S0002665-C103,103,2024-12-13,87.79,0.135,Desktop,East,New
S0002666-C2997,2997,2024-09-16,182.28,0.708,Tablet,East,Returning
S0002667-C1865,1865,2024-10-06,63.34,0.880,Mobile,West,Returning
S0002668-C4841,4841,2024-12-18,105.98,0.580,Mobile,North,Returning
S0002669-C4287,4287,2025-04-17,42.80,0.949,Mobile,Central,Returning
S0002670-C1939,1939,2024-11-27,111.57,0.551,Desktop,International,New
S0002671-C3271,3271,2025-07-20,106.84,0.386,Desktop,South,New
S0002672-C1862,1862,2025-05-14,61.35,0.662,Mobile,East,Returning
S0002673-C2382,2382,2025-03-07,185.24,0.246,Desktop,International,Returning
S0002674-C1112,1112,2025-04-20,16.77,0.382,Mobile,International,Returning
S0002675-C4708,4708,2025-06-13,36.86,0.335,Desktop,South,Returning
S0002676-C4400,4400,2024-12-06,190.13,0.589,Desktop,International,New
S0002677-C869,869,2025-05-08,195.56,0.941,Desktop,North,Returning
S0002678-C640,640,2025-06-25,92.89,0.782,Tablet,International,Returning
S0002679-C1784,1784,2024-10-03,80.97,0.355,Mobile,East,Returning
S0002680-C1705,1705,2025-06-14,195.31,0.305,Mobile,West,Returning
S0002681-C2362,2362,2025-08-13,151.05,0.656,Desktop,East,New
S0002682-C4796,4796,2025-01-31,190.49,0.108,Mobile,North,Returning
S0002683-C4638,4638,2024-10-22,87.20,0.634,Tablet,Central,Returning
S0002684-C277,277,2024-12-03,93.75,0.197,Mobile,West,Returning
S0002685-C464,464,2024-11-04,151.81,0.386,Mobile,Central,Returning
S0002686-C961,961,2024-09-04,57.32,0.514,Tablet,North,New
S0002687-C4945,4945,2024-10-04,98.35,0.755,Mobile,International,New
S0002688-C2152,2152,2025-07-08,73.59,0.450,Desktop,South,Returning
S0002689-C4261,4261,2025-02-28,178.65,0.947,Desktop,West,Returning
S0002690-C4740,4740,2025-01-07,62.76,0.657,Mobile,North,Returning
S0002691-C2231,2231,2025-07-11,56.76,0.091,Mobile,Central,Returning
S0002692-C3954,3954,2025-07-08,58.95,0.116,Mobile,South,Returning
S0002693-C804,804,2025-07-04,48.06,0.741,Desktop,South,New
S0002694-C3398,3398,2025-08-04,52.29,0.165,Tablet,International,Returning
S0002695-C2786,2786,2025-05-19,134.86,0.558,Tablet,South,New
S0002696-C2414,2414,2025-06-14,108.02,0.147,Tablet,South,Returning
S0002697-C161,161,2025-03-08,48.39,0.776,Desktop,North,Returning
S0002698-C222,222,2025-06-22,149.64,0.241,Tablet,East,Returning
S0002699-C3466,3466,2025-08-13,18.16,0.367,Mobile,East,Returning
S0002700-C617,617,2025-05-26,177.39,0.663,Tablet,Central,New
S0002701-C3447,3447,2025-08-19,5.33,0.119,Desktop,South,Returning
S0002702-C3101,3101,2025-01-09,53.70,0.469,Mobile,South,Returning
S0002703-C3712,3712,2025-05-10,48.28,0.343,Tablet,West,New
S0002704-C2822,2822,2024-12-17,149.35,0.653,Desktop,West,Returning
S0002705-C1279,1279,2025-07-02,196.88,0.474,Mobile,West,Returning
S0002706-C801,801,2025-03-24,128.34,0.892,Tablet,International,Returning
S0002707-C3075,3075,2025-01-20,28.02,0.869,Desktop,International,New
S0002708-C984,984,2025-03-26,100.08,0.273,Tablet,International,Returning
S0002709-C3679,3679,2025-07-07,93.30,0.886,Desktop,East,Returning
S0002710-C4159,4159,2024-10-07,184.32,0.912,Desktop,South,New
S0002711-C967,967,2025-04-03,78.59,0.753,Tablet,South,Returning
S0002712-C1908,1908,2025-06-26,137.44,0.893,Mobile,South,Returning
S0002713-C1528,1528,2025-01-18,17.21,0.616,Tablet,West,New
S0002714-C3319,3319,2025-07-05,144.09,0.208,Tablet,North,New
S0002715-C1880,1880,2025-02-01,137.83,0.730,Tablet,South,Returning
S0002716-C3542,3542,2025-01-20,169.84,0.465,Tablet,East,Returning
S0002717-C3285,3285,2024-09-12,156.71,0.108,Tablet,Central,Returning
S0002718-C1362,1362,2024-09-02,16.63,0.478,Desktop,South,Returning
S0002719-C4355,4355,2025-05-30,116.36,0.223,Desktop,West,Returning
S0002720-C4023,4023,2025-03-19,153.62,0.529,Mobile,South,Returning
S0002721-C2786,2786,2025-04-25,0.10,0.949,Tablet,International,Returning
S0002722-C3159,3159,2025-03-27,35.62,0.632,Tablet,West,Returning
S0002723-C3834,3834,2024-11-17,110.23,0.451,Mobile,West,Returning
S0002724-C4698,4698,2024-08-29,27.79,0.698,Desktop,Central,Returning
S0002725-C61,61,2025-05-15,72.50,0.926,Tablet,International,Returning
S0002726-C4012,4012,2025-04-12,90.20,0.176,Mobile,South,Returning
S0002727-C4157,4157,2025-03-03,181.53,0.138,Tablet,West,Returning
S0002728-C905,905,2024-10-22,134.18,0.794,Desktop,North,Returning
S0002729-C4061,4061,2025-04-16,73.16,0.723,Mobile,International,Returning
S0002730-C2378,2378,2024-11-18,82.13,0.726,Mobile,East,Returning
S0002731-C795,795,2025-08-10,148.39,0.571,Tablet,West,Returning
S0002732-C818,818,2024-10-22,144.34,0.123,Desktop,International,New
S0002733-C2216,2216,2025-08-15,162.48,0.929,Mobile,South,New
S0002734-C186,186,2025-01-15,188.37,0.840,Mobile,South,Returning
S0002735-C2490,2490,2024-10-12,170.32,0.636,Tablet,West,Returning
S0002736-C2266,2266,2025-03-26,144.92,0.385,Tablet,South,Returning
S0002737-C4750,4750,2024-09-01,12.18,0.372,Mobile,International,New
S0002738-C853,853,2024-11-04,105.23,0.237,Mobile,Central,New
S0002739-C1104,1104,2024-09-20,197.85,0.190,Tablet,West,Returning
S0002740-C3574,3574,2025-07-23,62.77,0.315,Mobile,Central,Returning
S0002741-C68,68,2025-05-19,62.12,0.718,Tablet,Central,New
S0002742-C492,492,2025-03-25,162.53,0.769,Mobile,East,Returning
S0002743-C803,803,2025-08-22,113.62,0.780,Mobile,South,Returning
S0002744-C3189,3189,2025-01-02,61.50,0.594,Desktop,Central,New
S0002745-C3969,3969,2025-03-19,161.64,0.705,Desktop,International,Returning
S0002746-C1123,1123,2024-11-07,64.00,0.234,Desktop,Central,Returning
S0002747-C1111,1111,2025-04-23,7.21,0.193,Tablet,International,Returning
S0002748-C3133,3133,2025-08-09,69.99,0.601,Desktop,South,New
S0002749-C3453,3453,2025-05-30,26.01,0.886,Desktop,East,Returning
S0002750-C4850,4850,2024-11-12,1.66,0.672,Mobile,North,New
S0002751-C637,637,2025-03-21,156.20,0.597,Tablet,West,New
S0002752-C4202,4202,2024-12-01,27.38,0.491,Desktop,Central,Returning
S0002753-C1408,1408,2024-09-16,172.75,0.494,Tablet,International,Returning
S0002754-C4023,4023,2025-05-06,22.94,0.641,Tablet,Central,Returning
S0002755-C4252,4252,2024-10-24,127.56,0.658,Mobile,South,New
S0002756-C3147,3147,2024-10-27,50.48,0.750,Desktop,South,Returning
S0002757-C803,803,2025-07-12,26.55,0.316,Desktop,West,Returning
S0002758-C4426,4426,2025-01-22,59.48,0.694,Tablet,South,Returning
S0002759-C4060,4060,2025-07-29,187.84,0.474,Mobile,South,Returning
S0002760-C4993,4993,2024-12-14,98.31,0.379,Mobile,West,Returning
S0002761-C1829,1829,2025-08-22,191.18,0.723,Tablet,North,Returning
S0002762-C1451,1451,2024-12-18,111.29,0.704,Tablet,West,Returning
S0002763-C2043,2043,2025-05-20,20.94,0.703,Desktop,East,Returning
S0002764-C4065,4065,2025-07-27,193.77,0.590,Desktop,West,New
S0002765-C743,743,2024-12-26,176.06,0.415,Mobile,Central,Returning
S0002766-C511,511,2025-07-03,85.03,0.668,Desktop,Central,New
S0002767-C3643,3643,2025-07-25,50.47,0.949,Desktop,South,Returning
S0002768-C3588,3588,2024-11-04,175.19,0.916,Desktop,North,Returning
S0002769-C329,329,2025-03-25,180.22,0.272,Mobile,International,Returning
S0002770-C659,659,2024-11-30,56.44,0.234,Desktop,South,Returning
S0002771-C1278,1278,2024-10-22,87.86,0.656,Desktop,South,Returning
S0002772-C343,343,2025-02-20,69.46,0.234,Tablet,South,Returning
S0002773-C3932,3932,2025-04-28,54.61,0.397,Desktop,East,Returning
S0002774-C345,345,2025-04-06,147.33,0.515,Mobile,South,Returning
S0002775-C2812,2812,2025-05-13,148.09,0.811,Desktop,East,Returning
S0002776-C4231,4231,2024-10-28,119.25,0.501,Tablet,North,Returning
S0002777-C3993,3993,2025-04-05,111.01,0.594,Mobile,International,Returning
S0002778-C746,746,2025-05-10,5.42,0.276,Desktop,North,New
S0002779-C4149,4149,2025-08-06,154.91,0.693,Desktop,North,Returning
S0002780-C2980,2980,2025-01-08,72.17,0.874,Mobile,Central,New
S0002781-C2423,2423,2025-08-14,141.05,0.438,Desktop,International,Returning
S0002782-C1335,1335,2025-07-02,190.20,0.324,Mobile,East,New
S0002783-C1271,1271,2024-09-09,8.99,0.356,Mobile,Central,Returning
S0002784-C1863,1863,2024-11-15,153.24,0.501,Desktop,West,New
S0002785-C2256,2256,2025-05-29,170.86,0.542,Desktop,South,Returning
S0002786-C1173,1173,2025-03-19,97.19,0.154,Desktop,South,Returning
S0002787-C4801,4801,2024-09-13,174.14,0.503,Tablet,North,Returning
S0002788-C2985,2985,2025-08-20,56.70,0.386,Desktop,International,Returning
S0002789-C3485,3485,2025-04-18,137.69,0.387,Tablet,International,New
S0002790-C696,696,2025-07-01,69.09,0.293,Desktop,Central,Returning
S0002791-C4560,4560,2025-08-06,106.92,0.510,Tablet,South,Returning
S0002792-C2491,2491,2024-11-05,105.29,0.248,Mobile,International,New
S0002793-C3876,3876,2025-02-13,63.87,0.059,Desktop,East,Returning
S0002794-C61,61,2025-03-01,78.58,0.506,Mobile,South,Returning
S0002795-C1755,1755,2025-07-28,67.79,0.464,Desktop,North,Returning
S0002796-C2535,2535,2025-01-30,64.94,0.875,Mobile,South,Returning
S0002797-C1208,1208,2025-04-23,197.37,0.867,Mobile,North,New
S0002798-C4807,4807,2025-02-12,156.39,0.329,Desktop,North,Returning
S0002799-C74,74,2025-02-26,84.46,0.619,Tablet,West,New
S0002800-C80,80,2024-12-29,46.90,0.233,Desktop,International,Returning
S0002801-C1095,1095,2024-12-30,122.50,0.141,Tablet,North,New
S0002802-C3458,3458,2024-08-31,170.61,0.328,Tablet,International,New
S0002803-C984,984,2024-10-13,149.41,0.170,Mobile,Central,Returning
S0002804-C2723,2723,2024-12-15,166.84,0.132,Tablet,East,Returning
S0002805-C1529,1529,2024-10-08,97.59,0.767,Mobile,South,Returning
S0002806-C4094,4094,2025-01-10,132.94,0.456,Desktop,International,Returning
S0002807-C119,119,2025-06-17,177.31,0.822,Mobile,West,Returning
S0002808-C1111,1111,2025-07-05,7.18,0.732,Tablet,North,Returning
S0002809-C4510,4510,2025-02-20,168.78,0.671,Tablet,West,Returning
S0002810-C3283,3283,2024-11-23,159.85,0.712,Desktop,South,New
S0002811-C4293,4293,2025-08-08,132.98,0.212,Tablet,International,Returning
S0002812-C1517,1517,2024-11-28,159.57,0.738,Mobile,International,Returning
S0002813-C1376,1376,2025-03-03,114.72,0.436,Mobile,Central,Returning
S0002814-C4416,4416,2024-11-09,64.56,0.258,Desktop,South,Returning
S0002815-C1696,1696,2024-10-11,70.25,0.172,Mobile,Central,Returning
S0002816-C1017,1017,2025-08-17,101.34,0.467,Tablet,West,Returning
S0002817-C623,623,2024-10-09,3.10,0.450,Desktop,West,New
S0002818-C1165,1165,2024-12-29,115.96,0.889,Tablet,Central,Returning
S0002819-C4535,4535,2024-11-28,197.38,0.689,Mobile,Central,Returning
S0002820-C343,343,2025-03-19,195.73,0.575,Tablet,North,Returning
S0002821-C2268,2268,2024-09-17,67.41,0.830,Desktop,North,New
S0002822-C2256,2256,2024-09-09,90.08,0.383,Mobile,East,Returning
S0002823-C4669,4669,2025-03-25,60.30,0.271,Desktop,International,Returning
S0002824-C3123,3123,2024-11-24,177.84,0.220,Desktop,Central,Returning
S0002825-C3138,3138,2025-02-21,132.90,0.765,Tablet,West,Returning
S0002826-C2481,2481,2024-12-24,171.62,0.304,Tablet,East,Returning
S0002827-C4927,4927,2025-05-02,125.47,0.218,Desktop,Central,Returning
S0002828-C3194,3194,2025-07-02,164.84,0.659,Tablet,West,Returning
S0002829-C4776,4776,2025-08-07,77.33,0.754,Tablet,East,Returning
S0002830-C3627,3627,2025-05-24,20.63,0.724,Mobile,International,Returning
S0002831-C3362,3362,2025-02-21,105.46,0.149,Tablet,West,Returning
S0002832-C3741,3741,2024-11-18,120.37,0.681,Tablet,East,Returning
S0002833-C1940,1940,2025-06-22,144.64,0.125,Desktop,International,Returning
S0002834-C525,525,2024-10-10,12.29,0.663,Desktop,North,Returning
S0002835-C880,880,2024-10-19,144.54,0.107,Desktop,West,Returning
S0002836-C4277,4277,2025-04-10,62.85,0.449,Desktop,North,Returning
S0002837-C3173,3173,2025-07-08,151.92,0.410,Tablet,East,Returning
S0002838-C1248,1248,2025-02-04,4.12,0.447,Desktop,East,Returning
S0002839-C3681,3681,2024-09-28,66.44,0.893,Tablet,West,New
S0002840-C2310,2310,2025-07-18,28.83,0.412,Mobile,Central,Returning
S0002841-C3047,3047,2024-10-28,61.71,0.105,Mobile,Central,Returning
S0002842-C4886,4886,2025-01-12,31.32,0.887,Desktop,North,New
S0002843-C4533,4533,2025-04-12,28.41,0.584,Mobile,International,New
S0002844-C1201,1201,2025-06-17,46.65,0.585,Desktop,West,New
S0002845-C2733,2733,2025-01-28,44.94,0.414,Mobile,West,Returning
S0002846-C2566,2566,2024-12-15,187.70,0.595,Desktop,South,Returning
S0002847-C1581,1581,2024-11-29,149.53,0.519,Mobile,South,New
S0002848-C4241,4241,2024-09-30,193.08,0.159,Tablet,South,Returning
S0002849-C2246,2246,2024-10-23,171.13,0.731,Desktop,Central,Returning
S0002850-C2893,2893,2024-12-18,140.15,0.448,Desktop,South,Returning
S0002851-C559,559,2025-05-06,37.27,0.067,Mobile,West,Returning
S0002852-C2703,2703,2025-05-19,144.38,0.773,Tablet,International,Returning
S0002853-C4586,4586,2025-02-22,154.85,0.370,Mobile,South,Returning
S0002854-C4682,4682,2025-02-14,165.44,0.549,Desktop,Central,New
S0002855-C291,291,2025-08-15,194.92,0.755,Tablet,West,New
S0002856-C3748,3748,2025-04-09,129.86,0.147,Mobile,West,Returning
S0002857-C468,468,2025-05-19,12.63,0.508,Mobile,South,Returning
S0002858-C1733,1733,2025-08-04,49.84,0.115,Mobile,International,Returning
S0002859-C3482,3482,2025-07-15,96.64,0.116,Tablet,East,New
S0002860-C488,488,2025-04-05,130.67,0.139,Mobile,East,Returning
S0002861-C1964,1964,2025-08-12,2.21,0.898,Tablet,West,Returning
S0002862-C56,56,2024-10-17,48.72,0.637,Mobile,Central,Returning
S0002863-C1093,1093,2025-02-16,190.24,0.223,Desktop,International,Returning
S0002864-C2375,2375,2024-09-07,80.41,0.153,Mobile,East,Returning
S0002865-C102,102,2025-06-02,20.32,0.779,Tablet,South,Returning
S0002866-C2526,2526,2024-12-23,169.86,0.255,Mobile,South,Returning
S0002867-C755,755,2024-09-05,80.52,0.140,Desktop,North,Returning
S0002868-C696,696,2024-09-22,40.85,0.273,Mobile,East,New
S0002869-C1626,1626,2025-05-03,119.08,0.081,Mobile,Central,Returning
S0002870-C2394,2394,2025-03-29,123.29,0.816,Mobile,East,New
S0002871-C1116,1116,2024-11-28,6.81,0.903,Mobile,East,Returning
S0002872-C545,545,2025-08-07,184.17,0.460,Mobile,South,Returning
S0002873-C162,162,2025-02-06,130.87,0.609,Desktop,International,Returning
S0002874-C2560,2560,2025-07-10,19.78,0.152,Desktop,North,Returning
S0002875-C1769,1769,2024-09-24,108.27,0.901,Desktop,Central,New
S0002876-C1561,1561,2025-04-17,171.29,0.236,Mobile,Central,New
S0002877-C2464,2464,2025-07-19,7.48,0.840,Desktop,Central,Returning
S0002878-C1291,1291,2025-01-20,39.99,0.244,Mobile,Central,Returning
S0002879-C4821,4821,2025-07-11,147.16,0.322,Desktop,West,New
S0002880-C4154,4154,2024-11-21,62.39,0.300,Mobile,East,Returning
S0002881-C2607,2607,2025-04-26,21.38,0.529,Mobile,North,Returning
S0002882-C763,763,2025-05-13,195.48,0.073,Desktop,International,Returning
S0002883-C482,482,2025-01-25,123.73,0.364,Tablet,East,Returning
S0002884-C2042,2042,2025-07-27,36.47,0.651,Tablet,International,Returning
S0002885-C4770,4770,2024-12-15,123.27,0.946,Desktop,West,Returning
S0002886-C1567,1567,2025-08-20,28.27,0.642,Tablet,East,New
S0002887-C4126,4126,2025-01-22,95.94,0.613,Tablet,West,Returning
S0002888-C951,951,2025-01-15,96.84,0.580,Mobile,Central,Returning
S0002889-C3304,3304,2025-03-04,82.93,0.622,Tablet,Central,Returning
S0002890-C3507,3507,2025-02-17,98.69,0.868,Desktop,West,Returning
S0002891-C505,505,2025-06-22,114.83,0.360,Desktop,International,Returning
S0002892-C1364,1364,2024-10-16,95.58,0.781,Mobile,Central,Returning
S0002893-C4346,4346,2025-01-27,54.41,0.619,Mobile,International,New
S0002894-C808,808,2025-03-29,111.76,0.561,Desktop,North,New
S0002895-C303,303,2025-08-03,24.42,0.435,Tablet,West,Returning
S0002896-C1671,1671,2024-11-03,9.91,0.785,Tablet,South,Returning
S0002897-C4304,4304,2025-04-06,72.15,0.624,Desktop,West,Returning
S0002898-C213,213,2024-10-12,44.94,0.511,Tablet,International,Returning
S0002899-C2679,2679,2025-07-08,10.87,0.838,Desktop,East,Returning
S0002900-C2144,2144,2025-02-24,42.25,0.552,Desktop,North,New
S0002901-C4612,4612,2025-03-05,121.04,0.592,Desktop,South,Returning
S0002902-C4781,4781,2024-10-06,112.91,0.197,Desktop,North,Returning
S0002903-C4095,4095,2025-04-07,94.87,0.242,Mobile,West,Returning
S0002904-C31,31,2025-06-17,188.04,0.163,Tablet,Central,Returning
S0002905-C2863,2863,2025-07-14,172.07,0.909,Desktop,North,Returning
S0002906-C1730,1730,2024-09-17,130.64,0.456,Desktop,North,Returning
S0002907-C2403,2403,2025-07-30,184.72,0.409,Desktop,International,Returning
S0002908-C4933,4933,2025-07-29,83.08,0.817,Desktop,West,Returning
S0002909-C736,736,2025-07-14,28.78,0.382,Mobile,International,Returning
S0002910-C3360,3360,2024-10-19,48.87,0.649,Mobile,International,New
S0002911-C3356,3356,2024-08-31,181.79,0.582,Desktop,East,Returning
S0002912-C4417,4417,2024-11-05,73.58,0.436,Desktop,International,Returning
S0002913-C2742,2742,2025-04-15,34.34,0.742,Desktop,South,Returning
S0002914-C2042,2042,2024-08-26,152.58,0.790,Tablet,West,Returning
S0002915-C3357,3357,2025-06-10,8.02,0.561,Tablet,International,Returning
S0002916-C4221,4221,2025-05-05,1.13,0.145,Mobile,South,Returning
S0002917-C2812,2812,2024-10-21,108.99,0.217,Desktop,International,Returning
S0002918-C3412,3412,2025-04-17,148.92,0.633,Desktop,North,Returning
S0002919-C3857,3857,2025-01-03,179.37,0.552,Desktop,Central,Returning
S0002920-C2352,2352,2025-08-25,120.09,0.946,Desktop,International,Returning
S0002921-C4642,4642,2024-10-07,127.52,0.531,Tablet,South,Returning
S0002922-C4760,4760,2025-01-07,60.86,0.613,Desktop,South,Returning
S0002923-C338,338,2025-04-21,106.43,0.608,Mobile,West,Returning
S0002924-C4419,4419,2025-07-17,177.41,0.151,Tablet,North,New
S0002925-C571,571,2025-06-11,137.38,0.785,Desktop,Central,Returning
S0002926-C1926,1926,2025-07-24,56.99,0.194,Tablet,South,Returning
S0002927-C2072,2072,2024-11-20,113.95,0.555,Desktop,Central,Returning
S0002928-C898,898,2024-11-26,39.50,0.721,Desktop,East,Returning
S0002929-C3590,3590,2025-06-28,129.26,0.726,Tablet,International,Returning
S0002930-C914,914,2024-12-15,183.87,0.515,Tablet,West,Returning
S0002931-C393,393,2025-04-27,82.15,0.109,Desktop,South,New
S0002932-C4760,4760,2025-05-21,92.05,0.510,Desktop,East,Returning
S0002933-C410,410,2024-12-03,77.96,0.741,Tablet,North,New
S0002934-C4178,4178,2025-01-16,104.41,0.764,Mobile,West,Returning
S0002935-C3150,3150,2025-03-12,79.06,0.595,Tablet,East,Returning
S0002936-C4484,4484,2025-05-26,111.85,0.092,Mobile,West,Returning
S0002937-C3349,3349,2024-11-06,199.70,0.579,Tablet,International,Returning
S0002938-C4179,4179,2025-04-16,58.56,0.396,Desktop,North,New
S0002939-C2959,2959,2025-02-22,149.52,0.252,Tablet,Central,Returning
S0002940-C3318,3318,2025-03-24,25.21,0.374,Mobile,North,Returning
S0002941-C2066,2066,2025-04-18,107.38,0.607,Mobile,West,Returning
S0002942-C608,608,2025-02-16,49.16,0.646,Mobile,International,Returning
S0002943-C4697,4697,2025-02-12,168.21,0.599,Mobile,Central,Returning
S0002944-C3615,3615,2025-04-23,106.29,0.623,Mobile,North,Returning
S0002945-C473,473,2025-07-06,80.91,0.599,Tablet,East,Returning
S0002946-C407,407,2024-11-30,86.52,0.911,Mobile,West,Returning
S0002947-C881,881,2024-11-24,46.74,0.870,Tablet,West,New
S0002948-C629,629,2025-06-23,99.32,0.913,Desktop,West,Returning
S0002949-C3035,3035,2025-07-16,146.77,0.353,Mobile,East,Returning
S0002950-C2687,2687,2025-08-08,125.04,0.935,Desktop,South,New
S0002951-C565,565,2025-08-16,158.88,0.853,Desktop,Central,Returning
S0002952-C2276,2276,2025-04-29,52.09,0.344,Tablet,South,Returning
S0002953-C2181,2181,2025-01-15,147.85,0.831,Desktop,North,Returning
S0002954-C1055,1055,2025-07-11,199.38,0.596,Desktop,East,Returning
S0002955-C153,153,2025-01-09,6.52,0.310,Mobile,International,Returning
S0002956-C3235,3235,2025-02-21,119.15,0.461,Mobile,North,New
S0002957-C620,620,2025-04-26,58.70,0.472,Mobile,International,New
S0002958-C4810,4810,2025-03-31,27.80,0.482,Tablet,East,Returning
S0002959-C3944,3944,2025-01-16,134.27,0.531,Mobile,Central,Returning
S0002960-C501,501,2025-06-07,157.79,0.312,Desktop,West,Returning
S0002961-C1148,1148,2025-04-08,44.02,0.910,Desktop,Central,Returning
S0002962-C139,139,2025-03-21,14.18,0.106,Desktop,South,Returning
S0002963-C1305,1305,2025-01-20,39.93,0.238,Mobile,West,Returning
S0002964-C2394,2394,2025-03-21,143.20,0.310,Desktop,West,New
S0002965-C208,208,2024-12-20,54.68,0.346,Tablet,North,New
S0002966-C1936,1936,2025-03-03,49.30,0.759,Desktop,West,Returning
S0002967-C4666,4666,2024-09-07,6.55,0.288,Desktop,South,Returning
S0002968-C4370,4370,2025-03-13,128.57,0.820,Mobile,South,Returning
S0002969-C3009,3009,2025-02-11,173.54,0.712,Desktop,North,Returning
S0002970-C1665,1665,2024-08-31,185.78,0.669,Mobile,South,New
S0002971-C3082,3082,2024-09-12,181.20,0.659,Tablet,South,Returning
S0002972-C3480,3480,2024-09-26,95.92,0.642,Tablet,South,Returning
S0002973-C1637,1637,2025-07-04,146.88,0.268,Desktop,South,Returning
S0002974-C3698,3698,2025-07-23,49.13,0.905,Desktop,South,New
S0002975-C2494,2494,2025-03-28,111.88,0.557,Desktop,North,Returning
S0002976-C284,284,2025-03-19,3.08,0.739,Tablet,West,Returning
S0002977-C4196,4196,2024-09-02,76.90,0.933,Tablet,Central,Returning
S0002978-C4201,4201,2025-01-14,107.67,0.821,Tablet,Central,Returning
S0002979-C4556,4556,2025-08-17,76.96,0.818,Desktop,International,Returning
S0002980-C1326,1326,2025-04-12,13.09,0.240,Tablet,West,Returning
S0002981-C2489,2489,2025-03-27,116.91,0.659,Mobile,North,Returning
S0002982-C4902,4902,2024-09-25,129.16,0.479,Mobile,Central,Returning
S0002983-C509,509,2025-04-06,127.51,0.070,Desktop,International,New
S0002984-C2187,2187,2025-08-06,190.85,0.600,Desktop,North,New
S0002985-C876,876,2025-02-18,11.30,0.710,Mobile,South,Returning
S0002986-C4441,4441,2025-01-23,54.62,0.593,Desktop,South,Returning
S0002987-C4131,4131,2025-04-28,30.96,0.765,Mobile,North,Returning
S0002988-C3438,3438,2024-11-23,143.70,0.342,Mobile,East,Returning
S0002989-C3620,3620,2025-02-03,121.94,0.392,Desktop,South,Returning
S0002990-C2366,2366,2024-09-26,29.19,0.942,Mobile,West,Returning
S0002991-C2862,2862,2025-03-22,86.07,0.827,Desktop,West,Returning
S0002992-C2689,2689,2024-11-10,66.49,0.315,Mobile,West,New
S0002993-C4413,4413,2025-06-21,49.85,0.687,Tablet,International,Returning
S0002994-C3240,3240,2024-12-01,143.94,0.410,Tablet,North,Returning
S0002995-C3495,3495,2024-10-21,27.05,0.173,Desktop,International,New
S0002996-C2675,2675,2025-04-10,54.85,0.269,Mobile,South,New
S0002997-C2710,2710,2025-02-11,10.76,0.645,Desktop,Central,Returning
S0002998-C616,616,2024-11-03,134.65,0.897,Tablet,West,Returning
S0002999-C4279,4279,2025-02-27,179.38,0.055,Mobile,Central,Returning
S0003000-C3954,3954,2024-10-15,188.05,0.152,Tablet,East,Returning
S0003001-C2907,2907,2025-01-05,88.31,0.317,Desktop,International,New
S0003002-C2119,2119,2025-08-09,190.64,0.618,Desktop,West,New
S0003003-C2933,2933,2024-12-08,161.20,0.852,Desktop,West,Returning
S0003004-C2903,2903,2025-01-02,97.11,0.492,Tablet,West,Returning
S0003005-C2707,2707,2024-10-24,113.01,0.331,Tablet,East,Returning
S0003006-C2642,2642,2025-01-08,112.87,0.889,Tablet,North,Returning
S0003007-C2049,2049,2025-07-10,81.50,0.640,Desktop,South,Returning
S0003008-C4364,4364,2025-05-10,169.55,0.373,Desktop,South,New
S0003009-C1626,1626,2025-07-23,97.97,0.203,Mobile,East,Returning
S0003010-C363,363,2024-11-07,155.02,0.482,Desktop,International,Returning
S0003011-C1920,1920,2025-01-14,181.42,0.680,Tablet,Central,Returning
S0003012-C4637,4637,2025-01-05,80.90,0.150,Mobile,East,Returning
S0003013-C4760,4760,2025-04-27,159.18,0.940,Mobile,Central,Returning
S0003014-C2287,2287,2025-06-29,83.39,0.600,Tablet,South,Returning
S0003015-C1074,1074,2025-04-04,63.92,0.428,Desktop,East,Returning
S0003016-C2938,2938,2025-01-21,40.10,0.252,Mobile,International,New
S0003017-C3796,3796,2025-03-12,199.73,0.615,Desktop,Central,Returning
S0003018-C703,703,2025-02-16,37.82,0.391,Desktop,West,Returning
S0003019-C888,888,2025-05-18,166.36,0.356,Desktop,North,Returning
S0003020-C376,376,2025-07-14,72.59,0.465,Desktop,Central,Returning
S0003021-C1891,1891,2025-06-20,154.63,0.339,Desktop,East,Returning
S0003022-C477,477,2024-09-06,110.34,0.821,Mobile,West,Returning
S0003023-C4686,4686,2024-09-25,152.84,0.118,Desktop,South,Returning
S0003024-C704,704,2025-03-12,172.35,0.895,Desktop,Central,Returning
S0003025-C1485,1485,2025-01-17,26.03,0.804,Tablet,East,New
S0003026-C3844,3844,2024-12-13,38.67,0.830,Tablet,South,Returning
S0003027-C2625,2625,2024-11-08,79.59,0.595,Tablet,East,Returning
S0003028-C2138,2138,2025-06-03,172.57,0.614,Mobile,International,Returning
S0003029-C2588,2588,2024-11-26,35.18,0.628,Tablet,West,Returning
S0003030-C3604,3604,2025-05-19,38.24,0.180,Desktop,South,New
S0003031-C1848,1848,2024-12-17,67.76,0.613,Desktop,Central,New
S0003032-C1119,1119,2024-09-07,32.16,0.864,Desktop,East,Returning
S0003033-C1466,1466,2025-04-03,19.54,0.322,Desktop,South,Returning
S0003034-C4013,4013,2025-06-15,115.49,0.317,Tablet,International,New
S0003035-C3410,3410,2025-05-26,42.03,0.318,Tablet,East,Returning
S0003036-C3543,3543,2025-03-26,192.55,0.555,Tablet,International,Returning
S0003037-C61,61,2024-10-24,30.04,0.265,Tablet,North,Returning
S0003038-C4705,4705,2025-04-26,167.04,0.213,Mobile,East,New
S0003039-C194,194,2024-09-13,125.64,0.315,Mobile,North,Returning
S0003040-C2116,2116,2025-02-02,106.09,0.925,Desktop,East,Returning
S0003041-C2798,2798,2024-12-22,138.79,0.452,Desktop,East,Returning
S0003042-C3598,3598,2024-10-26,1.00,0.524,Mobile,West,Returning
S0003043-C542,542,2025-04-22,78.16,0.882,Mobile,East,New
S0003044-C3930,3930,2024-11-08,123.52,0.683,Mobile,South,New
S0003045-C2235,2235,2025-06-10,141.06,0.859,Mobile,South,Returning
S0003046-C2832,2832,2025-04-21,5.75,0.146,Mobile,International,Returning
S0003047-C3112,3112,2025-05-18,98.57,0.634,Tablet,International,New
S0003048-C3731,3731,2025-02-20,63.97,0.108,Mobile,West,New
S0003049-C951,951,2024-09-23,7.62,0.433,Desktop,Central,Returning
S0003050-C464,464,2024-11-09,138.74,0.127,Mobile,East,Returning
S0003051-C1316,1316,2025-05-07,143.71,0.669,Desktop,East,Returning
S0003052-C3562,3562,2024-12-20,52.37,0.293,Mobile,North,Returning
S0003053-C4008,4008,2024-09-29,23.86,0.844,Desktop,West,Returning
S0003054-C4126,4126,2025-05-02,20.50,0.559,Mobile,International,New
S0003055-C1373,1373,2025-04-15,197.38,0.814,Desktop,International,Returning
S0003056-C3815,3815,2025-03-31,145.62,0.437,Tablet,West,Returning
S0003057-C2381,2381,2024-09-26,29.03,0.933,Mobile,East,Returning
S0003058-C632,632,2025-01-18,125.95,0.359,Tablet,North,New
S0003059-C4773,4773,2025-01-16,33.54,0.068,Mobile,International,Returning
S0003060-C1307,1307,2024-10-02,141.17,0.802,Desktop,Central,Returning
S0003061-C2349,2349,2025-08-09,164.69,0.930,Mobile,North,Returning
S0003062-C1156,1156,2025-02-13,191.25,0.222,Desktop,International,New
S0003063-C3780,3780,2025-01-31,111.27,0.129,Tablet,West,Returning
S0003064-C779,779,2025-08-08,155.12,0.709,Mobile,East,Returning
S0003065-C2595,2595,2025-03-25,108.48,0.457,Mobile,Central,New
S0003066-C2551,2551,2024-09-06,61.92,0.630,Desktop,West,Returning
S0003067-C996,996,2024-12-02,9.92,0.104,Desktop,West,Returning
S0003068-C1551,1551,2025-04-25,150.69,0.731,Mobile,East,New
S0003069-C4369,4369,2024-11-03,86.56,0.709,Mobile,West,Returning
S0003070-C4704,4704,2024-10-20,82.96,0.529,Mobile,East,New
S0003071-C1209,1209,2024-11-03,63.33,0.192,Tablet,Central,New
S0003072-C2119,2119,2024-11-24,97.92,0.223,Mobile,International,Returning
S0003073-C4518,4518,2024-11-07,57.62,0.087,Mobile,West,Returning
S0003074-C4311,4311,2025-02-14,11.40,0.679,Desktop,West,Returning
S0003075-C3506,3506,2025-02-10,117.31,0.337,Tablet,South,Returning
S0003076-C1202,1202,2025-03-08,123.43,0.665,Mobile,Central,New
S0003077-C2335,2335,2024-10-12,189.45,0.165,Tablet,West,Returning
S0003078-C1259,1259,2025-03-23,76.24,0.612,Tablet,North,New
S0003079-C3424,3424,2024-08-31,173.44,0.395,Desktop,East,New
S0003080-C2522,2522,2025-08-02,163.06,0.842,Tablet,North,Returning
S0003081-C2094,2094,2024-10-30,169.64,0.751,Mobile,East,Returning
S0003082-C3214,3214,2025-05-07,117.53,0.076,Mobile,Central,Returning
S0003083-C1705,1705,2024-10-30,17.24,0.919,Mobile,International,New
S0003084-C2064,2064,2024-10-01,53.45,0.620,Mobile,International,Returning
S0003085-C3324,3324,2024-10-08,81.39,0.405,Tablet,West,Returning
S0003086-C950,950,2025-06-07,104.76,0.916,Desktop,South,Returning
S0003087-C2318,2318,2024-12-28,180.84,0.540,Desktop,East,New
S0003088-C4380,4380,2025-05-01,192.26,0.818,Mobile,East,Returning
S0003089-C4448,4448,2024-12-16,158.39,0.845,Desktop,West,Returning
S0003090-C2870,2870,2024-09-21,183.73,0.778,Desktop,North,Returning
S0003091-C653,653,2024-09-18,56.49,0.597,Desktop,North,New
S0003092-C964,964,2025-01-20,79.63,0.235,Tablet,West,Returning
S0003093-C2042,2042,2025-03-23,180.05,0.254,Mobile,East,New
S0003094-C4606,4606,2025-03-31,51.90,0.125,Mobile,International,Returning
S0003095-C1248,1248,2024-11-09,42.62,0.670,Tablet,International,Returning
S0003096-C4323,4323,2025-05-11,173.92,0.473,Tablet,South,Returning
S0003097-C2380,2380,2025-02-05,67.42,0.074,Desktop,West,Returning
S0003098-C4193,4193,2025-04-25,31.61,0.757,Mobile,International,Returning
S0003099-C2211,2211,2025-03-01,20.49,0.100,Tablet,Central,Returning
S0003100-C1692,1692,2025-05-18,69.34,0.875,Mobile,International,Returning
S0003101-C533,533,2024-09-20,65.78,0.820,Desktop,International,Returning
S0003102-C631,631,2024-09-09,85.24,0.274,Tablet,North,Returning
S0003103-C630,630,2025-06-04,149.20,0.100,Desktop,North,New
S0003104-C1259,1259,2025-08-12,84.78,0.061,Tablet,International,New
S0003105-C1032,1032,2025-03-08,143.51,0.217,Tablet,South,Returning
S0003106-C2556,2556,2024-12-26,156.43,0.879,Desktop,West,Returning
S0003107-C4832,4832,2025-07-27,99.91,0.283,Tablet,South,Returning
S0003108-C2333,2333,2025-02-26,13.24,0.816,Desktop,Central,Returning
S0003109-C2139,2139,2025-02-07,89.99,0.599,Tablet,Central,Returning
S0003110-C1273,1273,2025-02-20,159.41,0.454,Tablet,International,New
S0003111-C2410,2410,2025-05-22,171.40,0.503,Tablet,South,Returning
S0003112-C3008,3008,2025-05-24,94.41,0.585,Mobile,International,Returning
S0003113-C2782,2782,2024-10-17,123.11,0.506,Tablet,International,Returning
S0003114-C4642,4642,2025-08-16,70.29,0.658,Desktop,West,Returning
S0003115-C679,679,2024-11-30,52.96,0.159,Tablet,Central,New
S0003116-C5,5,2024-09-08,163.62,0.228,Mobile,North,Returning
S0003117-C4035,4035,2025-01-19,115.37,0.127,Tablet,South,New
S0003118-C3715,3715,2025-03-18,195.29,0.553,Tablet,West,Returning
S0003119-C1998,1998,2024-09-02,140.63,0.567,Tablet,North,New
S0003120-C3230,3230,2024-12-24,81.99,0.087,Tablet,Central,Returning
S0003121-C102,102,2025-02-15,113.70,0.288,Mobile,South,Returning
S0003122-C1520,1520,2025-01-19,15.74,0.589,Tablet,North,Returning
S0003123-C3534,3534,2025-05-08,76.14,0.053,Tablet,East,New
S0003124-C3583,3583,2025-07-15,83.79,0.728,Mobile,South,Returning
S0003125-C4271,4271,2025-03-24,111.33,0.511,Tablet,International,Returning
S0003126-C3712,3712,2025-08-17,176.77,0.368,Desktop,West,New
S0003127-C2362,2362,2024-11-20,80.42,0.697,Mobile,Central,Returning
S0003128-C2657,2657,2025-05-02,197.76,0.945,Desktop,North,New
S0003129-C4154,4154,2025-01-25,83.24,0.352,Mobile,North,Returning
S0003130-C3688,3688,2025-04-07,141.36,0.394,Tablet,Central,Returning
S0003131-C4431,4431,2025-03-15,115.17,0.535,Tablet,South,New
S0003132-C1269,1269,2024-12-03,175.56,0.235,Mobile,East,Returning
S0003133-C4379,4379,2025-01-13,90.63,0.426,Tablet,East,Returning
S0003134-C3243,3243,2024-09-12,162.87,0.244,Mobile,West,Returning
S0003135-C625,625,2025-04-03,120.63,0.796,Mobile,South,Returning
S0003136-C1314,1314,2025-04-01,45.12,0.878,Tablet,International,Returning
S0003137-C4515,4515,2025-08-11,98.23,0.352,Desktop,North,Returning
S0003138-C1803,1803,2025-04-20,133.82,0.316,Mobile,East,Returning
S0003139-C4975,4975,2025-04-17,161.26,0.911,Mobile,International,Returning
S0003140-C2678,2678,2025-01-05,115.92,0.938,Desktop,North,Returning
S0003141-C863,863,2025-02-04,51.02,0.601,Desktop,West,Returning
S0003142-C2636,2636,2024-11-14,63.13,0.266,Desktop,West,Returning
S0003143-C1168,1168,2025-05-29,102.49,0.801,Mobile,Central,Returning
S0003144-C1513,1513,2025-07-14,135.46,0.082,Desktop,West,Returning
S0003145-C2626,2626,2025-01-23,73.02,0.105,Desktop,International,Returning
S0003146-C218,218,2025-08-19,192.84,0.738,Tablet,East,Returning
S0003147-C3955,3955,2025-08-08,173.54,0.225,Mobile,South,New
S0003148-C839,839,2025-05-18,171.70,0.478,Tablet,West,Returning
S0003149-C3886,3886,2025-04-12,105.71,0.524,Desktop,West,New
S0003150-C3906,3906,2025-03-14,181.60,0.220,Desktop,West,New
S0003151-C3403,3403,2025-06-10,2.35,0.434,Desktop,South,Returning
S0003152-C910,910,2025-01-11,110.46,0.862,Tablet,West,Returning
S0003153-C3490,3490,2025-01-02,27.28,0.719,Desktop,South,Returning
S0003154-C1733,1733,2024-11-24,144.30,0.366,Mobile,International,Returning
S0003155-C4416,4416,2025-05-18,141.49,0.701,Mobile,South,New
S0003156-C645,645,2025-01-06,155.65,0.943,Mobile,North,Returning
S0003157-C482,482,2024-11-30,78.71,0.733,Mobile,Central,New
S0003158-C280,280,2025-08-12,2.41,0.907,Tablet,Central,Returning
S0003159-C495,495,2025-03-16,185.66,0.326,Tablet,Central,Returning
S0003160-C4268,4268,2024-12-22,163.94,0.114,Tablet,South,Returning
S0003161-C1224,1224,2025-03-27,67.52,0.450,Desktop,Central,Returning
S0003162-C3815,3815,2024-10-18,194.80,0.331,Mobile,South,Returning
S0003163-C970,970,2024-11-14,62.57,0.255,Desktop,South,Returning
S0003164-C4313,4313,2025-03-20,117.82,0.626,Mobile,South,Returning
S0003165-C3212,3212,2025-01-15,24.40,0.752,Mobile,East,New
S0003166-C2345,2345,2025-08-08,166.85,0.074,Mobile,North,Returning
S0003167-C431,431,2025-08-06,1.74,0.845,Mobile,South,Returning
S0003168-C4043,4043,2025-08-21,126.47,0.164,Tablet,South,Returning
S0003169-C3904,3904,2024-10-11,5.46,0.513,Mobile,International,New
S0003170-C3748,3748,2025-03-14,1.46,0.665,Mobile,International,Returning
S0003171-C1299,1299,2025-07-22,137.67,0.195,Tablet,South,Returning
S0003172-C4171,4171,2025-03-09,163.11,0.669,Tablet,International,Returning
S0003173-C3310,3310,2024-09-25,118.94,0.253,Mobile,North,New
S0003174-C3455,3455,2024-09-05,157.53,0.070,Tablet,Central,New
S0003175-C2521,2521,2025-06-08,111.99,0.191,Desktop,North,Returning
S0003176-C2228,2228,2025-03-04,11.77,0.821,Desktop,International,Returning
S0003177-C3833,3833,2025-06-06,161.70,0.390,Mobile,South,Returning
S0003178-C525,525,2024-09-20,66.71,0.841,Mobile,South,Returning
S0003179-C1596,1596,2025-06-08,22.75,0.883,Desktop,Central,Returning
S0003180-C1757,1757,2025-04-22,133.06,0.315,Mobile,West,New
S0003181-C211,211,2024-10-13,41.13,0.436,Mobile,East,Returning
S0003182-C4654,4654,2025-08-07,93.41,0.212,Mobile,International,Returning
S0003183-C1873,1873,2025-07-04,118.85,0.537,Tablet,International,New
S0003184-C3654,3654,2025-05-25,15.26,0.608,Tablet,West,Returning
S0003185-C4952,4952,2025-05-26,55.96,0.634,Mobile,North,New
S0003186-C2888,2888,2025-03-30,60.61,0.314,Mobile,International,Returning
S0003187-C4097,4097,2025-04-20,58.79,0.427,Desktop,Central,Returning
S0003188-C2173,2173,2025-07-30,10.92,0.102,Desktop,East,Returning
S0003189-C980,980,2025-05-31,118.43,0.278,Mobile,Central,Returning
S0003190-C3247,3247,2025-03-21,42.88,0.747,Desktop,Central,Returning
S0003191-C3679,3679,2025-04-20,107.68,0.630,Mobile,North,Returning
S0003192-C1054,1054,2024-09-18,10.22,0.451,Desktop,North,Returning
S0003193-C3183,3183,2025-04-24,157.64,0.880,Desktop,East,Returning
S0003194-C2970,2970,2025-06-24,14.10,0.807,Tablet,East,Returning
S0003195-C4756,4756,2024-09-03,7.04,0.268,Desktop,Central,Returning
S0003196-C1300,1300,2025-07-27,124.48,0.834,Mobile,Central,Returning
S0003197-C3603,3603,2024-12-14,64.42,0.518,Mobile,West,New
S0003198-C4837,4837,2025-04-19,172.15,0.272,Mobile,West,Returning
S0003199-C1771,1771,2025-08-07,38.72,0.783,Mobile,North,Returning
S0003200-C4972,4972,2025-07-04,147.36,0.277,Desktop,East,Returning
S0003201-C983,983,2024-09-06,49.53,0.352,Tablet,Central,Returning
S0003202-C4238,4238,2025-02-21,0.93,0.496,Mobile,Central,Returning
S0003203-C695,695,2025-02-12,50.64,0.647,Mobile,Central,Returning
S0003204-C1860,1860,2024-11-13,159.36,0.623,Tablet,North,Returning
S0003205-C1162,1162,2025-02-13,191.99,0.235,Desktop,North,New
S0003206-C2361,2361,2024-10-16,174.25,0.755,Desktop,South,Returning
S0003207-C892,892,2025-07-28,171.51,0.097,Tablet,South,Returning
S0003208-C4892,4892,2024-11-11,1.49,0.655,Mobile,Central,Returning
S0003209-C3285,3285,2025-05-13,92.89,0.465,Tablet,South,New
S0003210-C962,962,2025-02-13,13.88,0.733,Mobile,West,Returning
S0003211-C4048,4048,2025-04-15,78.08,0.825,Desktop,North,Returning
S0003212-C3785,3785,2024-11-11,133.87,0.934,Tablet,West,New
S0003213-C840,840,2025-05-10,194.83,0.936,Tablet,North,New
S0003214-C4026,4026,2025-03-03,196.87,0.484,Mobile,International,Returning
S0003215-C2978,2978,2025-02-20,153.75,0.329,Desktop,South,Returning
S0003216-C4187,4187,2024-09-12,48.62,0.376,Desktop,South,Returning
S0003217-C4497,4497,2025-04-11,34.00,0.706,Desktop,East,New
S0003218-C3758,3758,2025-01-10,173.35,0.465,Tablet,North,Returning
S0003219-C2527,2527,2024-11-17,68.39,0.406,Tablet,West,Returning
S0003220-C886,886,2024-09-08,56.16,0.515,Tablet,North,Returning
S0003221-C1405,1405,2024-11-22,189.69,0.471,Mobile,North,Returning
S0003222-C4760,4760,2025-05-16,107.14,0.809,Mobile,West,Returning
S0003223-C2111,2111,2024-12-10,54.75,0.270,Mobile,South,New
S0003224-C652,652,2025-08-01,189.53,0.532,Tablet,West,Returning
S0003225-C4292,4292,2025-04-14,49.90,0.188,Desktop,West,New
S0003226-C2291,2291,2025-07-22,19.45,0.233,Tablet,North,Returning
S0003227-C2418,2418,2024-12-14,7.38,0.133,Mobile,East,Returning
S0003228-C970,970,2024-08-26,82.04,0.100,Desktop,North,Returning
S0003229-C4497,4497,2024-10-29,84.57,0.628,Tablet,Central,New
S0003230-C4906,4906,2024-12-06,130.01,0.135,Mobile,South,New
S0003231-C1338,1338,2025-06-14,37.39,0.357,Desktop,Central,New
S0003232-C706,706,2025-01-30,84.99,0.424,Tablet,Central,Returning
S0003233-C4462,4462,2025-07-06,4.17,0.667,Mobile,Central,Returning
S0003234-C2639,2639,2025-04-27,12.46,0.342,Mobile,South,Returning
S0003235-C4739,4739,2025-01-17,34.99,0.108,Tablet,Central,Returning
S0003236-C1360,1360,2024-11-10,26.42,0.313,Desktop,East,New
S0003237-C3711,3711,2024-12-23,27.17,0.646,Tablet,West,Returning
S0003238-C99,99,2025-04-23,129.33,0.239,Desktop,International,Returning
S0003239-C2883,2883,2025-07-27,136.00,0.189,Tablet,South,Returning
S0003240-C1685,1685,2025-04-27,127.47,0.228,Desktop,Central,Returning
S0003241-C1331,1331,2025-07-03,185.85,0.239,Desktop,Central,Returning
S0003242-C4609,4609,2024-10-22,89.04,0.680,Desktop,Central,New
S0003243-C1836,1836,2025-02-17,99.96,0.895,Desktop,North,New
S0003244-C2047,2047,2025-02-13,84.88,0.527,Mobile,South,Returning
S0003245-C190,190,2025-08-19,193.67,0.763,Desktop,International,Returning
S0003246-C428,428,2025-04-22,93.81,0.329,Desktop,Central,Returning
S0003247-C514,514,2025-08-11,179.30,0.374,Desktop,East,New
S0003248-C3380,3380,2025-04-27,124.11,0.152,Tablet,South,Returning
S0003249-C3099,3099,2025-01-25,9.59,0.496,Mobile,South,Returning
S0003250-C214,214,2025-03-12,30.64,0.407,Mobile,East,Returning
S0003251-C3745,3745,2024-09-28,57.52,0.696,Tablet,East,New
S0003252-C1983,1983,2025-02-22,68.13,0.217,Tablet,International,New
S0003253-C3314,3314,2024-09-02,181.68,0.594,Desktop,West,Returning
S0003254-C889,889,2025-01-23,80.08,0.268,Desktop,South,Returning
S0003255-C4402,4402,2024-12-13,170.81,0.206,Desktop,North,New
S0003256-C2832,2832,2025-03-03,139.81,0.101,Desktop,Central,Returning
S0003257-C4217,4217,2025-02-05,44.80,0.471,Tablet,International,Returning
S0003258-C2402,2402,2025-03-19,149.32,0.428,Tablet,North,Returning
S0003259-C990,990,2024-09-03,58.96,0.537,Tablet,East,Returning
S0003260-C1200,1200,2025-04-04,48.34,0.079,Mobile,North,New
S0003261-C662,662,2025-03-15,168.39,0.830,Tablet,East,Returning
S0003262-C2067,2067,2024-10-23,192.93,0.320,Mobile,North,Returning
S0003263-C4727,4727,2025-07-17,141.35,0.237,Tablet,International,New
S0003264-C3339,3339,2024-09-01,180.60,0.564,Desktop,North,Returning
S0003265-C1844,1844,2024-11-16,152.62,0.495,Desktop,East,Returning
S0003266-C2726,2726,2025-08-10,114.46,0.713,Tablet,West,Returning
S0003267-C1356,1356,2024-12-26,102.52,0.561,Desktop,Central,New
S0003268-C165,165,2024-09-27,90.59,0.530,Desktop,International,Returning
S0003269-C1186,1186,2024-12-01,191.57,0.579,Desktop,West,Returning
S0003270-C2295,2295,2025-04-01,125.51,0.892,Tablet,North,Returning
S0003271-C2974,2974,2024-12-02,174.51,0.202,Desktop,West,Returning
S0003272-C1996,1996,2025-01-09,187.10,0.768,Desktop,West,New
S0003273-C3726,3726,2025-02-10,91.20,0.649,Tablet,Central,New
S0003274-C420,420,2025-07-05,91.16,0.819,Tablet,International,New
S0003275-C2989,2989,2024-12-14,138.66,0.387,Tablet,International,Returning
S0003276-C3083,3083,2025-01-19,27.90,0.864,Desktop,Central,Returning
S0003277-C458,458,2025-04-16,104.55,0.532,Desktop,International,Returning
S0003278-C211,211,2025-07-22,67.97,0.428,Desktop,North,Returning
S0003279-C3552,3552,2025-05-12,63.62,0.699,Mobile,North,Returning
S0003280-C1268,1268,2024-11-25,198.13,0.682,Mobile,West,Returning
S0003281-C4938,4938,2024-10-11,81.14,0.417,Tablet,International,Returning
S0003282-C222,222,2025-03-28,185.30,0.407,Desktop,Central,Returning
S0003283-C1144,1144,2025-02-20,172.51,0.755,Desktop,South,Returning
S0003284-C3079,3079,2025-01-29,2.68,0.366,Tablet,West,Returning
S0003285-C3178,3178,2024-10-13,87.11,0.565,Mobile,North,Returning
S0003286-C412,412,2025-03-16,195.92,0.556,Tablet,Central,Returning
S0003287-C3242,3242,2025-08-08,59.81,0.364,Tablet,South,Returning
S0003288-C2294,2294,2025-07-28,2.36,0.793,Desktop,International,Returning
S0003289-C2576,2576,2025-03-06,162.17,0.626,Tablet,International,Returning
S0003290-C4354,4354,2025-04-16,37.97,0.831,Tablet,South,Returning
S0003291-C4727,4727,2024-09-28,141.60,0.782,Tablet,South,Returning
S0003292-C4955,4955,2025-05-24,61.82,0.749,Tablet,East,Returning
S0003293-C2664,2664,2025-02-11,17.26,0.789,Tablet,Central,Returning
S0003294-C182,182,2025-04-04,171.78,0.152,Tablet,West,New
S0003295-C3728,3728,2025-04-14,118.16,0.822,Mobile,North,Returning
S0003296-C1828,1828,2025-04-01,181.10,0.344,Tablet,West,Returning
S0003297-C1974,1974,2025-05-22,26.12,0.828,Tablet,North,Returning
S0003298-C1246,1246,2024-11-07,49.07,0.798,Mobile,West,Returning
S0003299-C425,425,2025-07-28,26.86,0.444,Tablet,West,Returning
S0003300-C4626,4626,2025-04-21,190.70,0.707,Tablet,Central,Returning
S0003301-C4930,4930,2025-02-02,167.43,0.508,Desktop,West,New
S0003302-C2355,2355,2025-07-09,48.24,0.782,Mobile,South,Returning
S0003303-C4902,4902,2024-11-03,22.54,0.168,Desktop,South,New
S0003304-C3369,3369,2025-06-14,194.98,0.299,Mobile,East,Returning
S0003305-C1699,1699,2024-10-16,54.58,0.760,Desktop,South,Returning
S0003306-C4988,4988,2025-07-18,107.47,0.382,Desktop,North,Returning
S0003307-C3381,3381,2024-12-20,74.90,0.798,Desktop,West,Returning
S0003308-C428,428,2024-11-12,134.60,0.057,Desktop,North,Returning
S0003309-C930,930,2025-07-20,187.69,0.405,Desktop,West,Returning
S0003310-C4792,4792,2025-07-11,151.01,0.408,Tablet,East,Returning
S0003311-C1694,1694,2024-09-16,137.27,0.599,Tablet,North,Returning
S0003312-C26,26,2024-08-31,183.03,0.606,Mobile,International,Returning
S0003313-C3269,3269,2025-02-09,148.43,0.130,Desktop,Central,Returning
S0003314-C4112,4112,2024-11-29,44.88,0.866,Tablet,West,Returning
S0003315-C365,365,2025-05-24,12.39,0.537,Mobile,International,Returning
S0003316-C3808,3808,2024-11-12,128.06,0.812,Desktop,North,New
S0003317-C4334,4334,2024-11-19,47.07,0.838,Tablet,Central,Returning
S0003318-C141,141,2025-06-11,189.09,0.148,Tablet,South,Returning
S0003319-C1403,1403,2025-03-22,61.59,0.275,Desktop,International,Returning
S0003320-C2851,2851,2025-02-19,172.40,0.740,Desktop,International,Returning
S0003321-C4879,4879,2024-08-26,13.92,0.365,Mobile,West,Returning
S0003322-C1653,1653,2024-12-23,73.66,0.793,Desktop,West,New
S0003323-C3536,3536,2025-06-28,136.94,0.896,Mobile,East,New
S0003324-C1404,1404,2025-07-19,133.78,0.084,Desktop,Central,Returning
S0003325-C3815,3815,2025-02-15,68.08,0.162,Mobile,West,Returning
S0003326-C4710,4710,2025-01-18,36.08,0.139,Tablet,East,Returning
S0003327-C4397,4397,2025-08-12,110.70,0.637,Mobile,North,Returning
S0003328-C1050,1050,2025-01-11,95.19,0.515,Desktop,South,Returning
S0003329-C2288,2288,2025-03-24,150.08,0.480,Desktop,South,Returning
S0003330-C3341,3341,2024-12-24,68.00,0.674,Mobile,North,Returning
S0003331-C3567,3567,2025-05-23,30.69,0.942,Mobile,West,New
S0003332-C3490,3490,2025-04-16,140.50,0.441,Desktop,North,Returning
S0003333-C3129,3129,2025-05-07,126.49,0.281,Mobile,North,Returning
S0003334-C3341,3341,2025-03-12,56.66,0.090,Mobile,Central,Returning
S0003335-C1204,1204,2024-11-18,22.88,0.293,Desktop,South,New
S0003336-C4117,4117,2024-10-31,125.25,0.656,Mobile,East,Returning
S0003337-C529,529,2025-02-27,27.45,0.242,Mobile,West,Returning
S0003338-C1436,1436,2024-12-11,134.53,0.268,Desktop,South,Returning
S0003339-C2673,2673,2024-12-11,184.12,0.490,Tablet,International,Returning
S0003340-C2190,2190,2025-05-31,174.07,0.627,Mobile,North,Returning
S0003341-C1724,1724,2025-06-10,3.92,0.469,Desktop,International,Returning
S0003342-C4678,4678,2024-11-07,37.26,0.532,Desktop,International,Returning
S0003343-C676,676,2024-11-07,116.86,0.525,Tablet,International,Returning
S0003344-C2127,2127,2025-04-24,83.25,0.110,Desktop,South,Returning
S0003345-C2105,2105,2024-12-23,18.77,0.460,Tablet,West,New
S0003346-C2589,2589,2025-04-10,66.84,0.535,Tablet,International,New
S0003347-C235,235,2024-10-01,72.51,0.150,Mobile,International,Returning
S0003348-C9,9,2025-06-11,6.68,0.539,Mobile,East,Returning
S0003349-C4559,4559,2025-06-22,30.45,0.256,Tablet,Central,Returning
S0003350-C649,649,2025-01-09,148.95,0.809,Tablet,East,Returning
S0003351-C3418,3418,2025-02-17,107.97,0.181,Desktop,North,New
S0003352-C2548,2548,2025-07-31,163.95,0.851,Tablet,South,Returning
S0003353-C1675,1675,2025-04-14,166.20,0.098,Tablet,Central,Returning
S0003354-C508,508,2024-11-21,98.91,0.224,Mobile,Central,Returning
S0003355-C406,406,2025-05-23,9.42,0.465,Desktop,East,Returning
S0003356-C1330,1330,2025-06-24,12.76,0.772,Tablet,Central,New
S0003357-C4714,4714,2024-12-13,135.27,0.301,Mobile,International,Returning
S0003358-C1779,1779,2025-06-22,164.31,0.567,Mobile,South,Returning
S0003359-C4322,4322,2025-06-02,112.83,0.164,Tablet,South,Returning
S0003360-C4386,4386,2025-07-24,163.48,0.786,Mobile,Central,Returning
S0003361-C2443,2443,2025-05-31,144.37,0.857,Desktop,International,Returning
S0003362-C306,306,2025-01-02,9.10,0.311,Desktop,Central,Returning
S0003363-C3869,3869,2025-07-07,71.67,0.396,Tablet,North,Returning
S0003364-C4977,4977,2025-03-17,44.18,0.753,Desktop,International,Returning
S0003365-C1509,1509,2024-11-14,199.55,0.632,Desktop,South,Returning
S0003366-C1731,1731,2024-10-25,25.54,0.175,Desktop,North,Returning
S0003367-C1961,1961,2024-12-22,40.05,0.928,Desktop,East,Returning
S0003368-C3962,3962,2024-12-22,199.02,0.907,Tablet,North,Returning
S0003369-C4208,4208,2024-10-14,158.74,0.390,Mobile,East,Returning
S0003370-C1296,1296,2024-11-01,59.33,0.085,Desktop,East,New
S0003371-C1639,1639,2025-05-03,117.70,0.950,Desktop,North,New
S0003372-C765,765,2025-04-11,82.45,0.895,Mobile,East,Returning
S0003373-C2261,2261,2025-04-21,75.02,0.803,Desktop,Central,Returning
S0003374-C1205,1205,2025-08-03,115.82,0.693,Tablet,North,Returning
S0003375-C1027,1027,2025-08-10,120.18,0.837,Mobile,South,Returning
S0003376-C1442,1442,2025-05-17,101.63,0.695,Desktop,North,Returning
S0003377-C2278,2278,2025-02-14,55.39,0.769,Desktop,East,Returning
S0003378-C3601,3601,2024-10-30,187.27,0.251,Desktop,International,Returning
S0003379-C3397,3397,2025-08-23,199.48,0.919,Tablet,South,Returning
S0003380-C4240,4240,2025-03-30,96.83,0.234,Mobile,South,Returning
S0003381-C2354,2354,2025-08-02,180.81,0.347,Tablet,Central,Returning
S0003382-C2450,2450,2025-05-15,186.26,0.784,Desktop,International,New
S0003383-C1194,1194,2025-07-24,146.73,0.409,Tablet,Central,Returning
S0003384-C4478,4478,2025-06-25,30.54,0.284,Tablet,East,Returning
S0003385-C4528,4528,2025-01-17,59.81,0.667,Mobile,West,Returning
S0003386-C1488,1488,2025-06-05,43.74,0.434,Mobile,North,New
S0003387-C1324,1324,2024-09-07,6.49,0.290,Desktop,East,New
S0003388-C3116,3116,2024-12-22,102.61,0.532,Desktop,North,New
S0003389-C104,104,2024-09-25,103.55,0.807,Mobile,Central,Returning
S0003390-C2107,2107,2024-09-21,75.45,0.141,Mobile,West,Returning
S0003391-C47,47,2024-11-04,0.68,0.588,Tablet,North,Returning
S0003392-C3382,3382,2025-01-26,174.85,0.616,Mobile,Central,New
S0003393-C1171,1171,2024-09-26,172.74,0.571,Desktop,Central,New
S0003394-C3360,3360,2025-04-21,142.95,0.532,Mobile,North,Returning
S0003395-C1695,1695,2025-01-25,178.22,0.690,Tablet,South,Returning
S0003396-C3569,3569,2025-03-12,28.32,0.354,Desktop,South,Returning
S0003397-C4905,4905,2025-02-08,156.26,0.295,Desktop,South,Returning
S0003398-C3548,3548,2025-01-06,7.46,0.308,Desktop,Central,Returning
S0003399-C3736,3736,2025-04-27,81.09,0.086,Tablet,Central,Returning
S0003400-C2873,2873,2024-09-26,168.92,0.484,Tablet,International,New
S0003401-C2352,2352,2025-06-20,99.62,0.901,Desktop,South,Returning
S0003402-C3393,3393,2025-01-19,192.13,0.055,Desktop,Central,New
S0003403-C2580,2580,2025-06-19,75.12,0.342,Mobile,East,Returning
S0003404-C2290,2290,2025-04-28,52.24,0.342,Tablet,South,Returning
S0003405-C2204,2204,2025-04-29,61.34,0.550,Tablet,West,Returning
S0003406-C83,83,2025-04-26,124.22,0.143,Mobile,International,Returning
S0003407-C613,613,2025-06-03,155.54,0.231,Tablet,Central,Returning
S0003408-C3473,3473,2025-07-27,65.18,0.395,Tablet,West,Returning
S0003409-C319,319,2025-03-02,45.93,0.676,Tablet,International,Returning
S0003410-C494,494,2024-12-19,24.78,0.561,Mobile,West,Returning
S0003411-C4371,4371,2025-07-16,186.25,0.342,Tablet,North,Returning
S0003412-C1017,1017,2024-08-26,76.86,0.883,Mobile,West,Returning
S0003413-C4033,4033,2025-02-26,9.80,0.738,Tablet,North,Returning
S0003414-C2576,2576,2025-02-11,25.90,0.088,Tablet,International,Returning
S0003415-C2262,2262,2024-11-04,134.64,0.903,Tablet,Central,Returning
S0003416-C3989,3989,2025-07-01,73.84,0.400,Tablet,North,Returning
S0003417-C3638,3638,2024-09-02,143.09,0.625,Desktop,South,Returning
S0003418-C1347,1347,2025-08-20,53.46,0.312,Mobile,East,New
S0003419-C4901,4901,2024-11-09,3.83,0.698,Mobile,West,New
S0003420-C540,540,2025-07-30,6.74,0.909,Tablet,East,Returning
S0003421-C3033,3033,2024-11-07,33.83,0.457,Tablet,East,Returning
S0003422-C4552,4552,2025-08-08,102.99,0.434,Mobile,Central,Returning
S0003423-C4778,4778,2024-08-28,18.52,0.489,Desktop,East,New
S0003424-C4901,4901,2025-05-05,121.34,0.145,Tablet,South,Returning
S0003425-C437,437,2025-01-18,149.60,0.891,Mobile,South,Returning
S0003426-C4185,4185,2025-07-23,188.76,0.452,Mobile,West,New
S0003427-C2601,2601,2025-05-08,188.73,0.784,Desktop,Central,Returning
S0003428-C3838,3838,2025-07-03,84.77,0.665,Desktop,Central,Returning
S0003429-C3906,3906,2025-08-21,142.66,0.529,Mobile,North,Returning
S0003430-C2747,2747,2025-06-19,54.61,0.781,Desktop,Central,New
S0003431-C2974,2974,2025-03-31,47.75,0.932,Desktop,International,Returning
S0003432-C3678,3678,2024-12-21,37.45,0.860,Tablet,International,New
S0003433-C3229,3229,2024-10-14,77.70,0.363,Mobile,Central,Returning
S0003434-C1686,1686,2025-01-12,16.29,0.546,Mobile,International,New
S0003435-C1582,1582,2025-02-04,164.76,0.460,Tablet,West,Returning
S0003436-C2487,2487,2024-11-08,96.65,0.078,Tablet,East,New
S0003437-C4674,4674,2025-02-11,173.63,0.714,Desktop,South,Returning
S0003438-C1180,1180,2024-10-11,129.75,0.617,Desktop,North,New
S0003439-C3372,3372,2025-04-21,140.72,0.484,Desktop,North,Returning
S0003440-C2934,2934,2024-10-03,141.95,0.830,Desktop,East,Returning
S0003441-C1416,1416,2024-10-08,109.81,0.146,Tablet,North,Returning
S0003442-C25,25,2025-03-19,33.03,0.516,Desktop,International,Returning
S0003443-C3322,3322,2025-03-03,82.85,0.614,Tablet,West,Returning
S0003444-C2290,2290,2025-02-01,88.53,0.521,Desktop,International,Returning
S0003445-C4434,4434,2024-09-20,197.29,0.180,Tablet,East,Returning
S0003446-C4193,4193,2025-03-27,110.57,0.521,Tablet,South,Returning
S0003447-C1956,1956,2025-04-26,97.60,0.449,Tablet,East,Returning
S0003448-C1209,1209,2025-03-02,138.48,0.060,Tablet,International,Returning
S0003449-C1922,1922,2024-12-02,98.64,0.300,Tablet,Central,Returning
S0003450-C1129,1129,2025-02-27,157.26,0.458,Tablet,South,New
S0003451-C1712,1712,2025-06-20,176.26,0.825,Mobile,Central,Returning
S0003452-C1212,1212,2025-07-05,195.04,0.459,Mobile,East,Returning
S0003453-C4910,4910,2025-03-14,61.51,0.217,Desktop,East,Returning
S0003454-C1473,1473,2025-03-16,69.45,0.408,Tablet,West,Returning
S0003455-C3771,3771,2025-07-06,86.59,0.723,Mobile,International,Returning
S0003456-C1734,1734,2025-03-28,4.98,0.847,Mobile,North,Returning
S0003457-C612,612,2025-07-05,66.45,0.268,Desktop,East,New
S0003458-C1061,1061,2024-09-21,1.07,0.267,Desktop,South,Returning
S0003459-C1471,1471,2024-12-24,94.18,0.358,Desktop,East,Returning
S0003460-C4704,4704,2025-05-14,119.82,0.178,Tablet,North,New
S0003461-C2962,2962,2024-09-19,178.15,0.638,Mobile,North,Returning
S0003462-C1405,1405,2025-01-11,52.11,0.447,Mobile,Central,Returning
S0003463-C387,387,2025-05-03,68.55,0.742,Tablet,Central,Returning
S0003464-C3783,3783,2025-02-10,84.17,0.491,Desktop,East,Returning
S0003465-C2806,2806,2025-03-26,82.40,0.772,Tablet,East,New
S0003466-C4432,4432,2025-05-31,104.65,0.866,Tablet,North,Returning
S0003467-C4305,4305,2025-04-03,79.42,0.768,Tablet,West,Returning
S0003468-C632,632,2024-10-07,8.48,0.553,Tablet,Central,Returning
S0003469-C3608,3608,2025-01-31,133.33,0.621,Desktop,International,Returning
S0003470-C2636,2636,2024-11-10,75.22,0.505,Mobile,East,Returning
S0003471-C4023,4023,2025-05-25,170.12,0.495,Tablet,North,Returning
S0003472-C4433,4433,2024-10-09,147.12,0.087,Tablet,International,Returning
S0003473-C390,390,2025-04-07,137.77,0.312,Mobile,North,New
S0003474-C3261,3261,2024-11-25,157.49,0.672,Desktop,East,Returning
S0003475-C1261,1261,2025-06-13,50.04,0.632,Mobile,East,Returning
S0003476-C1680,1680,2024-11-03,8.89,0.762,Tablet,Central,Returning
S0003477-C4122,4122,2025-02-22,11.16,0.736,Mobile,International,Returning
S0003478-C3517,3517,2025-03-21,9.21,0.893,Mobile,International,Returning
S0003479-C4483,4483,2024-12-12,165.36,0.072,Mobile,North,Returning
S0003480-C1210,1210,2025-08-14,86.50,0.111,Desktop,International,Returning
S0003481-C1686,1686,2025-07-24,86.20,0.851,Desktop,North,New
S0003482-C141,141,2024-09-20,113.79,0.098,Mobile,West,Returning
S0003483-C2255,2255,2024-10-18,183.68,0.076,Mobile,International,New
S0003484-C1050,1050,2025-02-01,37.09,0.264,Mobile,East,Returning
S0003485-C2766,2766,2025-01-15,77.93,0.157,Mobile,Central,Returning
S0003486-C2710,2710,2024-08-26,74.87,0.835,Desktop,West,New
S0003487-C4327,4327,2024-08-28,73.14,0.816,Desktop,South,Returning
S0003488-C375,375,2025-07-27,35.98,0.641,Tablet,Central,Returning
S0003489-C1237,1237,2024-11-26,198.54,0.700,Mobile,North,New
S0003490-C3391,3391,2024-09-07,159.77,0.135,Desktop,North,Returning
S0003491-C4378,4378,2024-12-17,163.89,0.077,Tablet,East,Returning
S0003492-C2699,2699,2025-02-13,6.09,0.556,Tablet,International,Returning
S0003493-C2030,2030,2024-12-02,87.20,0.939,Mobile,South,New
S0003494-C3987,3987,2024-11-22,80.10,0.704,Mobile,International,Returning
S0003495-C1187,1187,2025-05-21,122.61,0.293,Mobile,Central,Returning
S0003496-C4092,4092,2025-03-14,159.58,0.624,Tablet,North,Returning
S0003497-C2280,2280,2025-02-27,18.75,0.943,Tablet,East,New
S0003498-C236,236,2025-08-07,23.01,0.429,Tablet,West,Returning
S0003499-C3164,3164,2024-11-08,16.40,0.070,Tablet,South,Returning
S0003500-C3121,3121,2025-07-24,114.70,0.590,Desktop,West,New
S0003501-C4921,4921,2025-03-14,60.84,0.200,Tablet,North,Returning
S0003502-C3231,3231,2024-10-23,51.16,0.736,Desktop,International,Returning
S0003503-C323,323,2025-01-24,146.37,0.864,Desktop,International,Returning
S0003504-C855,855,2025-07-16,9.45,0.860,Mobile,North,Returning
S0003505-C3960,3960,2024-12-11,29.95,0.620,Tablet,Central,Returning
S0003506-C1834,1834,2024-09-03,155.77,0.920,Mobile,West,Returning
S0003507-C2176,2176,2024-10-16,198.66,0.398,Tablet,West,Returning
S0003508-C1272,1272,2025-01-16,54.46,0.536,Tablet,Central,Returning
S0003509-C2036,2036,2024-09-15,100.36,0.658,Tablet,South,New
S0003510-C360,360,2025-04-26,90.76,0.291,Tablet,North,Returning
S0003511-C259,259,2024-10-05,58.25,0.760,Desktop,International,Returning
S0003512-C2305,2305,2025-05-19,193.53,0.075,Desktop,North,Returning
S0003513-C3217,3217,2024-10-19,64.99,0.115,Mobile,Central,Returning
S0003514-C4002,4002,2024-10-20,167.52,0.630,Tablet,West,Returning
S0003515-C4765,4765,2024-10-09,107.37,0.092,Mobile,International,New
S0003516-C906,906,2024-10-25,125.78,0.627,Desktop,Central,Returning
S0003517-C196,196,2024-09-10,134.89,0.498,Mobile,Central,Returning
S0003518-C860,860,2024-12-23,170.53,0.268,Mobile,West,Returning
S0003519-C685,685,2025-03-23,142.73,0.314,Desktop,Central,Returning
S0003520-C3306,3306,2024-09-11,157.47,0.117,Desktop,Central,New
S0003521-C4980,4980,2024-12-14,100.39,0.424,Mobile,West,Returning
S0003522-C211,211,2025-07-31,43.56,0.844,Tablet,North,Returning
S0003523-C4448,4448,2025-08-09,111.70,0.641,Mobile,North,Returning
S0003524-C1186,1186,2024-11-30,192.69,0.601,Desktop,North,Returning
S0003525-C4513,4513,2024-12-02,189.93,0.549,Tablet,International,Returning
S0003526-C4833,4833,2024-09-12,171.86,0.447,Mobile,Central,New
S0003527-C2679,2679,2025-07-24,166.93,0.867,Desktop,East,New
S0003528-C2704,2704,2025-06-30,29.39,0.296,Tablet,Central,Returning
S0003529-C4470,4470,2024-12-21,142.48,0.523,Mobile,International,Returning
S0003530-C4241,4241,2025-02-02,52.17,0.609,Desktop,Central,Returning
S0003531-C3734,3734,2025-04-28,79.15,0.948,Tablet,North,Returning
S0003532-C482,482,2025-01-12,159.41,0.170,Desktop,International,New
S0003533-C2303,2303,2025-08-04,181.58,0.379,Desktop,East,Returning
S0003534-C4669,4669,2025-07-09,168.76,0.799,Mobile,West,Returning
S0003535-C3836,3836,2024-11-01,154.41,0.424,Tablet,West,Returning
S0003536-C758,758,2025-08-13,143.49,0.486,Desktop,International,Returning
S0003537-C2674,2674,2024-11-24,31.27,0.523,Desktop,South,Returning
S0003538-C2089,2089,2025-05-28,194.11,0.157,Tablet,North,Returning
S0003539-C4747,4747,2025-07-27,110.93,0.529,Tablet,East,Returning
S0003540-C1910,1910,2025-06-13,172.51,0.687,Tablet,West,Returning
S0003541-C2875,2875,2024-08-26,52.89,0.346,Tablet,South,Returning
S0003542-C918,918,2025-02-17,9.99,0.670,Desktop,East,New
S0003543-C3668,3668,2025-07-29,34.91,0.633,Tablet,West,New
S0003544-C1259,1259,2025-06-27,11.93,0.778,Tablet,International,Returning
S0003545-C87,87,2025-05-31,26.44,0.906,Mobile,International,Returning
S0003546-C694,694,2024-09-19,50.50,0.465,Mobile,East,New
S0003547-C3750,3750,2025-05-28,195.80,0.192,Tablet,Central,Returning
S0003548-C2600,2600,2025-03-06,160.13,0.578,Mobile,International,Returning
S0003549-C4659,4659,2024-10-13,109.46,0.168,Desktop,Central,Returning
S0003550-C3022,3022,2025-08-08,85.53,0.944,Tablet,East,New
S0003551-C2866,2866,2025-05-03,170.67,0.341,Desktop,South,Returning
S0003552-C4923,4923,2024-11-16,182.61,0.271,Mobile,Central,New
S0003553-C634,634,2025-02-26,18.25,0.926,Mobile,North,Returning
S0003554-C452,452,2025-07-14,62.33,0.238,Desktop,International,Returning
S0003555-C2962,2962,2025-07-01,195.50,0.441,Desktop,International,Returning
S0003556-C1539,1539,2025-07-12,138.01,0.124,Mobile,East,Returning
S0003557-C4646,4646,2024-10-13,109.17,0.167,Desktop,West,Returning
S0003558-C1929,1929,2025-07-17,76.92,0.588,Tablet,East,Returning
S0003559-C4413,4413,2025-06-15,65.54,0.098,Desktop,South,Returning
S0003560-C2090,2090,2024-11-16,124.33,0.755,Desktop,International,Returning
S0003561-C272,272,2025-06-07,186.29,0.051,Desktop,North,Returning
S0003562-C4032,4032,2025-05-19,186.81,0.823,Mobile,International,Returning
S0003563-C4646,4646,2024-09-27,152.91,0.132,Desktop,West,Returning
S0003564-C2525,2525,2024-10-22,140.50,0.934,Tablet,North,Returning
S0003565-C2324,2324,2025-02-16,42.72,0.503,Tablet,International,Returning
S0003566-C4579,4579,2025-03-07,121.74,0.617,Desktop,Central,Returning
S0003567-C1062,1062,2025-08-19,91.27,0.253,Tablet,North,Returning
S0003568-C1703,1703,2024-12-23,69.32,0.691,Mobile,East,Returning
S0003569-C2028,2028,2024-11-25,106.31,0.418,Mobile,North,Returning
S0003570-C3462,3462,2025-06-09,195.83,0.286,Mobile,North,Returning
S0003571-C489,489,2024-12-16,33.39,0.733,Desktop,South,New
S0003572-C3828,3828,2025-01-08,168.58,0.348,Desktop,West,Returning
S0003573-C168,168,2024-11-03,189.47,0.327,Tablet,West,Returning
S0003574-C115,115,2024-10-09,63.97,0.920,Tablet,East,Returning
S0003575-C60,60,2025-08-16,20.12,0.429,Tablet,Central,Returning
S0003576-C3334,3334,2025-06-27,163.54,0.588,Mobile,International,Returning
S0003577-C2288,2288,2024-10-31,143.31,0.166,Mobile,North,Returning
S0003578-C3299,3299,2025-04-27,134.23,0.379,Tablet,International,Returning
S0003579-C1084,1084,2024-11-07,69.89,0.363,Tablet,East,Returning
S0003580-C3133,3133,2025-06-05,46.01,0.486,Tablet,South,Returning
S0003581-C2896,2896,2025-04-11,27.69,0.560,Mobile,East,Returning
S0003582-C1653,1653,2025-02-06,151.65,0.177,Mobile,Central,Returning
S0003583-C4034,4034,2024-11-01,131.15,0.800,Desktop,East,Returning
S0003584-C4902,4902,2025-06-08,26.88,0.074,Tablet,West,Returning
S0003585-C3272,3272,2025-05-28,54.01,0.599,Desktop,East,New
S0003586-C3634,3634,2025-07-15,77.07,0.579,Tablet,North,Returning
S0003587-C2670,2670,2025-03-03,161.43,0.581,Mobile,International,Returning
S0003588-C2231,2231,2024-11-16,107.63,0.378,Desktop,International,New
S0003589-C4167,4167,2024-11-25,50.55,0.061,Desktop,East,Returning
S0003590-C4422,4422,2025-08-11,108.42,0.584,Mobile,International,Returning
S0003591-C1103,1103,2025-05-06,174.14,0.441,Mobile,East,Returning
S0003592-C2230,2230,2024-10-10,8.47,0.575,Tablet,South,Returning
S0003593-C3252,3252,2025-05-11,101.04,0.637,Tablet,Central,Returning
S0003594-C4498,4498,2025-02-03,18.73,0.764,Tablet,North,New
S0003595-C2929,2929,2025-02-21,157.22,0.414,Mobile,North,Returning
S0003596-C2198,2198,2025-02-11,73.01,0.244,Tablet,South,Returning
S0003597-C4748,4748,2024-12-08,145.09,0.485,Desktop,Central,New
S0003598-C3975,3975,2024-09-10,80.72,0.181,Mobile,North,New
S0003599-C1575,1575,2025-07-06,148.55,0.321,Desktop,East,Returning
S0003600-C2576,2576,2024-11-09,83.42,0.687,Desktop,South,Returning
S0003601-C3616,3616,2025-03-31,170.08,0.086,Mobile,North,Returning
S0003602-C707,707,2025-01-24,99.66,0.714,Desktop,Central,Returning
S0003603-C4390,4390,2024-12-18,160.67,0.909,Mobile,International,Returning
S0003604-C1823,1823,2024-09-30,84.60,0.415,Tablet,West,Returning
S0003605-C470,470,2024-11-08,139.38,0.138,Mobile,Central,Returning
S0003606-C1050,1050,2025-05-14,157.61,0.131,Desktop,North,Returning
S0003607-C577,577,2025-08-14,161.41,0.899,Desktop,West,Returning
S0003608-C4221,4221,2025-07-03,38.82,0.531,Desktop,International,Returning
S0003609-C2039,2039,2025-08-05,12.49,0.177,Mobile,North,Returning
S0003610-C4425,4425,2025-01-20,63.91,0.782,Desktop,North,New
S0003611-C2673,2673,2025-06-22,55.72,0.827,Mobile,Central,Returning
S0003612-C4199,4199,2025-06-08,111.64,0.180,Desktop,Central,Returning
S0003613-C336,336,2025-01-04,198.97,0.101,Desktop,South,Returning
S0003614-C3065,3065,2024-09-25,149.16,0.930,Mobile,South,Returning
S0003615-C2594,2594,2025-03-02,172.26,0.820,Tablet,International,Returning
S0003616-C3230,3230,2024-11-07,10.36,0.829,Desktop,South,Returning
S0003617-C1209,1209,2024-11-11,42.03,0.671,Tablet,North,Returning
S0003618-C667,667,2024-11-23,74.11,0.582,Tablet,East,Returning
S0003619-C4853,4853,2024-10-06,102.97,0.877,Desktop,East,Returning
S0003620-C4462,4462,2024-12-28,122.78,0.136,Mobile,International,Returning
S0003621-C30,30,2025-03-22,25.04,0.356,Desktop,West,New
S0003622-C2311,2311,2025-07-05,64.30,0.215,Tablet,South,New
S0003623-C677,677,2025-05-31,156.02,0.220,Mobile,East,Returning
S0003624-C4645,4645,2025-05-19,112.21,0.947,Desktop,West,Returning
S0003625-C3536,3536,2025-01-20,170.47,0.480,Tablet,Central,New
S0003626-C1907,1907,2025-01-25,153.33,0.128,Desktop,East,Returning
S0003627-C4952,4952,2025-08-18,27.10,0.602,Mobile,East,Returning
S0003628-C1696,1696,2024-12-30,48.99,0.291,Mobile,South,Returning
S0003629-C2866,2866,2025-07-04,1.00,0.581,Tablet,International,Returning
S0003630-C4910,4910,2024-12-20,92.85,0.298,Tablet,North,Returning
S0003631-C1425,1425,2024-10-06,115.81,0.261,Mobile,East,New
S0003632-C296,296,2024-08-29,155.62,0.876,Desktop,West,Returning
S0003633-C1948,1948,2025-01-19,166.16,0.369,Desktop,East,Returning
S0003634-C1313,1313,2024-11-27,185.88,0.425,Desktop,South,Returning
S0003635-C3254,3254,2025-03-16,55.50,0.095,Mobile,International,Returning
S0003636-C1274,1274,2025-08-10,90.52,0.170,Desktop,North,Returning
S0003637-C2420,2420,2025-07-29,184.88,0.407,Desktop,International,Returning
S0003638-C3110,3110,2025-06-12,29.90,0.174,Desktop,Central,Returning
S0003639-C4715,4715,2024-09-27,143.93,0.832,Desktop,South,New
S0003640-C2460,2460,2025-06-26,70.67,0.293,Desktop,West,Returning
S0003641-C2514,2514,2024-12-20,179.89,0.458,Mobile,East,Returning
S0003642-C4575,4575,2025-01-28,24.55,0.854,Desktop,Central,Returning
S0003643-C2114,2114,2024-11-08,141.19,0.181,Mobile,West,Returning
S0003644-C1132,1132,2025-02-23,167.64,0.662,Tablet,East,Returning
S0003645-C2251,2251,2025-05-22,192.88,0.080,Desktop,South,Returning
S0003646-C3417,3417,2024-09-18,124.33,0.325,Mobile,East,Returning
S0003647-C3789,3789,2024-10-29,168.15,0.712,Desktop,West,Returning
S0003648-C781,781,2024-12-25,172.57,0.334,Tablet,International,New
S0003649-C697,697,2025-01-13,131.48,0.448,Desktop,International,Returning
S0003650-C1659,1659,2024-09-26,115.70,0.183,Desktop,West,Returning
S0003651-C3643,3643,2024-09-10,120.01,0.166,Tablet,International,Returning
S0003652-C3819,3819,2024-10-19,193.25,0.299,Mobile,West,Returning
S0003653-C4392,4392,2024-11-11,60.23,0.180,Tablet,West,Returning
S0003654-C635,635,2025-06-20,105.10,0.125,Tablet,International,Returning
S0003655-C2443,2443,2025-01-11,128.33,0.360,Tablet,International,Returning
S0003656-C3980,3980,2025-08-23,129.26,0.240,Desktop,International,Returning
S0003657-C743,743,2025-02-08,54.68,0.712,Tablet,North,Returning
S0003658-C4473,4473,2024-08-28,55.70,0.424,Desktop,International,New
S0003659-C2317,2317,2025-07-15,36.63,0.565,Desktop,Central,Returning
S0003660-C3128,3128,2025-03-11,82.93,0.679,Desktop,North,Returning
S0003661-C2414,2414,2025-03-10,172.01,0.874,Tablet,South,New
S0003662-C1276,1276,2024-12-14,143.58,0.500,Mobile,South,New
S0003663-C3881,3881,2025-01-15,144.06,0.745,Tablet,South,Returning
S0003664-C3306,3306,2024-11-19,170.06,0.906,Desktop,South,Returning
S0003665-C3787,3787,2025-08-19,163.29,0.076,Tablet,East,Returning
S0003666-C1161,1161,2025-02-20,172.27,0.745,Desktop,North,Returning
S0003667-C1306,1306,2024-10-25,77.62,0.444,Desktop,Central,Returning
S0003668-C2067,2067,2025-06-27,115.81,0.414,Desktop,South,New
S0003669-C907,907,2025-03-19,127.66,0.844,Mobile,Central,Returning
S0003670-C4060,4060,2025-07-27,193.00,0.576,Desktop,East,Returning
S0003671-C451,451,2024-10-01,45.96,0.454,Mobile,East,Returning
S0003672-C380,380,2024-09-07,119.37,0.131,Mobile,North,New
S0003673-C2767,2767,2025-04-01,68.51,0.510,Mobile,North,Returning
S0003674-C2349,2349,2025-03-07,189.00,0.331,Tablet,Central,Returning
S0003675-C2309,2309,2025-04-11,97.13,0.325,Desktop,East,Returning
S0003676-C3213,3213,2025-06-02,46.05,0.461,Mobile,West,New
S0003677-C681,681,2025-07-08,52.07,0.860,Tablet,International,Returning
S0003678-C537,537,2025-03-17,177.43,0.149,Tablet,North,Returning
S0003679-C944,944,2025-06-05,110.92,0.140,Tablet,International,Returning
S0003680-C4983,4983,2025-06-20,185.43,0.127,Mobile,International,Returning
S0003681-C4473,4473,2025-01-30,30.47,0.104,Tablet,North,Returning
S0003682-C1104,1104,2025-07-20,166.27,0.825,Tablet,East,Returning
S0003683-C534,534,2024-10-26,167.01,0.664,Tablet,East,Returning
S0003684-C4868,4868,2024-10-30,35.98,0.445,Mobile,International,Returning
S0003685-C2093,2093,2025-02-24,50.03,0.723,Tablet,Central,Returning
S0003686-C1714,1714,2025-05-19,64.06,0.763,Desktop,West,New
S0003687-C4130,4130,2024-12-13,5.46,0.080,Desktop,South,Returning
S0003688-C4713,4713,2025-02-04,189.96,0.124,Mobile,West,New
S0003689-C516,516,2025-08-16,163.82,0.067,Mobile,North,Returning
S0003690-C989,989,2024-10-21,127.41,0.632,Desktop,Central,Returning
S0003691-C230,230,2024-09-01,154.95,0.884,Desktop,Central,Returning
S0003692-C488,488,2024-10-15,2.72,0.486,Mobile,East,New
S0003693-C1264,1264,2024-10-02,144.63,0.884,Mobile,West,Returning
S0003694-C4948,4948,2024-09-03,181.63,0.603,Mobile,International,Returning
S0003695-C2954,2954,2025-01-27,22.33,0.795,Tablet,West,Returning
S0003696-C4411,4411,2025-02-23,172.64,0.779,Mobile,International,New
S0003697-C2377,2377,2025-05-07,17.51,0.527,Mobile,East,Returning
S0003698-C3306,3306,2024-12-13,103.13,0.481,Tablet,Central,Returning
S0003699-C4782,4782,2025-04-16,187.54,0.594,Desktop,South,Returning
S0003700-C150,150,2025-02-21,90.28,0.709,Desktop,East,Returning
S0003701-C4206,4206,2024-10-04,187.23,0.054,Desktop,North,Returning
S0003702-C1170,1170,2025-07-17,167.84,0.834,Tablet,West,Returning
S0003703-C936,936,2024-11-14,66.19,0.337,Mobile,North,Returning
S0003704-C1447,1447,2024-09-08,189.20,0.808,Mobile,South,Returning
S0003705-C3228,3228,2024-12-31,63.23,0.616,Desktop,North,Returning
S0003706-C1435,1435,2024-12-21,105.65,0.597,Mobile,East,Returning
S0003707-C182,182,2025-02-04,131.71,0.619,Desktop,North,Returning
S0003708-C9,9,2025-07-05,140.36,0.127,Desktop,East,Returning
S0003709-C3843,3843,2025-02-01,101.08,0.807,Tablet,International,Returning
S0003710-C3838,3838,2025-04-25,74.23,0.817,Desktop,South,Returning
S0003711-C2799,2799,2025-02-03,21.49,0.829,Desktop,East,New
S0003712-C1163,1163,2024-10-14,123.78,0.504,Mobile,Central,New
S0003713-C117,117,2024-10-27,14.14,0.832,Desktop,North,Returning
S0003714-C1302,1302,2025-01-03,86.65,0.264,Tablet,Central,Returning
S0003715-C3940,3940,2024-09-14,74.51,0.069,Tablet,International,Returning
S0003716-C2113,2113,2024-10-06,31.91,0.177,Desktop,Central,Returning
S0003717-C2061,2061,2025-05-02,69.43,0.757,Tablet,North,Returning
S0003718-C1883,1883,2024-12-06,93.55,0.212,Mobile,International,Returning
S0003719-C2360,2360,2025-02-01,78.71,0.304,Desktop,South,Returning
S0003720-C1679,1679,2025-07-13,118.63,0.595,Desktop,East,Returning
S0003721-C3488,3488,2025-05-09,78.57,0.116,Desktop,Central,New
S0003722-C4511,4511,2025-03-01,143.64,0.173,Mobile,South,Returning
S0003723-C97,97,2025-03-02,71.38,0.352,Mobile,North,Returning
S0003724-C2393,2393,2025-03-11,171.50,0.870,Tablet,South,Returning
S0003725-C2050,2050,2025-08-03,15.47,0.232,Tablet,South,New
S0003726-C3896,3896,2025-02-25,29.62,0.275,Tablet,South,Returning
S0003727-C4072,4072,2025-05-07,14.92,0.466,Desktop,North,New
S0003728-C4552,4552,2025-02-23,157.44,0.433,Tablet,West,Returning
S0003729-C2823,2823,2025-02-24,160.91,0.521,Desktop,East,Returning
S0003730-C4728,4728,2024-11-28,172.47,0.133,Tablet,North,Returning
S0003731-C353,353,2024-12-02,87.29,0.944,Mobile,South,Returning
S0003732-C76,76,2025-05-07,92.65,0.420,Mobile,North,Returning
S0003733-C837,837,2025-04-16,59.05,0.408,Desktop,South,Returning
S0003734-C2756,2756,2024-10-21,113.68,0.328,Tablet,South,Returning
S0003735-C1642,1642,2025-06-28,163.26,0.591,Mobile,International,Returning
S0003736-C762,762,2025-07-16,20.08,0.201,Mobile,South,Returning
S0003737-C4894,4894,2024-09-03,188.48,0.757,Desktop,North,Returning
S0003738-C2450,2450,2025-05-03,19.81,0.548,Mobile,Central,New
S0003739-C1412,1412,2025-06-19,16.17,0.813,Tablet,East,New
S0003740-C2982,2982,2025-03-16,87.01,0.807,Tablet,International,New
S0003741-C4405,4405,2024-09-21,199.46,0.232,Desktop,East,Returning
S0003742-C3071,3071,2024-11-04,39.44,0.556,Desktop,East,Returning
S0003743-C3898,3898,2024-12-18,19.63,0.436,Tablet,International,Returning
S0003744-C1601,1601,2024-10-06,94.05,0.674,Desktop,South,Returning
S0003745-C2187,2187,2024-11-15,113.45,0.508,Tablet,Central,Returning
S0003746-C2085,2085,2025-03-31,153.25,0.609,Tablet,South,Returning
S0003747-C3044,3044,2024-11-16,10.06,0.883,Mobile,West,Returning
S0003748-C1413,1413,2025-02-08,173.28,0.683,Tablet,East,Returning
S0003749-C4172,4172,2025-06-13,101.64,0.891,Desktop,International,Returning
S0003750-C1781,1781,2025-07-26,70.44,0.508,Mobile,International,New
S0003751-C3021,3021,2024-10-26,68.23,0.242,Desktop,West,Returning
S0003752-C620,620,2025-05-08,24.47,0.694,Desktop,International,Returning
S0003753-C3487,3487,2024-10-21,26.04,0.156,Desktop,West,Returning
S0003754-C546,546,2024-12-03,61.94,0.380,Tablet,East,Returning
S0003755-C2556,2556,2025-02-21,2.69,0.535,Mobile,West,Returning
S0003756-C3350,3350,2025-04-16,159.28,0.859,Desktop,Central,Returning
S0003757-C2376,2376,2025-08-20,131.02,0.255,Desktop,South,Returning
S0003758-C1281,1281,2025-06-08,60.62,0.835,Mobile,West,Returning
S0003759-C2531,2531,2024-10-17,152.25,0.265,Tablet,Central,Returning
S0003760-C3154,3154,2024-10-08,101.55,0.859,Tablet,North,Returning
S0003761-C4753,4753,2025-07-22,124.10,0.787,Desktop,Central,Returning
S0003762-C1126,1126,2025-02-23,167.12,0.654,Tablet,South,Returning
S0003763-C2222,2222,2025-04-27,63.58,0.589,Desktop,East,Returning
S0003764-C1536,1536,2024-10-29,37.90,0.483,Tablet,Central,New
S0003765-C3565,3565,2025-08-23,179.08,0.461,Mobile,West,Returning
S0003766-C2268,2268,2025-02-24,27.97,0.229,Mobile,South,Returning
S0003767-C2807,2807,2024-11-20,25.89,0.373,Mobile,International,Returning
S0003768-C59,59,2025-04-30,116.06,0.889,Tablet,Central,Returning
S0003769-C4560,4560,2024-11-20,15.62,0.142,Desktop,North,Returning
S0003770-C2751,2751,2025-07-27,151.12,0.531,Mobile,East,Returning
S0003771-C1120,1120,2025-03-24,90.08,0.931,Mobile,Central,Returning
S0003772-C4549,4549,2024-11-04,62.21,0.168,Tablet,South,Returning
S0003773-C272,272,2025-03-19,4.91,0.779,Tablet,East,Returning
S0003774-C2328,2328,2025-06-07,138.95,0.787,Desktop,West,Returning
S0003775-C112,112,2025-06-07,5.55,0.484,Desktop,South,Returning
S0003776-C601,601,2024-11-06,128.66,0.783,Desktop,South,Returning
S0003777-C4154,4154,2025-04-14,67.70,0.585,Tablet,International,New
S0003778-C2712,2712,2025-04-03,71.13,0.580,Tablet,West,Returning
S0003779-C2187,2187,2024-11-02,149.92,0.330,Desktop,West,New
S0003780-C2858,2858,2025-01-05,94.70,0.459,Tablet,International,Returning
S0003781-C4800,4800,2025-08-23,32.04,0.749,Mobile,Central,Returning
S0003782-C961,961,2025-06-15,80.98,0.442,Tablet,West,Returning
S0003783-C3898,3898,2024-09-27,43.31,0.365,Desktop,East,Returning
S0003784-C1531,1531,2024-11-26,162.69,0.795,Tablet,North,Returning
S0003785-C4163,4163,2025-05-31,136.18,0.678,Mobile,North,Returning
S0003786-C1345,1345,2025-04-23,180.57,0.490,Tablet,South,Returning
S0003787-C2292,2292,2024-10-19,176.15,0.815,Mobile,East,Returning
S0003788-C4203,4203,2025-06-14,94.53,0.740,Mobile,Central,Returning
S0003789-C4205,4205,2025-05-07,198.89,0.106,Desktop,East,Returning
S0003790-C4512,4512,2024-11-18,27.35,0.390,Mobile,South,Returning
S0003791-C2192,2192,2024-12-24,7.28,0.204,Tablet,South,Returning
S0003792-C3268,3268,2024-12-21,85.75,0.149,Desktop,International,New
S0003793-C4508,4508,2024-09-03,35.98,0.922,Desktop,West,New
S0003794-C4825,4825,2025-04-24,159.47,0.924,Mobile,East,Returning
S0003795-C756,756,2024-12-07,26.48,0.509,Desktop,South,Returning
S0003796-C235,235,2024-09-07,138.25,0.551,Tablet,International,Returning
S0003797-C4407,4407,2025-03-04,148.34,0.299,Desktop,International,Returning
S0003798-C4672,4672,2025-01-31,4.57,0.427,Desktop,International,Returning
S0003799-C3979,3979,2025-07-08,54.18,0.914,Tablet,North,Returning
S0003800-C1516,1516,2025-01-02,62.63,0.619,Desktop,South,Returning
S0003801-C1980,1980,2024-11-23,117.09,0.647,Mobile,Central,Returning
S0003802-C2414,2414,2025-05-23,170.29,0.480,Tablet,Central,New
S0003803-C3134,3134,2025-01-05,62.12,0.625,Desktop,East,New
S0003804-C3630,3630,2025-07-25,50.17,0.947,Desktop,South,New
S0003805-C1671,1671,2025-06-29,155.90,0.436,Tablet,Central,Returning
S0003806-C433,433,2024-12-28,7.96,0.247,Tablet,South,Returning
S0003807-C1812,1812,2025-06-20,165.84,0.587,Mobile,Central,Returning
S0003808-C2843,2843,2025-07-29,134.56,0.173,Tablet,International,Returning
S0003809-C1757,1757,2024-10-08,69.02,0.128,Mobile,Central,Returning
S0003810-C4311,4311,2025-07-20,184.08,0.318,Tablet,Central,Returning
S0003811-C2742,2742,2025-08-02,135.81,0.231,Tablet,South,Returning
S0003812-C2980,2980,2025-06-12,47.01,0.556,Desktop,International,Returning
S0003813-C3929,3929,2025-04-18,84.67,0.094,Tablet,Central,Returning
S0003814-C861,861,2024-10-13,164.91,0.516,Desktop,North,Returning
S0003815-C4604,4604,2025-06-15,43.37,0.497,Tablet,Central,Returning
S0003816-C2068,2068,2025-04-02,150.28,0.556,Mobile,North,Returning
S0003817-C3503,3503,2025-07-14,95.10,0.078,Tablet,West,Returning
S0003818-C1694,1694,2024-10-07,80.49,0.375,Mobile,International,Returning
S0003819-C418,418,2025-07-11,75.06,0.501,Mobile,East,Returning
S0003820-C4676,4676,2025-06-10,48.14,0.568,Desktop,North,Returning
S0003821-C4866,4866,2025-04-12,188.54,0.586,Desktop,International,Returning
S0003822-C567,567,2025-04-20,80.19,0.914,Mobile,North,Returning
S0003823-C2134,2134,2024-10-08,25.60,0.946,Mobile,International,New
S0003824-C2436,2436,2025-06-15,103.52,0.051,Mobile,South,Returning
S0003825-C4005,4005,2025-05-19,188.14,0.858,Mobile,West,New
S0003826-C4723,4723,2025-06-07,50.33,0.596,Desktop,West,New
S0003827-C2944,2944,2024-11-27,189.83,0.515,Tablet,North,Returning
S0003828-C3907,3907,2025-01-16,138.85,0.633,Desktop,International,Returning
S0003829-C1338,1338,2025-08-07,91.23,0.163,Desktop,International,Returning
S0003830-C1721,1721,2025-05-23,52.42,0.530,Tablet,Central,Returning
S0003831-C2793,2793,2025-01-18,67.26,0.837,Mobile,South,Returning
S0003832-C3583,3583,2025-08-21,182.90,0.531,Tablet,North,Returning
S0003833-C4290,4290,2025-07-16,196.94,0.580,Tablet,South,Returning
S0003834-C31,31,2025-05-03,110.39,0.786,Mobile,Central,Returning
S0003835-C403,403,2024-12-20,32.47,0.743,Mobile,East,Returning
S0003836-C2321,2321,2025-07-01,74.07,0.405,Tablet,North,Returning
S0003837-C3244,3244,2025-05-28,56.70,0.662,Mobile,Central,Returning
S0003838-C1539,1539,2024-10-08,96.89,0.750,Mobile,International,Returning
S0003839-C569,569,2024-11-16,105.18,0.328,Tablet,International,Returning
S0003840-C3129,3129,2025-07-18,128.66,0.864,Mobile,South,Returning
S0003841-C2348,2348,2025-08-15,147.59,0.592,Tablet,South,Returning
S0003842-C4150,4150,2024-11-27,46.33,0.883,Tablet,International,Returning
S0003843-C2250,2250,2025-04-05,120.33,0.804,Mobile,East,Returning
S0003844-C4931,4931,2025-03-23,34.32,0.572,Mobile,South,Returning
S0003845-C1893,1893,2025-02-15,97.22,0.822,Tablet,West,Returning
S0003846-C853,853,2024-12-06,16.72,0.285,Desktop,East,Returning
S0003847-C4099,4099,2025-04-24,46.57,0.184,Desktop,Central,Returning
S0003848-C2892,2892,2025-02-13,184.03,0.057,Desktop,East,New
S0003849-C4507,4507,2025-02-22,164.78,0.593,Mobile,International,Returning
S0003850-C3666,3666,2025-08-25,160.44,0.059,Mobile,South,Returning
S0003851-C2178,2178,2025-06-20,120.97,0.480,Mobile,East,Returning
S0003852-C4402,4402,2025-07-21,170.31,0.916,Desktop,East,Returning
S0003853-C4468,4468,2024-11-01,80.00,0.546,Mobile,North,Returning
S0003854-C2691,2691,2024-12-02,8.17,0.060,Tablet,West,Returning
S0003855-C4397,4397,2025-04-25,6.74,0.199,Tablet,North,Returning
S0003856-C370,370,2024-10-07,38.08,0.324,Tablet,International,Returning
S0003857-C1928,1928,2024-11-18,136.60,0.150,Mobile,South,Returning
S0003858-C4582,4582,2025-08-03,110.90,0.581,Desktop,Central,Returning
S0003859-C2277,2277,2024-11-09,120.16,0.612,Desktop,Central,Returning
S0003860-C158,158,2025-05-28,26.75,0.889,Desktop,East,Returning
S0003861-C4923,4923,2024-10-22,52.98,0.764,Desktop,East,Returning
S0003862-C613,613,2024-10-15,187.38,0.142,Tablet,South,Returning
S0003863-C3605,3605,2025-08-16,194.80,0.759,Desktop,Central,Returning
S0003864-C3165,3165,2025-03-02,105.04,0.205,Desktop,International,Returning
S0003865-C2699,2699,2024-11-23,32.04,0.530,Desktop,East,New
S0003866-C2974,2974,2025-01-15,53.53,0.507,Tablet,North,Returning
S0003867-C1219,1219,2025-01-16,59.64,0.656,Mobile,East,Returning
S0003868-C2269,2269,2025-04-09,106.53,0.525,Desktop,West,Returning
S0003869-C4178,4178,2025-04-09,77.49,0.771,Tablet,Central,Returning
S0003870-C850,850,2025-05-11,189.07,0.818,Mobile,West,Returning
S0003871-C3467,3467,2025-04-11,157.02,0.776,Tablet,International,Returning
S0003872-C332,332,2024-09-11,115.83,0.076,Mobile,International,Returning
S0003873-C3958,3958,2025-04-12,97.43,0.337,Desktop,Central,New
S0003874-C2677,2677,2025-05-13,164.45,0.279,Tablet,South,Returning
S0003875-C3388,3388,2024-12-09,104.29,0.477,Tablet,West,Returning
S0003876-C2600,2600,2025-01-29,58.33,0.723,Tablet,North,Returning
S0003877-C3147,3147,2024-10-23,63.02,0.098,Desktop,East,Returning
S0003878-C616,616,2024-12-03,52.38,0.168,Tablet,International,New
S0003879-C4477,4477,2025-08-16,89.70,0.196,Mobile,International,Returning
S0003880-C2118,2118,2024-11-21,104.94,0.362,Desktop,Central,Returning
S0003881-C406,406,2025-01-14,163.11,0.268,Tablet,North,Returning
S0003882-C3613,3613,2024-08-26,165.33,0.173,Desktop,West,Returning
S0003883-C1533,1533,2025-05-24,71.89,0.077,Desktop,South,New
S0003884-C3721,3721,2025-04-02,152.37,0.602,Tablet,North,Returning
S0003885-C2658,2658,2024-10-23,120.23,0.490,Mobile,Central,Returning
S0003886-C2303,2303,2025-07-15,37.18,0.580,Mobile,South,Returning
S0003887-C4546,4546,2025-02-26,150.34,0.294,Desktop,Central,New
S0003888-C3333,3333,2024-10-04,91.06,0.593,Mobile,East,Returning
S0003889-C523,523,2024-12-31,188.13,0.726,Tablet,East,Returning
S0003890-C166,166,2025-03-30,187.78,0.474,Mobile,South,Returning
S0003891-C1161,1161,2024-12-12,163.14,0.924,Mobile,North,Returning
S0003892-C4007,4007,2024-12-19,3.91,0.089,Desktop,Central,Returning
S0003893-C1649,1649,2025-08-09,47.64,0.099,Mobile,West,Returning
S0003894-C2150,2150,2024-11-20,104.59,0.344,Desktop,East,Returning
S0003895-C3441,3441,2024-11-07,186.61,0.290,Mobile,International,Returning
S0003896-C948,948,2024-12-27,148.65,0.706,Mobile,International,Returning
S0003897-C1793,1793,2025-06-23,159.25,0.462,Tablet,North,Returning
S0003898-C2533,2533,2025-01-26,75.19,0.178,Mobile,East,Returning
S0003899-C916,916,2024-12-10,199.30,0.819,Desktop,International,Returning
S0003900-C3314,3314,2024-09-07,168.51,0.333,Desktop,South,Returning
S0003901-C2380,2380,2025-01-22,105.67,0.831,Tablet,South,Returning
S0003902-C2509,2509,2024-12-16,192.02,0.699,Tablet,East,New
S0003903-C2382,2382,2024-10-21,159.79,0.462,Tablet,North,Returning
S0003904-C3626,3626,2025-06-08,180.23,0.824,Mobile,East,Returning
S0003905-C4408,4408,2024-11-22,28.05,0.437,Tablet,East,Returning
S0003906-C4994,4994,2025-07-04,144.12,0.206,Tablet,International,Returning
S0003907-C1770,1770,2025-06-26,153.30,0.352,Mobile,International,Returning
S0003908-C4188,4188,2025-05-12,185.53,0.747,Desktop,North,Returning
S0003909-C930,930,2025-08-20,102.38,0.516,Desktop,Central,Returning
S0003910-C4530,4530,2025-05-08,157.20,0.075,Tablet,Central,Returning
S0003911-C1643,1643,2025-04-13,172.17,0.227,Mobile,East,Returning
S0003912-C273,273,2024-12-13,65.94,0.547,Tablet,South,Returning
S0003913-C8,8,2024-10-27,29.05,0.263,Tablet,North,Returning
S0003914-C1574,1574,2024-09-15,154.03,0.070,Tablet,International,Returning
S0003915-C2849,2849,2025-08-17,81.83,0.927,Mobile,South,Returning
S0003916-C211,211,2025-03-20,9.49,0.889,Mobile,Central,Returning
S0003917-C4849,4849,2025-03-28,29.31,0.499,Desktop,Central,Returning
S0003918-C2449,2449,2025-07-07,41.28,0.614,Mobile,Central,Returning
S0003919-C2422,2422,2024-12-18,196.80,0.822,Mobile,North,Returning
S0003920-C2262,2262,2025-01-24,113.09,0.116,Tablet,North,Returning
S0003921-C4972,4972,2024-09-23,126.62,0.406,Desktop,South,Returning
S0003922-C2427,2427,2024-09-12,60.79,0.647,Mobile,North,Returning
S0003923-C4107,4107,2025-07-06,45.97,0.710,Tablet,Central,Returning
S0003924-C1085,1085,2024-11-28,10.16,0.080,Desktop,International,Returning
S0003925-C603,603,2025-06-19,113.18,0.296,Tablet,West,Returning
S0003926-C1772,1772,2025-08-15,16.79,0.348,Mobile,North,Returning
S0003927-C3511,3511,2025-01-10,3.06,0.233,Tablet,South,Returning
S0003928-C4370,4370,2025-04-02,75.05,0.660,Desktop,South,Returning
S0003929-C2059,2059,2025-07-24,41.65,0.748,Desktop,International,Returning
S0003930-C3856,3856,2025-07-16,48.32,0.838,Mobile,West,New
S0003931-C402,402,2024-10-30,172.66,0.819,Tablet,International,New
S0003932-C1028,1028,2025-01-19,75.39,0.130,Desktop,South,Returning
S0003933-C4235,4235,2025-01-22,83.34,0.328,Desktop,West,Returning
S0003934-C3406,3406,2024-11-04,197.27,0.512,Mobile,West,Returning
S0003935-C64,64,2024-09-15,135.62,0.555,Tablet,North,Returning
S0003936-C372,372,2024-10-26,186.87,0.210,Desktop,International,New
S0003937-C1068,1068,2025-02-07,18.85,0.797,Tablet,International,Returning
S0003938-C4043,4043,2025-08-20,129.71,0.228,Desktop,West,New
S0003939-C1249,1249,2025-06-29,8.86,0.721,Mobile,Central,Returning
S0003940-C1235,1235,2025-02-01,15.75,0.682,Desktop,South,Returning
S0003941-C4082,4082,2025-02-22,15.14,0.827,Desktop,International,New
S0003942-C3437,3437,2025-05-21,52.56,0.517,Tablet,East,Returning
S0003943-C1915,1915,2025-08-16,197.44,0.819,Desktop,International,New
S0003944-C622,622,2025-02-01,89.80,0.547,Mobile,East,Returning
S0003945-C3972,3972,2025-02-02,83.23,0.411,Tablet,West,Returning
S0003946-C2499,2499,2025-02-07,46.17,0.515,Tablet,International,Returning
S0003947-C2084,2084,2025-01-12,166.58,0.333,Desktop,East,Returning
S0003948-C1800,1800,2025-08-23,191.15,0.732,Tablet,South,Returning
S0003949-C2301,2301,2025-01-08,153.86,0.911,Mobile,West,New
S0003950-C74,74,2024-11-24,144.37,0.365,Mobile,International,Returning
S0003951-C1202,1202,2025-02-22,160.83,0.505,Desktop,North,Returning
S0003952-C3165,3165,2025-05-18,92.55,0.497,Desktop,International,Returning
S0003953-C2051,2051,2025-08-20,169.11,0.214,Mobile,South,Returning
S0003954-C3120,3120,2025-02-05,176.88,0.742,Desktop,West,Returning
S0003955-C1313,1313,2025-04-01,43.37,0.844,Tablet,North,Returning
S0003956-C4420,4420,2025-08-17,91.68,0.253,Tablet,North,Returning
S0003957-C3706,3706,2025-07-23,47.87,0.877,Tablet,West,Returning
S0003958-C3841,3841,2025-05-30,178.27,0.715,Desktop,International,Returning
S0003959-C1709,1709,2025-02-27,88.16,0.702,Desktop,South,Returning
S0003960-C3492,3492,2025-05-14,64.26,0.731,Tablet,Central,Returning
S0003961-C4809,4809,2024-11-30,159.90,0.758,Mobile,South,Returning
S0003962-C4872,4872,2024-09-26,128.24,0.471,Mobile,Central,New
S0003963-C2596,2596,2025-05-16,167.10,0.358,Desktop,International,Returning
S0003964-C3291,3291,2025-04-30,126.02,0.219,Desktop,Central,Returning
S0003965-C1109,1109,2025-04-19,19.28,0.433,Tablet,International,New
S0003966-C1952,1952,2024-10-06,51.98,0.627,Mobile,South,Returning
S0003967-C647,647,2025-04-02,121.99,0.816,Mobile,West,Returning
S0003968-C1193,1193,2025-03-26,73.80,0.585,Tablet,West,New
S0003969-C4455,4455,2025-07-02,15.66,0.897,Mobile,West,Returning
S0003970-C2366,2366,2024-11-28,56.04,0.213,Desktop,Central,Returning
S0003971-C1323,1323,2025-07-01,193.98,0.402,Desktop,North,New
S0003972-C3487,3487,2024-09-12,134.35,0.500,Mobile,International,New
S0003973-C1017,1017,2025-03-26,94.88,0.159,Desktop,West,Returning
S0003974-C2610,2610,2024-10-04,177.84,0.746,Desktop,West,Returning
S0003975-C3539,3539,2025-05-03,89.12,0.308,Desktop,West,Returning
S0003976-C2025,2025,2025-03-16,2.86,0.711,Mobile,International,Returning
S0003977-C1032,1032,2025-01-11,96.18,0.540,Desktop,Central,New
S0003978-C3555,3555,2025-02-08,117.31,0.321,Tablet,Central,Returning
S0003979-C16,16,2025-04-29,123.01,0.141,Mobile,International,Returning
S0003980-C4569,4569,2025-01-05,89.22,0.336,Desktop,South,Returning
S0003981-C19,19,2024-12-27,58.39,0.480,Mobile,North,New
S0003982-C1056,1056,2024-12-16,164.27,0.081,Tablet,East,New
S0003983-C3968,3968,2024-09-22,47.96,0.434,Mobile,Central,Returning
S0003984-C1069,1069,2024-09-26,185.81,0.863,Tablet,International,Returning
S0003985-C2925,2925,2025-02-26,144.25,0.159,Mobile,International,Returning
S0003986-C4411,4411,2024-11-18,39.04,0.654,Tablet,International,Returning
S0003987-C4206,4206,2025-01-20,91.75,0.504,Desktop,South,Returning
S0003988-C2888,2888,2024-09-12,4.45,0.283,Desktop,East,New
S0003989-C1667,1667,2025-03-19,35.69,0.577,Mobile,South,Returning
S0003990-C2556,2556,2025-07-23,183.89,0.343,Tablet,East,Returning
S0003991-C841,841,2025-08-01,166.38,0.912,Desktop,West,New
S0003992-C3060,3060,2024-10-27,61.33,0.093,Desktop,East,Returning
S0003993-C595,595,2024-12-08,42.09,0.871,Tablet,International,Returning
S0003994-C76,76,2024-10-25,25.52,0.171,Desktop,North,Returning
S0003995-C2802,2802,2024-11-09,56.28,0.077,Desktop,East,Returning
S0003996-C4660,4660,2024-09-22,164.39,0.355,Desktop,North,Returning
S0003997-C2254,2254,2025-04-21,75.25,0.810,Desktop,International,Returning
S0003998-C478,478,2025-04-22,86.25,0.163,Mobile,South,Returning
S0003999-C2790,2790,2025-05-02,181.10,0.572,Desktop,South,Returning
S0004000-C616,616,2025-01-09,151.26,0.866,Desktop,West,New
S0004001-C333,333,2024-10-27,189.45,0.273,Mobile,South,New
S0004002-C2791,2791,2025-01-18,66.87,0.830,Desktop,North,Returning
S0004003-C574,574,2024-10-31,149.51,0.304,Desktop,North,Returning
S0004004-C2778,2778,2025-06-01,101.35,0.797,Mobile,West,Returning
S0004005-C4958,4958,2024-11-13,187.35,0.353,Tablet,East,New
S0004006-C4340,4340,2024-11-19,43.87,0.773,Mobile,East,Returning
S0004007-C4818,4818,2025-04-17,180.23,0.438,Mobile,International,Returning
S0004008-C1462,1462,2025-06-26,189.91,0.277,Mobile,South,Returning
S0004009-C1788,1788,2025-08-11,25.64,0.519,Desktop,West,New
S0004010-C2055,2055,2025-08-07,4.66,0.917,Tablet,International,Returning
S0004011-C1036,1036,2025-06-11,83.49,0.467,Desktop,International,Returning
S0004012-C3700,3700,2025-06-29,114.67,0.402,Desktop,International,Returning
S0004013-C2130,2130,2025-05-15,23.91,0.733,Mobile,International,Returning
S0004014-C2386,2386,2024-12-28,172.99,0.362,Desktop,West,Returning
S0004015-C2143,2143,2025-02-25,39.10,0.490,Tablet,Central,Returning
S0004016-C1297,1297,2024-12-29,101.45,0.559,Desktop,Central,Returning
S0004017-C3088,3088,2025-03-22,58.55,0.209,Desktop,East,Returning
S0004018-C4275,4275,2024-10-13,154.06,0.275,Tablet,International,Returning
S0004019-C4145,4145,2025-04-25,37.18,0.883,Desktop,West,Returning
S0004020-C3481,3481,2025-03-26,0.35,0.729,Tablet,West,Returning
S0004021-C1070,1070,2025-05-09,170.10,0.371,Desktop,North,Returning
S0004022-C3381,3381,2024-08-27,189.98,0.736,Tablet,West,Returning
S0004023-C1039,1039,2024-11-21,34.82,0.583,Mobile,East,Returning
S0004024-C3363,3363,2025-08-25,197.23,0.886,Tablet,West,New
S0004025-C3535,3535,2025-06-25,143.50,0.126,Desktop,North,Returning
S0004026-C571,571,2025-02-15,55.81,0.790,Desktop,International,Returning
S0004027-C4348,4348,2025-06-17,67.74,0.163,Mobile,Central,Returning
S0004028-C3474,3474,2024-10-22,24.91,0.138,Desktop,South,New
S0004029-C2125,2125,2024-09-07,112.06,0.861,Tablet,East,Returning
S0004030-C3320,3320,2025-01-24,186.53,0.868,Tablet,North,Returning
S0004031-C4222,4222,2024-09-26,6.52,0.431,Desktop,Central,New
S0004032-C4902,4902,2025-01-12,28.85,0.833,Tablet,International,New
S0004033-C3913,3913,2025-03-03,10.34,0.787,Tablet,South,Returning
S0004034-C887,887,2024-11-25,42.67,0.788,Mobile,International,Returning
S0004035-C2361,2361,2024-09-03,92.48,0.396,Mobile,West,New
S0004036-C2940,2940,2024-10-25,82.10,0.543,Mobile,International,Returning
S0004037-C463,463,2025-01-21,138.97,0.672,Mobile,Central,Returning
S0004038-C2221,2221,2024-09-07,98.59,0.563,Mobile,North,Returning
S0004039-C2451,2451,2024-12-10,14.50,0.263,Tablet,North,Returning
S0004040-C839,839,2024-12-06,19.36,0.342,Desktop,Central,Returning
S0004041-C4996,4996,2024-11-17,172.60,0.949,Mobile,North,Returning
S0004042-C3181,3181,2025-04-24,157.92,0.886,Desktop,West,New
S0004043-C4981,4981,2025-02-22,109.02,0.235,Mobile,East,Returning
S0004044-C3525,3525,2024-10-08,57.79,0.772,Desktop,South,New
S0004045-C4313,4313,2024-10-31,100.99,0.112,Tablet,International,Returning
S0004046-C2069,2069,2025-05-04,63.23,0.632,Desktop,East,Returning
S0004047-C1411,1411,2024-11-14,9.55,0.862,Mobile,North,Returning
S0004048-C2654,2654,2024-10-07,164.92,0.476,Tablet,North,Returning
S0004049-C2440,2440,2024-10-10,183.67,0.916,Desktop,East,Returning
S0004050-C4342,4342,2024-09-28,186.56,0.897,Tablet,Central,Returning
S0004051-C526,526,2024-09-03,113.00,0.857,Tablet,South,Returning
S0004052-C4154,4154,2025-04-05,92.37,0.173,Desktop,North,Returning
S0004053-C1619,1619,2025-07-29,82.51,0.799,Tablet,North,Returning
S0004054-C4818,4818,2025-06-11,28.88,0.141,Desktop,North,New
S0004055-C511,511,2025-04-18,92.67,0.279,Tablet,West,Returning
S0004056-C701,701,2024-10-23,154.63,0.365,Mobile,North,New
S0004057-C3191,3191,2025-01-04,56.05,0.486,Mobile,East,Returning
S0004058-C1230,1230,2024-12-25,119.03,0.929,Desktop,West,Returning
S0004059-C3168,3168,2024-11-07,19.93,0.139,Desktop,Central,Returning
S0004060-C4183,4183,2024-10-10,173.77,0.695,Tablet,Central,Returning
S0004061-C3190,3190,2024-10-11,88.84,0.596,Tablet,Central,Returning
S0004062-C1953,1953,2025-07-20,66.78,0.380,Tablet,North,Returning
S0004063-C3118,3118,2024-10-17,82.15,0.487,Desktop,West,Returning
S0004064-C1584,1584,2024-12-22,86.13,0.162,Desktop,South,Returning
S0004065-C1738,1738,2025-03-29,1.85,0.784,Desktop,Central,Returning
S0004066-C4317,4317,2024-11-22,40.19,0.707,Desktop,North,New
S0004067-C2042,2042,2024-12-12,58.45,0.366,Tablet,East,New
S0004068-C1424,1424,2025-05-29,71.39,0.102,Desktop,International,Returning
S0004069-C2,2,2025-07-05,141.10,0.143,Mobile,Central,Returning
S0004070-C1654,1654,2024-11-07,0.03,0.595,Desktop,South,Returning
S0004071-C3022,3022,2025-03-01,122.93,0.605,Desktop,East,New
S0004072-C93,93,2025-08-04,48.16,0.074,Mobile,International,Returning
S0004073-C419,419,2025-01-06,182.77,0.653,Mobile,North,Returning
S0004074-C3105,3105,2025-07-31,97.59,0.257,Tablet,Central,Returning
S0004075-C3937,3937,2025-07-01,79.55,0.530,Mobile,Central,Returning
S0004076-C2826,2826,2024-12-04,186.86,0.494,Mobile,International,Returning
S0004077-C3544,3544,2024-11-11,162.47,0.679,Desktop,South,Returning
S0004078-C1468,1468,2025-07-01,175.68,0.893,Desktop,East,New
S0004079-C3835,3835,2024-11-07,137.56,0.091,Desktop,Central,Returning
S0004080-C3986,3986,2025-08-05,177.40,0.291,Tablet,West,Returning
S0004081-C4108,4108,2025-04-20,57.63,0.400,Desktop,South,Returning
S0004082-C152,152,2025-05-06,85.98,0.263,Tablet,Central,New
S0004083-C2046,2046,2025-01-10,176.94,0.551,Desktop,International,Returning
S0004084-C1820,1820,2025-03-10,42.68,0.665,Tablet,International,Returning
S0004085-C4408,4408,2024-11-21,30.60,0.488,Tablet,East,New
S0004086-C1804,1804,2025-03-13,37.25,0.563,Desktop,Central,Returning
