customer_id,L_score,R_score,F_score,S_score,Total_score,Segment
86,1,1,1,1,4,Bronze
120,1,1,1,1,4,Bronze
132,1,1,1,1,4,Bronze
136,1,1,1,1,4,Bronze
170,1,1,1,1,4,Bronze
171,1,1,1,1,4,Bronze
179,1,1,1,1,4,Bronze
258,1,1,1,1,4,Bronze
284,1,1,1,1,4,Bronze
288,1,1,1,1,4,Bronze
300,1,1,1,1,4,Bronze
301,1,1,1,1,4,Bronze
316,1,1,1,1,4,Bronze
380,1,1,1,1,4,Bronze
435,1,1,1,1,4,Bronze
456,1,1,1,1,4,Bronze
457,1,1,1,1,4,Bronze
475,1,1,1,1,4,Bronze
520,1,1,1,1,4,Bronze
522,1,1,1,1,4,Bronze
600,1,1,1,1,4,Bronze
621,1,1,1,1,4,Bronze
711,1,1,1,1,4,Bronze
722,1,1,1,1,4,Bronze
747,1,1,1,1,4,Bronze
776,1,1,1,1,4,Bronze
798,1,1,1,1,4,Bronze
816,1,1,1,1,4,Bronze
826,1,1,1,1,4,Bronze
844,1,1,1,1,4,Bronze
925,1,1,1,1,4,Bronze
952,1,1,1,1,4,Bronze
976,1,1,1,1,4,Bronze
981,1,1,1,1,4,Bronze
982,1,1,1,1,4,Bronze
985,1,1,1,1,4,Bronze
1015,1,1,1,1,4,Bronze
1021,1,1,1,1,4,Bronze
1030,1,1,1,1,4,Bronze
1038,1,1,1,1,4,Bronze
1058,1,1,1,1,4,Bronze
1059,1,1,1,1,4,Bronze
1064,1,1,1,1,4,Bronze
1080,1,1,1,1,4,Bronze
1114,1,1,1,1,4,Bronze
1145,1,1,1,1,4,Bronze
1164,1,1,1,1,4,Bronze
1172,1,1,1,1,4,Bronze
1215,1,1,1,1,4,Bronze
1224,1,1,1,1,4,Bronze
1236,1,1,1,1,4,Bronze
1282,1,1,1,1,4,Bronze
1310,1,1,1,1,4,Bronze
1311,1,1,1,1,4,Bronze
1319,1,1,1,1,4,Bronze
1357,1,1,1,1,4,Bronze
1360,1,1,1,1,4,Bronze
1379,1,1,1,1,4,Bronze
1382,1,1,1,1,4,Bronze
1423,1,1,1,1,4,Bronze
1438,1,1,1,1,4,Bronze
1445,1,1,1,1,4,Bronze
1458,1,1,1,1,4,Bronze
1465,1,1,1,1,4,Bronze
1474,1,1,1,1,4,Bronze
1510,1,1,1,1,4,Bronze
1518,1,1,1,1,4,Bronze
1565,1,1,1,1,4,Bronze
1595,1,1,1,1,4,Bronze
1610,1,1,1,1,4,Bronze
1723,1,1,1,1,4,Bronze
1804,1,1,1,1,4,Bronze
1813,1,1,1,1,4,Bronze
1830,1,1,1,1,4,Bronze
1836,1,1,1,1,4,Bronze
1852,1,1,1,1,4,Bronze
1856,1,1,1,1,4,Bronze
1865,1,1,1,1,4,Bronze
1871,1,1,1,1,4,Bronze
1886,1,1,1,1,4,Bronze
1911,1,1,1,1,4,Bronze
1917,1,1,1,1,4,Bronze
1946,1,1,1,1,4,Bronze
1949,1,1,1,1,4,Bronze
1961,1,1,1,1,4,Bronze
1963,1,1,1,1,4,Bronze
1978,1,1,1,1,4,Bronze
1980,1,1,1,1,4,Bronze
1986,1,1,1,1,4,Bronze
1988,1,1,1,1,4,Bronze
1992,1,1,1,1,4,Bronze
1997,1,1,1,1,4,Bronze
2000,1,1,1,1,4,Bronze
2007,1,1,1,1,4,Bronze
2034,1,1,1,1,4,Bronze
2040,1,1,1,1,4,Bronze
2074,1,1,1,1,4,Bronze
2077,1,1,1,1,4,Bronze
2095,1,1,1,1,4,Bronze
2101,1,1,1,1,4,Bronze
2131,1,1,1,1,4,Bronze
2161,1,1,1,1,4,Bronze
2182,1,1,1,1,4,Bronze
2185,1,1,1,1,4,Bronze
2214,1,1,1,1,4,Bronze
2217,1,1,1,1,4,Bronze
2234,1,1,1,1,4,Bronze
2243,1,1,1,1,4,Bronze
2249,1,1,1,1,4,Bronze
2261,1,1,1,1,4,Bronze
2267,1,1,1,1,4,Bronze
2272,1,1,1,1,4,Bronze
2300,1,1,1,1,4,Bronze
2334,1,1,1,1,4,Bronze
2336,1,1,1,1,4,Bronze
2346,1,1,1,1,4,Bronze
2363,1,1,1,1,4,Bronze
2387,1,1,1,1,4,Bronze
2401,1,1,1,1,4,Bronze
2405,1,1,1,1,4,Bronze
2444,1,1,1,1,4,Bronze
2446,1,1,1,1,4,Bronze
2447,1,1,1,1,4,Bronze
2452,1,1,1,1,4,Bronze
2455,1,1,1,1,4,Bronze
2474,1,1,1,1,4,Bronze
2475,1,1,1,1,4,Bronze
2481,1,1,1,1,4,Bronze
2489,1,1,1,1,4,Bronze
2498,1,1,1,1,4,Bronze
2536,1,1,1,1,4,Bronze
2538,1,1,1,1,4,Bronze
2549,1,1,1,1,4,Bronze
2598,1,1,1,1,4,Bronze
2601,1,1,1,1,4,Bronze
2609,1,1,1,1,4,Bronze
2630,1,1,1,1,4,Bronze
2645,1,1,1,1,4,Bronze
2700,1,1,1,1,4,Bronze
2717,1,1,1,1,4,Bronze
2754,1,1,1,1,4,Bronze
2760,1,1,1,1,4,Bronze
2776,1,1,1,1,4,Bronze
2797,1,1,1,1,4,Bronze
2806,1,1,1,1,4,Bronze
2852,1,1,1,1,4,Bronze
2894,1,1,1,1,4,Bronze
2903,1,1,1,1,4,Bronze
2909,1,1,1,1,4,Bronze
2920,1,1,1,1,4,Bronze
2950,1,1,1,1,4,Bronze
2955,1,1,1,1,4,Bronze
2956,1,1,1,1,4,Bronze
2964,1,1,1,1,4,Bronze
2998,1,1,1,1,4,Bronze
3001,1,1,1,1,4,Bronze
3003,1,1,1,1,4,Bronze
3004,1,1,1,1,4,Bronze
3005,1,1,1,1,4,Bronze
3016,1,1,1,1,4,Bronze
3051,1,1,1,1,4,Bronze
3060,1,1,1,1,4,Bronze
3063,1,1,1,1,4,Bronze
3072,1,1,1,1,4,Bronze
3094,1,1,1,1,4,Bronze
3097,1,1,1,1,4,Bronze
3100,1,1,1,1,4,Bronze
3103,1,1,1,1,4,Bronze
3114,1,1,1,1,4,Bronze
3167,1,1,1,1,4,Bronze
3187,1,1,1,1,4,Bronze
3221,1,1,1,1,4,Bronze
3249,1,1,1,1,4,Bronze
3301,1,1,1,1,4,Bronze
3309,1,1,1,1,4,Bronze
3321,1,1,1,1,4,Bronze
3340,1,1,1,1,4,Bronze
3345,1,1,1,1,4,Bronze
3372,1,1,1,1,4,Bronze
3420,1,1,1,1,4,Bronze
3429,1,1,1,1,4,Bronze
3486,1,1,1,1,4,Bronze
3491,1,1,1,1,4,Bronze
3498,1,1,1,1,4,Bronze
3512,1,1,1,1,4,Bronze
3517,1,1,1,1,4,Bronze
3519,1,1,1,1,4,Bronze
3564,1,1,1,1,4,Bronze
3587,1,1,1,1,4,Bronze
3624,1,1,1,1,4,Bronze
3651,1,1,1,1,4,Bronze
3665,1,1,1,1,4,Bronze
3695,1,1,1,1,4,Bronze
3740,1,1,1,1,4,Bronze
3747,1,1,1,1,4,Bronze
3766,1,1,1,1,4,Bronze
3768,1,1,1,1,4,Bronze
3774,1,1,1,1,4,Bronze
3775,1,1,1,1,4,Bronze
3777,1,1,1,1,4,Bronze
3799,1,1,1,1,4,Bronze
3801,1,1,1,1,4,Bronze
3804,1,1,1,1,4,Bronze
3811,1,1,1,1,4,Bronze
3830,1,1,1,1,4,Bronze
3870,1,1,1,1,4,Bronze
3871,1,1,1,1,4,Bronze
3872,1,1,1,1,4,Bronze
3911,1,1,1,1,4,Bronze
3941,1,1,1,1,4,Bronze
3945,1,1,1,1,4,Bronze
3963,1,1,1,1,4,Bronze
3982,1,1,1,1,4,Bronze
4004,1,1,1,1,4,Bronze
4011,1,1,1,1,4,Bronze
4022,1,1,1,1,4,Bronze
4058,1,1,1,1,4,Bronze
4064,1,1,1,1,4,Bronze
4067,1,1,1,1,4,Bronze
4102,1,1,1,1,4,Bronze
4104,1,1,1,1,4,Bronze
4132,1,1,1,1,4,Bronze
4138,1,1,1,1,4,Bronze
4151,1,1,1,1,4,Bronze
4207,1,1,1,1,4,Bronze
4214,1,1,1,1,4,Bronze
4225,1,1,1,1,4,Bronze
4284,1,1,1,1,4,Bronze
4324,1,1,1,1,4,Bronze
4332,1,1,1,1,4,Bronze
4337,1,1,1,1,4,Bronze
4374,1,1,1,1,4,Bronze
4401,1,1,1,1,4,Bronze
4428,1,1,1,1,4,Bronze
4461,1,1,1,1,4,Bronze
4495,1,1,1,1,4,Bronze
4509,1,1,1,1,4,Bronze
4544,1,1,1,1,4,Bronze
4548,1,1,1,1,4,Bronze
4603,1,1,1,1,4,Bronze
4605,1,1,1,1,4,Bronze
4628,1,1,1,1,4,Bronze
4631,1,1,1,1,4,Bronze
4656,1,1,1,1,4,Bronze
4685,1,1,1,1,4,Bronze
4707,1,1,1,1,4,Bronze
4720,1,1,1,1,4,Bronze
4721,1,1,1,1,4,Bronze
4743,1,1,1,1,4,Bronze
4758,1,1,1,1,4,Bronze
4763,1,1,1,1,4,Bronze
4770,1,1,1,1,4,Bronze
4773,1,1,1,1,4,Bronze
4795,1,1,1,1,4,Bronze
4820,1,1,1,1,4,Bronze
4825,1,1,1,1,4,Bronze
4827,1,1,1,1,4,Bronze
4829,1,1,1,1,4,Bronze
4834,1,1,1,1,4,Bronze
4844,1,1,1,1,4,Bronze
4848,1,1,1,1,4,Bronze
4863,1,1,1,1,4,Bronze
4869,1,1,1,1,4,Bronze
4876,1,1,1,1,4,Bronze
4883,1,1,1,1,4,Bronze
4898,1,1,1,1,4,Bronze
4962,1,1,1,1,4,Bronze
4971,1,1,1,1,4,Bronze
4979,1,1,1,1,4,Bronze
4982,1,1,1,1,4,Bronze
48,1,2,1,1,5,Bronze
97,1,1,2,1,5,Bronze
100,1,1,2,1,5,Bronze
209,1,1,2,1,5,Bronze
243,1,1,2,1,5,Bronze
248,1,1,2,1,5,Bronze
254,1,2,1,1,5,Bronze
318,1,1,2,1,5,Bronze
348,1,1,2,1,5,Bronze
350,1,2,1,1,5,Bronze
459,1,1,2,1,5,Bronze
465,1,2,1,1,5,Bronze
551,1,2,1,1,5,Bronze
562,1,1,2,1,5,Bronze
612,1,2,1,1,5,Bronze
656,1,1,2,1,5,Bronze
690,1,1,2,1,5,Bronze
700,1,2,1,1,5,Bronze
716,1,1,2,1,5,Bronze
729,1,1,2,1,5,Bronze
756,1,1,2,1,5,Bronze
767,1,1,2,1,5,Bronze
800,1,2,1,1,5,Bronze
805,1,2,1,1,5,Bronze
831,1,1,2,1,5,Bronze
849,1,1,2,1,5,Bronze
905,1,1,2,1,5,Bronze
927,1,2,1,1,5,Bronze
932,1,2,1,1,5,Bronze
966,1,1,2,1,5,Bronze
1026,1,1,2,1,5,Bronze
1051,1,1,2,1,5,Bronze
1053,1,1,2,1,5,Bronze
1073,1,1,2,1,5,Bronze
1085,1,1,2,1,5,Bronze
1130,1,2,1,1,5,Bronze
1247,1,1,2,1,5,Bronze
1258,1,1,2,1,5,Bronze
1292,1,1,2,1,5,Bronze
1346,1,2,1,1,5,Bronze
1355,1,1,2,1,5,Bronze
1380,1,1,2,1,5,Bronze
1383,1,1,2,1,5,Bronze
1394,1,1,2,1,5,Bronze
1476,1,1,2,1,5,Bronze
1489,1,1,2,1,5,Bronze
1496,1,1,2,1,5,Bronze
1548,1,1,2,1,5,Bronze
1652,1,1,2,1,5,Bronze
1697,1,1,2,1,5,Bronze
1736,1,2,1,1,5,Bronze
1748,1,1,2,1,5,Bronze
1761,1,2,1,1,5,Bronze
1811,1,1,2,1,5,Bronze
1839,1,1,2,1,5,Bronze
1868,1,1,2,1,5,Bronze
1869,1,1,2,1,5,Bronze
1872,1,1,2,1,5,Bronze
1903,1,1,2,1,5,Bronze
1924,1,1,2,1,5,Bronze
2054,1,1,2,1,5,Bronze
2137,1,1,2,1,5,Bronze
2266,1,1,2,1,5,Bronze
2304,1,1,2,1,5,Bronze
2305,1,1,2,1,5,Bronze
2356,1,1,2,1,5,Bronze
2367,1,1,2,1,5,Bronze
2411,1,2,1,1,5,Bronze
2416,1,1,2,1,5,Bronze
2430,1,1,2,1,5,Bronze
2457,1,2,1,1,5,Bronze
2470,1,1,2,1,5,Bronze
2534,1,2,1,1,5,Bronze
2653,1,2,1,1,5,Bronze
2706,1,1,2,1,5,Bronze
2721,1,2,1,1,5,Bronze
2822,1,1,2,1,5,Bronze
2848,1,1,2,1,5,Bronze
2865,1,1,2,1,5,Bronze
2877,1,2,1,1,5,Bronze
2878,1,1,2,1,5,Bronze
2890,1,1,2,1,5,Bronze
2941,1,1,2,1,5,Bronze
2942,1,1,2,1,5,Bronze
2946,1,1,2,1,5,Bronze
2958,1,1,2,1,5,Bronze
2981,1,1,2,1,5,Bronze
2993,1,1,2,1,5,Bronze
3037,1,1,2,1,5,Bronze
3149,1,2,1,1,5,Bronze
3156,1,1,2,1,5,Bronze
3177,1,1,2,1,5,Bronze
3259,1,1,2,1,5,Bronze
3269,1,1,2,1,5,Bronze
3274,1,1,2,1,5,Bronze
3282,1,1,2,1,5,Bronze
3289,1,1,2,1,5,Bronze
3310,1,1,2,1,5,Bronze
3313,1,1,2,1,5,Bronze
3314,1,1,2,1,5,Bronze
3324,1,1,2,1,5,Bronze
3359,1,1,2,1,5,Bronze
3384,1,1,2,1,5,Bronze
3394,1,1,2,1,5,Bronze
3479,1,2,1,1,5,Bronze
3509,1,1,2,1,5,Bronze
3584,1,1,2,1,5,Bronze
3646,1,2,1,1,5,Bronze
3694,1,1,2,1,5,Bronze
3925,1,1,2,1,5,Bronze
3983,1,1,2,1,5,Bronze
4036,1,1,2,1,5,Bronze
4048,1,1,2,1,5,Bronze
4119,1,2,1,1,5,Bronze
4156,1,1,2,1,5,Bronze
4168,1,1,2,1,5,Bronze
4249,1,1,2,1,5,Bronze
4333,1,1,2,1,5,Bronze
4381,1,1,2,1,5,Bronze
4444,1,1,2,1,5,Bronze
4566,1,1,2,1,5,Bronze
4611,1,1,2,1,5,Bronze
4741,1,1,2,1,5,Bronze
4755,1,1,2,1,5,Bronze
4852,1,1,2,1,5,Bronze
4856,1,1,2,1,5,Bronze
3,2,1,2,1,6,Bronze
15,2,1,2,1,6,Bronze
18,2,1,2,1,6,Bronze
65,2,1,2,1,6,Bronze
72,2,1,2,1,6,Bronze
84,2,1,2,1,6,Bronze
103,2,1,2,1,6,Bronze
109,2,1,2,1,6,Bronze
142,2,1,2,1,6,Bronze
147,2,1,2,1,6,Bronze
152,2,1,2,1,6,Bronze
154,2,1,2,1,6,Bronze
164,1,3,1,1,6,Bronze
187,2,1,2,1,6,Bronze
192,2,1,2,1,6,Bronze
199,2,1,2,1,6,Bronze
210,2,1,2,1,6,Bronze
214,2,1,2,1,6,Bronze
262,1,3,1,1,6,Bronze
263,2,1,2,1,6,Bronze
292,2,1,2,1,6,Bronze
293,2,1,2,1,6,Bronze
309,2,1,2,1,6,Bronze
392,2,1,2,1,6,Bronze
403,2,1,2,1,6,Bronze
413,2,1,2,1,6,Bronze
422,2,1,2,1,6,Bronze
455,2,1,2,1,6,Bronze
484,2,1,2,1,6,Bronze
492,2,1,2,1,6,Bronze
493,2,1,2,1,6,Bronze
494,2,1,2,1,6,Bronze
499,2,1,2,1,6,Bronze
509,2,1,2,1,6,Bronze
513,2,1,2,1,6,Bronze
529,2,1,2,1,6,Bronze
555,2,1,2,1,6,Bronze
573,2,1,2,1,6,Bronze
583,2,1,2,1,6,Bronze
605,2,1,2,1,6,Bronze
607,2,1,2,1,6,Bronze
608,2,1,2,1,6,Bronze
648,2,1,2,1,6,Bronze
666,2,1,2,1,6,Bronze
668,2,1,2,1,6,Bronze
672,2,1,2,1,6,Bronze
679,2,1,2,1,6,Bronze
714,2,1,2,1,6,Bronze
721,2,1,2,1,6,Bronze
731,2,1,2,1,6,Bronze
748,2,1,2,1,6,Bronze
749,2,1,2,1,6,Bronze
753,1,2,2,1,6,Bronze
765,2,1,2,1,6,Bronze
772,2,1,2,1,6,Bronze
774,2,1,2,1,6,Bronze
778,2,1,2,1,6,Bronze
797,1,3,1,1,6,Bronze
821,2,1,2,1,6,Bronze
827,2,1,2,1,6,Bronze
833,2,1,2,1,6,Bronze
848,2,1,2,1,6,Bronze
850,2,1,2,1,6,Bronze
871,2,1,2,1,6,Bronze
903,2,1,2,1,6,Bronze
910,2,1,2,1,6,Bronze
929,2,1,2,1,6,Bronze
945,2,1,2,1,6,Bronze
949,2,1,2,1,6,Bronze
953,1,2,2,1,6,Bronze
965,2,1,2,1,6,Bronze
990,2,1,2,1,6,Bronze
1009,2,1,2,1,6,Bronze
1019,2,1,2,1,6,Bronze
1020,2,1,2,1,6,Bronze
1034,2,1,2,1,6,Bronze
1072,2,1,2,1,6,Bronze
1076,2,1,2,1,6,Bronze
1082,2,1,2,1,6,Bronze
1089,2,1,2,1,6,Bronze
1105,2,1,2,1,6,Bronze
1106,2,1,2,1,6,Bronze
1125,2,1,2,1,6,Bronze
1138,2,1,2,1,6,Bronze
1165,2,1,2,1,6,Bronze
1178,1,3,1,1,6,Bronze
1188,2,1,2,1,6,Bronze
1204,2,1,2,1,6,Bronze
1217,2,1,2,1,6,Bronze
1231,2,1,2,1,6,Bronze
1232,2,1,2,1,6,Bronze
1239,2,1,2,1,6,Bronze
1288,1,3,1,1,6,Bronze
1291,2,1,2,1,6,Bronze
1294,2,1,2,1,6,Bronze
1327,2,1,2,1,6,Bronze
1358,1,3,1,1,6,Bronze
1368,2,1,2,1,6,Bronze
1369,2,1,2,1,6,Bronze
1399,2,1,2,1,6,Bronze
1406,2,1,2,1,6,Bronze
1418,2,1,2,1,6,Bronze
1427,2,1,2,1,6,Bronze
1434,1,2,2,1,6,Bronze
1436,2,1,2,1,6,Bronze
1461,2,1,2,1,6,Bronze
1467,2,1,2,1,6,Bronze
1487,2,1,2,1,6,Bronze
1492,2,1,2,1,6,Bronze
1493,2,1,2,1,6,Bronze
1504,2,1,2,1,6,Bronze
1508,2,1,2,1,6,Bronze
1544,2,1,2,1,6,Bronze
1554,2,1,2,1,6,Bronze
1612,2,1,2,1,6,Bronze
1622,2,1,2,1,6,Bronze
1627,2,1,2,1,6,Bronze
1634,2,1,2,1,6,Bronze
1654,2,1,2,1,6,Bronze
1678,2,1,2,1,6,Bronze
1688,2,1,2,1,6,Bronze
1691,2,1,2,1,6,Bronze
1706,2,1,2,1,6,Bronze
1711,2,1,2,1,6,Bronze
1713,2,1,2,1,6,Bronze
1744,2,1,2,1,6,Bronze
1756,2,1,2,1,6,Bronze
1768,2,1,2,1,6,Bronze
1782,1,3,1,1,6,Bronze
1787,2,1,2,1,6,Bronze
1794,2,1,2,1,6,Bronze
1827,2,1,2,1,6,Bronze
1847,2,1,2,1,6,Bronze
1859,2,1,2,1,6,Bronze
1882,2,1,2,1,6,Bronze
1889,1,3,1,1,6,Bronze
1902,2,1,2,1,6,Bronze
1941,2,1,2,1,6,Bronze
1971,2,1,2,1,6,Bronze
1990,2,1,2,1,6,Bronze
1995,2,1,2,1,6,Bronze
2048,2,1,2,1,6,Bronze
2057,2,1,2,1,6,Bronze
2062,2,1,2,1,6,Bronze
2078,2,1,2,1,6,Bronze
2093,2,1,2,1,6,Bronze
2096,2,1,2,1,6,Bronze
2097,2,1,2,1,6,Bronze
2132,2,1,2,1,6,Bronze
2151,2,1,2,1,6,Bronze
2155,2,1,2,1,6,Bronze
2157,2,1,2,1,6,Bronze
2193,2,1,2,1,6,Bronze
2240,2,1,2,1,6,Bronze
2246,2,1,2,1,6,Bronze
2290,2,1,2,1,6,Bronze
2298,2,1,2,1,6,Bronze
2325,2,1,2,1,6,Bronze
2329,2,1,2,1,6,Bronze
2330,2,1,2,1,6,Bronze
2338,2,1,2,1,6,Bronze
2344,2,1,2,1,6,Bronze
2350,2,1,2,1,6,Bronze
2402,2,1,2,1,6,Bronze
2408,2,1,2,1,6,Bronze
2413,2,1,2,1,6,Bronze
2426,2,1,2,1,6,Bronze
2435,2,1,2,1,6,Bronze
2436,2,1,2,1,6,Bronze
2441,2,1,2,1,6,Bronze
2480,2,1,2,1,6,Bronze
2484,2,1,2,1,6,Bronze
2516,1,3,1,1,6,Bronze
2531,2,1,2,1,6,Bronze
2550,2,1,2,1,6,Bronze
2551,2,1,2,1,6,Bronze
2553,2,1,2,1,6,Bronze
2603,2,1,2,1,6,Bronze
2634,1,3,1,1,6,Bronze
2684,1,2,2,1,6,Bronze
2686,2,1,2,1,6,Bronze
2691,2,1,2,1,6,Bronze
2702,1,2,2,1,6,Bronze
2705,2,1,2,1,6,Bronze
2711,2,1,2,1,6,Bronze
2716,2,1,2,1,6,Bronze
2738,2,1,2,1,6,Bronze
2757,2,1,2,1,6,Bronze
2761,2,1,2,1,6,Bronze
2793,2,1,2,1,6,Bronze
2897,2,1,2,1,6,Bronze
2911,2,1,2,1,6,Bronze
2924,2,1,2,1,6,Bronze
2966,2,1,2,1,6,Bronze
2967,2,1,2,1,6,Bronze
3018,2,1,2,1,6,Bronze
3025,2,1,2,1,6,Bronze
3034,2,1,2,1,6,Bronze
3045,2,1,2,1,6,Bronze
3049,2,1,2,1,6,Bronze
3061,2,1,2,1,6,Bronze
3107,1,3,1,1,6,Bronze
3119,2,1,2,1,6,Bronze
3120,2,1,2,1,6,Bronze
3141,2,1,2,1,6,Bronze
3179,2,1,2,1,6,Bronze
3196,2,1,2,1,6,Bronze
3241,2,1,2,1,6,Bronze
3243,2,1,2,1,6,Bronze
3245,2,1,2,1,6,Bronze
3297,2,1,2,1,6,Bronze
3311,2,1,2,1,6,Bronze
3317,2,1,2,1,6,Bronze
3318,2,1,2,1,6,Bronze
3331,1,2,2,1,6,Bronze
3339,2,1,2,1,6,Bronze
3434,2,1,2,1,6,Bronze
3449,2,1,2,1,6,Bronze
3460,2,1,2,1,6,Bronze
3500,2,1,2,1,6,Bronze
3505,2,1,2,1,6,Bronze
3521,2,1,2,1,6,Bronze
3523,2,1,2,1,6,Bronze
3545,1,3,1,1,6,Bronze
3561,2,1,2,1,6,Bronze
3588,2,1,2,1,6,Bronze
3597,2,1,2,1,6,Bronze
3602,2,1,2,1,6,Bronze
3609,2,1,2,1,6,Bronze
3617,2,1,2,1,6,Bronze
3623,2,1,2,1,6,Bronze
3632,2,1,2,1,6,Bronze
3696,2,1,2,1,6,Bronze
3710,2,1,2,1,6,Bronze
3719,2,1,2,1,6,Bronze
3741,2,1,2,1,6,Bronze
3744,2,1,2,1,6,Bronze
3751,2,1,2,1,6,Bronze
3752,2,1,2,1,6,Bronze
3762,2,1,2,1,6,Bronze
3764,2,1,2,1,6,Bronze
3767,2,1,2,1,6,Bronze
3788,2,1,2,1,6,Bronze
3789,2,1,2,1,6,Bronze
3805,2,1,2,1,6,Bronze
3813,2,1,2,1,6,Bronze
3852,2,1,2,1,6,Bronze
3880,2,1,2,1,6,Bronze
3895,1,3,1,1,6,Bronze
3917,2,1,2,1,6,Bronze
3927,1,2,2,1,6,Bronze
4023,2,1,2,1,6,Bronze
4059,2,1,2,1,6,Bronze
4062,2,1,2,1,6,Bronze
4073,2,1,2,1,6,Bronze
4074,2,1,2,1,6,Bronze
4078,2,1,2,1,6,Bronze
4089,2,1,2,1,6,Bronze
4095,2,1,2,1,6,Bronze
4127,2,1,2,1,6,Bronze
4137,2,1,2,1,6,Bronze
4150,2,1,2,1,6,Bronze
4177,2,1,2,1,6,Bronze
4245,2,1,2,1,6,Bronze
4307,2,1,2,1,6,Bronze
4321,2,1,2,1,6,Bronze
4325,2,1,2,1,6,Bronze
4328,2,1,2,1,6,Bronze
4336,2,1,2,1,6,Bronze
4338,2,1,2,1,6,Bronze
4357,2,1,2,1,6,Bronze
4364,2,1,2,1,6,Bronze
4388,2,1,2,1,6,Bronze
4415,2,1,2,1,6,Bronze
4431,2,1,2,1,6,Bronze
4442,2,1,2,1,6,Bronze
4459,2,1,2,1,6,Bronze
4500,2,1,2,1,6,Bronze
4501,2,1,2,1,6,Bronze
4547,2,1,2,1,6,Bronze
4551,2,1,2,1,6,Bronze
4599,2,1,2,1,6,Bronze
4629,2,1,2,1,6,Bronze
4640,2,1,2,1,6,Bronze
4641,2,1,2,1,6,Bronze
4643,2,1,2,1,6,Bronze
4671,2,1,2,1,6,Bronze
4677,2,1,2,1,6,Bronze
4697,2,1,2,1,6,Bronze
4705,2,1,2,1,6,Bronze
4706,2,1,2,1,6,Bronze
4716,2,1,2,1,6,Bronze
4739,2,1,2,1,6,Bronze
4764,2,1,2,1,6,Bronze
4769,2,1,2,1,6,Bronze
4775,2,1,2,1,6,Bronze
4785,2,1,2,1,6,Bronze
4797,2,1,2,1,6,Bronze
4817,2,1,2,1,6,Bronze
4818,2,1,2,1,6,Bronze
4824,2,1,2,1,6,Bronze
4857,2,1,2,1,6,Bronze
4886,2,1,2,1,6,Bronze
4893,2,1,2,1,6,Bronze
4928,2,1,2,1,6,Bronze
4980,2,1,2,1,6,Bronze
4990,2,1,2,1,6,Bronze
4993,2,1,2,1,6,Bronze
5000,2,1,2,1,6,Bronze
7,3,1,2,1,7,Bronze
12,2,2,2,1,7,Bronze
23,3,1,2,1,7,Bronze
53,3,1,2,1,7,Bronze
58,3,1,2,1,7,Bronze
59,3,1,2,1,7,Bronze
83,3,1,2,1,7,Bronze
85,3,1,2,1,7,Bronze
91,3,1,2,1,7,Bronze
92,3,1,2,1,7,Bronze
94,3,1,2,1,7,Bronze
95,3,1,2,1,7,Bronze
104,3,1,2,1,7,Bronze
107,3,1,2,1,7,Bronze
114,3,1,2,1,7,Bronze
117,3,1,2,1,7,Bronze
126,3,1,2,1,7,Bronze
151,3,1,2,1,7,Bronze
159,3,1,2,1,7,Bronze
177,3,1,2,1,7,Bronze
195,2,2,2,1,7,Bronze
197,3,1,2,1,7,Bronze
212,3,1,2,1,7,Bronze
221,3,1,2,1,7,Bronze
227,3,1,2,1,7,Bronze
237,3,1,2,1,7,Bronze
241,3,1,2,1,7,Bronze
249,3,1,2,1,7,Bronze
250,3,1,2,1,7,Bronze
252,2,2,2,1,7,Bronze
257,3,1,2,1,7,Bronze
259,3,1,2,1,7,Bronze
265,2,2,2,1,7,Bronze
267,3,1,2,1,7,Bronze
270,3,1,2,1,7,Bronze
275,3,1,2,1,7,Bronze
277,3,1,2,1,7,Bronze
279,3,1,2,1,7,Bronze
287,3,1,2,1,7,Bronze
290,3,1,2,1,7,Bronze
295,3,1,2,1,7,Bronze
299,3,1,2,1,7,Bronze
302,3,1,2,1,7,Bronze
304,3,1,2,1,7,Bronze
317,3,1,2,1,7,Bronze
319,3,1,2,1,7,Bronze
320,3,1,2,1,7,Bronze
325,3,1,2,1,7,Bronze
326,3,1,2,1,7,Bronze
331,3,1,2,1,7,Bronze
336,3,1,2,1,7,Bronze
347,3,1,2,1,7,Bronze
354,3,1,2,1,7,Bronze
355,3,1,2,1,7,Bronze
356,3,1,2,1,7,Bronze
364,3,1,2,1,7,Bronze
367,3,1,2,1,7,Bronze
382,3,1,2,1,7,Bronze
402,3,1,2,1,7,Bronze
404,3,1,2,1,7,Bronze
405,3,1,2,1,7,Bronze
412,3,1,2,1,7,Bronze
414,2,2,2,1,7,Bronze
416,3,1,2,1,7,Bronze
441,3,1,2,1,7,Bronze
458,3,1,2,1,7,Bronze
467,3,1,2,1,7,Bronze
471,3,1,2,1,7,Bronze
474,3,1,2,1,7,Bronze
478,2,2,2,1,7,Bronze
502,3,1,2,1,7,Bronze
525,3,1,2,1,7,Bronze
533,3,1,2,1,7,Bronze
552,1,4,1,1,7,Bronze
554,3,1,2,1,7,Bronze
561,3,1,2,1,7,Bronze
569,3,1,2,1,7,Bronze
570,3,1,2,1,7,Bronze
572,3,1,2,1,7,Bronze
582,3,1,2,1,7,Bronze
586,3,1,2,1,7,Bronze
601,3,1,2,1,7,Bronze
604,3,1,2,1,7,Bronze
611,3,1,2,1,7,Bronze
619,3,1,2,1,7,Bronze
628,3,1,2,1,7,Bronze
632,3,1,2,1,7,Bronze
634,3,1,2,1,7,Bronze
635,3,1,2,1,7,Bronze
637,3,1,2,1,7,Bronze
645,3,1,2,1,7,Bronze
646,3,1,2,1,7,Bronze
653,3,1,2,1,7,Bronze
657,3,1,2,1,7,Bronze
664,3,1,2,1,7,Bronze
667,3,1,2,1,7,Bronze
678,3,1,2,1,7,Bronze
684,3,1,2,1,7,Bronze
693,3,1,2,1,7,Bronze
697,3,1,2,1,7,Bronze
702,3,1,2,1,7,Bronze
707,3,1,2,1,7,Bronze
709,3,1,2,1,7,Bronze
712,3,1,2,1,7,Bronze
713,3,1,2,1,7,Bronze
720,3,1,2,1,7,Bronze
730,3,1,2,1,7,Bronze
732,3,1,2,1,7,Bronze
740,3,1,2,1,7,Bronze
757,3,1,2,1,7,Bronze
762,2,2,2,1,7,Bronze
777,2,2,2,1,7,Bronze
780,3,1,2,1,7,Bronze
781,3,1,2,1,7,Bronze
783,3,1,2,1,7,Bronze
784,3,1,2,1,7,Bronze
785,3,1,2,1,7,Bronze
791,3,1,2,1,7,Bronze
801,3,1,2,1,7,Bronze
808,3,1,2,1,7,Bronze
810,3,1,2,1,7,Bronze
811,3,1,2,1,7,Bronze
812,3,1,2,1,7,Bronze
820,3,1,2,1,7,Bronze
834,3,1,2,1,7,Bronze
839,3,1,2,1,7,Bronze
841,1,3,2,1,7,Bronze
843,3,1,2,1,7,Bronze
845,3,1,2,1,7,Bronze
862,3,1,2,1,7,Bronze
866,3,1,2,1,7,Bronze
868,3,1,2,1,7,Bronze
869,3,1,2,1,7,Bronze
878,3,1,2,1,7,Bronze
882,3,1,2,1,7,Bronze
884,3,1,2,1,7,Bronze
887,3,1,2,1,7,Bronze
892,1,3,2,1,7,Bronze
899,3,1,2,1,7,Bronze
907,3,1,2,1,7,Bronze
920,3,1,2,1,7,Bronze
922,3,1,2,1,7,Bronze
934,3,1,2,1,7,Bronze
947,3,1,2,1,7,Bronze
957,3,1,2,1,7,Bronze
967,3,1,2,1,7,Bronze
969,2,2,2,1,7,Bronze
975,3,1,2,1,7,Bronze
978,3,1,2,1,7,Bronze
991,3,1,2,1,7,Bronze
993,3,1,2,1,7,Bronze
994,3,1,2,1,7,Bronze
996,3,1,2,1,7,Bronze
1001,3,1,2,1,7,Bronze
1014,3,1,2,1,7,Bronze
1016,3,1,2,1,7,Bronze
1024,3,1,2,1,7,Bronze
1048,3,1,2,1,7,Bronze
1056,3,1,2,1,7,Bronze
1063,3,1,2,1,7,Bronze
1066,3,1,2,1,7,Bronze
1068,3,1,2,1,7,Bronze
1071,3,1,2,1,7,Bronze
1077,3,1,2,1,7,Bronze
1079,3,1,2,1,7,Bronze
1083,3,1,2,1,7,Bronze
1088,3,1,2,1,7,Bronze
1102,3,1,2,1,7,Bronze
1107,3,1,2,1,7,Bronze
1108,3,1,2,1,7,Bronze
1128,3,1,2,1,7,Bronze
1131,3,1,2,1,7,Bronze
1142,3,1,2,1,7,Bronze
1156,3,1,2,1,7,Bronze
1160,3,1,2,1,7,Bronze
1161,3,1,2,1,7,Bronze
1181,3,1,2,1,7,Bronze
1184,3,1,2,1,7,Bronze
1195,3,1,2,1,7,Bronze
1221,3,1,2,1,7,Bronze
1225,3,1,2,1,7,Bronze
1227,3,1,2,1,7,Bronze
1230,3,1,2,1,7,Bronze
1235,3,1,2,1,7,Bronze
1238,3,1,2,1,7,Bronze
1240,3,1,2,1,7,Bronze
1256,3,1,2,1,7,Bronze
1263,3,1,2,1,7,Bronze
1272,3,1,2,1,7,Bronze
1273,3,1,2,1,7,Bronze
1278,3,1,2,1,7,Bronze
1284,2,2,2,1,7,Bronze
1285,3,1,2,1,7,Bronze
1287,3,1,2,1,7,Bronze
1289,3,1,2,1,7,Bronze
1303,3,1,2,1,7,Bronze
1304,3,1,2,1,7,Bronze
1308,3,1,2,1,7,Bronze
1320,3,1,2,1,7,Bronze
1322,3,1,2,1,7,Bronze
1336,3,1,2,1,7,Bronze
1345,3,1,2,1,7,Bronze
1359,3,1,2,1,7,Bronze
1370,3,1,2,1,7,Bronze
1374,3,1,2,1,7,Bronze
1396,3,1,2,1,7,Bronze
1405,3,1,2,1,7,Bronze
1408,3,1,2,1,7,Bronze
1419,2,2,2,1,7,Bronze
1431,3,1,2,1,7,Bronze
1437,3,1,2,1,7,Bronze
1453,3,1,2,1,7,Bronze
1457,3,1,2,1,7,Bronze
1464,3,1,2,1,7,Bronze
1472,3,1,2,1,7,Bronze
1485,3,1,2,1,7,Bronze
1498,3,1,2,1,7,Bronze
1499,3,1,2,1,7,Bronze
1509,3,1,2,1,7,Bronze
1512,3,1,2,1,7,Bronze
1514,3,1,2,1,7,Bronze
1516,3,1,2,1,7,Bronze
1517,3,1,2,1,7,Bronze
1525,3,1,2,1,7,Bronze
1528,3,1,2,1,7,Bronze
1532,3,1,2,1,7,Bronze
1561,3,1,2,1,7,Bronze
1563,3,1,2,1,7,Bronze
1568,3,1,2,1,7,Bronze
1569,3,1,2,1,7,Bronze
1578,3,1,2,1,7,Bronze
1581,3,1,2,1,7,Bronze
1586,3,1,2,1,7,Bronze
1606,3,1,2,1,7,Bronze
1617,3,1,2,1,7,Bronze
1620,3,1,2,1,7,Bronze
1633,3,1,2,1,7,Bronze
1637,2,2,2,1,7,Bronze
1640,3,1,2,1,7,Bronze
1651,3,1,2,1,7,Bronze
1670,3,1,2,1,7,Bronze
1685,3,1,2,1,7,Bronze
1696,3,1,2,1,7,Bronze
1701,3,1,2,1,7,Bronze
1704,3,1,2,1,7,Bronze
1739,3,1,2,1,7,Bronze
1746,3,1,2,1,7,Bronze
1747,2,2,2,1,7,Bronze
1751,3,1,2,1,7,Bronze
1754,3,1,2,1,7,Bronze
1775,3,1,2,1,7,Bronze
1783,3,1,2,1,7,Bronze
1785,3,1,2,1,7,Bronze
1790,3,1,2,1,7,Bronze
1795,3,1,2,1,7,Bronze
1796,3,1,2,1,7,Bronze
1797,3,1,2,1,7,Bronze
1809,3,1,2,1,7,Bronze
1810,3,1,2,1,7,Bronze
1818,3,1,2,1,7,Bronze
1825,3,1,2,1,7,Bronze
1828,3,1,2,1,7,Bronze
1853,1,4,1,1,7,Bronze
1861,2,2,2,1,7,Bronze
1875,3,1,2,1,7,Bronze
1878,3,1,2,1,7,Bronze
1907,3,1,2,1,7,Bronze
1912,3,1,2,1,7,Bronze
1916,3,1,2,1,7,Bronze
1932,3,1,2,1,7,Bronze
1933,3,1,2,1,7,Bronze
1943,3,1,2,1,7,Bronze
1945,3,1,2,1,7,Bronze
1948,3,1,2,1,7,Bronze
1951,3,1,2,1,7,Bronze
1955,3,1,2,1,7,Bronze
1958,3,1,2,1,7,Bronze
1969,3,1,2,1,7,Bronze
1972,2,1,3,1,7,Bronze
1973,1,4,1,1,7,Bronze
1979,3,1,2,1,7,Bronze
1989,3,1,2,1,7,Bronze
1994,3,1,2,1,7,Bronze
1996,3,1,2,1,7,Bronze
2001,3,1,2,1,7,Bronze
2003,3,1,2,1,7,Bronze
2013,3,1,2,1,7,Bronze
2014,3,1,2,1,7,Bronze
2016,3,1,2,1,7,Bronze
2026,3,1,2,1,7,Bronze
2035,3,1,2,1,7,Bronze
2058,3,1,2,1,7,Bronze
2068,3,1,2,1,7,Bronze
2070,3,1,2,1,7,Bronze
2073,3,1,2,1,7,Bronze
2076,3,1,2,1,7,Bronze
2083,3,1,2,1,7,Bronze
2091,3,1,2,1,7,Bronze
2092,3,1,2,1,7,Bronze
2098,3,1,2,1,7,Bronze
2102,3,1,2,1,7,Bronze
2104,3,1,2,1,7,Bronze
2105,3,1,2,1,7,Bronze
2107,3,1,2,1,7,Bronze
2114,3,1,2,1,7,Bronze
2115,3,1,2,1,7,Bronze
2123,3,1,2,1,7,Bronze
2124,3,1,2,1,7,Bronze
2140,3,1,2,1,7,Bronze
2149,3,1,2,1,7,Bronze
2156,3,1,2,1,7,Bronze
2158,3,1,2,1,7,Bronze
2160,3,1,2,1,7,Bronze
2163,3,1,2,1,7,Bronze
2175,3,1,2,1,7,Bronze
2180,3,1,2,1,7,Bronze
2181,3,1,2,1,7,Bronze
2184,2,2,2,1,7,Bronze
2186,3,1,2,1,7,Bronze
2197,3,1,2,1,7,Bronze
2202,3,1,2,1,7,Bronze
2205,3,1,2,1,7,Bronze
2206,3,1,2,1,7,Bronze
2207,3,1,2,1,7,Bronze
2209,3,1,2,1,7,Bronze
2218,3,1,2,1,7,Bronze
2238,3,1,2,1,7,Bronze
2250,3,1,2,1,7,Bronze
2265,3,1,2,1,7,Bronze
2268,3,1,2,1,7,Bronze
2270,3,1,2,1,7,Bronze
2271,3,1,2,1,7,Bronze
2273,3,1,2,1,7,Bronze
2289,3,1,2,1,7,Bronze
2307,3,1,2,1,7,Bronze
2314,3,1,2,1,7,Bronze
2315,3,1,2,1,7,Bronze
2317,2,2,2,1,7,Bronze
2331,3,1,2,1,7,Bronze
2343,3,1,2,1,7,Bronze
2353,3,1,2,1,7,Bronze
2361,3,1,2,1,7,Bronze
2371,3,1,2,1,7,Bronze
2379,3,1,2,1,7,Bronze
2380,3,1,2,1,7,Bronze
2385,3,1,2,1,7,Bronze
2390,3,1,2,1,7,Bronze
2398,3,1,2,1,7,Bronze
2422,3,1,2,1,7,Bronze
2429,3,1,2,1,7,Bronze
2437,3,1,2,1,7,Bronze
2439,2,2,2,1,7,Bronze
2440,3,1,2,1,7,Bronze
2453,3,1,2,1,7,Bronze
2468,2,2,2,1,7,Bronze
2476,3,1,2,1,7,Bronze
2477,3,1,2,1,7,Bronze
2492,3,1,2,1,7,Bronze
2493,3,1,2,1,7,Bronze
2494,3,1,2,1,7,Bronze
2496,3,1,2,1,7,Bronze
2499,3,1,2,1,7,Bronze
2511,2,2,2,1,7,Bronze
2515,3,1,2,1,7,Bronze
2518,3,1,2,1,7,Bronze
2525,3,1,2,1,7,Bronze
2526,3,1,2,1,7,Bronze
2529,3,1,2,1,7,Bronze
2533,3,1,2,1,7,Bronze
2541,3,1,2,1,7,Bronze
2544,3,1,2,1,7,Bronze
2557,3,1,2,1,7,Bronze
2562,3,1,2,1,7,Bronze
2573,3,1,2,1,7,Bronze
2578,3,1,2,1,7,Bronze
2583,3,1,2,1,7,Bronze
2585,3,1,2,1,7,Bronze
2587,3,1,2,1,7,Bronze
2600,3,1,2,1,7,Bronze
2610,3,1,2,1,7,Bronze
2614,3,1,2,1,7,Bronze
2639,2,2,2,1,7,Bronze
2640,3,1,2,1,7,Bronze
2641,3,1,2,1,7,Bronze
2644,3,1,2,1,7,Bronze
2649,3,1,2,1,7,Bronze
2666,3,1,2,1,7,Bronze
2670,3,1,2,1,7,Bronze
2676,3,1,2,1,7,Bronze
2680,3,1,2,1,7,Bronze
2693,3,1,2,1,7,Bronze
2697,3,1,2,1,7,Bronze
2698,3,1,2,1,7,Bronze
2708,3,1,2,1,7,Bronze
2718,3,1,2,1,7,Bronze
2720,3,1,2,1,7,Bronze
2729,3,1,2,1,7,Bronze
2730,3,1,2,1,7,Bronze
2731,3,1,2,1,7,Bronze
2737,3,1,2,1,7,Bronze
2749,3,1,2,1,7,Bronze
2753,3,1,2,1,7,Bronze
2755,2,2,2,1,7,Bronze
2763,3,1,2,1,7,Bronze
2767,3,1,2,1,7,Bronze
2775,3,1,2,1,7,Bronze
2784,3,1,2,1,7,Bronze
2798,3,1,2,1,7,Bronze
2807,3,1,2,1,7,Bronze
2813,3,1,2,1,7,Bronze
2815,3,1,2,1,7,Bronze
2823,3,1,2,1,7,Bronze
2827,3,1,2,1,7,Bronze
2844,3,1,2,1,7,Bronze
2846,3,1,2,1,7,Bronze
2855,3,1,2,1,7,Bronze
2856,3,1,2,1,7,Bronze
2857,3,1,2,1,7,Bronze
2858,3,1,2,1,7,Bronze
2866,2,2,2,1,7,Bronze
2868,3,1,2,1,7,Bronze
2869,3,1,2,1,7,Bronze
2891,3,1,2,1,7,Bronze
2892,3,1,2,1,7,Bronze
2898,3,1,2,1,7,Bronze
2901,3,1,2,1,7,Bronze
2905,3,1,2,1,7,Bronze
2907,3,1,2,1,7,Bronze
2914,3,1,2,1,7,Bronze
2916,3,1,2,1,7,Bronze
2918,3,1,2,1,7,Bronze
2923,3,1,2,1,7,Bronze
2947,3,1,2,1,7,Bronze
2954,3,1,2,1,7,Bronze
2957,1,4,1,1,7,Bronze
2961,3,1,2,1,7,Bronze
2968,2,2,2,1,7,Bronze
2971,3,1,2,1,7,Bronze
2974,3,1,2,1,7,Bronze
2977,3,1,2,1,7,Bronze
2980,3,1,2,1,7,Bronze
2989,3,1,2,1,7,Bronze
2996,3,1,2,1,7,Bronze
3000,3,1,2,1,7,Bronze
3014,3,1,2,1,7,Bronze
3015,3,1,2,1,7,Bronze
3019,3,1,2,1,7,Bronze
3021,3,1,2,1,7,Bronze
3023,3,1,2,1,7,Bronze
3041,3,1,2,1,7,Bronze
3067,3,1,2,1,7,Bronze
3073,3,1,2,1,7,Bronze
3074,3,1,2,1,7,Bronze
3076,3,1,2,1,7,Bronze
3080,3,1,2,1,7,Bronze
3087,3,1,2,1,7,Bronze
3095,2,2,2,1,7,Bronze
3101,3,1,2,1,7,Bronze
3102,2,2,2,1,7,Bronze
3145,3,1,2,1,7,Bronze
3147,3,1,2,1,7,Bronze
3152,3,1,2,1,7,Bronze
3165,3,1,2,1,7,Bronze
3166,3,1,2,1,7,Bronze
3170,3,1,2,1,7,Bronze
3174,3,1,2,1,7,Bronze
3180,3,1,2,1,7,Bronze
3182,3,1,2,1,7,Bronze
3184,3,1,2,1,7,Bronze
3188,3,1,2,1,7,Bronze
3192,3,1,2,1,7,Bronze
3197,3,1,2,1,7,Bronze
3200,3,1,2,1,7,Bronze
3201,3,1,2,1,7,Bronze
3219,3,1,2,1,7,Bronze
3235,3,1,2,1,7,Bronze
3246,3,1,2,1,7,Bronze
3256,3,1,2,1,7,Bronze
3276,3,1,2,1,7,Bronze
3291,3,1,2,1,7,Bronze
3293,3,1,2,1,7,Bronze
3305,3,1,2,1,7,Bronze
3306,3,1,2,1,7,Bronze
3307,3,1,2,1,7,Bronze
3315,3,1,2,1,7,Bronze
3329,3,1,2,1,7,Bronze
3336,3,1,2,1,7,Bronze
3344,3,1,2,1,7,Bronze
3350,3,1,2,1,7,Bronze
3351,3,1,2,1,7,Bronze
3361,2,2,2,1,7,Bronze
3366,3,1,2,1,7,Bronze
3373,3,1,2,1,7,Bronze
3382,3,1,2,1,7,Bronze
3385,3,1,2,1,7,Bronze
3386,3,1,2,1,7,Bronze
3390,3,1,2,1,7,Bronze
3393,3,1,2,1,7,Bronze
3395,3,1,2,1,7,Bronze
3400,3,1,2,1,7,Bronze
3401,3,1,2,1,7,Bronze
3403,3,1,2,1,7,Bronze
3407,3,1,2,1,7,Bronze
3426,3,1,2,1,7,Bronze
3431,3,1,2,1,7,Bronze
3435,3,1,2,1,7,Bronze
3446,3,1,2,1,7,Bronze
3448,3,1,2,1,7,Bronze
3467,3,1,2,1,7,Bronze
3470,3,1,2,1,7,Bronze
3471,3,1,2,1,7,Bronze
3475,3,1,2,1,7,Bronze
3477,3,1,2,1,7,Bronze
3483,3,1,2,1,7,Bronze
3489,3,1,2,1,7,Bronze
3492,2,2,2,1,7,Bronze
3494,2,2,2,1,7,Bronze
3507,3,1,2,1,7,Bronze
3514,3,1,2,1,7,Bronze
3516,3,1,2,1,7,Bronze
3520,3,1,2,1,7,Bronze
3527,3,1,2,1,7,Bronze
3529,3,1,2,1,7,Bronze
3530,3,1,2,1,7,Bronze
3534,3,1,2,1,7,Bronze
3548,3,1,2,1,7,Bronze
3549,3,1,2,1,7,Bronze
3550,3,1,2,1,7,Bronze
3554,3,1,2,1,7,Bronze
3581,1,3,2,1,7,Bronze
3594,3,1,2,1,7,Bronze
3598,3,1,2,1,7,Bronze
3603,3,1,2,1,7,Bronze
3606,3,1,2,1,7,Bronze
3616,3,1,2,1,7,Bronze
3641,3,1,2,1,7,Bronze
3649,3,1,2,1,7,Bronze
3655,3,1,2,1,7,Bronze
3656,1,4,1,1,7,Bronze
3658,3,1,2,1,7,Bronze
3660,3,1,2,1,7,Bronze
3661,3,1,2,1,7,Bronze
3670,3,1,2,1,7,Bronze
3672,3,1,2,1,7,Bronze
3674,3,1,2,1,7,Bronze
3692,3,1,2,1,7,Bronze
3702,3,1,2,1,7,Bronze
3704,3,1,2,1,7,Bronze
3709,3,1,2,1,7,Bronze
3715,3,1,2,1,7,Bronze
3718,1,4,1,1,7,Bronze
3722,3,1,2,1,7,Bronze
3723,3,1,2,1,7,Bronze
3727,3,1,2,1,7,Bronze
3732,3,1,2,1,7,Bronze
3742,3,1,2,1,7,Bronze
3743,3,1,2,1,7,Bronze
3770,3,1,2,1,7,Bronze
3786,3,1,2,1,7,Bronze
3807,3,1,2,1,7,Bronze
3818,3,1,2,1,7,Bronze
3827,3,1,2,1,7,Bronze
3835,3,1,2,1,7,Bronze
3836,3,1,2,1,7,Bronze
3842,3,1,2,1,7,Bronze
3843,3,1,2,1,7,Bronze
3846,3,1,2,1,7,Bronze
3858,3,1,2,1,7,Bronze
3862,2,2,2,1,7,Bronze
3868,3,1,2,1,7,Bronze
3882,3,1,2,1,7,Bronze
3883,3,1,2,1,7,Bronze
3884,3,1,2,1,7,Bronze
3889,3,1,2,1,7,Bronze
3891,3,1,2,1,7,Bronze
3894,3,1,2,1,7,Bronze
3907,3,1,2,1,7,Bronze
3912,3,1,2,1,7,Bronze
3935,3,1,2,1,7,Bronze
3939,3,1,2,1,7,Bronze
3950,3,1,2,1,7,Bronze
3961,3,1,2,1,7,Bronze
3966,3,1,2,1,7,Bronze
3979,2,2,2,1,7,Bronze
3985,3,1,2,1,7,Bronze
3999,3,1,2,1,7,Bronze
4001,3,1,2,1,7,Bronze
4002,3,1,2,1,7,Bronze
4009,3,1,2,1,7,Bronze
4014,3,1,2,1,7,Bronze
4016,3,1,2,1,7,Bronze
4030,3,1,2,1,7,Bronze
4035,3,1,2,1,7,Bronze
4045,3,1,2,1,7,Bronze
4055,2,2,2,1,7,Bronze
4063,3,1,2,1,7,Bronze
4077,3,1,2,1,7,Bronze
4082,3,1,2,1,7,Bronze
4100,3,1,2,1,7,Bronze
4101,1,3,2,1,7,Bronze
4115,3,1,2,1,7,Bronze
4122,3,1,2,1,7,Bronze
4129,3,1,2,1,7,Bronze
4141,3,1,2,1,7,Bronze
4142,3,1,2,1,7,Bronze
4146,3,1,2,1,7,Bronze
4164,3,1,2,1,7,Bronze
4166,3,1,2,1,7,Bronze
4171,3,1,2,1,7,Bronze
4173,3,1,2,1,7,Bronze
4178,3,1,2,1,7,Bronze
4186,3,1,2,1,7,Bronze
4191,3,1,2,1,7,Bronze
4192,3,1,2,1,7,Bronze
4205,3,1,2,1,7,Bronze
4206,3,1,2,1,7,Bronze
4211,3,1,2,1,7,Bronze
4236,3,1,2,1,7,Bronze
4243,1,4,1,1,7,Bronze
4264,3,1,2,1,7,Bronze
4267,3,1,2,1,7,Bronze
4269,3,1,2,1,7,Bronze
4280,3,1,2,1,7,Bronze
4285,3,1,2,1,7,Bronze
4291,3,1,2,1,7,Bronze
4298,3,1,2,1,7,Bronze
4299,1,3,2,1,7,Bronze
4306,3,1,2,1,7,Bronze
4310,3,1,2,1,7,Bronze
4316,3,1,2,1,7,Bronze
4319,3,1,2,1,7,Bronze
4326,3,1,2,1,7,Bronze
4329,3,1,2,1,7,Bronze
4339,3,1,2,1,7,Bronze
4351,3,1,2,1,7,Bronze
4367,3,1,2,1,7,Bronze
4373,3,1,2,1,7,Bronze
4378,3,1,2,1,7,Bronze
4382,3,1,2,1,7,Bronze
4383,3,1,2,1,7,Bronze
4384,3,1,2,1,7,Bronze
4387,1,3,2,1,7,Bronze
4389,3,1,2,1,7,Bronze
4390,3,1,2,1,7,Bronze
4393,3,1,2,1,7,Bronze
4408,3,1,2,1,7,Bronze
4410,3,1,2,1,7,Bronze
4423,3,1,2,1,7,Bronze
4427,3,1,2,1,7,Bronze
4438,3,1,2,1,7,Bronze
4443,3,1,2,1,7,Bronze
4445,3,1,2,1,7,Bronze
4450,3,1,2,1,7,Bronze
4457,3,1,2,1,7,Bronze
4464,3,1,2,1,7,Bronze
4467,3,1,2,1,7,Bronze
4473,3,1,2,1,7,Bronze
4479,3,1,2,1,7,Bronze
4484,3,1,2,1,7,Bronze
4487,3,1,2,1,7,Bronze
4490,2,2,2,1,7,Bronze
4497,3,1,2,1,7,Bronze
4502,3,1,2,1,7,Bronze
4511,3,1,2,1,7,Bronze
4540,3,1,2,1,7,Bronze
4542,2,1,3,1,7,Bronze
4545,2,2,2,1,7,Bronze
4555,3,1,2,1,7,Bronze
4558,3,1,2,1,7,Bronze
4568,3,1,2,1,7,Bronze
4569,3,1,2,1,7,Bronze
4571,3,1,2,1,7,Bronze
4583,3,1,2,1,7,Bronze
4594,3,1,2,1,7,Bronze
4595,2,2,2,1,7,Bronze
4597,1,3,2,1,7,Bronze
4604,3,1,2,1,7,Bronze
4609,3,1,2,1,7,Bronze
4621,3,1,2,1,7,Bronze
4678,3,1,2,1,7,Bronze
4683,3,1,2,1,7,Bronze
4684,3,1,2,1,7,Bronze
4688,3,1,2,1,7,Bronze
4689,3,1,2,1,7,Bronze
4691,3,1,2,1,7,Bronze
4692,3,1,2,1,7,Bronze
4693,3,1,2,1,7,Bronze
4695,3,1,2,1,7,Bronze
4710,3,1,2,1,7,Bronze
4711,3,1,2,1,7,Bronze
4722,1,4,1,1,7,Bronze
4726,3,1,2,1,7,Bronze
4731,3,1,2,1,7,Bronze
4740,3,1,2,1,7,Bronze
4757,3,1,2,1,7,Bronze
4767,3,1,2,1,7,Bronze
4768,3,1,2,1,7,Bronze
4799,3,1,2,1,7,Bronze
4804,3,1,2,1,7,Bronze
4810,3,1,2,1,7,Bronze
4813,3,1,2,1,7,Bronze
4837,3,1,2,1,7,Bronze
4847,3,1,2,1,7,Bronze
4849,3,1,2,1,7,Bronze
4853,3,1,2,1,7,Bronze
4862,3,1,2,1,7,Bronze
4888,3,1,2,1,7,Bronze
4891,3,1,2,1,7,Bronze
4897,3,1,2,1,7,Bronze
4900,3,1,2,1,7,Bronze
4906,3,1,2,1,7,Bronze
4909,3,1,2,1,7,Bronze
4910,3,1,2,1,7,Bronze
4917,3,1,2,1,7,Bronze
4918,3,1,2,1,7,Bronze
4922,3,1,2,1,7,Bronze
4923,3,1,2,1,7,Bronze
4930,3,1,2,1,7,Bronze
4934,3,1,2,1,7,Bronze
4937,3,1,2,1,7,Bronze
4941,3,1,2,1,7,Bronze
4942,3,1,2,1,7,Bronze
4944,3,1,2,1,7,Bronze
4945,3,1,2,1,7,Bronze
4948,3,1,2,1,7,Bronze
4956,2,2,2,1,7,Bronze
4957,2,2,2,1,7,Bronze
4960,3,1,2,1,7,Bronze
4969,3,1,2,1,7,Bronze
14,4,1,2,1,8,Bronze
16,4,1,2,1,8,Bronze
20,4,1,2,1,8,Bronze
24,4,1,2,1,8,Bronze
27,4,1,2,1,8,Bronze
29,3,2,2,1,8,Bronze
34,4,1,2,1,8,Bronze
36,4,1,2,1,8,Bronze
44,4,1,2,1,8,Bronze
51,4,1,2,1,8,Bronze
70,4,1,2,1,8,Bronze
71,4,1,2,1,8,Bronze
75,4,1,2,1,8,Bronze
76,4,1,2,1,8,Bronze
78,4,1,2,1,8,Bronze
82,4,1,2,1,8,Bronze
88,3,2,2,1,8,Bronze
105,4,1,2,1,8,Bronze
110,4,1,2,1,8,Bronze
111,4,1,2,1,8,Bronze
116,4,1,2,1,8,Bronze
121,4,1,2,1,8,Bronze
123,4,1,2,1,8,Bronze
135,4,1,2,1,8,Bronze
155,4,1,2,1,8,Bronze
156,4,1,2,1,8,Bronze
158,4,1,2,1,8,Bronze
161,3,2,2,1,8,Bronze
166,4,1,2,1,8,Bronze
178,3,2,2,1,8,Bronze
181,4,1,2,1,8,Bronze
183,4,1,2,1,8,Bronze
193,4,1,2,1,8,Bronze
200,4,1,2,1,8,Bronze
201,4,1,2,1,8,Bronze
202,4,1,2,1,8,Bronze
204,3,2,2,1,8,Bronze
205,3,2,2,1,8,Bronze
213,4,1,2,1,8,Bronze
215,4,1,2,1,8,Bronze
217,3,2,2,1,8,Bronze
220,3,2,2,1,8,Bronze
223,4,1,2,1,8,Bronze
228,4,1,2,1,8,Bronze
230,4,1,2,1,8,Bronze
232,4,1,2,1,8,Bronze
234,3,1,3,1,8,Bronze
244,4,1,2,1,8,Bronze
246,3,1,3,1,8,Bronze
247,4,1,2,1,8,Bronze
255,4,1,2,1,8,Bronze
266,4,1,2,1,8,Bronze
271,4,1,2,1,8,Bronze
273,4,1,2,1,8,Bronze
276,4,1,2,1,8,Bronze
282,4,1,2,1,8,Bronze
294,3,2,2,1,8,Bronze
297,4,1,2,1,8,Bronze
298,4,1,2,1,8,Bronze
305,4,1,2,1,8,Bronze
306,4,1,2,1,8,Bronze
310,3,1,3,1,8,Bronze
314,4,1,2,1,8,Bronze
315,4,1,2,1,8,Bronze
324,4,1,2,1,8,Bronze
327,4,1,2,1,8,Bronze
330,4,1,2,1,8,Bronze
334,4,1,2,1,8,Bronze
338,3,2,2,1,8,Bronze
349,3,2,2,1,8,Bronze
351,4,1,2,1,8,Bronze
357,4,1,2,1,8,Bronze
365,3,2,2,1,8,Bronze
369,3,2,2,1,8,Bronze
370,4,1,2,1,8,Bronze
372,4,1,2,1,8,Bronze
374,4,1,2,1,8,Bronze
381,4,1,2,1,8,Bronze
384,4,1,2,1,8,Bronze
387,4,1,2,1,8,Bronze
388,3,2,2,1,8,Bronze
390,4,1,2,1,8,Bronze
391,4,1,2,1,8,Bronze
397,4,1,2,1,8,Bronze
399,4,1,2,1,8,Bronze
407,4,1,2,1,8,Bronze
409,4,1,2,1,8,Bronze
415,3,2,2,1,8,Bronze
419,3,1,3,1,8,Bronze
423,4,1,2,1,8,Bronze
426,4,1,2,1,8,Bronze
434,3,2,2,1,8,Bronze
437,4,1,2,1,8,Bronze
460,4,1,2,1,8,Bronze
476,4,1,2,1,8,Bronze
486,4,1,2,1,8,Bronze
495,3,2,2,1,8,Bronze
508,3,1,3,1,8,Bronze
528,3,2,2,1,8,Bronze
530,4,1,2,1,8,Bronze
532,4,1,2,1,8,Bronze
535,4,1,2,1,8,Bronze
537,4,1,2,1,8,Bronze
544,4,1,2,1,8,Bronze
546,4,1,2,1,8,Bronze
547,3,1,3,1,8,Bronze
566,3,2,2,1,8,Bronze
575,3,2,2,1,8,Bronze
578,4,1,2,1,8,Bronze
581,4,1,2,1,8,Bronze
590,4,1,2,1,8,Bronze
593,4,1,2,1,8,Bronze
594,4,1,2,1,8,Bronze
595,4,1,2,1,8,Bronze
599,4,1,2,1,8,Bronze
603,4,1,2,1,8,Bronze
613,4,1,2,1,8,Bronze
617,4,1,2,1,8,Bronze
625,4,1,2,1,8,Bronze
627,4,1,2,1,8,Bronze
629,3,1,3,1,8,Bronze
633,4,1,2,1,8,Bronze
642,4,1,2,1,8,Bronze
650,4,1,2,1,8,Bronze
663,3,2,2,1,8,Bronze
670,4,1,2,1,8,Bronze
671,4,1,2,1,8,Bronze
673,4,1,2,1,8,Bronze
676,4,1,2,1,8,Bronze
682,4,1,2,1,8,Bronze
685,4,1,2,1,8,Bronze
694,4,1,2,1,8,Bronze
718,4,1,2,1,8,Bronze
738,4,1,2,1,8,Bronze
739,3,2,2,1,8,Bronze
750,3,2,2,1,8,Bronze
759,3,2,2,1,8,Bronze
769,4,1,2,1,8,Bronze
782,4,1,2,1,8,Bronze
789,3,2,2,1,8,Bronze
790,3,2,2,1,8,Bronze
793,4,1,2,1,8,Bronze
802,4,1,2,1,8,Bronze
806,4,1,2,1,8,Bronze
814,3,2,2,1,8,Bronze
817,4,1,2,1,8,Bronze
819,4,1,2,1,8,Bronze
823,4,1,2,1,8,Bronze
824,4,1,2,1,8,Bronze
825,3,1,3,1,8,Bronze
835,4,1,2,1,8,Bronze
836,4,1,2,1,8,Bronze
837,4,1,2,1,8,Bronze
838,4,1,2,1,8,Bronze
847,4,1,2,1,8,Bronze
852,4,1,2,1,8,Bronze
859,2,3,2,1,8,Bronze
861,4,1,2,1,8,Bronze
875,4,1,2,1,8,Bronze
876,3,2,2,1,8,Bronze
877,4,1,2,1,8,Bronze
881,4,1,2,1,8,Bronze
890,3,1,3,1,8,Bronze
893,3,2,2,1,8,Bronze
894,3,2,2,1,8,Bronze
897,3,1,3,1,8,Bronze
906,4,1,2,1,8,Bronze
913,4,1,2,1,8,Bronze
916,4,1,2,1,8,Bronze
931,4,1,2,1,8,Bronze
933,4,1,2,1,8,Bronze
935,3,2,2,1,8,Bronze
940,4,1,2,1,8,Bronze
942,4,1,2,1,8,Bronze
944,4,1,2,1,8,Bronze
951,4,1,2,1,8,Bronze
960,1,5,1,1,8,Bronze
964,4,1,2,1,8,Bronze
968,3,2,2,1,8,Bronze
972,4,1,2,1,8,Bronze
974,4,1,2,1,8,Bronze
979,4,1,2,1,8,Bronze
980,4,1,2,1,8,Bronze
986,3,2,2,1,8,Bronze
987,4,1,2,1,8,Bronze
988,4,1,2,1,8,Bronze
995,4,1,2,1,8,Bronze
997,4,1,2,1,8,Bronze
1005,4,1,2,1,8,Bronze
1011,4,1,2,1,8,Bronze
1012,4,1,2,1,8,Bronze
1028,3,1,3,1,8,Bronze
1031,4,1,2,1,8,Bronze
1040,4,1,2,1,8,Bronze
1042,4,1,2,1,8,Bronze
1044,4,1,2,1,8,Bronze
1061,4,1,2,1,8,Bronze
1070,4,1,2,1,8,Bronze
1074,4,1,2,1,8,Bronze
1078,3,2,2,1,8,Bronze
1086,4,1,2,1,8,Bronze
1087,4,1,2,1,8,Bronze
1096,4,1,2,1,8,Bronze
1103,4,1,2,1,8,Bronze
1112,4,1,2,1,8,Bronze
1113,3,2,2,1,8,Bronze
1121,4,1,2,1,8,Bronze
1127,3,2,2,1,8,Bronze
1141,4,1,2,1,8,Bronze
1147,4,1,2,1,8,Bronze
1150,4,1,2,1,8,Bronze
1151,4,1,2,1,8,Bronze
1153,3,2,2,1,8,Bronze
1163,4,1,2,1,8,Bronze
1169,4,1,2,1,8,Bronze
1171,4,1,2,1,8,Bronze
1174,4,1,2,1,8,Bronze
1175,1,5,1,1,8,Bronze
1177,4,1,2,1,8,Bronze
1182,4,1,2,1,8,Bronze
1183,4,1,2,1,8,Bronze
1187,4,1,2,1,8,Bronze
1189,3,2,2,1,8,Bronze
1191,3,2,2,1,8,Bronze
1192,3,2,2,1,8,Bronze
1193,4,1,2,1,8,Bronze
1198,4,1,2,1,8,Bronze
1200,4,1,2,1,8,Bronze
1202,3,1,3,1,8,Bronze
1206,4,1,2,1,8,Bronze
1208,4,1,2,1,8,Bronze
1209,4,1,2,1,8,Bronze
1216,4,1,2,1,8,Bronze
1222,4,1,2,1,8,Bronze
1226,4,1,2,1,8,Bronze
1237,4,1,2,1,8,Bronze
1242,4,1,2,1,8,Bronze
1244,4,1,2,1,8,Bronze
1249,3,2,2,1,8,Bronze
1252,4,1,2,1,8,Bronze
1253,4,1,2,1,8,Bronze
1254,4,1,2,1,8,Bronze
1260,3,2,2,1,8,Bronze
1265,4,1,2,1,8,Bronze
1268,4,1,2,1,8,Bronze
1269,3,1,3,1,8,Bronze
1270,4,1,2,1,8,Bronze
1271,4,1,2,1,8,Bronze
1275,4,1,2,1,8,Bronze
1298,4,1,2,1,8,Bronze
1299,3,2,2,1,8,Bronze
1301,4,1,2,1,8,Bronze
1306,4,1,2,1,8,Bronze
1307,4,1,2,1,8,Bronze
1323,3,2,2,1,8,Bronze
1325,4,1,2,1,8,Bronze
1330,4,1,2,1,8,Bronze
1340,4,1,2,1,8,Bronze
1344,4,1,2,1,8,Bronze
1351,4,1,2,1,8,Bronze
1354,4,1,2,1,8,Bronze
1361,4,1,2,1,8,Bronze
1365,4,1,2,1,8,Bronze
1373,3,1,3,1,8,Bronze
1377,4,1,2,1,8,Bronze
1388,4,1,2,1,8,Bronze
1398,4,1,2,1,8,Bronze
1400,4,1,2,1,8,Bronze
1407,4,1,2,1,8,Bronze
1411,3,1,3,1,8,Bronze
1415,3,2,2,1,8,Bronze
1421,4,1,2,1,8,Bronze
1428,4,1,2,1,8,Bronze
1441,4,1,2,1,8,Bronze
1443,4,1,2,1,8,Bronze
1447,4,1,2,1,8,Bronze
1454,4,1,2,1,8,Bronze
1455,3,2,2,1,8,Bronze
1456,4,1,2,1,8,Bronze
1462,3,2,2,1,8,Bronze
1463,1,5,1,1,8,Bronze
1466,4,1,2,1,8,Bronze
1478,4,1,2,1,8,Bronze
1483,4,1,2,1,8,Bronze
1484,4,1,2,1,8,Bronze
1486,4,1,2,1,8,Bronze
1491,4,1,2,1,8,Bronze
1503,1,4,2,1,8,Bronze
1521,4,1,2,1,8,Bronze
1524,4,1,2,1,8,Bronze
1540,4,1,2,1,8,Bronze
1547,4,1,2,1,8,Bronze
1549,4,1,2,1,8,Bronze
1553,3,2,2,1,8,Bronze
1556,4,1,2,1,8,Bronze
1558,4,1,2,1,8,Bronze
1560,4,1,2,1,8,Bronze
1564,4,1,2,1,8,Bronze
1571,4,1,2,1,8,Bronze
1573,4,1,2,1,8,Bronze
1576,4,1,2,1,8,Bronze
1582,4,1,2,1,8,Bronze
1589,4,1,2,1,8,Bronze
1599,4,1,2,1,8,Bronze
1609,3,2,2,1,8,Bronze
1613,3,2,2,1,8,Bronze
1616,4,1,2,1,8,Bronze
1624,4,1,2,1,8,Bronze
1628,4,1,2,1,8,Bronze
1629,4,1,2,1,8,Bronze
1630,4,1,2,1,8,Bronze
1639,4,1,2,1,8,Bronze
1644,4,1,2,1,8,Bronze
1650,4,1,2,1,8,Bronze
1665,4,1,2,1,8,Bronze
1668,4,1,2,1,8,Bronze
1669,3,1,3,1,8,Bronze
1674,4,1,2,1,8,Bronze
1675,4,1,2,1,8,Bronze
1681,4,1,2,1,8,Bronze
1687,4,1,2,1,8,Bronze
1689,3,2,2,1,8,Bronze
1698,4,1,2,1,8,Bronze
1703,4,1,2,1,8,Bronze
1708,4,1,2,1,8,Bronze
1715,4,1,2,1,8,Bronze
1729,3,1,3,1,8,Bronze
1731,4,1,2,1,8,Bronze
1740,4,1,2,1,8,Bronze
1749,4,1,2,1,8,Bronze
1762,3,2,2,1,8,Bronze
1763,4,1,2,1,8,Bronze
1765,4,1,2,1,8,Bronze
1774,1,4,2,1,8,Bronze
1778,4,1,2,1,8,Bronze
1779,4,1,2,1,8,Bronze
1793,4,1,2,1,8,Bronze
1802,4,1,2,1,8,Bronze
1814,4,1,2,1,8,Bronze
1815,4,1,2,1,8,Bronze
1816,3,1,3,1,8,Bronze
1821,4,1,2,1,8,Bronze
1822,4,1,2,1,8,Bronze
1823,4,1,2,1,8,Bronze
1824,4,1,2,1,8,Bronze
1833,4,1,2,1,8,Bronze
1838,4,1,2,1,8,Bronze
1841,4,1,2,1,8,Bronze
1848,4,1,2,1,8,Bronze
1850,3,2,2,1,8,Bronze
1855,4,1,2,1,8,Bronze
1870,4,1,2,1,8,Bronze
1887,4,1,2,1,8,Bronze
1894,3,2,2,1,8,Bronze
1895,3,1,3,1,8,Bronze
1896,4,1,2,1,8,Bronze
1899,3,2,2,1,8,Bronze
1904,4,1,2,1,8,Bronze
1905,4,1,2,1,8,Bronze
1923,2,3,2,1,8,Bronze
1952,4,1,2,1,8,Bronze
1959,4,1,2,1,8,Bronze
1965,4,1,2,1,8,Bronze
1966,4,1,2,1,8,Bronze
1984,3,1,3,1,8,Bronze
1985,1,4,2,1,8,Bronze
1991,1,5,1,1,8,Bronze
2002,4,1,2,1,8,Bronze
2024,4,1,2,1,8,Bronze
2027,4,1,2,1,8,Bronze
2031,4,1,2,1,8,Bronze
2033,4,1,2,1,8,Bronze
2036,4,1,2,1,8,Bronze
2041,4,1,2,1,8,Bronze
2043,4,1,2,1,8,Bronze
2044,4,1,2,1,8,Bronze
2052,3,1,3,1,8,Bronze
2056,4,1,2,1,8,Bronze
2064,4,1,2,1,8,Bronze
2069,4,1,2,1,8,Bronze
2079,4,1,2,1,8,Bronze
2084,4,1,2,1,8,Bronze
2094,4,1,2,1,8,Bronze
2100,4,1,2,1,8,Bronze
2110,3,2,2,1,8,Bronze
2116,4,1,2,1,8,Bronze
2122,4,1,2,1,8,Bronze
2129,4,1,2,1,8,Bronze
2133,4,1,2,1,8,Bronze
2136,4,1,2,1,8,Bronze
2138,4,1,2,1,8,Bronze
2143,3,2,2,1,8,Bronze
2144,4,1,2,1,8,Bronze
2153,4,1,2,1,8,Bronze
2154,4,1,2,1,8,Bronze
2159,4,1,2,1,8,Bronze
2165,4,1,2,1,8,Bronze
2167,4,1,2,1,8,Bronze
2178,4,1,2,1,8,Bronze
2183,4,1,2,1,8,Bronze
2191,4,1,2,1,8,Bronze
2192,4,1,2,1,8,Bronze
2199,4,1,2,1,8,Bronze
2200,4,1,2,1,8,Bronze
2203,4,1,2,1,8,Bronze
2204,4,1,2,1,8,Bronze
2211,3,2,2,1,8,Bronze
2215,4,1,2,1,8,Bronze
2222,4,1,2,1,8,Bronze
2227,4,1,2,1,8,Bronze
2232,4,1,2,1,8,Bronze
2235,4,1,2,1,8,Bronze
2236,4,1,2,1,8,Bronze
2237,4,1,2,1,8,Bronze
2241,4,1,2,1,8,Bronze
2247,4,1,2,1,8,Bronze
2253,4,1,2,1,8,Bronze
2256,4,1,2,1,8,Bronze
2258,3,2,2,1,8,Bronze
2274,4,1,2,1,8,Bronze
2279,4,1,2,1,8,Bronze
2281,3,1,3,1,8,Bronze
2282,4,1,2,1,8,Bronze
2284,3,2,2,1,8,Bronze
2292,4,1,2,1,8,Bronze
2296,1,5,1,1,8,Bronze
2297,4,1,2,1,8,Bronze
2299,4,1,2,1,8,Bronze
2301,4,1,2,1,8,Bronze
2306,4,1,2,1,8,Bronze
2316,4,1,2,1,8,Bronze
2318,4,1,2,1,8,Bronze
2319,4,1,2,1,8,Bronze
2328,4,1,2,1,8,Bronze
2341,4,1,2,1,8,Bronze
2351,3,2,2,1,8,Bronze
2374,4,1,2,1,8,Bronze
2383,4,1,2,1,8,Bronze
2392,3,2,2,1,8,Bronze
2410,3,1,3,1,8,Bronze
2414,4,1,2,1,8,Bronze
2425,3,2,2,1,8,Bronze
2431,4,1,2,1,8,Bronze
2442,4,1,2,1,8,Bronze
2449,3,2,2,1,8,Bronze
2456,4,1,2,1,8,Bronze
2459,4,1,2,1,8,Bronze
2467,4,1,2,1,8,Bronze
2469,4,1,2,1,8,Bronze
2478,4,1,2,1,8,Bronze
2483,4,1,2,1,8,Bronze
2488,3,1,3,1,8,Bronze
2495,3,2,2,1,8,Bronze
2500,4,1,2,1,8,Bronze
2502,4,1,2,1,8,Bronze
2510,4,1,2,1,8,Bronze
2512,4,1,2,1,8,Bronze
2523,4,1,2,1,8,Bronze
2524,4,1,2,1,8,Bronze
2528,4,1,2,1,8,Bronze
2532,4,1,2,1,8,Bronze
2535,3,1,3,1,8,Bronze
2537,4,1,2,1,8,Bronze
2539,3,2,2,1,8,Bronze
2545,4,1,2,1,8,Bronze
2546,4,1,2,1,8,Bronze
2552,3,2,2,1,8,Bronze
2554,4,1,2,1,8,Bronze
2555,4,1,2,1,8,Bronze
2571,4,1,2,1,8,Bronze
2572,3,2,2,1,8,Bronze
2579,4,1,2,1,8,Bronze
2580,4,1,2,1,8,Bronze
2584,4,1,2,1,8,Bronze
2586,3,2,2,1,8,Bronze
2589,4,1,2,1,8,Bronze
2593,4,1,2,1,8,Bronze
2602,4,1,2,1,8,Bronze
2615,3,1,3,1,8,Bronze
2616,4,1,2,1,8,Bronze
2619,4,1,2,1,8,Bronze
2620,3,2,2,1,8,Bronze
2625,4,1,2,1,8,Bronze
2638,4,1,2,1,8,Bronze
2650,4,1,2,1,8,Bronze
2657,4,1,2,1,8,Bronze
2669,4,1,2,1,8,Bronze
2671,3,2,2,1,8,Bronze
2677,4,1,2,1,8,Bronze
2678,4,1,2,1,8,Bronze
2688,4,1,2,1,8,Bronze
2710,4,1,2,1,8,Bronze
2713,4,1,2,1,8,Bronze
2722,4,1,2,1,8,Bronze
2725,4,1,2,1,8,Bronze
2732,4,1,2,1,8,Bronze
2734,4,1,2,1,8,Bronze
2740,4,1,2,1,8,Bronze
2741,4,1,2,1,8,Bronze
2751,2,3,2,1,8,Bronze
2752,4,1,2,1,8,Bronze
2764,4,1,2,1,8,Bronze
2765,4,1,2,1,8,Bronze
2768,4,1,2,1,8,Bronze
2779,4,1,2,1,8,Bronze
2781,4,1,2,1,8,Bronze
2790,4,1,2,1,8,Bronze
2795,4,1,2,1,8,Bronze
2799,4,1,2,1,8,Bronze
2804,4,1,2,1,8,Bronze
2810,4,1,2,1,8,Bronze
2811,4,1,2,1,8,Bronze
2814,3,1,3,1,8,Bronze
2817,4,1,2,1,8,Bronze
2820,3,2,2,1,8,Bronze
2824,4,1,2,1,8,Bronze
2830,4,1,2,1,8,Bronze
2836,1,4,2,1,8,Bronze
2841,4,1,2,1,8,Bronze
2850,4,1,2,1,8,Bronze
2853,4,1,2,1,8,Bronze
2861,4,1,2,1,8,Bronze
2872,3,1,3,1,8,Bronze
2874,4,1,2,1,8,Bronze
2889,4,1,2,1,8,Bronze
2896,4,1,2,1,8,Bronze
2902,4,1,2,1,8,Bronze
2904,4,1,2,1,8,Bronze
2921,4,1,2,1,8,Bronze
2925,4,1,2,1,8,Bronze
2930,3,2,2,1,8,Bronze
2936,4,1,2,1,8,Bronze
2938,4,1,2,1,8,Bronze
2944,4,1,2,1,8,Bronze
2949,4,1,2,1,8,Bronze
2951,4,1,2,1,8,Bronze
2959,4,1,2,1,8,Bronze
2965,4,1,2,1,8,Bronze
2970,4,1,2,1,8,Bronze
2978,4,1,2,1,8,Bronze
2984,4,1,2,1,8,Bronze
2986,4,1,2,1,8,Bronze
2987,3,2,2,1,8,Bronze
2988,4,1,2,1,8,Bronze
2995,4,1,2,1,8,Bronze
3006,4,1,2,1,8,Bronze
3012,4,1,2,1,8,Bronze
3013,4,1,2,1,8,Bronze
3024,4,1,2,1,8,Bronze
3028,4,1,2,1,8,Bronze
3029,3,1,3,1,8,Bronze
3048,3,2,2,1,8,Bronze
3053,4,1,2,1,8,Bronze
3054,4,1,2,1,8,Bronze
3056,3,2,2,1,8,Bronze
3065,4,1,2,1,8,Bronze
3069,4,1,2,1,8,Bronze
3075,4,1,2,1,8,Bronze
3077,4,1,2,1,8,Bronze
3082,4,1,2,1,8,Bronze
3084,4,1,2,1,8,Bronze
3085,3,2,2,1,8,Bronze
3089,4,1,2,1,8,Bronze
3091,4,1,2,1,8,Bronze
3093,4,1,2,1,8,Bronze
3113,4,1,2,1,8,Bronze
3115,3,2,2,1,8,Bronze
3116,4,1,2,1,8,Bronze
3118,4,1,2,1,8,Bronze
3124,4,1,2,1,8,Bronze
3127,4,1,2,1,8,Bronze
3128,4,1,2,1,8,Bronze
3144,4,1,2,1,8,Bronze
3148,1,5,1,1,8,Bronze
3150,4,1,2,1,8,Bronze
3153,1,4,2,1,8,Bronze
3154,4,1,2,1,8,Bronze
3155,2,3,2,1,8,Bronze
3157,4,1,2,1,8,Bronze
3164,4,1,2,1,8,Bronze
3178,4,1,2,1,8,Bronze
3181,4,1,2,1,8,Bronze
3183,4,1,2,1,8,Bronze
3185,4,1,2,1,8,Bronze
3186,4,1,2,1,8,Bronze
3194,3,2,2,1,8,Bronze
3198,4,1,2,1,8,Bronze
3199,4,1,2,1,8,Bronze
3205,4,1,2,1,8,Bronze
3209,4,1,2,1,8,Bronze
3211,4,1,2,1,8,Bronze
3216,4,1,2,1,8,Bronze
3220,4,1,2,1,8,Bronze
3222,4,1,2,1,8,Bronze
3223,4,1,2,1,8,Bronze
3226,3,2,2,1,8,Bronze
3230,4,1,2,1,8,Bronze
3232,3,2,2,1,8,Bronze
3236,4,1,2,1,8,Bronze
3244,3,1,3,1,8,Bronze
3248,4,1,2,1,8,Bronze
3254,4,1,2,1,8,Bronze
3260,3,2,2,1,8,Bronze
3263,4,1,2,1,8,Bronze
3264,4,1,2,1,8,Bronze
3279,4,1,2,1,8,Bronze
3280,4,1,2,1,8,Bronze
3284,4,1,2,1,8,Bronze
3290,4,1,2,1,8,Bronze
3296,4,1,2,1,8,Bronze
3298,4,1,2,1,8,Bronze
3299,3,1,3,1,8,Bronze
3348,4,1,2,1,8,Bronze
3349,4,1,2,1,8,Bronze
3354,4,1,2,1,8,Bronze
3356,4,1,2,1,8,Bronze
3360,4,1,2,1,8,Bronze
3368,4,1,2,1,8,Bronze
3376,4,1,2,1,8,Bronze
3377,4,1,2,1,8,Bronze
3378,4,1,2,1,8,Bronze
3411,4,1,2,1,8,Bronze
3417,4,1,2,1,8,Bronze
3425,4,1,2,1,8,Bronze
3427,4,1,2,1,8,Bronze
3439,3,1,3,1,8,Bronze
3441,4,1,2,1,8,Bronze
3451,4,1,2,1,8,Bronze
3457,4,1,2,1,8,Bronze
3462,4,1,2,1,8,Bronze
3463,4,1,2,1,8,Bronze
3464,4,1,2,1,8,Bronze
3465,3,2,2,1,8,Bronze
3472,3,2,2,1,8,Bronze
3481,4,1,2,1,8,Bronze
3495,4,1,2,1,8,Bronze
3499,4,1,2,1,8,Bronze
3502,4,1,2,1,8,Bronze
3506,3,1,3,1,8,Bronze
3508,4,1,2,1,8,Bronze
3511,4,1,2,1,8,Bronze
3518,3,2,2,1,8,Bronze
3532,4,1,2,1,8,Bronze
3540,4,1,2,1,8,Bronze
3542,4,1,2,1,8,Bronze
3544,4,1,2,1,8,Bronze
3546,4,1,2,1,8,Bronze
3552,4,1,2,1,8,Bronze
3555,3,2,2,1,8,Bronze
3558,3,2,2,1,8,Bronze
3563,3,2,2,1,8,Bronze
3570,3,2,2,1,8,Bronze
3572,4,1,2,1,8,Bronze
3573,4,1,2,1,8,Bronze
3576,4,1,2,1,8,Bronze
3585,4,1,2,1,8,Bronze
3589,3,2,2,1,8,Bronze
3591,4,1,2,1,8,Bronze
3593,4,1,2,1,8,Bronze
3600,4,1,2,1,8,Bronze
3604,4,1,2,1,8,Bronze
3611,4,1,2,1,8,Bronze
3629,4,1,2,1,8,Bronze
3631,4,1,2,1,8,Bronze
3638,4,1,2,1,8,Bronze
3639,4,1,2,1,8,Bronze
3640,4,1,2,1,8,Bronze
3642,4,1,2,1,8,Bronze
3644,4,1,2,1,8,Bronze
3653,4,1,2,1,8,Bronze
3662,3,2,2,1,8,Bronze
3663,4,1,2,1,8,Bronze
3664,2,3,2,1,8,Bronze
3677,4,1,2,1,8,Bronze
3680,4,1,2,1,8,Bronze
3681,4,1,2,1,8,Bronze
3683,4,1,2,1,8,Bronze
3684,4,1,2,1,8,Bronze
3686,4,1,2,1,8,Bronze
3687,4,1,2,1,8,Bronze
3691,4,1,2,1,8,Bronze
3693,3,2,2,1,8,Bronze
3699,2,3,2,1,8,Bronze
3701,4,1,2,1,8,Bronze
3707,3,2,2,1,8,Bronze
3717,4,1,2,1,8,Bronze
3721,4,1,2,1,8,Bronze
3730,4,1,2,1,8,Bronze
3735,4,1,2,1,8,Bronze
3736,4,1,2,1,8,Bronze
3737,4,1,2,1,8,Bronze
3749,3,2,2,1,8,Bronze
3759,3,2,2,1,8,Bronze
3778,4,1,2,1,8,Bronze
3779,4,1,2,1,8,Bronze
3782,4,1,2,1,8,Bronze
3791,4,1,2,1,8,Bronze
3806,4,1,2,1,8,Bronze
3815,4,1,2,1,8,Bronze
3816,4,1,2,1,8,Bronze
3825,3,2,2,1,8,Bronze
3829,3,2,2,1,8,Bronze
3834,4,1,2,1,8,Bronze
3838,3,2,2,1,8,Bronze
3844,4,1,2,1,8,Bronze
3849,4,1,2,1,8,Bronze
3853,4,1,2,1,8,Bronze
3857,4,1,2,1,8,Bronze
3866,2,3,2,1,8,Bronze
3879,4,1,2,1,8,Bronze
3887,4,1,2,1,8,Bronze
3896,4,1,2,1,8,Bronze
3897,4,1,2,1,8,Bronze
3902,4,1,2,1,8,Bronze
3908,4,1,2,1,8,Bronze
3910,4,1,2,1,8,Bronze
3920,4,1,2,1,8,Bronze
3928,4,1,2,1,8,Bronze
3929,3,2,2,1,8,Bronze
3934,4,1,2,1,8,Bronze
3936,4,1,2,1,8,Bronze
3937,2,3,2,1,8,Bronze
3942,4,1,2,1,8,Bronze
3946,4,1,2,1,8,Bronze
3947,4,1,2,1,8,Bronze
3951,4,1,2,1,8,Bronze
3960,4,1,2,1,8,Bronze
3964,4,1,2,1,8,Bronze
3969,4,1,2,1,8,Bronze
3970,4,1,2,1,8,Bronze
3971,4,1,2,1,8,Bronze
3972,4,1,2,1,8,Bronze
3973,4,1,2,1,8,Bronze
3974,4,1,2,1,8,Bronze
3977,4,1,2,1,8,Bronze
3988,4,1,2,1,8,Bronze
3991,3,1,3,1,8,Bronze
3993,3,1,3,1,8,Bronze
3997,4,1,2,1,8,Bronze
4003,4,1,2,1,8,Bronze
4008,4,1,2,1,8,Bronze
4010,4,1,2,1,8,Bronze
4019,4,1,2,1,8,Bronze
4026,3,2,2,1,8,Bronze
4029,4,1,2,1,8,Bronze
4037,4,1,2,1,8,Bronze
4039,4,1,2,1,8,Bronze
4047,4,1,2,1,8,Bronze
4056,4,1,2,1,8,Bronze
4057,4,1,2,1,8,Bronze
4061,3,1,3,1,8,Bronze
4070,3,2,2,1,8,Bronze
4072,4,1,2,1,8,Bronze
4080,4,1,2,1,8,Bronze
4081,4,1,2,1,8,Bronze
4083,4,1,2,1,8,Bronze
4086,4,1,2,1,8,Bronze
4092,4,1,2,1,8,Bronze
4093,4,1,2,1,8,Bronze
4096,2,3,2,1,8,Bronze
4103,4,1,2,1,8,Bronze
4108,4,1,2,1,8,Bronze
4117,4,1,2,1,8,Bronze
4118,4,1,2,1,8,Bronze
4120,4,1,2,1,8,Bronze
4123,4,1,2,1,8,Bronze
4133,3,2,2,1,8,Bronze
4134,3,1,3,1,8,Bronze
4135,4,1,2,1,8,Bronze
4139,4,1,2,1,8,Bronze
4145,4,1,2,1,8,Bronze
4147,4,1,2,1,8,Bronze
4148,4,1,2,1,8,Bronze
4153,4,1,2,1,8,Bronze
4161,2,3,2,1,8,Bronze
4169,1,4,2,1,8,Bronze
4172,4,1,2,1,8,Bronze
4174,4,1,2,1,8,Bronze
4182,4,1,2,1,8,Bronze
4183,4,1,2,1,8,Bronze
4184,4,1,2,1,8,Bronze
4189,4,1,2,1,8,Bronze
4203,4,1,2,1,8,Bronze
4208,3,1,3,1,8,Bronze
4215,4,1,2,1,8,Bronze
4223,4,1,2,1,8,Bronze
4224,4,1,2,1,8,Bronze
4228,4,1,2,1,8,Bronze
4231,4,1,2,1,8,Bronze
4232,4,1,2,1,8,Bronze
4234,4,1,2,1,8,Bronze
4235,3,2,2,1,8,Bronze
4246,4,1,2,1,8,Bronze
4247,4,1,2,1,8,Bronze
4253,3,2,2,1,8,Bronze
4260,4,1,2,1,8,Bronze
4261,4,1,2,1,8,Bronze
4273,2,3,2,1,8,Bronze
4281,3,2,2,1,8,Bronze
4283,3,2,2,1,8,Bronze
4292,4,1,2,1,8,Bronze
4297,4,1,2,1,8,Bronze
4302,4,1,2,1,8,Bronze
4304,4,1,2,1,8,Bronze
4305,3,1,3,1,8,Bronze
4311,3,2,2,1,8,Bronze
4312,1,4,2,1,8,Bronze
4317,4,1,2,1,8,Bronze
4318,3,2,2,1,8,Bronze
4323,4,1,2,1,8,Bronze
4330,4,1,2,1,8,Bronze
4342,4,1,2,1,8,Bronze
4343,4,1,2,1,8,Bronze
4345,4,1,2,1,8,Bronze
4347,4,1,2,1,8,Bronze
4356,4,1,2,1,8,Bronze
4358,4,1,2,1,8,Bronze
4359,4,1,2,1,8,Bronze
4386,1,4,2,1,8,Bronze
4395,4,1,2,1,8,Bronze
4396,3,2,2,1,8,Bronze
4399,4,1,2,1,8,Bronze
4403,3,1,3,1,8,Bronze
4413,4,1,2,1,8,Bronze
4416,4,1,2,1,8,Bronze
4417,4,1,2,1,8,Bronze
4421,4,1,2,1,8,Bronze
4430,4,1,2,1,8,Bronze
4434,4,1,2,1,8,Bronze
4435,4,1,2,1,8,Bronze
4437,4,1,2,1,8,Bronze
4441,4,1,2,1,8,Bronze
4446,4,1,2,1,8,Bronze
4453,4,1,2,1,8,Bronze
4466,4,1,2,1,8,Bronze
4468,4,1,2,1,8,Bronze
4469,4,1,2,1,8,Bronze
4472,4,1,2,1,8,Bronze
4474,4,1,2,1,8,Bronze
4476,4,1,2,1,8,Bronze
4481,4,1,2,1,8,Bronze
4482,4,1,2,1,8,Bronze
4489,3,2,2,1,8,Bronze
4493,4,1,2,1,8,Bronze
4499,2,3,2,1,8,Bronze
4504,4,1,2,1,8,Bronze
4506,4,1,2,1,8,Bronze
4514,4,1,2,1,8,Bronze
4516,4,1,2,1,8,Bronze
4517,4,1,2,1,8,Bronze
4519,4,1,2,1,8,Bronze
4522,4,1,2,1,8,Bronze
4523,4,1,2,1,8,Bronze
4527,3,2,2,1,8,Bronze
4531,4,1,2,1,8,Bronze
4539,3,2,2,1,8,Bronze
4541,4,1,2,1,8,Bronze
4549,4,1,2,1,8,Bronze
4553,3,2,2,1,8,Bronze
4561,4,1,2,1,8,Bronze
4563,4,1,2,1,8,Bronze
4564,3,2,2,1,8,Bronze
4572,4,1,2,1,8,Bronze
4573,4,1,2,1,8,Bronze
4575,4,1,2,1,8,Bronze
4576,4,1,2,1,8,Bronze
4581,4,1,2,1,8,Bronze
4585,4,1,2,1,8,Bronze
4588,4,1,2,1,8,Bronze
4591,4,1,2,1,8,Bronze
4592,3,2,2,1,8,Bronze
4596,4,1,2,1,8,Bronze
4602,4,1,2,1,8,Bronze
4606,4,1,2,1,8,Bronze
4610,4,1,2,1,8,Bronze
4615,4,1,2,1,8,Bronze
4620,4,1,2,1,8,Bronze
4627,4,1,2,1,8,Bronze
4632,4,1,2,1,8,Bronze
4633,3,2,2,1,8,Bronze
4639,4,1,2,1,8,Bronze
4645,4,1,2,1,8,Bronze
4647,4,1,2,1,8,Bronze
4653,4,1,2,1,8,Bronze
4657,4,1,2,1,8,Bronze
4658,4,1,2,1,8,Bronze
4659,4,1,2,1,8,Bronze
4661,4,1,2,1,8,Bronze
4662,4,1,2,1,8,Bronze
4666,4,1,2,1,8,Bronze
4675,4,1,2,1,8,Bronze
4681,4,1,2,1,8,Bronze
4682,4,1,2,1,8,Bronze
4690,3,2,2,1,8,Bronze
4699,4,1,2,1,8,Bronze
4700,4,1,2,1,8,Bronze
4701,4,1,2,1,8,Bronze
4704,4,1,2,1,8,Bronze
4717,4,1,2,1,8,Bronze
4719,4,1,2,1,8,Bronze
4729,4,1,2,1,8,Bronze
4730,4,1,2,1,8,Bronze
4732,4,1,2,1,8,Bronze
4735,4,1,2,1,8,Bronze
4736,4,1,2,1,8,Bronze
4737,4,1,2,1,8,Bronze
4742,4,1,2,1,8,Bronze
4744,3,2,2,1,8,Bronze
4745,3,2,2,1,8,Bronze
4751,4,1,2,1,8,Bronze
4752,4,1,2,1,8,Bronze
4756,4,1,2,1,8,Bronze
4776,2,3,2,1,8,Bronze
4788,4,1,2,1,8,Bronze
4789,4,1,2,1,8,Bronze
4793,4,1,2,1,8,Bronze
4796,4,1,2,1,8,Bronze
4801,4,1,2,1,8,Bronze
4806,4,1,2,1,8,Bronze
4812,4,1,2,1,8,Bronze
4815,4,1,2,1,8,Bronze
4819,3,2,2,1,8,Bronze
4831,4,1,2,1,8,Bronze
4845,4,1,2,1,8,Bronze
4850,4,1,2,1,8,Bronze
4851,4,1,2,1,8,Bronze
4854,4,1,2,1,8,Bronze
4868,4,1,2,1,8,Bronze
4872,4,1,2,1,8,Bronze
4878,4,1,2,1,8,Bronze
4879,4,1,2,1,8,Bronze
4884,4,1,2,1,8,Bronze
4885,4,1,2,1,8,Bronze
4887,4,1,2,1,8,Bronze
4889,4,1,2,1,8,Bronze
4892,3,1,3,1,8,Bronze
4894,4,1,2,1,8,Bronze
4895,4,1,2,1,8,Bronze
4903,4,1,2,1,8,Bronze
4913,4,1,2,1,8,Bronze
4920,4,1,2,1,8,Bronze
4921,3,2,2,1,8,Bronze
4926,4,1,2,1,8,Bronze
4935,4,1,2,1,8,Bronze
4938,4,1,2,1,8,Bronze
4943,4,1,2,1,8,Bronze
4946,3,2,2,1,8,Bronze
4951,3,1,3,1,8,Bronze
4955,4,1,2,1,8,Bronze
4966,4,1,2,1,8,Bronze
4970,4,1,2,1,8,Bronze
4976,4,1,2,1,8,Bronze
4983,4,1,2,1,8,Bronze
4986,4,1,2,1,8,Bronze
4989,3,1,3,1,8,Bronze
4995,4,1,2,1,8,Bronze
4998,3,2,2,1,8,Bronze
4999,4,1,2,1,8,Bronze
2,4,2,2,1,9,Bronze
6,4,1,3,1,9,Bronze
10,4,2,2,1,9,Bronze
11,4,1,3,1,9,Bronze
22,4,1,3,1,9,Bronze
25,4,1,3,1,9,Bronze
38,4,1,3,1,9,Bronze
46,4,2,2,1,9,Bronze
47,4,2,2,1,9,Bronze
63,4,2,2,1,9,Bronze
64,4,2,2,1,9,Bronze
81,4,2,2,1,9,Bronze
87,4,2,2,1,9,Bronze
90,4,2,2,1,9,Bronze
113,4,2,2,1,9,Bronze
124,4,2,2,1,9,Bronze
129,4,2,2,1,9,Bronze
134,4,2,2,1,9,Bronze
137,4,2,2,1,9,Bronze
143,4,2,2,1,9,Bronze
145,4,2,2,1,9,Bronze
165,4,2,2,1,9,Bronze
173,4,2,2,1,9,Bronze
180,4,2,2,1,9,Bronze
182,4,2,2,1,9,Bronze
184,4,2,2,1,9,Bronze
185,4,1,3,1,9,Bronze
216,4,2,2,1,9,Bronze
225,4,2,2,1,9,Bronze
226,4,2,2,1,9,Bronze
235,4,1,3,1,9,Bronze
240,4,2,2,1,9,Bronze
245,4,1,3,1,9,Bronze
256,4,2,2,1,9,Bronze
261,4,2,2,1,9,Bronze
283,4,2,2,1,9,Bronze
308,4,1,3,1,9,Bronze
311,4,2,2,1,9,Bronze
313,4,2,2,1,9,Bronze
322,4,2,2,1,9,Bronze
323,4,1,3,1,9,Bronze
328,3,3,2,1,9,Bronze
329,4,2,2,1,9,Bronze
339,4,2,2,1,9,Bronze
352,4,1,3,1,9,Bronze
358,4,1,3,1,9,Bronze
359,4,2,2,1,9,Bronze
371,4,2,2,1,9,Bronze
378,4,2,2,1,9,Bronze
385,4,2,2,1,9,Bronze
386,4,2,2,1,9,Bronze
396,4,2,2,1,9,Bronze
400,4,2,2,1,9,Bronze
401,4,2,2,1,9,Bronze
408,4,2,2,1,9,Bronze
417,4,2,2,1,9,Bronze
418,4,2,2,1,9,Bronze
420,4,2,2,1,9,Bronze
424,4,2,2,1,9,Bronze
428,4,1,3,1,9,Bronze
430,4,2,2,1,9,Bronze
432,4,2,2,1,9,Bronze
436,4,1,3,1,9,Bronze
440,4,2,2,1,9,Bronze
442,3,3,2,1,9,Bronze
445,4,2,2,1,9,Bronze
446,3,3,2,1,9,Bronze
448,4,1,3,1,9,Bronze
449,4,2,2,1,9,Bronze
463,4,1,3,1,9,Bronze
464,4,2,2,1,9,Bronze
468,4,2,2,1,9,Bronze
473,4,2,2,1,9,Bronze
479,4,2,2,1,9,Bronze
480,4,2,2,1,9,Bronze
481,4,2,2,1,9,Bronze
483,4,1,3,1,9,Bronze
488,4,1,3,1,9,Bronze
500,4,1,3,1,9,Bronze
501,4,2,2,1,9,Bronze
503,4,2,2,1,9,Bronze
504,4,2,2,1,9,Bronze
515,4,2,2,1,9,Bronze
524,4,1,3,1,9,Bronze
538,4,1,3,1,9,Bronze
549,4,2,2,1,9,Bronze
550,4,2,2,1,9,Bronze
576,4,1,3,1,9,Bronze
584,4,2,2,1,9,Bronze
587,4,1,3,1,9,Bronze
588,4,2,2,1,9,Bronze
589,4,1,3,1,9,Bronze
592,4,1,3,1,9,Bronze
596,4,2,2,1,9,Bronze
606,4,1,3,1,9,Bronze
620,4,2,2,1,9,Bronze
623,4,1,3,1,9,Bronze
626,3,3,2,1,9,Bronze
638,4,2,2,1,9,Bronze
640,4,1,3,1,9,Bronze
644,4,1,3,1,9,Bronze
647,4,1,3,1,9,Bronze
652,3,3,2,1,9,Bronze
654,2,4,2,1,9,Bronze
661,4,1,3,1,9,Bronze
662,3,3,2,1,9,Bronze
680,4,2,2,1,9,Bronze
681,4,2,2,1,9,Bronze
691,4,2,2,1,9,Bronze
692,4,2,2,1,9,Bronze
695,4,2,2,1,9,Bronze
698,4,2,2,1,9,Bronze
705,4,2,2,1,9,Bronze
706,4,1,3,1,9,Bronze
710,4,2,2,1,9,Bronze
715,4,1,3,1,9,Bronze
727,4,1,3,1,9,Bronze
734,4,2,2,1,9,Bronze
735,4,1,3,1,9,Bronze
741,4,2,2,1,9,Bronze
743,4,1,3,1,9,Bronze
746,4,2,2,1,9,Bronze
766,4,1,3,1,9,Bronze
773,4,2,2,1,9,Bronze
796,4,1,3,1,9,Bronze
804,4,2,2,1,9,Bronze
813,4,2,2,1,9,Bronze
828,4,2,2,1,9,Bronze
840,4,1,3,1,9,Bronze
856,4,2,2,1,9,Bronze
865,4,2,2,1,9,Bronze
867,4,1,3,1,9,Bronze
872,4,1,3,1,9,Bronze
880,4,1,3,1,9,Bronze
883,4,2,2,1,9,Bronze
895,3,3,2,1,9,Bronze
909,4,1,3,1,9,Bronze
912,4,1,3,1,9,Bronze
914,4,2,2,1,9,Bronze
921,4,1,3,1,9,Bronze
923,4,2,2,1,9,Bronze
926,4,1,3,1,9,Bronze
928,4,1,3,1,9,Bronze
946,4,2,2,1,9,Bronze
948,4,2,2,1,9,Bronze
955,3,3,2,1,9,Bronze
958,4,1,3,1,9,Bronze
971,4,2,2,1,9,Bronze
989,4,1,3,1,9,Bronze
992,4,2,2,1,9,Bronze
999,4,1,3,1,9,Bronze
1000,4,1,3,1,9,Bronze
1004,4,1,3,1,9,Bronze
1008,4,1,3,1,9,Bronze
1032,4,2,2,1,9,Bronze
1033,4,1,3,1,9,Bronze
1035,4,2,2,1,9,Bronze
1039,4,2,2,1,9,Bronze
1043,4,2,2,1,9,Bronze
1046,4,2,2,1,9,Bronze
1050,4,1,3,1,9,Bronze
1055,4,2,2,1,9,Bronze
1075,4,1,3,1,9,Bronze
1081,4,2,2,1,9,Bronze
1099,4,2,2,1,9,Bronze
1104,4,2,2,1,9,Bronze
1109,4,2,2,1,9,Bronze
1118,4,1,3,1,9,Bronze
1120,4,1,3,1,9,Bronze
1124,4,2,2,1,9,Bronze
1135,4,2,2,1,9,Bronze
1140,4,2,2,1,9,Bronze
1144,4,2,2,1,9,Bronze
1155,4,1,3,1,9,Bronze
1159,4,2,2,1,9,Bronze
1162,4,2,2,1,9,Bronze
1167,4,2,2,1,9,Bronze
1194,4,2,2,1,9,Bronze
1201,4,1,3,1,9,Bronze
1211,4,2,2,1,9,Bronze
1219,4,1,3,1,9,Bronze
1223,4,2,2,1,9,Bronze
1228,4,1,3,1,9,Bronze
1234,4,1,3,1,9,Bronze
1248,4,1,3,1,9,Bronze
1276,4,2,2,1,9,Bronze
1277,4,2,2,1,9,Bronze
1280,4,1,3,1,9,Bronze
1290,4,2,2,1,9,Bronze
1295,4,1,3,1,9,Bronze
1309,4,2,2,1,9,Bronze
1312,4,1,3,1,9,Bronze
1317,3,3,2,1,9,Bronze
1326,4,2,2,1,9,Bronze
1331,4,2,2,1,9,Bronze
1335,4,2,2,1,9,Bronze
1341,4,2,2,1,9,Bronze
1349,4,2,2,1,9,Bronze
1352,4,2,2,1,9,Bronze
1356,4,2,2,1,9,Bronze
1363,4,1,3,1,9,Bronze
1364,4,2,2,1,9,Bronze
1366,4,1,3,1,9,Bronze
1367,4,1,3,1,9,Bronze
1375,4,2,2,1,9,Bronze
1381,4,2,2,1,9,Bronze
1384,4,2,2,1,9,Bronze
1397,4,1,3,1,9,Bronze
1401,4,2,2,1,9,Bronze
1404,4,2,2,1,9,Bronze
1425,4,2,2,1,9,Bronze
1430,4,2,2,1,9,Bronze
1432,4,2,2,1,9,Bronze
1435,4,1,3,1,9,Bronze
1442,4,2,2,1,9,Bronze
1446,4,2,2,1,9,Bronze
1452,3,3,2,1,9,Bronze
1459,2,4,2,1,9,Bronze
1468,4,2,2,1,9,Bronze
1469,1,5,2,1,9,Bronze
1471,4,2,2,1,9,Bronze
1477,4,2,2,1,9,Bronze
1479,4,2,2,1,9,Bronze
1480,4,1,3,1,9,Bronze
1481,4,2,2,1,9,Bronze
1494,4,2,2,1,9,Bronze
1500,4,2,2,1,9,Bronze
1506,4,2,2,1,9,Bronze
1515,4,1,3,1,9,Bronze
1533,4,1,3,1,9,Bronze
1534,4,1,3,1,9,Bronze
1538,4,2,2,1,9,Bronze
1539,4,2,2,1,9,Bronze
1557,3,3,2,1,9,Bronze
1562,3,3,2,1,9,Bronze
1572,4,1,3,1,9,Bronze
1574,4,2,2,1,9,Bronze
1587,4,2,2,1,9,Bronze
1588,4,1,3,1,9,Bronze
1591,4,1,3,1,9,Bronze
1598,4,2,2,1,9,Bronze
1600,3,3,2,1,9,Bronze
1601,4,1,3,1,9,Bronze
1602,4,1,3,1,9,Bronze
1603,4,1,3,1,9,Bronze
1611,4,2,2,1,9,Bronze
1614,4,2,2,1,9,Bronze
1615,4,2,2,1,9,Bronze
1623,3,1,3,2,9,Bronze
1626,3,2,3,1,9,Bronze
1631,4,1,3,1,9,Bronze
1638,4,2,2,1,9,Bronze
1645,4,2,2,1,9,Bronze
1647,4,1,3,1,9,Bronze
1657,2,4,2,1,9,Bronze
1660,3,3,2,1,9,Bronze
1667,4,1,3,1,9,Bronze
1673,4,1,3,1,9,Bronze
1693,4,1,3,1,9,Bronze
1700,3,2,3,1,9,Bronze
1707,4,2,2,1,9,Bronze
1709,4,2,2,1,9,Bronze
1714,4,2,2,1,9,Bronze
1718,4,1,3,1,9,Bronze
1721,4,1,3,1,9,Bronze
1725,4,2,2,1,9,Bronze
1726,4,1,3,1,9,Bronze
1735,4,2,2,1,9,Bronze
1741,4,2,2,1,9,Bronze
1743,4,2,2,1,9,Bronze
1752,4,2,2,1,9,Bronze
1757,4,1,3,1,9,Bronze
1764,4,1,3,1,9,Bronze
1766,4,2,2,1,9,Bronze
1769,4,2,2,1,9,Bronze
1770,4,2,2,1,9,Bronze
1771,3,3,2,1,9,Bronze
1776,4,2,2,1,9,Bronze
1777,4,1,3,1,9,Bronze
1786,4,2,2,1,9,Bronze
1791,3,3,2,1,9,Bronze
1798,4,1,3,1,9,Bronze
1801,4,2,2,1,9,Bronze
1808,4,2,2,1,9,Bronze
1812,4,1,3,1,9,Bronze
1819,1,5,2,1,9,Bronze
1820,4,1,3,1,9,Bronze
1831,4,1,3,1,9,Bronze
1832,4,1,3,1,9,Bronze
1840,4,1,3,1,9,Bronze
1842,4,2,2,1,9,Bronze
1854,4,2,2,1,9,Bronze
1862,4,1,3,1,9,Bronze
1874,4,2,2,1,9,Bronze
1876,4,2,2,1,9,Bronze
1877,3,3,2,1,9,Bronze
1884,4,2,2,1,9,Bronze
1893,4,1,3,1,9,Bronze
1913,4,2,2,1,9,Bronze
1919,4,1,3,1,9,Bronze
1920,4,1,3,1,9,Bronze
1926,4,2,2,1,9,Bronze
1942,4,2,2,1,9,Bronze
1947,3,3,2,1,9,Bronze
1968,4,2,2,1,9,Bronze
1981,4,2,2,1,9,Bronze
1982,4,2,2,1,9,Bronze
1987,4,2,2,1,9,Bronze
1993,4,1,3,1,9,Bronze
2005,4,1,3,1,9,Bronze
2011,4,1,3,1,9,Bronze
2012,4,1,3,1,9,Bronze
2020,4,2,2,1,9,Bronze
2022,4,2,2,1,9,Bronze
2023,4,2,2,1,9,Bronze
2029,4,2,2,1,9,Bronze
2030,4,1,3,1,9,Bronze
2037,4,1,3,1,9,Bronze
2049,4,2,2,1,9,Bronze
2065,4,2,2,1,9,Bronze
2067,4,2,2,1,9,Bronze
2080,4,2,2,1,9,Bronze
2088,4,1,3,1,9,Bronze
2108,4,2,2,1,9,Bronze
2127,4,1,3,1,9,Bronze
2139,4,1,3,1,9,Bronze
2145,4,2,2,1,9,Bronze
2147,4,1,3,1,9,Bronze
2150,4,1,3,1,9,Bronze
2162,4,2,2,1,9,Bronze
2164,4,2,2,1,9,Bronze
2171,4,2,2,1,9,Bronze
2176,4,2,2,1,9,Bronze
2179,4,1,3,1,9,Bronze
2194,2,4,2,1,9,Bronze
2212,4,2,2,1,9,Bronze
2223,4,2,2,1,9,Bronze
2245,4,2,2,1,9,Bronze
2255,4,2,2,1,9,Bronze
2257,4,2,2,1,9,Bronze
2262,4,1,3,1,9,Bronze
2275,4,2,2,1,9,Bronze
2276,4,2,2,1,9,Bronze
2278,4,2,2,1,9,Bronze
2283,4,2,2,1,9,Bronze
2287,4,2,2,1,9,Bronze
2295,4,1,3,1,9,Bronze
2308,4,1,3,1,9,Bronze
2311,4,2,2,1,9,Bronze
2321,4,2,2,1,9,Bronze
2322,4,2,2,1,9,Bronze
2326,4,2,2,1,9,Bronze
2327,4,2,2,1,9,Bronze
2333,4,2,2,1,9,Bronze
2355,4,2,2,1,9,Bronze
2358,4,2,2,1,9,Bronze
2359,4,1,3,1,9,Bronze
2366,4,1,3,1,9,Bronze
2372,3,3,2,1,9,Bronze
2373,4,2,2,1,9,Bronze
2377,4,1,3,1,9,Bronze
2391,4,2,2,1,9,Bronze
2394,4,1,3,1,9,Bronze
2396,4,2,2,1,9,Bronze
2397,4,2,2,1,9,Bronze
2399,4,1,3,1,9,Bronze
2400,4,2,2,1,9,Bronze
2404,4,2,2,1,9,Bronze
2406,4,2,2,1,9,Bronze
2409,4,2,2,1,9,Bronze
2412,3,2,3,1,9,Bronze
2419,3,3,2,1,9,Bronze
2421,4,2,2,1,9,Bronze
2423,2,4,2,1,9,Bronze
2424,4,2,2,1,9,Bronze
2432,3,3,2,1,9,Bronze
2451,4,1,3,1,9,Bronze
2454,4,1,3,1,9,Bronze
2461,4,2,2,1,9,Bronze
2472,4,2,2,1,9,Bronze
2479,4,2,2,1,9,Bronze
2485,4,2,2,1,9,Bronze
2490,4,2,2,1,9,Bronze
2491,4,1,3,1,9,Bronze
2503,4,1,3,1,9,Bronze
2506,4,2,2,1,9,Bronze
2507,4,1,3,1,9,Bronze
2519,4,2,2,1,9,Bronze
2520,4,1,3,1,9,Bronze
2521,4,2,2,1,9,Bronze
2527,4,2,2,1,9,Bronze
2530,4,1,3,1,9,Bronze
2556,4,2,2,1,9,Bronze
2565,4,2,2,1,9,Bronze
2568,4,2,2,1,9,Bronze
2570,4,1,3,1,9,Bronze
2575,4,2,2,1,9,Bronze
2581,4,2,2,1,9,Bronze
2582,4,2,2,1,9,Bronze
2594,4,2,2,1,9,Bronze
2599,3,3,2,1,9,Bronze
2606,4,1,3,1,9,Bronze
2607,4,1,3,1,9,Bronze
2608,4,2,2,1,9,Bronze
2621,4,2,2,1,9,Bronze
2622,4,2,2,1,9,Bronze
2629,4,2,2,1,9,Bronze
2633,4,2,2,1,9,Bronze
2642,4,2,2,1,9,Bronze
2651,4,2,2,1,9,Bronze
2658,4,1,3,1,9,Bronze
2662,4,2,2,1,9,Bronze
2681,4,2,2,1,9,Bronze
2689,4,2,2,1,9,Bronze
2704,3,3,2,1,9,Bronze
2707,4,2,2,1,9,Bronze
2715,4,2,2,1,9,Bronze
2719,4,2,2,1,9,Bronze
2724,4,2,2,1,9,Bronze
2728,4,2,2,1,9,Bronze
2733,4,1,3,1,9,Bronze
2735,4,1,3,1,9,Bronze
2746,4,2,2,1,9,Bronze
2756,4,1,3,1,9,Bronze
2766,4,1,3,1,9,Bronze
2777,4,2,2,1,9,Bronze
2783,4,1,3,1,9,Bronze
2785,4,1,3,1,9,Bronze
2792,4,2,2,1,9,Bronze
2805,4,2,2,1,9,Bronze
2808,4,2,2,1,9,Bronze
2809,4,1,3,1,9,Bronze
2812,4,1,3,1,9,Bronze
2821,4,1,3,1,9,Bronze
2829,4,2,2,1,9,Bronze
2832,4,1,3,1,9,Bronze
2837,4,2,2,1,9,Bronze
2854,4,2,2,1,9,Bronze
2862,4,2,2,1,9,Bronze
2870,4,1,3,1,9,Bronze
2885,4,2,2,1,9,Bronze
2886,4,2,2,1,9,Bronze
2888,4,1,3,1,9,Bronze
2893,4,2,2,1,9,Bronze
2895,4,1,3,1,9,Bronze
2913,4,2,2,1,9,Bronze
2915,2,4,2,1,9,Bronze
2917,4,1,3,1,9,Bronze
2922,3,3,2,1,9,Bronze
2933,4,1,3,1,9,Bronze
2943,4,2,2,1,9,Bronze
2952,4,2,2,1,9,Bronze
2976,3,3,2,1,9,Bronze
2982,4,1,3,1,9,Bronze
2994,4,1,3,1,9,Bronze
2997,4,1,3,1,9,Bronze
3002,4,1,3,1,9,Bronze
3008,4,1,3,1,9,Bronze
3020,4,2,2,1,9,Bronze
3026,4,2,2,1,9,Bronze
3031,4,2,2,1,9,Bronze
3032,4,1,3,1,9,Bronze
3036,4,2,2,1,9,Bronze
3044,4,2,2,1,9,Bronze
3046,4,2,2,1,9,Bronze
3055,4,1,3,1,9,Bronze
3057,4,2,2,1,9,Bronze
3058,4,2,2,1,9,Bronze
3059,4,1,2,2,9,Bronze
3071,4,2,2,1,9,Bronze
3079,4,1,3,1,9,Bronze
3098,3,3,2,1,9,Bronze
3099,4,2,2,1,9,Bronze
3104,4,1,3,1,9,Bronze
3105,3,3,2,1,9,Bronze
3106,4,2,2,1,9,Bronze
3112,4,2,2,1,9,Bronze
3125,4,2,2,1,9,Bronze
3126,4,1,3,1,9,Bronze
3131,3,3,2,1,9,Bronze
3135,3,3,2,1,9,Bronze
3137,4,2,2,1,9,Bronze
3138,3,2,3,1,9,Bronze
3139,4,2,2,1,9,Bronze
3146,4,2,2,1,9,Bronze
3160,4,2,2,1,9,Bronze
3163,4,1,3,1,9,Bronze
3169,4,2,2,1,9,Bronze
3171,4,2,2,1,9,Bronze
3173,2,4,2,1,9,Bronze
3176,4,2,2,1,9,Bronze
3189,4,1,3,1,9,Bronze
3190,4,2,2,1,9,Bronze
3193,3,3,2,1,9,Bronze
3202,4,2,2,1,9,Bronze
3203,4,2,2,1,9,Bronze
3206,4,2,2,1,9,Bronze
3207,4,1,3,1,9,Bronze
3215,4,2,2,1,9,Bronze
3240,4,2,2,1,9,Bronze
3250,4,2,2,1,9,Bronze
3253,4,2,2,1,9,Bronze
3257,4,2,2,1,9,Bronze
3258,4,2,2,1,9,Bronze
3266,4,2,2,1,9,Bronze
3267,4,2,2,1,9,Bronze
3268,4,2,2,1,9,Bronze
3271,4,2,2,1,9,Bronze
3272,4,1,3,1,9,Bronze
3278,4,1,3,1,9,Bronze
3288,4,2,2,1,9,Bronze
3292,4,2,2,1,9,Bronze
3300,4,2,2,1,9,Bronze
3302,4,2,2,1,9,Bronze
3303,4,2,2,1,9,Bronze
3308,4,2,2,1,9,Bronze
3312,3,3,2,1,9,Bronze
3319,4,2,2,1,9,Bronze
3326,4,1,3,1,9,Bronze
3327,4,2,2,1,9,Bronze
3335,4,2,2,1,9,Bronze
3357,4,1,3,1,9,Bronze
3364,2,4,2,1,9,Bronze
3365,4,2,2,1,9,Bronze
3375,4,2,2,1,9,Bronze
3380,4,1,3,1,9,Bronze
3399,4,2,2,1,9,Bronze
3402,4,2,2,1,9,Bronze
3405,4,1,3,1,9,Bronze
3409,4,2,2,1,9,Bronze
3419,4,2,2,1,9,Bronze
3430,4,2,2,1,9,Bronze
3438,4,2,2,1,9,Bronze
3445,4,2,2,1,9,Bronze
3450,4,2,2,1,9,Bronze
3456,4,2,2,1,9,Bronze
3468,4,2,2,1,9,Bronze
3474,4,2,2,1,9,Bronze
3478,4,2,2,1,9,Bronze
3480,4,1,3,1,9,Bronze
3482,4,2,2,1,9,Bronze
3485,4,1,3,1,9,Bronze
3503,4,2,2,1,9,Bronze
3537,4,2,2,1,9,Bronze
3543,4,1,3,1,9,Bronze
3551,4,2,2,1,9,Bronze
3556,3,2,3,1,9,Bronze
3560,4,2,2,1,9,Bronze
3566,4,1,3,1,9,Bronze
3571,4,1,3,1,9,Bronze
3574,4,2,2,1,9,Bronze
3575,4,2,2,1,9,Bronze
3580,4,2,2,1,9,Bronze
3582,4,2,2,1,9,Bronze
3590,4,2,2,1,9,Bronze
3601,4,2,2,1,9,Bronze
3607,4,1,3,1,9,Bronze
3613,4,2,2,1,9,Bronze
3618,4,2,2,1,9,Bronze
3619,4,2,2,1,9,Bronze
3626,4,1,3,1,9,Bronze
3634,4,2,2,1,9,Bronze
3643,4,2,2,1,9,Bronze
3645,4,1,3,1,9,Bronze
3647,4,2,2,1,9,Bronze
3648,4,2,2,1,9,Bronze
3667,4,1,3,1,9,Bronze
3669,4,2,2,1,9,Bronze
3671,4,2,2,1,9,Bronze
3673,4,2,2,1,9,Bronze
3678,4,2,2,1,9,Bronze
3679,4,2,2,1,9,Bronze
3685,4,1,3,1,9,Bronze
3705,3,3,2,1,9,Bronze
3725,3,3,2,1,9,Bronze
3728,4,1,3,1,9,Bronze
3731,4,2,2,1,9,Bronze
3733,4,2,2,1,9,Bronze
3734,4,1,3,1,9,Bronze
3738,4,2,2,1,9,Bronze
3748,4,1,3,1,9,Bronze
3750,4,1,3,1,9,Bronze
3757,4,2,2,1,9,Bronze
3758,4,1,3,1,9,Bronze
3761,4,2,2,1,9,Bronze
3769,4,2,2,1,9,Bronze
3785,4,1,3,1,9,Bronze
3795,4,2,2,1,9,Bronze
3798,3,3,2,1,9,Bronze
3802,4,2,2,1,9,Bronze
3803,4,2,2,1,9,Bronze
3814,4,2,2,1,9,Bronze
3817,4,2,2,1,9,Bronze
3824,4,2,2,1,9,Bronze
3828,4,2,2,1,9,Bronze
3831,4,2,2,1,9,Bronze
3832,4,2,2,1,9,Bronze
3833,4,1,3,1,9,Bronze
3837,4,2,2,1,9,Bronze
3840,2,4,2,1,9,Bronze
3856,4,2,2,1,9,Bronze
3861,4,2,2,1,9,Bronze
3869,4,2,2,1,9,Bronze
3876,3,3,2,1,9,Bronze
3877,3,3,2,1,9,Bronze
3881,4,1,3,1,9,Bronze
3892,4,2,2,1,9,Bronze
3893,4,2,2,1,9,Bronze
3901,4,2,2,1,9,Bronze
3903,4,2,2,1,9,Bronze
3909,2,4,2,1,9,Bronze
3914,4,1,3,1,9,Bronze
3916,4,2,2,1,9,Bronze
3919,4,2,2,1,9,Bronze
3924,3,3,2,1,9,Bronze
3940,4,2,2,1,9,Bronze
3953,4,2,2,1,9,Bronze
3957,4,2,2,1,9,Bronze
3959,4,2,2,1,9,Bronze
3976,3,3,2,1,9,Bronze
3978,4,1,3,1,9,Bronze
3989,4,2,2,1,9,Bronze
4007,4,1,3,1,9,Bronze
4012,3,3,2,1,9,Bronze
4015,4,2,2,1,9,Bronze
4020,3,2,3,1,9,Bronze
4024,4,1,3,1,9,Bronze
4032,4,2,2,1,9,Bronze
4038,3,3,2,1,9,Bronze
4046,4,2,2,1,9,Bronze
4053,4,2,2,1,9,Bronze
4066,4,2,2,1,9,Bronze
4068,4,2,2,1,9,Bronze
4071,4,2,2,1,9,Bronze
4075,4,2,2,1,9,Bronze
4090,4,2,2,1,9,Bronze
4091,4,1,3,1,9,Bronze
4113,4,2,2,1,9,Bronze
4126,4,1,3,1,9,Bronze
4131,4,1,3,1,9,Bronze
4140,3,3,2,1,9,Bronze
4152,4,2,2,1,9,Bronze
4154,4,1,3,1,9,Bronze
4155,4,1,3,1,9,Bronze
4157,3,3,2,1,9,Bronze
4167,3,1,3,2,9,Bronze
4175,4,2,2,1,9,Bronze
4194,4,2,2,1,9,Bronze
4196,4,1,3,1,9,Bronze
4197,4,2,2,1,9,Bronze
4200,4,2,2,1,9,Bronze
4202,4,1,3,1,9,Bronze
4212,4,1,3,1,9,Bronze
4217,4,2,2,1,9,Bronze
4218,4,2,2,1,9,Bronze
4219,4,2,2,1,9,Bronze
4222,4,1,3,1,9,Bronze
4233,4,2,2,1,9,Bronze
4240,4,2,2,1,9,Bronze
4242,4,2,2,1,9,Bronze
4251,4,1,3,1,9,Bronze
4254,3,2,3,1,9,Bronze
4257,4,2,2,1,9,Bronze
4268,4,1,3,1,9,Bronze
4270,4,1,3,1,9,Bronze
4272,4,1,3,1,9,Bronze
4275,4,1,3,1,9,Bronze
4278,3,3,2,1,9,Bronze
4287,4,1,3,1,9,Bronze
4290,4,2,2,1,9,Bronze
4301,4,2,2,1,9,Bronze
4322,4,1,3,1,9,Bronze
4340,4,2,2,1,9,Bronze
4346,4,1,3,1,9,Bronze
4352,4,1,3,1,9,Bronze
4354,4,1,3,1,9,Bronze
4362,4,1,3,1,9,Bronze
4365,4,2,2,1,9,Bronze
4370,4,2,2,1,9,Bronze
4371,4,2,2,1,9,Bronze
4375,4,1,3,1,9,Bronze
4377,4,1,3,1,9,Bronze
4385,2,4,2,1,9,Bronze
4391,4,2,2,1,9,Bronze
4402,4,2,2,1,9,Bronze
4405,4,1,3,1,9,Bronze
4414,4,2,2,1,9,Bronze
4419,4,2,2,1,9,Bronze
4447,3,3,2,1,9,Bronze
4449,4,1,3,1,9,Bronze
4458,3,2,3,1,9,Bronze
4460,4,2,2,1,9,Bronze
4475,4,2,2,1,9,Bronze
4480,3,3,2,1,9,Bronze
4492,4,2,2,1,9,Bronze
4496,4,1,3,1,9,Bronze
4503,4,2,2,1,9,Bronze
4507,4,1,3,1,9,Bronze
4512,4,2,2,1,9,Bronze
4518,4,2,2,1,9,Bronze
4525,4,2,2,1,9,Bronze
4526,3,3,2,1,9,Bronze
4528,4,2,2,1,9,Bronze
4529,4,1,3,1,9,Bronze
4530,4,2,2,1,9,Bronze
4532,4,2,2,1,9,Bronze
4554,3,3,2,1,9,Bronze
4559,4,2,2,1,9,Bronze
4562,4,1,3,1,9,Bronze
4570,4,1,3,1,9,Bronze
4574,4,2,2,1,9,Bronze
4584,4,1,3,1,9,Bronze
4586,4,1,3,1,9,Bronze
4593,4,2,2,1,9,Bronze
4607,4,2,2,1,9,Bronze
4612,4,1,3,1,9,Bronze
4630,4,2,2,1,9,Bronze
4634,4,2,2,1,9,Bronze
4637,4,1,3,1,9,Bronze
4648,4,1,3,1,9,Bronze
4663,4,2,2,1,9,Bronze
4664,4,1,3,1,9,Bronze
4668,4,2,2,1,9,Bronze
4669,4,2,2,1,9,Bronze
4672,4,2,2,1,9,Bronze
4676,4,2,2,1,9,Bronze
4679,4,2,2,1,9,Bronze
4686,4,1,3,1,9,Bronze
4694,4,2,2,1,9,Bronze
4698,4,2,2,1,9,Bronze
4703,4,1,3,1,9,Bronze
4708,4,1,3,1,9,Bronze
4709,4,2,2,1,9,Bronze
4715,4,2,2,1,9,Bronze
4718,4,2,2,1,9,Bronze
4725,3,3,2,1,9,Bronze
4727,4,2,2,1,9,Bronze
4734,4,1,3,1,9,Bronze
4738,4,2,2,1,9,Bronze
4748,4,2,2,1,9,Bronze
4754,4,1,3,1,9,Bronze
4759,4,2,2,1,9,Bronze
4765,4,2,2,1,9,Bronze
4766,4,2,2,1,9,Bronze
4779,4,2,2,1,9,Bronze
4783,4,2,2,1,9,Bronze
4784,4,2,2,1,9,Bronze
4786,4,1,3,1,9,Bronze
4791,4,2,2,1,9,Bronze
4794,4,2,2,1,9,Bronze
4816,4,2,2,1,9,Bronze
4822,4,1,3,1,9,Bronze
4823,4,2,2,1,9,Bronze
4839,4,2,2,1,9,Bronze
4841,4,2,2,1,9,Bronze
4843,4,2,2,1,9,Bronze
4846,4,2,2,1,9,Bronze
4861,4,1,3,1,9,Bronze
4867,4,1,3,1,9,Bronze
4873,4,1,3,1,9,Bronze
4899,4,2,2,1,9,Bronze
4904,4,2,2,1,9,Bronze
4907,3,3,2,1,9,Bronze
4912,4,1,3,1,9,Bronze
4914,3,2,3,1,9,Bronze
4916,4,2,2,1,9,Bronze
4924,4,2,2,1,9,Bronze
4925,4,2,2,1,9,Bronze
4927,4,1,3,1,9,Bronze
4929,4,2,2,1,9,Bronze
4931,3,3,2,1,9,Bronze
4940,4,2,2,1,9,Bronze
4953,4,2,2,1,9,Bronze
4954,4,2,2,1,9,Bronze
4958,4,2,2,1,9,Bronze
4959,4,2,2,1,9,Bronze
4961,4,2,2,1,9,Bronze
4964,4,2,2,1,9,Bronze
4965,4,2,2,1,9,Bronze
4968,4,2,2,1,9,Bronze
4972,4,2,2,1,9,Bronze
4977,4,1,3,1,9,Bronze
4978,4,2,2,1,9,Bronze
4981,3,2,3,1,9,Bronze
4984,4,2,2,1,9,Bronze
4988,4,2,2,1,9,Bronze
4991,4,1,3,1,9,Bronze
4997,4,1,3,1,9,Bronze
5,4,2,3,1,10,Silver
8,4,2,3,1,10,Silver
17,4,2,3,1,10,Silver
28,4,2,3,1,10,Silver
33,4,2,3,1,10,Silver
40,4,1,3,2,10,Silver
49,4,3,2,1,10,Silver
56,4,2,3,1,10,Silver
62,4,2,3,1,10,Silver
73,4,3,2,1,10,Silver
77,4,3,2,1,10,Silver
102,4,2,3,1,10,Silver
106,4,1,3,2,10,Silver
119,4,3,2,1,10,Silver
133,4,3,2,1,10,Silver
138,4,3,2,1,10,Silver
140,4,3,2,1,10,Silver
144,4,2,3,1,10,Silver
148,4,2,3,1,10,Silver
160,4,2,3,1,10,Silver
167,2,5,2,1,10,Silver
175,4,3,2,1,10,Silver
176,4,2,3,1,10,Silver
190,3,4,2,1,10,Silver
194,4,2,3,1,10,Silver
206,4,3,2,1,10,Silver
224,4,3,2,1,10,Silver
229,4,3,2,1,10,Silver
231,4,2,3,1,10,Silver
233,3,4,2,1,10,Silver
236,4,3,2,1,10,Silver
238,4,2,3,1,10,Silver
239,4,2,3,1,10,Silver
251,4,2,3,1,10,Silver
260,3,4,2,1,10,Silver
272,4,3,2,1,10,Silver
280,3,4,2,1,10,Silver
285,3,4,2,1,10,Silver
291,3,4,2,1,10,Silver
303,4,3,2,1,10,Silver
312,4,3,2,1,10,Silver
332,4,2,3,1,10,Silver
333,4,3,2,1,10,Silver
343,4,2,3,1,10,Silver
345,3,4,2,1,10,Silver
353,4,2,3,1,10,Silver
361,4,3,2,1,10,Silver
362,3,4,2,1,10,Silver
366,4,3,2,1,10,Silver
368,3,3,3,1,10,Silver
373,4,3,2,1,10,Silver
376,4,2,3,1,10,Silver
379,4,3,2,1,10,Silver
389,4,3,2,1,10,Silver
393,3,4,2,1,10,Silver
394,4,3,2,1,10,Silver
395,4,2,3,1,10,Silver
410,4,2,3,1,10,Silver
429,3,4,2,1,10,Silver
443,4,2,3,1,10,Silver
444,4,3,2,1,10,Silver
450,4,2,3,1,10,Silver
452,4,2,3,1,10,Silver
453,4,2,3,1,10,Silver
461,4,2,3,1,10,Silver
462,4,2,3,1,10,Silver
470,4,3,2,1,10,Silver
482,4,1,3,2,10,Silver
487,4,2,3,1,10,Silver
505,4,2,3,1,10,Silver
507,4,3,2,1,10,Silver
511,4,2,3,1,10,Silver
526,4,3,2,1,10,Silver
531,4,3,2,1,10,Silver
539,4,3,2,1,10,Silver
548,3,4,2,1,10,Silver
553,4,2,3,1,10,Silver
557,4,3,2,1,10,Silver
559,4,3,2,1,10,Silver
563,4,2,3,1,10,Silver
565,3,4,2,1,10,Silver
567,4,2,3,1,10,Silver
571,4,2,3,1,10,Silver
579,4,1,3,2,10,Silver
585,4,2,3,1,10,Silver
591,2,5,2,1,10,Silver
615,3,4,2,1,10,Silver
616,4,2,3,1,10,Silver
618,4,3,2,1,10,Silver
622,4,3,2,1,10,Silver
636,4,2,3,1,10,Silver
639,4,3,2,1,10,Silver
641,4,3,2,1,10,Silver
643,4,3,2,1,10,Silver
649,4,2,3,1,10,Silver
651,4,2,3,1,10,Silver
655,4,3,2,1,10,Silver
659,4,2,3,1,10,Silver
660,3,4,2,1,10,Silver
674,4,3,2,1,10,Silver
677,4,3,2,1,10,Silver
683,4,2,3,1,10,Silver
686,4,3,2,1,10,Silver
687,4,2,3,1,10,Silver
688,4,2,3,1,10,Silver
689,4,3,2,1,10,Silver
723,4,3,2,1,10,Silver
724,4,3,2,1,10,Silver
725,4,2,3,1,10,Silver
726,4,3,2,1,10,Silver
728,3,4,2,1,10,Silver
733,4,2,3,1,10,Silver
744,4,3,2,1,10,Silver
745,4,3,2,1,10,Silver
752,4,2,3,1,10,Silver
764,4,3,2,1,10,Silver
770,2,5,2,1,10,Silver
787,4,3,2,1,10,Silver
788,4,3,2,1,10,Silver
809,4,3,2,1,10,Silver
818,4,3,2,1,10,Silver
829,4,3,2,1,10,Silver
857,4,3,2,1,10,Silver
879,4,3,2,1,10,Silver
885,4,3,2,1,10,Silver
886,4,3,2,1,10,Silver
889,4,1,3,2,10,Silver
904,4,3,2,1,10,Silver
908,4,2,3,1,10,Silver
917,4,3,2,1,10,Silver
936,4,2,3,1,10,Silver
937,4,3,2,1,10,Silver
938,4,2,3,1,10,Silver
939,4,3,2,1,10,Silver
950,4,3,2,1,10,Silver
954,4,3,2,1,10,Silver
961,4,2,3,1,10,Silver
962,4,2,3,1,10,Silver
970,4,2,3,1,10,Silver
998,4,2,3,1,10,Silver
1002,4,3,2,1,10,Silver
1003,4,2,3,1,10,Silver
1029,4,2,3,1,10,Silver
1036,4,3,2,1,10,Silver
1045,4,3,2,1,10,Silver
1047,3,4,2,1,10,Silver
1049,4,2,3,1,10,Silver
1052,4,3,2,1,10,Silver
1054,4,3,2,1,10,Silver
1067,4,2,3,1,10,Silver
1091,4,2,3,1,10,Silver
1092,4,3,2,1,10,Silver
1094,4,2,3,1,10,Silver
1095,4,1,3,2,10,Silver
1098,4,3,2,1,10,Silver
1100,4,3,2,1,10,Silver
1101,4,3,2,1,10,Silver
1110,4,2,3,1,10,Silver
1111,4,2,3,1,10,Silver
1117,4,2,3,1,10,Silver
1119,4,3,2,1,10,Silver
1129,4,3,2,1,10,Silver
1132,4,3,2,1,10,Silver
1136,4,2,3,1,10,Silver
1158,4,3,2,1,10,Silver
1173,4,2,3,1,10,Silver
1185,3,4,2,1,10,Silver
1186,4,2,3,1,10,Silver
1196,4,2,3,1,10,Silver
1207,4,2,3,1,10,Silver
1229,4,2,3,1,10,Silver
1233,4,1,3,2,10,Silver
1243,4,3,2,1,10,Silver
1251,4,2,3,1,10,Silver
1255,4,3,2,1,10,Silver
1262,4,3,2,1,10,Silver
1264,4,3,2,1,10,Silver
1286,4,2,3,1,10,Silver
1296,4,3,2,1,10,Silver
1300,3,3,3,1,10,Silver
1313,4,3,2,1,10,Silver
1329,4,3,2,1,10,Silver
1332,4,3,2,1,10,Silver
1371,4,2,2,2,10,Silver
1385,4,2,3,1,10,Silver
1387,3,4,2,1,10,Silver
1389,4,3,2,1,10,Silver
1391,4,3,2,1,10,Silver
1393,4,3,2,1,10,Silver
1402,4,2,3,1,10,Silver
1403,4,3,2,1,10,Silver
1412,4,2,3,1,10,Silver
1414,4,3,2,1,10,Silver
1424,4,3,2,1,10,Silver
1429,4,3,2,1,10,Silver
1433,4,3,2,1,10,Silver
1440,4,2,3,1,10,Silver
1448,4,3,2,1,10,Silver
1449,3,4,2,1,10,Silver
1475,4,3,2,1,10,Silver
1488,4,2,3,1,10,Silver
1501,4,3,2,1,10,Silver
1511,4,3,2,1,10,Silver
1520,4,3,2,1,10,Silver
1522,4,2,3,1,10,Silver
1523,4,2,2,2,10,Silver
1526,4,3,2,1,10,Silver
1527,4,3,2,1,10,Silver
1529,4,3,2,1,10,Silver
1535,4,3,2,1,10,Silver
1536,4,3,2,1,10,Silver
1541,4,2,3,1,10,Silver
1543,4,3,2,1,10,Silver
1551,4,1,3,2,10,Silver
1570,4,3,2,1,10,Silver
1575,4,2,3,1,10,Silver
1585,4,3,2,1,10,Silver
1596,4,2,3,1,10,Silver
1597,4,2,3,1,10,Silver
1608,4,2,3,1,10,Silver
1625,4,2,3,1,10,Silver
1632,4,2,3,1,10,Silver
1635,4,3,2,1,10,Silver
1642,3,4,2,1,10,Silver
1643,4,2,3,1,10,Silver
1649,4,3,2,1,10,Silver
1658,4,3,2,1,10,Silver
1659,4,2,3,1,10,Silver
1666,4,3,2,1,10,Silver
1671,4,2,3,1,10,Silver
1679,4,2,3,1,10,Silver
1682,3,4,2,1,10,Silver
1686,4,2,3,1,10,Silver
1692,3,3,3,1,10,Silver
1694,4,2,3,1,10,Silver
1712,4,3,2,1,10,Silver
1722,4,2,3,1,10,Silver
1734,4,3,2,1,10,Silver
1738,4,3,2,1,10,Silver
1742,4,2,3,1,10,Silver
1755,4,3,2,1,10,Silver
1772,3,4,2,1,10,Silver
1773,4,2,3,1,10,Silver
1781,4,3,2,1,10,Silver
1784,4,3,2,1,10,Silver
1789,4,3,2,1,10,Silver
1799,4,2,3,1,10,Silver
1805,4,3,2,1,10,Silver
1826,4,1,3,2,10,Silver
1834,4,1,4,1,10,Silver
1837,2,5,2,1,10,Silver
1844,4,2,3,1,10,Silver
1849,4,2,3,1,10,Silver
1857,4,2,3,1,10,Silver
1867,4,3,2,1,10,Silver
1873,4,2,3,1,10,Silver
1880,4,3,2,1,10,Silver
1883,4,1,3,2,10,Silver
1885,4,2,3,1,10,Silver
1908,4,2,3,1,10,Silver
1918,4,3,2,1,10,Silver
1921,4,3,2,1,10,Silver
1925,4,3,2,1,10,Silver
1931,4,3,2,1,10,Silver
1934,4,3,2,1,10,Silver
1936,3,3,3,1,10,Silver
1939,4,3,2,1,10,Silver
1940,4,2,3,1,10,Silver
1944,4,2,3,1,10,Silver
1953,4,2,3,1,10,Silver
1967,4,3,2,1,10,Silver
1976,4,2,3,1,10,Silver
1977,4,3,2,1,10,Silver
2004,4,2,3,1,10,Silver
2006,4,3,2,1,10,Silver
2009,4,3,2,1,10,Silver
2015,4,2,3,1,10,Silver
2017,4,3,2,1,10,Silver
2018,4,3,2,1,10,Silver
2028,4,2,3,1,10,Silver
2038,4,3,2,1,10,Silver
2045,4,2,3,1,10,Silver
2046,4,2,3,1,10,Silver
2055,4,3,2,1,10,Silver
2059,4,2,3,1,10,Silver
2063,4,3,2,1,10,Silver
2072,4,3,2,1,10,Silver
2081,4,3,2,1,10,Silver
2085,4,2,3,1,10,Silver
2089,3,3,3,1,10,Silver
2099,4,2,3,1,10,Silver
2112,4,3,2,1,10,Silver
2117,4,2,3,1,10,Silver
2121,4,2,3,1,10,Silver
2125,4,3,2,1,10,Silver
2135,4,3,2,1,10,Silver
2152,3,3,3,1,10,Silver
2168,4,3,2,1,10,Silver
2172,4,3,2,1,10,Silver
2173,4,3,2,1,10,Silver
2189,3,4,2,1,10,Silver
2195,4,3,2,1,10,Silver
2198,4,2,3,1,10,Silver
2201,4,2,3,1,10,Silver
2208,4,3,2,1,10,Silver
2226,3,4,2,1,10,Silver
2228,4,3,2,1,10,Silver
2230,4,3,2,1,10,Silver
2231,4,2,3,1,10,Silver
2233,4,2,3,1,10,Silver
2254,4,3,2,1,10,Silver
2260,4,3,2,1,10,Silver
2286,4,2,3,1,10,Silver
2293,4,3,2,1,10,Silver
2294,4,3,2,1,10,Silver
2302,4,2,3,1,10,Silver
2312,4,2,3,1,10,Silver
2332,4,1,3,2,10,Silver
2340,3,4,2,1,10,Silver
2348,3,4,2,1,10,Silver
2349,4,3,2,1,10,Silver
2360,4,2,3,1,10,Silver
2364,4,3,2,1,10,Silver
2370,4,2,3,1,10,Silver
2381,4,3,2,1,10,Silver
2386,4,2,3,1,10,Silver
2388,3,4,2,1,10,Silver
2389,4,3,2,1,10,Silver
2393,4,2,3,1,10,Silver
2434,4,3,2,1,10,Silver
2443,4,2,3,1,10,Silver
2448,3,4,2,1,10,Silver
2458,4,3,2,1,10,Silver
2464,4,2,3,1,10,Silver
2465,4,2,3,1,10,Silver
2473,4,3,2,1,10,Silver
2486,4,2,3,1,10,Silver
2487,4,2,3,1,10,Silver
2501,4,2,3,1,10,Silver
2504,4,3,2,1,10,Silver
2505,4,3,2,1,10,Silver
2509,4,2,3,1,10,Silver
2514,4,2,3,1,10,Silver
2543,4,2,3,1,10,Silver
2548,4,3,2,1,10,Silver
2558,4,1,3,2,10,Silver
2559,4,2,3,1,10,Silver
2561,4,2,3,1,10,Silver
2563,4,2,3,1,10,Silver
2564,4,3,2,1,10,Silver
2576,4,2,3,1,10,Silver
2577,4,2,3,1,10,Silver
2591,4,3,2,1,10,Silver
2592,4,2,3,1,10,Silver
2605,4,2,3,1,10,Silver
2617,4,2,3,1,10,Silver
2618,4,3,2,1,10,Silver
2628,4,3,2,1,10,Silver
2631,4,3,2,1,10,Silver
2637,4,3,2,1,10,Silver
2643,4,1,3,2,10,Silver
2660,4,3,2,1,10,Silver
2661,4,3,2,1,10,Silver
2672,4,2,3,1,10,Silver
2673,4,2,3,1,10,Silver
2674,4,2,3,1,10,Silver
2679,4,3,2,1,10,Silver
2682,4,3,2,1,10,Silver
2683,4,2,3,1,10,Silver
2687,4,3,2,1,10,Silver
2690,2,5,2,1,10,Silver
2695,4,3,2,1,10,Silver
2699,4,3,2,1,10,Silver
2709,4,3,2,1,10,Silver
2714,4,2,3,1,10,Silver
2723,4,3,2,1,10,Silver
2736,4,3,2,1,10,Silver
2739,4,3,2,1,10,Silver
2742,4,3,2,1,10,Silver
2747,4,2,3,1,10,Silver
2758,4,2,3,1,10,Silver
2771,4,3,2,1,10,Silver
2774,4,2,3,1,10,Silver
2780,4,2,3,1,10,Silver
2782,4,3,2,1,10,Silver
2800,4,3,2,1,10,Silver
2803,4,3,2,1,10,Silver
2818,4,3,2,1,10,Silver
2825,3,4,2,1,10,Silver
2828,4,2,3,1,10,Silver
2840,3,4,2,1,10,Silver
2847,4,2,3,1,10,Silver
2860,4,3,2,1,10,Silver
2863,4,2,3,1,10,Silver
2867,4,3,2,1,10,Silver
2876,4,2,3,1,10,Silver
2881,4,2,3,1,10,Silver
2883,4,3,2,1,10,Silver
2887,4,3,2,1,10,Silver
2906,4,3,2,1,10,Silver
2910,4,3,2,1,10,Silver
2912,2,5,2,1,10,Silver
2926,4,2,3,1,10,Silver
2934,4,2,3,1,10,Silver
2935,4,2,3,1,10,Silver
2937,4,2,3,1,10,Silver
2945,4,3,2,1,10,Silver
2948,3,4,2,1,10,Silver
2972,4,3,2,1,10,Silver
2979,4,3,2,1,10,Silver
2990,4,2,3,1,10,Silver
2992,4,3,2,1,10,Silver
3010,4,3,2,1,10,Silver
3011,3,4,2,1,10,Silver
3017,4,3,2,1,10,Silver
3042,4,3,2,1,10,Silver
3052,4,3,2,1,10,Silver
3064,3,4,2,1,10,Silver
3066,4,2,3,1,10,Silver
3070,4,2,3,1,10,Silver
3088,4,2,3,1,10,Silver
3090,4,2,3,1,10,Silver
3110,4,2,3,1,10,Silver
3111,4,3,2,1,10,Silver
3117,4,2,3,1,10,Silver
3130,4,2,3,1,10,Silver
3134,4,2,3,1,10,Silver
3142,4,2,3,1,10,Silver
3158,4,3,2,1,10,Silver
3159,4,1,4,1,10,Silver
3162,4,3,2,1,10,Silver
3175,4,2,3,1,10,Silver
3191,4,2,3,1,10,Silver
3204,4,2,3,1,10,Silver
3217,4,3,2,1,10,Silver
3225,4,3,2,1,10,Silver
3227,4,3,2,1,10,Silver
3228,4,2,3,1,10,Silver
3229,4,3,2,1,10,Silver
3237,4,2,3,1,10,Silver
3242,4,3,2,1,10,Silver
3251,4,2,3,1,10,Silver
3262,3,4,2,1,10,Silver
3275,4,3,2,1,10,Silver
3281,4,3,2,1,10,Silver
3283,4,3,2,1,10,Silver
3287,4,2,3,1,10,Silver
3294,4,3,2,1,10,Silver
3295,4,2,3,1,10,Silver
3334,4,2,3,1,10,Silver
3338,4,2,3,1,10,Silver
3343,4,2,3,1,10,Silver
3346,4,3,2,1,10,Silver
3355,4,3,2,1,10,Silver
3358,4,2,3,1,10,Silver
3371,4,3,2,1,10,Silver
3379,4,3,2,1,10,Silver
3381,4,2,3,1,10,Silver
3388,4,2,3,1,10,Silver
3392,4,3,2,1,10,Silver
3398,4,3,2,1,10,Silver
3413,4,2,3,1,10,Silver
3421,4,2,3,1,10,Silver
3424,4,3,2,1,10,Silver
3436,4,3,2,1,10,Silver
3444,4,2,3,1,10,Silver
3473,4,3,2,1,10,Silver
3476,4,3,2,1,10,Silver
3484,4,3,2,1,10,Silver
3487,4,2,3,1,10,Silver
3488,4,2,3,1,10,Silver
3493,4,2,3,1,10,Silver
3497,3,4,2,1,10,Silver
3501,4,3,2,1,10,Silver
3504,4,2,3,1,10,Silver
3513,3,4,2,1,10,Silver
3522,4,3,2,1,10,Silver
3524,2,5,2,1,10,Silver
3531,4,2,3,1,10,Silver
3533,4,3,2,1,10,Silver
3536,4,3,2,1,10,Silver
3538,4,3,2,1,10,Silver
3567,4,1,3,2,10,Silver
3578,4,2,3,1,10,Silver
3579,3,4,2,1,10,Silver
3586,4,2,3,1,10,Silver
3595,4,3,2,1,10,Silver
3599,4,3,2,1,10,Silver
3608,4,2,3,1,10,Silver
3612,4,2,3,1,10,Silver
3621,3,4,2,1,10,Silver
3625,4,2,3,1,10,Silver
3627,4,2,3,1,10,Silver
3628,4,3,2,1,10,Silver
3635,4,3,2,1,10,Silver
3636,4,3,2,1,10,Silver
3637,4,2,3,1,10,Silver
3652,4,3,2,1,10,Silver
3654,4,2,3,1,10,Silver
3657,4,3,2,1,10,Silver
3659,4,3,2,1,10,Silver
3676,4,2,3,1,10,Silver
3698,4,2,3,1,10,Silver
3700,4,2,3,1,10,Silver
3714,4,3,2,1,10,Silver
3726,4,3,2,1,10,Silver
3745,4,3,2,1,10,Silver
3753,4,3,2,1,10,Silver
3754,4,2,3,1,10,Silver
3760,4,3,2,1,10,Silver
3776,4,3,2,1,10,Silver
3790,4,3,2,1,10,Silver
3793,4,3,2,1,10,Silver
3808,4,3,2,1,10,Silver
3810,4,3,2,1,10,Silver
3819,4,3,2,1,10,Silver
3821,4,2,3,1,10,Silver
3839,4,3,2,1,10,Silver
3845,4,3,2,1,10,Silver
3865,4,3,2,1,10,Silver
3867,4,3,2,1,10,Silver
3874,4,3,2,1,10,Silver
3875,4,3,2,1,10,Silver
3886,4,3,2,1,10,Silver
3890,4,3,2,1,10,Silver
3905,4,3,2,1,10,Silver
3915,4,3,2,1,10,Silver
3918,4,2,3,1,10,Silver
3921,4,3,2,1,10,Silver
3931,4,2,3,1,10,Silver
3944,4,3,2,1,10,Silver
3949,4,2,3,1,10,Silver
3954,4,2,3,1,10,Silver
3968,4,2,3,1,10,Silver
3986,4,3,2,1,10,Silver
3995,4,2,3,1,10,Silver
3996,4,3,2,1,10,Silver
3998,4,3,2,1,10,Silver
4005,4,3,2,1,10,Silver
4017,4,2,3,1,10,Silver
4040,4,3,2,1,10,Silver
4041,4,3,2,1,10,Silver
4042,4,2,3,1,10,Silver
4050,4,3,2,1,10,Silver
4051,4,3,2,1,10,Silver
4054,3,4,2,1,10,Silver
4079,4,3,2,1,10,Silver
4106,3,4,2,1,10,Silver
4107,4,3,2,1,10,Silver
4109,4,3,2,1,10,Silver
4111,4,2,3,1,10,Silver
4112,4,3,2,1,10,Silver
4114,4,2,3,1,10,Silver
4116,4,2,3,1,10,Silver
4130,4,3,2,1,10,Silver
4136,4,3,2,1,10,Silver
4149,4,3,2,1,10,Silver
4158,4,2,3,1,10,Silver
4159,4,3,2,1,10,Silver
4160,4,3,2,1,10,Silver
4165,4,2,3,1,10,Silver
4179,4,3,2,1,10,Silver
4180,3,4,2,1,10,Silver
4193,3,3,3,1,10,Silver
4195,4,3,2,1,10,Silver
4198,4,3,2,1,10,Silver
4209,4,2,3,1,10,Silver
4213,4,3,2,1,10,Silver
4220,4,3,2,1,10,Silver
4226,3,4,2,1,10,Silver
4229,4,2,3,1,10,Silver
4230,4,3,2,1,10,Silver
4244,4,2,3,1,10,Silver
4256,4,3,2,1,10,Silver
4263,4,2,3,1,10,Silver
4274,4,3,2,1,10,Silver
4279,4,3,2,1,10,Silver
4294,4,3,2,1,10,Silver
4296,4,3,2,1,10,Silver
4300,4,3,2,1,10,Silver
4308,4,3,2,1,10,Silver
4309,3,4,2,1,10,Silver
4320,4,1,3,2,10,Silver
4327,4,3,2,1,10,Silver
4348,4,2,3,1,10,Silver
4349,4,3,2,1,10,Silver
4368,4,3,2,1,10,Silver
4369,4,1,3,2,10,Silver
4372,4,3,2,1,10,Silver
4376,4,2,3,1,10,Silver
4400,4,3,2,1,10,Silver
4404,4,3,2,1,10,Silver
4407,4,2,3,1,10,Silver
4411,4,3,2,1,10,Silver
4418,4,3,2,1,10,Silver
4424,4,3,2,1,10,Silver
4425,4,3,2,1,10,Silver
4429,4,2,3,1,10,Silver
4432,4,2,3,1,10,Silver
4439,3,1,4,2,10,Silver
4448,4,3,2,1,10,Silver
4451,4,2,3,1,10,Silver
4478,4,2,3,1,10,Silver
4485,4,3,2,1,10,Silver
4488,3,4,2,1,10,Silver
4513,4,2,3,1,10,Silver
4520,4,2,3,1,10,Silver
4533,4,2,3,1,10,Silver
4534,4,3,2,1,10,Silver
4536,4,3,2,1,10,Silver
4550,4,1,3,2,10,Silver
4557,4,2,3,1,10,Silver
4577,4,3,2,1,10,Silver
4589,3,3,3,1,10,Silver
4598,4,3,2,1,10,Silver
4600,4,2,3,1,10,Silver
4618,4,3,2,1,10,Silver
4619,4,3,2,1,10,Silver
4625,4,2,3,1,10,Silver
4636,4,3,2,1,10,Silver
4638,4,3,2,1,10,Silver
4660,4,3,2,1,10,Silver
4665,4,3,2,1,10,Silver
4670,4,3,2,1,10,Silver
4680,4,1,3,2,10,Silver
4712,4,1,4,1,10,Silver
4723,4,2,3,1,10,Silver
4746,4,3,2,1,10,Silver
4747,4,3,2,1,10,Silver
4760,4,2,3,1,10,Silver
4761,4,2,3,1,10,Silver
4778,4,3,2,1,10,Silver
4780,4,3,2,1,10,Silver
4805,4,2,3,1,10,Silver
4807,4,2,3,1,10,Silver
4821,4,2,3,1,10,Silver
4828,4,3,2,1,10,Silver
4830,4,3,2,1,10,Silver
4832,4,3,2,1,10,Silver
4833,4,3,2,1,10,Silver
4838,4,3,2,1,10,Silver
4840,4,3,2,1,10,Silver
4855,4,2,3,1,10,Silver
4871,4,3,2,1,10,Silver
4877,4,2,3,1,10,Silver
4880,4,3,2,1,10,Silver
4882,3,4,2,1,10,Silver
4890,3,4,2,1,10,Silver
4896,4,3,2,1,10,Silver
4901,4,2,3,1,10,Silver
4902,4,2,3,1,10,Silver
4915,4,3,2,1,10,Silver
4932,4,2,3,1,10,Silver
4933,4,3,2,1,10,Silver
4936,4,2,3,1,10,Silver
4939,4,3,2,1,10,Silver
4947,4,3,2,1,10,Silver
4950,4,3,2,1,10,Silver
4975,4,3,2,1,10,Silver
4987,3,4,2,1,10,Silver
1,4,2,3,2,11,Silver
4,4,4,2,1,11,Silver
19,4,2,3,2,11,Silver
21,4,4,2,1,11,Silver
26,4,3,3,1,11,Silver
32,4,3,3,1,11,Silver
35,4,2,3,2,11,Silver
39,4,3,3,1,11,Silver
42,4,3,3,1,11,Silver
43,4,1,4,2,11,Silver
54,4,4,2,1,11,Silver
57,4,4,2,1,11,Silver
66,4,3,3,1,11,Silver
69,4,4,2,1,11,Silver
74,4,3,3,1,11,Silver
79,4,4,2,1,11,Silver
93,4,3,3,1,11,Silver
112,4,4,2,1,11,Silver
115,4,4,2,1,11,Silver
118,4,4,2,1,11,Silver
122,3,5,2,1,11,Silver
125,4,4,2,1,11,Silver
128,4,3,3,1,11,Silver
141,4,2,3,2,11,Silver
146,4,4,2,1,11,Silver
149,4,4,2,1,11,Silver
157,4,2,3,2,11,Silver
162,4,4,2,1,11,Silver
163,4,4,2,1,11,Silver
168,4,3,3,1,11,Silver
169,4,4,2,1,11,Silver
198,4,4,2,1,11,Silver
207,4,4,2,1,11,Silver
211,4,3,3,1,11,Silver
219,4,4,2,1,11,Silver
242,4,4,2,1,11,Silver
264,4,3,3,1,11,Silver
268,4,4,2,1,11,Silver
274,4,4,2,1,11,Silver
278,4,3,3,1,11,Silver
289,4,3,3,1,11,Silver
296,4,4,2,1,11,Silver
321,4,2,3,2,11,Silver
335,4,4,2,1,11,Silver
337,4,3,3,1,11,Silver
341,4,4,2,1,11,Silver
346,4,4,2,1,11,Silver
375,4,3,3,1,11,Silver
411,4,4,2,1,11,Silver
421,4,4,2,1,11,Silver
425,4,3,3,1,11,Silver
433,4,3,3,1,11,Silver
439,4,4,2,1,11,Silver
447,4,4,2,1,11,Silver
454,4,3,3,1,11,Silver
466,3,5,2,1,11,Silver
472,4,3,3,1,11,Silver
477,4,4,2,1,11,Silver
490,4,3,3,1,11,Silver
497,4,4,2,1,11,Silver
514,4,4,2,1,11,Silver
516,4,4,2,1,11,Silver
517,4,3,3,1,11,Silver
521,4,3,3,1,11,Silver
523,4,3,3,1,11,Silver
527,4,4,2,1,11,Silver
536,4,3,3,1,11,Silver
540,4,4,2,1,11,Silver
542,4,4,2,1,11,Silver
545,4,3,3,1,11,Silver
560,4,4,2,1,11,Silver
564,4,4,2,1,11,Silver
577,4,4,2,1,11,Silver
602,4,3,3,1,11,Silver
609,3,5,2,1,11,Silver
610,4,2,3,2,11,Silver
624,4,3,3,1,11,Silver
630,4,2,3,2,11,Silver
658,4,3,3,1,11,Silver
665,4,4,2,1,11,Silver
669,4,3,3,1,11,Silver
675,4,3,3,1,11,Silver
699,4,4,2,1,11,Silver
701,4,4,2,1,11,Silver
704,4,3,3,1,11,Silver
737,4,4,2,1,11,Silver
742,4,3,3,1,11,Silver
758,4,4,2,1,11,Silver
768,4,4,2,1,11,Silver
771,4,4,2,1,11,Silver
775,4,4,2,1,11,Silver
779,4,3,3,1,11,Silver
786,4,4,2,1,11,Silver
794,4,4,2,1,11,Silver
795,4,4,2,1,11,Silver
815,4,3,3,1,11,Silver
830,4,4,2,1,11,Silver
842,4,3,3,1,11,Silver
846,4,3,3,1,11,Silver
851,4,3,3,1,11,Silver
854,4,4,2,1,11,Silver
855,4,2,4,1,11,Silver
858,3,5,2,1,11,Silver
863,4,3,3,1,11,Silver
864,4,3,3,1,11,Silver
873,4,4,2,1,11,Silver
888,4,3,3,1,11,Silver
891,4,4,2,1,11,Silver
898,4,3,3,1,11,Silver
901,4,3,3,1,11,Silver
902,4,3,3,1,11,Silver
911,4,4,2,1,11,Silver
915,4,4,2,1,11,Silver
941,4,4,2,1,11,Silver
973,4,3,3,1,11,Silver
977,4,3,3,1,11,Silver
983,4,3,3,1,11,Silver
1006,4,4,2,1,11,Silver
1007,4,4,2,1,11,Silver
1013,4,4,2,1,11,Silver
1017,4,4,2,1,11,Silver
1018,4,4,2,1,11,Silver
1023,4,2,3,2,11,Silver
1025,4,4,2,1,11,Silver
1027,4,4,2,1,11,Silver
1041,4,3,3,1,11,Silver
1069,4,4,2,1,11,Silver
1084,4,4,2,1,11,Silver
1093,4,3,3,1,11,Silver
1097,4,4,2,1,11,Silver
1115,4,3,3,1,11,Silver
1116,4,3,3,1,11,Silver
1122,4,4,2,1,11,Silver
1123,4,3,3,1,11,Silver
1133,4,4,2,1,11,Silver
1134,4,4,2,1,11,Silver
1137,3,5,2,1,11,Silver
1139,4,4,2,1,11,Silver
1143,4,4,2,1,11,Silver
1146,4,2,3,2,11,Silver
1149,4,3,3,1,11,Silver
1152,4,4,2,1,11,Silver
1154,4,4,2,1,11,Silver
1170,4,4,2,1,11,Silver
1176,4,4,2,1,11,Silver
1179,4,2,3,2,11,Silver
1203,3,5,2,1,11,Silver
1205,4,3,3,1,11,Silver
1212,4,4,2,1,11,Silver
1213,4,4,2,1,11,Silver
1245,4,4,2,1,11,Silver
1246,4,4,2,1,11,Silver
1257,4,4,2,1,11,Silver
1259,4,4,2,1,11,Silver
1274,4,4,2,1,11,Silver
1279,4,3,3,1,11,Silver
1302,4,4,2,1,11,Silver
1305,4,4,2,1,11,Silver
1316,4,3,3,1,11,Silver
1318,4,3,3,1,11,Silver
1328,4,4,2,1,11,Silver
1333,4,3,3,1,11,Silver
1334,4,3,3,1,11,Silver
1339,3,5,2,1,11,Silver
1350,4,3,3,1,11,Silver
1353,4,3,3,1,11,Silver
1362,4,4,2,1,11,Silver
1372,4,4,2,1,11,Silver
1376,4,2,3,2,11,Silver
1392,4,4,2,1,11,Silver
1410,4,4,2,1,11,Silver
1413,4,4,2,1,11,Silver
1420,4,4,2,1,11,Silver
1422,4,4,2,1,11,Silver
1426,4,3,3,1,11,Silver
1439,4,3,3,1,11,Silver
1451,4,3,3,1,11,Silver
1460,4,4,2,1,11,Silver
1490,4,4,2,1,11,Silver
1502,3,5,2,1,11,Silver
1513,4,3,3,1,11,Silver
1519,4,4,2,1,11,Silver
1542,4,4,2,1,11,Silver
1545,4,2,3,2,11,Silver
1546,4,4,2,1,11,Silver
1550,4,3,3,1,11,Silver
1555,4,3,3,1,11,Silver
1559,4,4,2,1,11,Silver
1566,4,3,3,1,11,Silver
1584,4,2,3,2,11,Silver
1590,4,4,2,1,11,Silver
1592,4,3,3,1,11,Silver
1593,4,4,2,1,11,Silver
1605,4,4,2,1,11,Silver
1618,3,5,2,1,11,Silver
1636,4,4,2,1,11,Silver
1641,4,3,3,1,11,Silver
1653,4,3,3,1,11,Silver
1655,4,3,3,1,11,Silver
1664,4,4,2,1,11,Silver
1672,4,3,3,1,11,Silver
1677,4,4,2,1,11,Silver
1684,3,5,2,1,11,Silver
1699,4,4,2,1,11,Silver
1705,4,3,3,1,11,Silver
1719,4,4,2,1,11,Silver
1727,4,4,2,1,11,Silver
1733,4,4,2,1,11,Silver
1750,4,3,3,1,11,Silver
1760,4,3,3,1,11,Silver
1767,4,4,2,1,11,Silver
1792,4,4,2,1,11,Silver
1845,4,4,2,1,11,Silver
1860,4,3,3,1,11,Silver
1866,4,4,2,1,11,Silver
1890,4,4,2,1,11,Silver
1891,4,1,4,2,11,Silver
1900,4,4,2,1,11,Silver
1909,4,3,3,1,11,Silver
1914,3,5,2,1,11,Silver
1915,4,4,2,1,11,Silver
1927,4,3,3,1,11,Silver
1929,4,3,3,1,11,Silver
1930,4,4,2,1,11,Silver
1937,4,3,3,1,11,Silver
1938,4,4,2,1,11,Silver
1962,4,4,2,1,11,Silver
1998,4,4,2,1,11,Silver
1999,4,2,3,2,11,Silver
2010,4,4,2,1,11,Silver
2019,4,3,3,1,11,Silver
2021,4,4,2,1,11,Silver
2032,4,2,3,2,11,Silver
2042,4,3,3,1,11,Silver
2047,4,4,2,1,11,Silver
2050,4,3,3,1,11,Silver
2053,4,4,2,1,11,Silver
2060,4,3,3,1,11,Silver
2061,4,3,3,1,11,Silver
2066,4,3,3,1,11,Silver
2071,3,5,2,1,11,Silver
2075,4,4,2,1,11,Silver
2082,4,3,3,1,11,Silver
2086,4,4,2,1,11,Silver
2087,4,4,2,1,11,Silver
2090,4,4,2,1,11,Silver
2113,4,4,2,1,11,Silver
2119,4,3,3,1,11,Silver
2141,4,4,2,1,11,Silver
2142,4,3,3,1,11,Silver
2166,4,3,3,1,11,Silver
2169,4,4,2,1,11,Silver
2177,4,3,3,1,11,Silver
2196,4,3,3,1,11,Silver
2213,4,4,2,1,11,Silver
2216,4,4,2,1,11,Silver
2219,4,4,2,1,11,Silver
2220,4,3,3,1,11,Silver
2224,4,3,3,1,11,Silver
2239,4,4,2,1,11,Silver
2242,4,4,2,1,11,Silver
2248,4,3,3,1,11,Silver
2259,4,3,3,1,11,Silver
2263,4,4,2,1,11,Silver
2277,4,4,2,1,11,Silver
2280,4,4,2,1,11,Silver
2303,4,3,3,1,11,Silver
2313,4,4,2,1,11,Silver
2335,4,3,3,1,11,Silver
2339,4,2,3,2,11,Silver
2345,4,3,3,1,11,Silver
2354,4,3,3,1,11,Silver
2368,4,4,2,1,11,Silver
2384,4,3,3,1,11,Silver
2407,4,2,3,2,11,Silver
2415,4,2,3,2,11,Silver
2420,4,3,3,1,11,Silver
2428,4,4,2,1,11,Silver
2433,4,3,3,1,11,Silver
2438,4,4,2,1,11,Silver
2445,4,4,2,1,11,Silver
2450,4,2,3,2,11,Silver
2466,4,2,3,2,11,Silver
2513,4,3,3,1,11,Silver
2522,4,3,3,1,11,Silver
2540,4,4,2,1,11,Silver
2542,4,4,2,1,11,Silver
2566,4,4,2,1,11,Silver
2567,4,3,3,1,11,Silver
2574,4,2,4,1,11,Silver
2595,4,3,3,1,11,Silver
2597,4,4,2,1,11,Silver
2611,4,3,3,1,11,Silver
2612,4,4,2,1,11,Silver
2623,4,4,2,1,11,Silver
2626,4,2,3,2,11,Silver
2627,4,4,2,1,11,Silver
2635,4,4,2,1,11,Silver
2654,4,3,3,1,11,Silver
2655,4,3,3,1,11,Silver
2656,4,3,3,1,11,Silver
2659,3,5,2,1,11,Silver
2665,4,3,3,1,11,Silver
2712,4,3,3,1,11,Silver
2726,4,4,2,1,11,Silver
2748,4,4,2,1,11,Silver
2750,4,4,2,1,11,Silver
2759,4,3,3,1,11,Silver
2769,4,4,2,1,11,Silver
2770,4,4,2,1,11,Silver
2773,4,4,2,1,11,Silver
2778,4,2,4,1,11,Silver
2787,4,4,2,1,11,Silver
2788,4,3,3,1,11,Silver
2789,4,4,2,1,11,Silver
2791,4,4,2,1,11,Silver
2794,3,5,2,1,11,Silver
2796,4,4,2,1,11,Silver
2802,4,3,3,1,11,Silver
2816,4,4,2,1,11,Silver
2819,3,5,2,1,11,Silver
2833,4,2,3,2,11,Silver
2838,4,2,3,2,11,Silver
2839,4,2,3,2,11,Silver
2845,4,4,2,1,11,Silver
2849,4,4,2,1,11,Silver
2851,4,4,2,1,11,Silver
2864,4,4,2,1,11,Silver
2871,4,4,2,1,11,Silver
2875,4,4,2,1,11,Silver
2879,3,5,2,1,11,Silver
2884,4,3,3,1,11,Silver
2929,4,3,3,1,11,Silver
2932,4,4,2,1,11,Silver
2940,4,4,2,1,11,Silver
2953,4,3,3,1,11,Silver
2962,4,2,3,2,11,Silver
2963,4,4,2,1,11,Silver
2969,3,5,2,1,11,Silver
2983,4,4,2,1,11,Silver
3007,4,3,3,1,11,Silver
3027,4,4,2,1,11,Silver
3030,4,3,3,1,11,Silver
3035,4,2,3,2,11,Silver
3038,4,3,3,1,11,Silver
3050,3,5,2,1,11,Silver
3083,4,3,3,1,11,Silver
3108,4,4,2,1,11,Silver
3122,4,4,2,1,11,Silver
3123,4,3,3,1,11,Silver
3129,4,2,3,2,11,Silver
3132,4,4,2,1,11,Silver
3151,4,3,3,1,11,Silver
3161,4,3,3,1,11,Silver
3172,4,3,3,1,11,Silver
3212,4,3,3,1,11,Silver
3214,4,3,3,1,11,Silver
3238,4,3,3,1,11,Silver
3247,4,3,3,1,11,Silver
3265,4,3,3,1,11,Silver
3273,4,3,3,1,11,Silver
3277,4,3,3,1,11,Silver
3304,4,3,3,1,11,Silver
3316,4,4,2,1,11,Silver
3320,4,4,2,1,11,Silver
3322,4,3,3,1,11,Silver
3325,4,4,2,1,11,Silver
3328,4,3,3,1,11,Silver
3332,4,3,3,1,11,Silver
3333,4,4,2,1,11,Silver
3341,4,3,3,1,11,Silver
3342,4,4,2,1,11,Silver
3347,4,4,2,1,11,Silver
3353,4,3,3,1,11,Silver
3362,4,3,3,1,11,Silver
3369,4,3,3,1,11,Silver
3374,4,3,3,1,11,Silver
3383,4,4,2,1,11,Silver
3387,4,4,2,1,11,Silver
3391,4,2,3,2,11,Silver
3408,4,3,3,1,11,Silver
3412,4,1,4,2,11,Silver
3416,4,4,2,1,11,Silver
3418,4,4,2,1,11,Silver
3423,4,4,2,1,11,Silver
3432,4,3,3,1,11,Silver
3433,4,4,2,1,11,Silver
3437,4,4,2,1,11,Silver
3440,4,3,3,1,11,Silver
3442,4,4,2,1,11,Silver
3443,4,3,3,1,11,Silver
3447,4,4,2,1,11,Silver
3458,4,3,3,1,11,Silver
3459,4,3,3,1,11,Silver
3461,4,4,2,1,11,Silver
3490,4,2,4,1,11,Silver
3496,4,3,3,1,11,Silver
3515,4,4,2,1,11,Silver
3526,4,3,3,1,11,Silver
3541,4,3,3,1,11,Silver
3547,4,3,3,1,11,Silver
3553,4,4,2,1,11,Silver
3557,4,3,3,1,11,Silver
3562,4,3,3,1,11,Silver
3577,4,4,2,1,11,Silver
3592,4,2,4,1,11,Silver
3596,4,4,2,1,11,Silver
3605,4,4,2,1,11,Silver
3610,4,4,2,1,11,Silver
3620,4,4,2,1,11,Silver
3633,4,4,2,1,11,Silver
3688,4,4,2,1,11,Silver
3689,4,4,2,1,11,Silver
3697,4,3,3,1,11,Silver
3712,4,4,2,1,11,Silver
3713,4,4,2,1,11,Silver
3720,4,4,2,1,11,Silver
3739,4,4,2,1,11,Silver
3763,4,3,3,1,11,Silver
3771,4,4,2,1,11,Silver
3772,4,4,2,1,11,Silver
3781,4,4,2,1,11,Silver
3784,4,3,3,1,11,Silver
3787,4,4,2,1,11,Silver
3800,4,2,4,1,11,Silver
3812,4,4,2,1,11,Silver
3820,4,3,3,1,11,Silver
3826,4,3,3,1,11,Silver
3841,4,3,3,1,11,Silver
3847,4,3,3,1,11,Silver
3848,4,2,3,2,11,Silver
3851,4,4,2,1,11,Silver
3860,4,2,3,2,11,Silver
3863,4,4,2,1,11,Silver
3885,4,3,3,1,11,Silver
3888,4,3,3,1,11,Silver
3904,4,2,4,1,11,Silver
3922,3,5,2,1,11,Silver
3932,4,4,2,1,11,Silver
3952,4,4,2,1,11,Silver
3956,4,4,2,1,11,Silver
3958,4,4,2,1,11,Silver
3975,4,3,3,1,11,Silver
3981,3,5,2,1,11,Silver
4006,4,3,3,1,11,Silver
4027,4,4,2,1,11,Silver
4031,4,4,2,1,11,Silver
4033,4,3,3,1,11,Silver
4034,4,3,3,1,11,Silver
4044,4,3,3,1,11,Silver
4052,4,4,2,1,11,Silver
4065,4,3,3,1,11,Silver
4069,4,2,3,2,11,Silver
4085,4,4,2,1,11,Silver
4094,4,4,2,1,11,Silver
4098,4,2,3,2,11,Silver
4105,4,4,2,1,11,Silver
4121,4,4,2,1,11,Silver
4128,4,4,2,1,11,Silver
4170,4,4,2,1,11,Silver
4181,4,3,3,1,11,Silver
4185,4,2,4,1,11,Silver
4190,4,4,2,1,11,Silver
4204,4,4,2,1,11,Silver
4216,4,2,3,2,11,Silver
4227,4,3,3,1,11,Silver
4239,4,3,3,1,11,Silver
4250,4,4,2,1,11,Silver
4252,4,4,2,1,11,Silver
4258,4,3,3,1,11,Silver
4259,4,3,3,1,11,Silver
4282,4,4,2,1,11,Silver
4293,4,4,2,1,11,Silver
4303,4,4,2,1,11,Silver
4313,4,4,2,1,11,Silver
4314,4,4,2,1,11,Silver
4331,4,4,2,1,11,Silver
4341,4,3,3,1,11,Silver
4344,4,4,2,1,11,Silver
4353,4,4,2,1,11,Silver
4355,4,3,3,1,11,Silver
4360,4,3,3,1,11,Silver
4366,4,3,3,1,11,Silver
4379,4,3,3,1,11,Silver
4397,3,5,2,1,11,Silver
4409,4,4,2,1,11,Silver
4426,4,3,3,1,11,Silver
4433,4,4,2,1,11,Silver
4440,4,3,3,1,11,Silver
4452,4,2,3,2,11,Silver
4463,4,3,3,1,11,Silver
4465,4,3,3,1,11,Silver
4483,4,3,3,1,11,Silver
4486,4,4,2,1,11,Silver
4491,4,4,2,1,11,Silver
4494,4,3,3,1,11,Silver
4510,4,3,3,1,11,Silver
4515,4,4,2,1,11,Silver
4521,4,4,2,1,11,Silver
4535,4,4,2,1,11,Silver
4538,4,4,2,1,11,Silver
4552,3,4,3,1,11,Silver
4556,4,4,2,1,11,Silver
4560,4,3,3,1,11,Silver
4565,4,4,2,1,11,Silver
4567,4,4,2,1,11,Silver
4579,4,4,2,1,11,Silver
4608,4,3,3,1,11,Silver
4614,4,4,2,1,11,Silver
4616,4,4,2,1,11,Silver
4623,4,3,3,1,11,Silver
4642,4,4,2,1,11,Silver
4644,4,2,3,2,11,Silver
4650,4,4,2,1,11,Silver
4651,4,3,3,1,11,Silver
4667,3,5,2,1,11,Silver
4673,4,2,3,2,11,Silver
4696,4,4,2,1,11,Silver
4713,4,4,2,1,11,Silver
4714,4,4,2,1,11,Silver
4728,4,3,3,1,11,Silver
4733,4,3,3,1,11,Silver
4762,4,4,2,1,11,Silver
4774,4,3,3,1,11,Silver
4781,4,3,3,1,11,Silver
4790,4,3,3,1,11,Silver
4798,4,4,2,1,11,Silver
4809,4,4,2,1,11,Silver
4814,4,4,2,1,11,Silver
4836,4,4,2,1,11,Silver
4858,4,4,2,1,11,Silver
4860,4,4,2,1,11,Silver
4865,4,4,2,1,11,Silver
4866,4,3,3,1,11,Silver
4875,4,3,3,1,11,Silver
4905,4,2,3,2,11,Silver
4908,4,4,2,1,11,Silver
4952,4,4,2,1,11,Silver
4963,4,4,2,1,11,Silver
4967,4,3,3,1,11,Silver
4994,4,4,2,1,11,Silver
4996,4,3,3,1,11,Silver
37,4,4,3,1,12,Silver
45,4,5,2,1,12,Silver
50,4,5,2,1,12,Silver
55,4,5,2,1,12,Silver
60,4,4,3,1,12,Silver
68,4,5,2,1,12,Silver
80,4,5,2,1,12,Silver
89,4,4,3,1,12,Silver
98,4,3,3,2,12,Silver
99,4,4,3,1,12,Silver
108,4,5,2,1,12,Silver
131,4,5,2,1,12,Silver
139,4,4,3,1,12,Silver
150,4,3,3,2,12,Silver
172,4,5,2,1,12,Silver
174,4,4,3,1,12,Silver
186,4,3,4,1,12,Silver
188,4,4,3,1,12,Silver
189,4,2,4,2,12,Silver
191,4,5,2,1,12,Silver
196,4,4,3,1,12,Silver
218,4,4,3,1,12,Silver
222,4,4,3,1,12,Silver
253,4,5,2,1,12,Silver
269,4,5,2,1,12,Silver
340,4,5,2,1,12,Silver
342,4,4,3,1,12,Silver
344,4,3,3,2,12,Silver
360,4,4,3,1,12,Silver
363,4,4,3,1,12,Silver
398,4,4,3,1,12,Silver
427,4,5,2,1,12,Silver
431,4,3,4,1,12,Silver
489,4,5,2,1,12,Silver
491,4,4,3,1,12,Silver
506,4,4,3,1,12,Silver
512,4,4,3,1,12,Silver
518,4,5,2,1,12,Silver
534,4,5,2,1,12,Silver
556,4,3,3,2,12,Silver
558,4,4,3,1,12,Silver
574,4,4,3,1,12,Silver
597,4,3,3,2,12,Silver
598,4,5,2,1,12,Silver
703,4,4,3,1,12,Silver
708,4,4,3,1,12,Silver
717,4,5,2,1,12,Silver
719,4,5,2,1,12,Silver
751,4,4,3,1,12,Silver
754,4,4,3,1,12,Silver
755,4,5,2,1,12,Silver
760,4,4,3,1,12,Silver
792,4,5,2,1,12,Silver
803,4,5,2,1,12,Silver
822,4,4,3,1,12,Silver
832,4,5,2,1,12,Silver
853,4,5,2,1,12,Silver
870,4,5,2,1,12,Silver
896,4,4,3,1,12,Silver
918,4,4,3,1,12,Silver
919,4,5,2,1,12,Silver
963,4,4,3,1,12,Silver
1010,4,5,2,1,12,Silver
1022,4,4,3,1,12,Silver
1057,4,4,3,1,12,Silver
1062,4,4,3,1,12,Silver
1090,4,3,3,2,12,Silver
1126,4,4,3,1,12,Silver
1148,4,4,3,1,12,Silver
1157,4,4,3,1,12,Silver
1166,4,4,3,1,12,Silver
1168,4,4,3,1,12,Silver
1180,4,5,2,1,12,Silver
1190,4,4,3,1,12,Silver
1197,4,4,3,1,12,Silver
1199,4,4,3,1,12,Silver
1210,4,4,3,1,12,Silver
1214,4,5,2,1,12,Silver
1218,4,5,2,1,12,Silver
1250,4,4,3,1,12,Silver
1266,4,5,2,1,12,Silver
1281,4,4,3,1,12,Silver
1293,4,4,3,1,12,Silver
1297,4,4,3,1,12,Silver
1314,4,4,3,1,12,Silver
1324,4,5,2,1,12,Silver
1338,4,3,4,1,12,Silver
1347,4,5,2,1,12,Silver
1348,4,5,2,1,12,Silver
1378,4,5,2,1,12,Silver
1386,4,3,3,2,12,Silver
1416,4,4,3,1,12,Silver
1417,4,4,3,1,12,Silver
1444,4,4,3,1,12,Silver
1450,4,5,2,1,12,Silver
1470,4,4,3,1,12,Silver
1473,4,4,3,1,12,Silver
1495,4,4,3,1,12,Silver
1497,4,5,2,1,12,Silver
1507,4,4,3,1,12,Silver
1531,4,4,3,1,12,Silver
1579,4,4,3,1,12,Silver
1580,4,4,3,1,12,Silver
1583,4,4,3,1,12,Silver
1594,4,5,2,1,12,Silver
1604,4,5,2,1,12,Silver
1607,4,3,4,1,12,Silver
1619,4,3,4,1,12,Silver
1621,4,5,2,1,12,Silver
1646,4,4,3,1,12,Silver
1648,4,4,3,1,12,Silver
1662,4,5,2,1,12,Silver
1676,4,5,2,1,12,Silver
1680,4,5,2,1,12,Silver
1690,4,3,3,2,12,Silver
1717,4,5,2,1,12,Silver
1720,4,4,3,1,12,Silver
1724,4,5,2,1,12,Silver
1730,4,5,2,1,12,Silver
1745,4,4,3,1,12,Silver
1753,4,5,2,1,12,Silver
1759,4,4,3,1,12,Silver
1780,4,4,3,1,12,Silver
1788,4,4,3,1,12,Silver
1806,4,4,3,1,12,Silver
1807,4,4,3,1,12,Silver
1829,4,5,2,1,12,Silver
1835,4,5,2,1,12,Silver
1843,4,5,2,1,12,Silver
1851,4,5,2,1,12,Silver
1858,4,5,2,1,12,Silver
1864,4,4,3,1,12,Silver
1879,4,5,2,1,12,Silver
1888,4,4,3,1,12,Silver
1897,4,4,3,1,12,Silver
1898,4,5,2,1,12,Silver
1950,4,4,3,1,12,Silver
1954,4,4,3,1,12,Silver
1956,4,4,3,1,12,Silver
1960,4,5,2,1,12,Silver
1964,4,4,3,1,12,Silver
1983,4,5,2,1,12,Silver
2025,4,5,2,1,12,Silver
2039,4,5,2,1,12,Silver
2051,4,5,2,1,12,Silver
2103,4,5,2,1,12,Silver
2109,4,4,2,2,12,Silver
2111,4,3,4,1,12,Silver
2118,4,5,2,1,12,Silver
2120,4,5,2,1,12,Silver
2128,4,4,3,1,12,Silver
2130,4,5,2,1,12,Silver
2146,4,5,2,1,12,Silver
2174,4,4,3,1,12,Silver
2225,4,5,2,1,12,Silver
2252,4,4,3,1,12,Silver
2269,4,4,3,1,12,Silver
2291,4,4,3,1,12,Silver
2320,4,3,3,2,12,Silver
2324,4,4,3,1,12,Silver
2342,4,5,2,1,12,Silver
2347,3,5,3,1,12,Silver
2352,4,5,2,1,12,Silver
2357,4,5,2,1,12,Silver
2362,4,4,3,1,12,Silver
2365,4,4,3,1,12,Silver
2369,4,5,2,1,12,Silver
2378,4,5,2,1,12,Silver
2382,4,5,2,1,12,Silver
2403,4,4,3,1,12,Silver
2417,4,5,2,1,12,Silver
2418,4,5,2,1,12,Silver
2460,4,5,2,1,12,Silver
2482,4,5,2,1,12,Silver
2497,4,5,2,1,12,Silver
2517,4,4,3,1,12,Silver
2547,4,5,2,1,12,Silver
2560,4,4,3,1,12,Silver
2588,4,4,3,1,12,Silver
2590,4,3,3,2,12,Silver
2604,4,4,3,1,12,Silver
2613,4,5,2,1,12,Silver
2624,4,5,2,1,12,Silver
2636,4,3,3,2,12,Silver
2646,4,5,2,1,12,Silver
2647,4,4,3,1,12,Silver
2648,4,5,2,1,12,Silver
2663,3,5,3,1,12,Silver
2664,4,4,3,1,12,Silver
2692,4,4,3,1,12,Silver
2694,4,5,2,1,12,Silver
2701,4,4,3,1,12,Silver
2743,4,5,2,1,12,Silver
2744,4,5,2,1,12,Silver
2801,4,5,2,1,12,Silver
2826,4,5,2,1,12,Silver
2831,4,4,3,1,12,Silver
2834,4,4,3,1,12,Silver
2835,4,5,2,1,12,Silver
2842,4,5,2,1,12,Silver
2843,4,3,4,1,12,Silver
2859,4,3,3,2,12,Silver
2873,4,4,3,1,12,Silver
2880,4,4,3,1,12,Silver
2882,4,5,2,1,12,Silver
2899,4,4,3,1,12,Silver
2908,4,5,2,1,12,Silver
2927,4,5,2,1,12,Silver
2928,4,4,3,1,12,Silver
2931,4,3,3,2,12,Silver
2960,4,5,2,1,12,Silver
2973,4,5,2,1,12,Silver
2975,4,5,2,1,12,Silver
2985,4,5,2,1,12,Silver
3009,4,3,4,1,12,Silver
3022,4,4,3,1,12,Silver
3033,4,4,3,1,12,Silver
3039,4,5,2,1,12,Silver
3040,4,5,2,1,12,Silver
3062,4,5,2,1,12,Silver
3092,4,5,2,1,12,Silver
3096,4,5,2,1,12,Silver
3121,4,4,3,1,12,Silver
3133,4,3,3,2,12,Silver
3136,4,4,3,1,12,Silver
3143,4,5,2,1,12,Silver
3168,4,4,3,1,12,Silver
3208,4,4,3,1,12,Silver
3210,4,4,3,1,12,Silver
3224,4,4,3,1,12,Silver
3231,4,4,3,1,12,Silver
3234,4,5,2,1,12,Silver
3252,4,5,2,1,12,Silver
3255,4,4,3,1,12,Silver
3270,4,4,3,1,12,Silver
3285,4,5,2,1,12,Silver
3323,4,4,3,1,12,Silver
3352,4,5,2,1,12,Silver
3363,4,5,2,1,12,Silver
3367,4,4,3,1,12,Silver
3396,4,4,3,1,12,Silver
3397,4,5,2,1,12,Silver
3406,4,3,3,2,12,Silver
3414,4,5,2,1,12,Silver
3455,4,5,2,1,12,Silver
3466,4,4,3,1,12,Silver
3510,4,3,3,2,12,Silver
3525,4,4,3,1,12,Silver
3559,4,4,3,1,12,Silver
3565,4,5,2,1,12,Silver
3568,4,5,2,1,12,Silver
3569,4,4,3,1,12,Silver
3583,4,5,2,1,12,Silver
3614,4,5,2,1,12,Silver
3615,4,4,3,1,12,Silver
3630,4,4,3,1,12,Silver
3650,4,5,2,1,12,Silver
3668,4,3,4,1,12,Silver
3675,4,5,2,1,12,Silver
3690,4,4,3,1,12,Silver
3724,4,5,2,1,12,Silver
3746,4,4,3,1,12,Silver
3755,4,4,3,1,12,Silver
3765,4,5,2,1,12,Silver
3773,4,5,2,1,12,Silver
3783,4,4,3,1,12,Silver
3796,4,4,3,1,12,Silver
3797,4,4,3,1,12,Silver
3822,4,4,3,1,12,Silver
3823,4,5,2,1,12,Silver
3850,4,5,2,1,12,Silver
3855,4,5,2,1,12,Silver
3864,4,4,3,1,12,Silver
3873,4,4,3,1,12,Silver
3899,4,5,2,1,12,Silver
3913,4,4,3,1,12,Silver
3930,4,4,3,1,12,Silver
3933,4,3,3,2,12,Silver
3938,4,5,2,1,12,Silver
3948,4,5,2,1,12,Silver
3965,4,5,2,1,12,Silver
3984,4,4,3,1,12,Silver
3987,4,4,3,1,12,Silver
3990,4,5,2,1,12,Silver
4000,4,4,3,1,12,Silver
4013,4,3,4,1,12,Silver
4018,4,5,2,1,12,Silver
4021,4,4,3,1,12,Silver
4025,4,5,2,1,12,Silver
4043,4,5,2,1,12,Silver
4060,4,3,3,2,12,Silver
4084,4,5,2,1,12,Silver
4088,4,4,3,1,12,Silver
4099,4,4,3,1,12,Silver
4110,4,4,3,1,12,Silver
4124,4,5,2,1,12,Silver
4125,4,5,2,1,12,Silver
4143,4,3,3,2,12,Silver
4144,4,5,2,1,12,Silver
4162,4,5,2,1,12,Silver
4163,4,5,2,1,12,Silver
4176,4,4,3,1,12,Silver
4188,4,4,3,1,12,Silver
4199,4,4,3,1,12,Silver
4201,4,5,2,1,12,Silver
4221,4,2,4,2,12,Silver
4237,4,4,3,1,12,Silver
4238,4,4,3,1,12,Silver
4241,4,4,3,1,12,Silver
4262,4,5,2,1,12,Silver
4265,4,5,2,1,12,Silver
4266,4,3,4,1,12,Silver
4271,4,4,3,1,12,Silver
4276,4,5,2,1,12,Silver
4277,4,5,2,1,12,Silver
4286,4,4,3,1,12,Silver
4288,4,4,3,1,12,Silver
4295,4,4,3,1,12,Silver
4315,4,5,2,1,12,Silver
4334,4,4,3,1,12,Silver
4335,4,4,3,1,12,Silver
4350,4,4,3,1,12,Silver
4361,4,3,3,2,12,Silver
4363,4,5,2,1,12,Silver
4392,4,4,3,1,12,Silver
4398,4,4,3,1,12,Silver
4412,4,4,3,1,12,Silver
4422,4,4,3,1,12,Silver
4436,4,4,3,1,12,Silver
4454,4,5,2,1,12,Silver
4455,4,5,2,1,12,Silver
4456,4,5,2,1,12,Silver
4470,4,4,3,1,12,Silver
4471,4,4,3,1,12,Silver
4477,4,4,3,1,12,Silver
4498,4,4,3,1,12,Silver
4508,4,2,4,2,12,Silver
4524,4,3,3,2,12,Silver
4537,4,5,2,1,12,Silver
4543,4,5,2,1,12,Silver
4546,4,3,3,2,12,Silver
4580,4,4,3,1,12,Silver
4582,4,4,3,1,12,Silver
4587,4,3,4,1,12,Silver
4601,4,4,3,1,12,Silver
4624,4,5,2,1,12,Silver
4626,4,5,2,1,12,Silver
4649,4,4,3,1,12,Silver
4654,4,3,3,2,12,Silver
4674,4,5,2,1,12,Silver
4687,4,4,3,1,12,Silver
4702,4,4,3,1,12,Silver
4749,4,3,3,2,12,Silver
4753,4,4,3,1,12,Silver
4771,4,4,3,1,12,Silver
4777,4,5,2,1,12,Silver
4782,4,4,3,1,12,Silver
4792,4,4,3,1,12,Silver
4800,4,5,2,1,12,Silver
4802,4,4,3,1,12,Silver
4803,4,5,2,1,12,Silver
4811,4,5,2,1,12,Silver
4826,4,4,3,1,12,Silver
4835,4,5,2,1,12,Silver
4842,4,4,3,1,12,Silver
4874,4,4,3,1,12,Silver
4881,4,2,4,2,12,Silver
4911,4,5,2,1,12,Silver
4949,4,5,2,1,12,Silver
4992,4,5,2,1,12,Silver
9,4,5,3,1,13,Silver
13,4,5,3,1,13,Silver
41,4,4,3,2,13,Silver
52,4,5,3,1,13,Silver
61,4,4,4,1,13,Silver
96,4,5,3,1,13,Silver
101,4,5,3,1,13,Silver
153,4,3,4,2,13,Silver
208,4,4,4,1,13,Silver
281,4,5,3,1,13,Silver
307,4,5,3,1,13,Silver
377,4,5,3,1,13,Silver
451,4,5,3,1,13,Silver
496,4,4,4,1,13,Silver
498,4,5,3,1,13,Silver
541,4,4,3,2,13,Silver
543,4,5,3,1,13,Silver
614,4,4,4,1,13,Silver
631,4,3,4,2,13,Silver
696,4,5,3,1,13,Silver
761,4,5,3,1,13,Silver
763,4,4,3,2,13,Silver
860,4,5,3,1,13,Silver
924,4,5,3,1,13,Silver
930,4,5,3,1,13,Silver
943,4,5,3,1,13,Silver
959,4,5,3,1,13,Silver
984,4,3,4,2,13,Silver
1060,4,3,4,2,13,Silver
1065,4,5,3,1,13,Silver
1220,4,4,3,2,13,Silver
1241,4,5,3,1,13,Silver
1261,4,5,3,1,13,Silver
1267,4,5,3,1,13,Silver
1283,4,5,3,1,13,Silver
1321,4,5,3,1,13,Silver
1337,4,5,3,1,13,Silver
1505,4,5,3,1,13,Silver
1567,4,5,3,1,13,Silver
1656,4,5,3,1,13,Silver
1661,4,5,3,1,13,Silver
1663,4,5,3,1,13,Silver
1683,4,4,3,2,13,Silver
1695,4,5,3,1,13,Silver
1702,4,4,4,1,13,Silver
1710,4,5,3,1,13,Silver
1716,4,5,3,1,13,Silver
1800,4,5,3,1,13,Silver
1803,4,5,3,1,13,Silver
1817,4,5,3,1,13,Silver
1846,4,3,4,2,13,Silver
1881,4,5,3,1,13,Silver
1901,4,5,3,1,13,Silver
1906,4,5,3,1,13,Silver
1922,4,5,3,1,13,Silver
1928,4,5,3,1,13,Silver
1957,4,5,3,1,13,Silver
1974,4,5,3,1,13,Silver
1975,4,5,3,1,13,Silver
2106,4,4,3,2,13,Silver
2134,4,5,3,1,13,Silver
2148,4,5,3,1,13,Silver
2170,4,5,3,1,13,Silver
2187,4,3,4,2,13,Silver
2188,4,5,3,1,13,Silver
2190,4,5,3,1,13,Silver
2210,4,5,3,1,13,Silver
2221,4,5,3,1,13,Silver
2251,4,5,3,1,13,Silver
2264,4,5,3,1,13,Silver
2288,4,4,3,2,13,Silver
2309,4,5,3,1,13,Silver
2310,4,5,3,1,13,Silver
2323,4,5,3,1,13,Silver
2337,4,4,3,2,13,Silver
2375,4,5,3,1,13,Silver
2376,4,5,3,1,13,Silver
2463,4,5,3,1,13,Silver
2508,4,4,3,2,13,Silver
2569,4,5,3,1,13,Silver
2596,4,4,3,2,13,Silver
2632,4,5,3,1,13,Silver
2675,4,5,3,1,13,Silver
2685,4,5,3,1,13,Silver
2703,4,5,3,1,13,Silver
2745,4,5,3,1,13,Silver
2762,4,5,3,1,13,Silver
2786,4,5,3,1,13,Silver
2919,4,5,3,1,13,Silver
2999,4,4,3,2,13,Silver
3047,4,5,3,1,13,Silver
3081,4,5,3,1,13,Silver
3109,4,3,4,2,13,Silver
3140,4,5,3,1,13,Silver
3261,4,5,3,1,13,Silver
3286,4,5,3,1,13,Silver
3330,4,5,3,1,13,Silver
3370,4,5,3,1,13,Silver
3404,4,5,3,1,13,Silver
3410,4,5,3,1,13,Silver
3422,4,5,3,1,13,Silver
3453,4,5,3,1,13,Silver
3454,4,3,4,2,13,Silver
3528,4,4,3,2,13,Silver
3535,4,5,3,1,13,Silver
3706,4,5,3,1,13,Silver
3711,4,5,3,1,13,Silver
3729,4,5,3,1,13,Silver
3756,4,5,3,1,13,Silver
3809,4,5,3,1,13,Silver
3898,4,5,3,1,13,Silver
3900,4,5,3,1,13,Silver
3906,4,5,3,1,13,Silver
3943,4,5,3,1,13,Silver
3955,4,5,3,1,13,Silver
3980,4,5,3,1,13,Silver
3992,4,5,3,1,13,Silver
3994,4,5,3,1,13,Silver
4028,4,5,3,1,13,Silver
4076,4,5,3,1,13,Silver
4187,4,5,3,1,13,Silver
4210,4,5,3,1,13,Silver
4248,4,5,3,1,13,Silver
4289,4,5,3,1,13,Silver
4380,4,5,3,1,13,Silver
4394,4,4,3,2,13,Silver
4420,4,4,4,1,13,Silver
4462,4,5,3,1,13,Silver
4505,4,4,3,2,13,Silver
4578,4,5,3,1,13,Silver
4590,4,5,3,1,13,Silver
4613,4,5,3,1,13,Silver
4617,4,5,3,1,13,Silver
4622,4,5,3,1,13,Silver
4635,4,3,4,2,13,Silver
4646,4,4,3,2,13,Silver
4655,4,5,3,1,13,Silver
4724,4,5,3,1,13,Silver
4787,4,4,3,2,13,Silver
4859,4,5,3,1,13,Silver
4864,4,5,3,1,13,Silver
4870,4,5,3,1,13,Silver
30,4,4,4,2,14,Silver
31,4,4,4,2,14,Silver
286,4,5,3,2,14,Silver
406,4,5,3,2,14,Silver
438,4,4,4,2,14,Silver
568,4,5,3,2,14,Silver
736,4,5,4,1,14,Silver
874,4,4,4,2,14,Silver
900,4,5,4,1,14,Silver
1482,4,4,4,2,14,Silver
1552,4,5,4,1,14,Silver
1758,4,5,4,1,14,Silver
1863,4,5,3,2,14,Silver
1910,4,5,3,2,14,Silver
2229,4,5,4,1,14,Silver
2427,4,5,4,1,14,Silver
2667,4,5,3,2,14,Silver
2772,4,5,3,2,14,Silver
2939,4,4,4,2,14,Silver
3213,4,4,4,2,14,Silver
3218,4,4,4,2,14,Silver
3539,4,4,4,2,14,Silver
3666,4,5,3,2,14,Silver
3703,4,5,3,2,14,Silver
3716,4,5,4,1,14,Silver
3780,4,4,4,2,14,Silver
3962,4,5,3,2,14,Silver
4087,4,4,4,2,14,Silver
4097,4,4,4,2,14,Silver
4750,4,5,4,1,14,Silver
2395,4,5,4,2,15,Gold
3068,4,5,4,2,15,Gold
