customer_id,first_visit,last_visit,L_days,R_days,F_count,S_value,L_score,R_score,F_score,S_score,Total_score,Segment
1,2024-11-13,2025-07-15,244,41,8,542.35,4,2,3,2,11,Silver
2,2024-09-14,2025-07-05,294,51,4,224.73,4,2,2,1,9,Bronze
3,2024-10-24,2024-12-29,66,239,4,169.62,2,1,2,1,6,Bronze
4,2024-11-25,2025-08-10,258,15,4,159.59,4,4,2,1,11,Silver
5,2024-09-08,2025-07-23,318,33,6,329.83,4,2,3,1,10,Silver
6,2024-09-04,2025-05-16,254,101,6,393.12,4,1,3,1,9,Bronze
7,2024-10-17,2025-04-04,169,143,5,308.71,3,1,2,1,7,Bronze
8,2024-10-06,2025-07-19,286,37,6,112.22,4,2,3,1,10,Silver
9,2024-10-02,2025-08-24,326,1,9,477.03,4,5,3,1,13,Silver
10,2024-09-25,2025-07-17,295,39,5,236.61,4,2,2,1,9,Bronze
11,2024-09-01,2025-05-01,242,116,8,382.22,4,1,3,1,9,Bronze
12,2025-04-07,2025-07-05,89,51,3,234.24,2,2,2,1,7,Bronze
13,2024-09-01,2025-08-22,355,3,6,285.12,4,5,3,1,13,Silver
14,2024-09-16,2025-03-24,189,154,3,139.61,4,1,2,1,8,Bronze
15,2025-03-15,2025-06-05,82,81,3,28.23,2,1,2,1,6,Bronze
16,2024-09-17,2025-05-17,242,100,5,338.32,4,1,2,1,8,Bronze
17,2024-09-19,2025-07-17,301,39,6,451.32,4,2,3,1,10,Silver
18,2024-10-06,2024-11-26,51,272,2,106.91,2,1,2,1,6,Bronze
19,2024-08-28,2025-07-11,317,45,9,530.99,4,2,3,2,11,Silver
20,2024-11-04,2025-06-22,230,64,5,288.84,4,1,2,1,8,Bronze
21,2024-09-04,2025-08-14,344,11,5,243.47,4,4,2,1,11,Silver
22,2024-09-28,2025-06-25,270,61,7,146.01,4,1,3,1,9,Bronze
23,2024-12-10,2025-05-15,156,102,5,279.53,3,1,2,1,7,Bronze
24,2024-09-05,2025-06-18,286,68,5,456.20,4,1,2,1,8,Bronze
25,2024-09-10,2025-06-11,274,75,6,274.36,4,1,3,1,9,Bronze
26,2024-08-31,2025-07-31,334,25,6,247.28,4,3,3,1,11,Silver
27,2024-12-20,2025-06-19,181,67,4,250.36,4,1,2,1,8,Bronze
28,2024-11-01,2025-07-25,266,31,7,213.96,4,2,3,1,10,Silver
29,2025-02-03,2025-07-13,160,43,4,212.62,3,2,2,1,8,Bronze
30,2024-08-30,2025-08-15,350,10,10,539.67,4,4,4,2,14,Silver
31,2024-09-24,2025-08-14,324,11,13,691.26,4,4,4,2,14,Silver
32,2024-10-23,2025-07-26,276,30,6,257.86,4,3,3,1,11,Silver
33,2024-11-17,2025-07-21,246,35,8,499.89,4,2,3,1,10,Silver
34,2024-09-07,2025-04-03,208,144,4,230.26,4,1,2,1,8,Bronze
35,2024-09-02,2025-07-02,303,54,8,687.32,4,2,3,2,11,Silver
36,2024-10-22,2025-05-29,219,88,2,56.68,4,1,2,1,8,Bronze
37,2024-10-14,2025-08-18,308,7,7,393.92,4,4,3,1,12,Silver
38,2024-09-17,2025-05-04,229,113,6,357.19,4,1,3,1,9,Bronze
39,2024-09-16,2025-08-09,327,16,7,357.36,4,3,3,1,11,Silver
40,2024-08-31,2025-05-27,269,90,9,605.00,4,1,3,2,10,Silver
41,2024-09-04,2025-08-11,341,14,7,505.26,4,4,3,2,13,Silver
42,2024-11-01,2025-08-09,281,16,6,241.77,4,3,3,1,11,Silver
43,2024-08-31,2025-06-18,291,68,10,551.24,4,1,4,2,11,Silver
44,2024-10-30,2025-06-08,221,78,5,65.75,4,1,2,1,8,Bronze
45,2024-09-02,2025-08-21,353,4,5,175.47,4,5,2,1,12,Silver
46,2024-09-27,2025-07-18,294,38,2,89.56,4,2,2,1,9,Bronze
47,2024-11-04,2025-06-29,237,57,5,267.24,4,2,2,1,9,Bronze
48,2025-06-26,2025-06-26,0,60,1,77.09,1,2,1,1,5,Bronze
49,2024-09-10,2025-08-03,327,22,4,222.01,4,3,2,1,10,Silver
50,2024-12-27,2025-08-21,237,4,5,113.08,4,5,2,1,12,Silver
51,2024-10-01,2025-05-25,236,92,5,168.27,4,1,2,1,8,Bronze
52,2024-09-25,2025-08-25,334,0,7,450.65,4,5,3,1,13,Silver
53,2024-09-29,2025-03-17,169,161,4,102.55,3,1,2,1,7,Bronze
54,2024-09-16,2025-08-16,334,9,3,109.43,4,4,2,1,11,Silver
55,2024-09-17,2025-08-25,342,0,5,267.12,4,5,2,1,12,Silver
56,2024-10-05,2025-07-21,289,35,7,451.43,4,2,3,1,10,Silver
57,2024-11-11,2025-08-16,278,9,2,158.41,4,4,2,1,11,Silver
58,2024-12-23,2025-06-17,176,69,3,213.52,3,1,2,1,7,Bronze
59,2024-12-18,2025-04-30,133,117,2,23.77,3,1,2,1,7,Bronze
60,2025-02-02,2025-08-16,195,9,6,328.81,4,4,3,1,12,Silver
61,2024-10-03,2025-08-11,312,14,13,380.71,4,4,4,1,13,Silver
62,2024-10-01,2025-06-27,269,59,6,246.77,4,2,3,1,10,Silver
63,2024-11-22,2025-07-25,245,31,5,153.93,4,2,2,1,9,Bronze
64,2024-09-15,2025-07-14,302,42,4,274.43,4,2,2,1,9,Bronze
65,2025-03-16,2025-05-26,71,91,2,43.77,2,1,2,1,6,Bronze
66,2024-10-08,2025-07-26,291,30,7,297.02,4,3,3,1,11,Silver
68,2024-09-21,2025-08-21,334,4,5,128.00,4,5,2,1,12,Silver
69,2024-10-11,2025-08-19,312,6,3,102.45,4,4,2,1,11,Silver
70,2024-09-28,2025-06-23,268,63,3,169.87,4,1,2,1,8,Bronze
71,2024-10-16,2025-06-22,249,64,3,75.89,4,1,2,1,8,Bronze
72,2024-10-31,2024-12-17,47,251,2,10.17,2,1,2,1,6,Bronze
73,2024-11-21,2025-08-09,261,16,4,167.11,4,3,2,1,10,Silver
74,2024-09-30,2025-08-01,305,24,9,337.96,4,3,3,1,11,Silver
75,2024-10-19,2025-05-03,196,114,3,223.08,4,1,2,1,8,Bronze
76,2024-10-25,2025-05-07,194,110,3,98.38,4,1,2,1,8,Bronze
77,2024-08-26,2025-08-01,340,24,5,351.87,4,3,2,1,10,Silver
78,2024-11-23,2025-06-04,193,82,4,216.24,4,1,2,1,8,Bronze
79,2024-09-30,2025-08-13,317,12,4,196.77,4,4,2,1,11,Silver
80,2024-12-29,2025-08-21,235,4,4,127.47,4,5,2,1,12,Silver
81,2024-10-21,2025-07-05,257,51,4,153.60,4,2,2,1,9,Bronze
82,2024-09-24,2025-05-31,249,86,3,47.74,4,1,2,1,8,Bronze
83,2024-11-02,2025-04-26,175,121,5,241.24,3,1,2,1,7,Bronze
84,2025-04-11,2025-06-02,52,84,3,69.93,2,1,2,1,6,Bronze
85,2024-11-26,2025-05-10,165,107,5,247.58,3,1,2,1,7,Bronze
86,2025-06-07,2025-06-07,0,79,1,3.53,1,1,1,1,4,Bronze
87,2024-09-28,2025-07-25,300,31,4,184.29,4,2,2,1,9,Bronze
88,2025-01-21,2025-07-09,169,47,3,141.48,3,2,2,1,8,Bronze
89,2024-09-22,2025-08-16,328,9,7,251.69,4,4,3,1,12,Silver
90,2024-12-18,2025-07-22,216,34,4,111.19,4,2,2,1,9,Bronze
91,2024-09-27,2025-01-05,100,232,3,90.67,3,1,2,1,7,Bronze
92,2025-03-03,2025-06-18,107,68,2,82.84,3,1,2,1,7,Bronze
93,2024-10-07,2025-08-04,301,21,7,215.39,4,3,3,1,11,Silver
94,2025-02-11,2025-06-03,112,83,2,64.07,3,1,2,1,7,Bronze
95,2024-08-29,2024-12-29,122,239,5,259.80,3,1,2,1,7,Bronze
96,2024-10-05,2025-08-22,321,3,7,221.45,4,5,3,1,13,Silver
97,2025-03-02,2025-03-22,20,156,2,60.55,1,1,2,1,5,Bronze
98,2024-09-18,2025-07-30,315,26,9,660.44,4,3,3,2,12,Silver
99,2024-08-31,2025-08-16,350,9,8,379.16,4,4,3,1,12,Silver
100,2025-01-09,2025-01-22,13,215,2,65.95,1,1,2,1,5,Bronze
101,2024-09-12,2025-08-25,347,0,7,387.50,4,5,3,1,13,Silver
102,2024-12-20,2025-07-08,200,48,7,399.33,4,2,3,1,10,Silver
103,2024-12-13,2025-03-02,79,176,3,229.80,2,1,2,1,6,Bronze
104,2024-09-25,2025-02-13,141,193,5,183.88,3,1,2,1,7,Bronze
105,2024-09-13,2025-06-21,281,65,5,246.82,4,1,2,1,8,Bronze
106,2024-09-16,2025-05-05,231,112,7,510.51,4,1,3,2,10,Silver
107,2024-09-15,2025-02-25,163,181,2,107.54,3,1,2,1,7,Bronze
108,2024-09-28,2025-08-20,326,5,4,110.09,4,5,2,1,12,Silver
109,2025-03-16,2025-05-14,59,103,2,27.18,2,1,2,1,6,Bronze
110,2024-09-10,2025-05-29,261,88,2,71.21,4,1,2,1,8,Bronze
111,2024-10-21,2025-05-21,212,96,3,74.64,4,1,2,1,8,Bronze
112,2024-10-12,2025-08-13,305,12,5,77.89,4,4,2,1,11,Silver
113,2024-09-27,2025-07-13,289,43,5,384.58,4,2,2,1,9,Bronze
114,2024-11-07,2025-03-27,140,151,3,271.15,3,1,2,1,7,Bronze
115,2024-10-09,2025-08-17,312,8,5,319.96,4,4,2,1,11,Silver
116,2024-09-17,2025-06-23,279,63,2,166.99,4,1,2,1,8,Bronze
117,2024-10-16,2025-01-26,102,211,5,192.91,3,1,2,1,7,Bronze
118,2024-12-04,2025-08-15,254,10,4,170.39,4,4,2,1,11,Silver
119,2024-12-28,2025-08-09,224,16,4,241.56,4,3,2,1,10,Silver
120,2024-09-24,2024-09-24,0,335,1,18.90,1,1,1,1,4,Bronze
121,2024-10-04,2025-06-24,263,62,2,147.17,4,1,2,1,8,Bronze
122,2025-05-19,2025-08-24,97,1,4,236.42,3,5,2,1,11,Silver
123,2024-10-01,2025-06-16,258,70,5,106.05,4,1,2,1,8,Bronze
124,2024-12-03,2025-07-02,211,54,4,204.17,4,2,2,1,9,Bronze
125,2024-12-08,2025-08-19,254,6,5,207.72,4,4,2,1,11,Silver
126,2025-01-28,2025-05-14,106,103,2,125.20,3,1,2,1,7,Bronze
128,2024-08-26,2025-07-28,336,28,6,369.16,4,3,3,1,11,Silver
129,2024-11-21,2025-07-08,229,48,3,183.98,4,2,2,1,9,Bronze
131,2024-11-23,2025-08-21,271,4,4,348.99,4,5,2,1,12,Silver
132,2024-12-03,2024-12-03,0,265,1,45.25,1,1,1,1,4,Bronze
133,2024-11-22,2025-07-27,247,29,5,298.67,4,3,2,1,10,Silver
134,2024-09-24,2025-07-21,300,35,5,117.82,4,2,2,1,9,Bronze
135,2024-09-30,2025-05-16,228,101,4,146.42,4,1,2,1,8,Bronze
136,2025-01-12,2025-01-12,0,225,1,2.09,1,1,1,1,4,Bronze
137,2024-09-16,2025-07-22,309,34,4,238.60,4,2,2,1,9,Bronze
138,2025-02-05,2025-08-08,184,17,3,103.50,4,3,2,1,10,Silver
139,2024-11-10,2025-08-10,273,15,7,167.15,4,4,3,1,12,Silver
140,2024-10-31,2025-07-27,269,29,4,88.39,4,3,2,1,10,Silver
141,2024-09-15,2025-06-29,287,57,8,657.14,4,2,3,2,11,Silver
142,2025-02-17,2025-04-22,64,125,2,111.35,2,1,2,1,6,Bronze
143,2024-09-07,2025-07-07,303,49,5,338.93,4,2,2,1,9,Bronze
144,2024-10-11,2025-07-10,272,46,7,159.42,4,2,3,1,10,Silver
145,2024-11-20,2025-07-04,226,52,3,133.97,4,2,2,1,9,Bronze
146,2024-09-10,2025-08-13,337,12,5,190.38,4,4,2,1,11,Silver
147,2024-12-11,2025-01-31,51,206,3,120.18,2,1,2,1,6,Bronze
148,2024-12-14,2025-07-17,215,39,7,285.95,4,2,3,1,10,Silver
149,2024-09-21,2025-08-10,323,15,3,137.69,4,4,2,1,11,Silver
150,2024-09-01,2025-08-01,334,24,8,618.08,4,3,3,2,12,Silver
151,2024-10-06,2025-03-25,170,153,5,199.15,3,1,2,1,7,Bronze
152,2025-03-17,2025-05-06,50,111,3,91.35,2,1,2,1,6,Bronze
153,2024-10-11,2025-07-30,292,26,11,522.27,4,3,4,2,13,Silver
154,2025-03-23,2025-06-16,85,70,4,148.76,2,1,2,1,6,Bronze
155,2024-12-12,2025-06-16,186,70,3,72.19,4,1,2,1,8,Bronze
156,2024-09-22,2025-06-25,276,61,4,189.73,4,1,2,1,8,Bronze
157,2024-11-06,2025-06-29,235,57,6,561.21,4,2,3,2,11,Silver
158,2024-08-29,2025-05-28,272,89,4,196.10,4,1,2,1,8,Bronze
159,2024-09-18,2025-01-17,121,220,4,266.93,3,1,2,1,7,Bronze
160,2024-09-14,2025-06-27,286,59,6,450.03,4,2,3,1,10,Silver
161,2025-01-29,2025-07-23,175,33,5,211.00,3,2,2,1,8,Bronze
162,2025-02-06,2025-08-12,187,13,2,62.44,4,4,2,1,11,Silver
163,2024-09-23,2025-08-12,323,13,3,38.66,4,4,2,1,11,Silver
164,2025-08-05,2025-08-05,0,20,1,10.38,1,3,1,1,6,Bronze
165,2024-09-27,2025-07-24,300,32,3,87.60,4,2,2,1,9,Bronze
166,2024-11-18,2025-06-20,214,66,4,285.89,4,1,2,1,8,Bronze
167,2025-07-16,2025-08-22,37,3,3,73.61,2,5,2,1,10,Silver
168,2024-09-03,2025-08-02,333,23,7,452.79,4,3,3,1,11,Silver
169,2024-11-01,2025-08-12,284,13,3,124.71,4,4,2,1,11,Silver
170,2025-03-19,2025-03-19,0,159,1,14.69,1,1,1,1,4,Bronze
171,2025-06-23,2025-06-23,0,63,1,99.45,1,1,1,1,4,Bronze
172,2024-09-18,2025-08-25,341,0,4,244.64,4,5,2,1,12,Silver
173,2024-11-22,2025-07-20,240,36,4,187.10,4,2,2,1,9,Bronze
174,2024-10-09,2025-08-14,309,11,9,330.26,4,4,3,1,12,Silver
175,2024-09-06,2025-08-04,332,21,5,217.34,4,3,2,1,10,Silver
176,2024-12-03,2025-07-13,222,43,8,471.42,4,2,3,1,10,Silver
177,2024-12-18,2025-05-21,154,96,2,59.15,3,1,2,1,7,Bronze
178,2025-04-14,2025-07-24,101,32,2,107.63,3,2,2,1,8,Bronze
179,2024-11-05,2024-11-05,0,293,1,147.73,1,1,1,1,4,Bronze
180,2025-01-01,2025-07-02,182,54,3,63.74,4,2,2,1,9,Bronze
181,2024-12-08,2025-06-15,189,71,4,175.34,4,1,2,1,8,Bronze
182,2024-10-03,2025-07-21,291,35,4,289.34,4,2,2,1,9,Bronze
183,2024-09-24,2025-06-01,250,85,3,92.24,4,1,2,1,8,Bronze
184,2024-11-17,2025-07-22,247,34,4,151.48,4,2,2,1,9,Bronze
185,2024-09-09,2025-06-16,280,70,7,458.74,4,1,3,1,9,Bronze
186,2024-09-15,2025-08-01,320,24,10,355.35,4,3,4,1,12,Silver
187,2024-09-01,2024-11-05,65,293,2,300.32,2,1,2,1,6,Bronze
188,2024-08-28,2025-08-18,355,7,8,353.05,4,4,3,1,12,Silver
189,2024-08-30,2025-07-20,324,36,10,559.97,4,2,4,2,12,Silver
190,2025-02-25,2025-08-19,175,6,3,126.07,3,4,2,1,10,Silver
191,2024-10-07,2025-08-21,318,4,4,145.99,4,5,2,1,12,Silver
192,2025-03-02,2025-04-23,52,124,3,85.08,2,1,2,1,6,Bronze
193,2024-10-01,2025-04-06,187,141,3,199.96,4,1,2,1,8,Bronze
194,2024-09-13,2025-07-16,306,40,6,192.47,4,2,3,1,10,Silver
195,2025-04-21,2025-07-11,81,45,3,334.36,2,2,2,1,7,Bronze
196,2024-09-10,2025-08-17,341,8,9,412.09,4,4,3,1,12,Silver
197,2024-10-27,2025-02-17,113,189,5,246.67,3,1,2,1,7,Bronze
198,2024-11-02,2025-08-16,287,9,5,254.84,4,4,2,1,11,Silver
199,2024-10-09,2024-11-28,50,270,2,52.34,2,1,2,1,6,Bronze
200,2024-08-31,2025-05-11,253,106,4,217.81,4,1,2,1,8,Bronze
201,2024-09-11,2025-03-31,201,147,4,334.83,4,1,2,1,8,Bronze
202,2024-09-21,2025-05-19,240,98,4,126.33,4,1,2,1,8,Bronze
204,2025-03-07,2025-07-04,119,52,3,173.18,3,2,2,1,8,Bronze
205,2025-03-04,2025-07-12,130,44,5,179.73,3,2,2,1,8,Bronze
206,2024-08-27,2025-08-07,345,18,5,185.88,4,3,2,1,10,Silver
207,2024-10-03,2025-08-14,315,11,4,240.94,4,4,2,1,11,Silver
208,2024-09-10,2025-08-12,336,13,11,473.20,4,4,4,1,13,Silver
209,2025-03-19,2025-03-26,7,152,2,92.64,1,1,2,1,5,Bronze
210,2024-12-01,2025-02-07,68,199,3,132.05,2,1,2,1,6,Bronze
211,2024-10-13,2025-07-31,291,25,6,80.49,4,3,3,1,11,Silver
212,2024-10-05,2025-01-13,100,224,4,69.32,3,1,2,1,7,Bronze
213,2024-09-11,2025-05-23,254,94,5,385.96,4,1,2,1,8,Bronze
214,2025-01-06,2025-03-12,65,166,5,179.94,2,1,2,1,6,Bronze
215,2024-09-06,2025-03-24,199,154,2,116.14,4,1,2,1,8,Bronze
216,2024-10-27,2025-07-21,267,35,4,90.37,4,2,2,1,9,Bronze
217,2025-03-12,2025-07-22,132,34,3,160.02,3,2,2,1,8,Bronze
218,2024-10-10,2025-08-19,313,6,7,215.85,4,4,3,1,12,Silver
219,2024-09-08,2025-08-11,337,14,4,196.66,4,4,2,1,11,Silver
220,2025-02-24,2025-07-13,139,43,3,200.77,3,2,2,1,8,Bronze
221,2025-01-08,2025-05-16,128,101,3,39.91,3,1,2,1,7,Bronze
222,2024-12-31,2025-08-15,227,10,6,385.16,4,4,3,1,12,Silver
223,2024-09-05,2025-04-30,237,117,3,160.72,4,1,2,1,8,Bronze
224,2024-11-28,2025-07-27,241,29,4,209.78,4,3,2,1,10,Silver
225,2024-12-20,2025-07-02,194,54,5,129.28,4,2,2,1,9,Bronze
226,2024-11-28,2025-07-16,230,40,3,94.98,4,2,2,1,9,Bronze
227,2024-09-13,2025-02-14,154,192,4,187.52,3,1,2,1,7,Bronze
228,2024-10-19,2025-06-07,231,79,4,404.36,4,1,2,1,8,Bronze
229,2024-09-21,2025-08-01,314,24,5,217.99,4,3,2,1,10,Silver
230,2024-09-01,2025-06-15,287,71,2,80.21,4,1,2,1,8,Bronze
231,2024-09-30,2025-07-17,290,39,7,331.16,4,2,3,1,10,Silver
232,2024-09-16,2025-04-02,198,145,4,366.16,4,1,2,1,8,Bronze
233,2025-03-17,2025-08-12,148,13,3,65.80,3,4,2,1,10,Silver
234,2024-11-10,2025-05-03,174,114,6,182.70,3,1,3,1,8,Bronze
235,2024-09-07,2025-05-07,242,110,6,143.83,4,1,3,1,9,Bronze
236,2024-10-21,2025-08-07,290,18,5,340.77,4,3,2,1,10,Silver
237,2024-09-11,2025-02-18,160,188,2,118.40,3,1,2,1,7,Bronze
238,2024-10-31,2025-07-14,256,42,7,438.55,4,2,3,1,10,Silver
239,2024-12-26,2025-07-19,205,37,7,209.65,4,2,3,1,10,Silver
240,2024-10-25,2025-06-30,248,56,4,78.84,4,2,2,1,9,Bronze
241,2024-11-18,2025-04-28,161,119,2,162.68,3,1,2,1,7,Bronze
242,2025-01-31,2025-08-16,197,9,5,249.61,4,4,2,1,11,Silver
243,2025-06-13,2025-06-22,9,64,2,166.60,1,1,2,1,5,Bronze
244,2024-09-04,2025-06-23,292,63,5,292.80,4,1,2,1,8,Bronze
245,2024-10-02,2025-05-26,236,91,6,291.81,4,1,3,1,9,Bronze
246,2024-10-30,2025-04-20,172,127,6,291.52,3,1,3,1,8,Bronze
247,2024-08-30,2025-06-20,294,66,4,282.16,4,1,2,1,8,Bronze
248,2025-06-08,2025-06-22,14,64,2,134.98,1,1,2,1,5,Bronze
249,2024-12-12,2025-04-03,112,144,3,63.84,3,1,2,1,7,Bronze
250,2024-09-19,2024-12-30,102,238,2,32.70,3,1,2,1,7,Bronze
251,2024-09-27,2025-07-19,295,37,6,277.00,4,2,3,1,10,Silver
252,2025-04-15,2025-07-07,83,49,2,177.95,2,2,2,1,7,Bronze
253,2024-08-31,2025-08-22,356,3,4,204.14,4,5,2,1,12,Silver
254,2025-06-26,2025-06-26,0,60,1,19.55,1,2,1,1,5,Bronze
255,2024-11-14,2025-05-23,190,94,2,91.40,4,1,2,1,8,Bronze
256,2024-12-15,2025-07-19,216,37,4,354.78,4,2,2,1,9,Bronze
257,2024-11-09,2025-03-23,134,155,3,199.94,3,1,2,1,7,Bronze
258,2025-06-05,2025-06-05,0,81,1,158.98,1,1,1,1,4,Bronze
259,2024-09-15,2025-02-15,153,191,3,47.24,3,1,2,1,7,Bronze
260,2025-03-18,2025-08-17,152,8,3,58.77,3,4,2,1,10,Silver
261,2024-09-13,2025-07-16,306,40,4,285.17,4,2,2,1,9,Bronze
262,2025-07-26,2025-07-26,0,30,1,47.12,1,3,1,1,6,Bronze
263,2025-04-25,2025-06-10,46,76,2,79.13,2,1,2,1,6,Bronze
264,2024-08-29,2025-08-02,338,23,6,446.75,4,3,3,1,11,Silver
265,2025-06-05,2025-07-21,46,35,3,245.48,2,2,2,1,7,Bronze
266,2024-08-31,2025-04-18,230,129,5,175.03,4,1,2,1,8,Bronze
267,2025-01-10,2025-04-17,97,130,3,236.17,3,1,2,1,7,Bronze
268,2024-12-03,2025-08-18,258,7,4,279.83,4,4,2,1,11,Silver
269,2024-09-02,2025-08-23,355,2,5,311.55,4,5,2,1,12,Silver
270,2024-11-14,2025-02-19,97,187,3,177.81,3,1,2,1,7,Bronze
271,2024-09-10,2025-05-25,257,92,4,154.39,4,1,2,1,8,Bronze
272,2024-12-24,2025-08-02,221,23,5,208.21,4,3,2,1,10,Silver
273,2024-09-15,2025-06-21,279,65,4,325.66,4,1,2,1,8,Bronze
274,2024-09-25,2025-08-14,323,11,4,118.39,4,4,2,1,11,Silver
275,2024-09-21,2025-02-07,139,199,3,152.72,3,1,2,1,7,Bronze
276,2024-10-06,2025-04-16,192,131,3,167.24,4,1,2,1,8,Bronze
277,2024-08-26,2024-12-03,99,265,4,290.55,3,1,2,1,7,Bronze
278,2024-11-25,2025-08-05,253,20,6,198.33,4,3,3,1,11,Silver
279,2024-10-13,2025-03-13,151,165,3,52.29,3,1,2,1,7,Bronze
280,2025-05-09,2025-08-12,95,13,2,21.57,3,4,2,1,10,Silver
281,2024-11-08,2025-08-24,289,1,7,399.39,4,5,3,1,13,Silver
282,2024-10-11,2025-05-17,218,100,2,55.90,4,1,2,1,8,Bronze
283,2024-10-18,2025-07-04,259,52,3,99.48,4,2,2,1,9,Bronze
284,2025-03-19,2025-03-19,0,159,1,0.80,1,1,1,1,4,Bronze
285,2025-02-16,2025-08-10,175,15,3,45.53,3,4,2,1,10,Silver
286,2024-09-06,2025-08-22,350,3,7,516.65,4,5,3,2,14,Silver
287,2025-01-01,2025-06-23,173,63,5,201.42,3,1,2,1,7,Bronze
288,2024-11-06,2024-11-06,0,292,1,45.67,1,1,1,1,4,Bronze
289,2024-09-14,2025-07-26,315,30,8,276.72,4,3,3,1,11,Silver
290,2025-01-20,2025-06-01,132,85,4,344.75,3,1,2,1,7,Bronze
291,2025-03-02,2025-08-15,166,10,4,118.54,3,4,2,1,10,Silver
292,2024-09-28,2024-12-16,79,252,2,98.51,2,1,2,1,6,Bronze
293,2024-11-04,2024-12-12,38,256,2,54.16,2,1,2,1,6,Bronze
294,2025-01-26,2025-07-12,167,44,3,178.28,3,2,2,1,8,Bronze
295,2024-10-11,2025-01-22,103,215,4,307.73,3,1,2,1,7,Bronze
296,2024-08-29,2025-08-14,350,11,4,237.97,4,4,2,1,11,Silver
297,2024-09-12,2025-03-14,183,164,5,154.99,4,1,2,1,8,Bronze
298,2024-08-27,2025-04-08,224,139,5,327.56,4,1,2,1,8,Bronze
299,2024-09-24,2025-01-09,107,228,2,86.59,3,1,2,1,7,Bronze
300,2024-10-06,2024-10-06,0,323,1,20.38,1,1,1,1,4,Bronze
301,2025-01-01,2025-01-01,0,236,1,7.29,1,1,1,1,4,Bronze
302,2024-11-17,2025-04-23,157,124,3,170.20,3,1,2,1,7,Bronze
303,2024-11-17,2025-08-03,259,22,4,238.10,4,3,2,1,10,Silver
304,2025-01-11,2025-05-13,122,104,3,93.84,3,1,2,1,7,Bronze
305,2024-11-10,2025-06-22,224,64,3,106.11,4,1,2,1,8,Bronze
306,2024-09-17,2025-05-11,236,106,4,90.04,4,1,2,1,8,Bronze
307,2024-09-11,2025-08-25,348,0,9,459.43,4,5,3,1,13,Silver
308,2024-09-18,2025-04-23,217,124,6,280.08,4,1,3,1,9,Bronze
309,2025-02-08,2025-03-26,46,152,3,236.94,2,1,2,1,6,Bronze
310,2025-01-05,2025-05-15,130,102,6,399.99,3,1,3,1,8,Bronze
311,2024-09-28,2025-06-30,275,56,2,128.69,4,2,2,1,9,Bronze
312,2024-10-08,2025-08-07,303,18,4,43.23,4,3,2,1,10,Silver
313,2024-09-21,2025-07-19,301,37,3,171.37,4,2,2,1,9,Bronze
314,2024-11-28,2025-06-15,199,71,3,166.70,4,1,2,1,8,Bronze
315,2024-08-31,2025-05-06,248,111,5,222.11,4,1,2,1,8,Bronze
316,2024-09-11,2024-09-11,0,348,1,104.98,1,1,1,1,4,Bronze
317,2025-02-15,2025-06-01,106,85,3,195.35,3,1,2,1,7,Bronze
318,2025-05-29,2025-06-02,4,84,2,162.46,1,1,2,1,5,Bronze
319,2024-11-12,2025-03-02,110,176,4,204.83,3,1,2,1,7,Bronze
320,2025-01-23,2025-06-23,151,63,5,285.00,3,1,2,1,7,Bronze
321,2024-09-16,2025-07-18,305,38,9,670.81,4,2,3,2,11,Silver
322,2024-09-18,2025-07-09,294,47,2,49.62,4,2,2,1,9,Bronze
323,2024-09-18,2025-04-27,221,120,7,258.91,4,1,3,1,9,Bronze
324,2024-09-12,2025-05-16,246,101,3,89.25,4,1,2,1,8,Bronze
325,2025-01-16,2025-06-25,160,61,5,351.56,3,1,2,1,7,Bronze
326,2024-09-24,2025-03-18,175,160,5,192.42,3,1,2,1,7,Bronze
327,2024-09-09,2025-04-01,204,146,4,166.23,4,1,2,1,8,Bronze
328,2025-02-28,2025-08-05,158,20,4,62.22,3,3,2,1,9,Bronze
329,2024-11-20,2025-07-18,240,38,4,271.13,4,2,2,1,9,Bronze
330,2024-09-04,2025-04-12,220,135,5,339.53,4,1,2,1,8,Bronze
331,2024-09-12,2024-12-18,97,250,3,60.58,3,1,2,1,7,Bronze
332,2024-09-11,2025-07-16,308,40,7,408.96,4,2,3,1,10,Silver
333,2024-09-22,2025-08-02,314,23,5,283.49,4,3,2,1,10,Silver
334,2024-09-13,2025-05-30,259,87,3,181.77,4,1,2,1,8,Bronze
335,2024-12-09,2025-08-11,245,14,3,60.04,4,4,2,1,11,Silver
336,2025-01-04,2025-04-15,101,132,3,292.19,3,1,2,1,7,Bronze
337,2024-12-03,2025-08-02,242,23,7,300.53,4,3,3,1,11,Silver
338,2025-03-08,2025-06-28,112,58,5,173.38,3,2,2,1,8,Bronze
339,2024-09-15,2025-07-14,302,42,4,102.28,4,2,2,1,9,Bronze
340,2025-01-20,2025-08-23,215,2,4,410.79,4,5,2,1,12,Silver
341,2024-11-18,2025-08-15,270,10,4,320.80,4,4,2,1,11,Silver
342,2024-09-27,2025-08-17,324,8,6,278.15,4,4,3,1,12,Silver
343,2024-11-10,2025-07-01,233,55,6,480.61,4,2,3,1,10,Silver
344,2024-09-07,2025-08-02,329,23,9,610.59,4,3,3,2,12,Silver
345,2025-04-06,2025-08-13,129,12,2,133.42,3,4,2,1,10,Silver
346,2024-10-10,2025-08-16,310,9,5,266.96,4,4,2,1,11,Silver
347,2024-11-04,2025-03-05,121,173,4,145.36,3,1,2,1,7,Bronze
348,2025-05-15,2025-06-07,23,79,2,84.78,1,1,2,1,5,Bronze
349,2025-03-14,2025-07-03,111,53,3,185.31,3,2,2,1,8,Bronze
350,2025-07-20,2025-07-20,0,36,1,46.84,1,2,1,1,5,Bronze
351,2024-10-17,2025-06-08,234,78,3,68.43,4,1,2,1,8,Bronze
352,2024-10-05,2025-05-02,209,115,6,249.62,4,1,3,1,9,Bronze
353,2024-10-13,2025-07-19,279,37,7,227.90,4,2,3,1,10,Silver
354,2024-12-13,2025-05-07,145,110,4,156.88,3,1,2,1,7,Bronze
355,2025-01-05,2025-06-06,152,80,5,303.02,3,1,2,1,7,Bronze
356,2025-01-07,2025-06-22,166,64,3,68.04,3,1,2,1,7,Bronze
357,2024-08-28,2025-04-03,218,144,3,218.35,4,1,2,1,8,Bronze
358,2024-08-28,2025-05-17,262,100,6,151.81,4,1,3,1,9,Bronze
359,2024-09-15,2025-07-13,301,43,4,212.44,4,2,2,1,9,Bronze
360,2024-09-28,2025-08-17,323,8,6,240.09,4,4,3,1,12,Silver
361,2024-12-16,2025-07-31,227,25,4,73.03,4,3,2,1,10,Silver
362,2025-04-21,2025-08-17,118,8,2,151.88,3,4,2,1,10,Silver
363,2024-11-07,2025-08-13,279,12,6,306.38,4,4,3,1,12,Silver
364,2024-10-16,2025-02-28,135,178,3,47.87,3,1,2,1,7,Bronze
365,2025-01-03,2025-06-26,174,60,5,342.69,3,2,2,1,8,Bronze
366,2024-09-03,2025-08-07,338,18,5,223.67,4,3,2,1,10,Silver
367,2024-11-11,2025-03-19,128,159,4,318.44,3,1,2,1,7,Bronze
368,2025-03-12,2025-07-27,137,29,7,419.94,3,3,3,1,10,Silver
369,2025-02-03,2025-07-03,150,53,4,255.42,3,2,2,1,8,Bronze
370,2024-09-28,2025-05-06,220,111,4,188.11,4,1,2,1,8,Bronze
371,2024-11-30,2025-07-16,228,40,3,229.27,4,2,2,1,9,Bronze
372,2024-10-04,2025-06-09,248,77,5,339.23,4,1,2,1,8,Bronze
373,2024-12-27,2025-07-30,215,26,5,164.81,4,3,2,1,10,Silver
374,2024-09-02,2025-03-22,201,156,2,200.84,4,1,2,1,8,Bronze
375,2024-10-05,2025-07-27,295,29,8,194.21,4,3,3,1,11,Silver
376,2024-10-23,2025-07-14,264,42,6,299.16,4,2,3,1,10,Silver
377,2024-09-04,2025-08-23,353,2,7,379.03,4,5,3,1,13,Silver
378,2024-08-28,2025-07-24,330,32,5,94.50,4,2,2,1,9,Bronze
379,2024-12-15,2025-08-05,233,20,4,118.60,4,3,2,1,10,Silver
380,2024-09-07,2024-09-07,0,352,1,103.73,1,1,1,1,4,Bronze
381,2024-10-31,2025-06-12,224,74,5,243.27,4,1,2,1,8,Bronze
382,2024-12-11,2025-05-07,147,110,3,97.53,3,1,2,1,7,Bronze
384,2024-10-09,2025-05-22,225,95,4,101.58,4,1,2,1,8,Bronze
385,2024-10-07,2025-06-28,264,58,2,96.64,4,2,2,1,9,Bronze
386,2024-11-11,2025-06-30,231,56,5,405.25,4,2,2,1,9,Bronze
387,2024-09-15,2025-05-03,230,114,3,175.20,4,1,2,1,8,Bronze
388,2025-03-22,2025-07-06,106,50,3,195.72,3,2,2,1,8,Bronze
389,2024-09-25,2025-08-07,316,18,4,97.74,4,3,2,1,10,Silver
390,2024-10-25,2025-06-12,230,74,5,453.98,4,1,2,1,8,Bronze
391,2024-09-27,2025-04-14,199,133,3,97.39,4,1,2,1,8,Bronze
392,2025-05-05,2025-06-08,34,78,3,99.46,2,1,2,1,6,Bronze
393,2025-03-05,2025-08-15,163,10,3,194.38,3,4,2,1,10,Silver
394,2024-09-07,2025-08-07,334,18,3,119.29,4,3,2,1,10,Silver
395,2024-10-22,2025-07-11,262,45,7,432.07,4,2,3,1,10,Silver
396,2024-08-31,2025-07-05,308,51,3,122.06,4,2,2,1,9,Bronze
397,2024-08-31,2025-03-16,197,162,5,291.80,4,1,2,1,8,Bronze
398,2024-08-30,2025-08-14,349,11,6,319.29,4,4,3,1,12,Silver
399,2024-09-16,2025-03-22,187,156,3,239.32,4,1,2,1,8,Bronze
400,2024-10-11,2025-07-07,269,49,5,182.45,4,2,2,1,9,Bronze
401,2025-01-11,2025-07-16,186,40,3,231.44,4,2,2,1,9,Bronze
402,2024-10-30,2025-02-26,119,180,2,46.48,3,1,2,1,7,Bronze
403,2024-09-24,2024-12-20,87,248,2,11.86,2,1,2,1,6,Bronze
404,2024-10-10,2025-04-01,173,146,2,87.37,3,1,2,1,7,Bronze
405,2024-12-18,2025-05-18,151,99,3,31.29,3,1,2,1,7,Bronze
406,2024-11-24,2025-08-20,269,5,8,505.77,4,5,3,2,14,Silver
407,2024-09-01,2025-06-10,282,76,4,194.34,4,1,2,1,8,Bronze
408,2024-10-22,2025-07-12,263,44,2,167.38,4,2,2,1,9,Bronze
409,2024-11-26,2025-06-14,200,72,3,205.33,4,1,2,1,8,Bronze
410,2024-10-08,2025-07-19,284,37,6,157.86,4,2,3,1,10,Silver
411,2024-09-11,2025-08-13,336,12,5,201.90,4,4,2,1,11,Silver
412,2024-11-05,2025-04-29,175,118,4,310.01,3,1,2,1,7,Bronze
413,2025-02-10,2025-05-03,82,114,2,58.34,2,1,2,1,6,Bronze
414,2025-05-09,2025-07-10,62,46,2,66.66,2,2,2,1,7,Bronze
415,2025-03-30,2025-07-25,117,31,2,64.63,3,2,2,1,8,Bronze
416,2025-01-04,2025-05-22,138,95,3,50.57,3,1,2,1,7,Bronze
417,2024-09-25,2025-07-05,283,51,5,211.61,4,2,2,1,9,Bronze
418,2024-12-11,2025-07-11,212,45,2,77.07,4,2,2,1,9,Bronze
419,2024-09-30,2025-01-22,114,215,6,278.00,3,1,3,1,8,Bronze
420,2024-09-14,2025-07-05,294,51,4,94.24,4,2,2,1,9,Bronze
421,2024-11-20,2025-08-14,267,11,2,153.97,4,4,2,1,11,Silver
422,2024-09-22,2024-12-13,82,255,3,109.25,2,1,2,1,6,Bronze
423,2024-09-18,2025-04-16,210,131,2,92.64,4,1,2,1,8,Bronze
424,2024-11-24,2025-07-23,241,33,3,83.71,4,2,2,1,9,Bronze
425,2024-10-23,2025-07-28,278,28,6,457.01,4,3,3,1,11,Silver
426,2024-09-04,2025-04-25,233,122,3,263.44,4,1,2,1,8,Bronze
427,2024-09-30,2025-08-23,327,2,5,202.81,4,5,2,1,12,Silver
428,2024-10-11,2025-06-16,248,70,8,342.84,4,1,3,1,9,Bronze
429,2025-05-02,2025-08-17,107,8,5,257.85,3,4,2,1,10,Silver
430,2024-10-01,2025-07-20,292,36,4,129.91,4,2,2,1,9,Bronze
431,2024-10-04,2025-08-06,306,19,10,430.09,4,3,4,1,12,Silver
432,2024-10-31,2025-06-26,238,60,2,127.25,4,2,2,1,9,Bronze
433,2024-12-08,2025-08-06,241,19,8,99.33,4,3,3,1,11,Silver
434,2025-03-22,2025-06-29,99,57,2,232.07,3,2,2,1,8,Bronze
435,2025-05-10,2025-05-10,0,107,1,33.58,1,1,1,1,4,Bronze
436,2024-09-08,2025-05-16,250,101,6,225.75,4,1,3,1,9,Bronze
437,2024-09-20,2025-05-06,228,111,3,109.73,4,1,2,1,8,Bronze
438,2024-09-08,2025-08-15,341,10,13,528.28,4,4,4,2,14,Silver
439,2024-09-24,2025-08-14,324,11,3,148.03,4,4,2,1,11,Silver
440,2024-11-07,2025-07-11,246,45,2,149.31,4,2,2,1,9,Bronze
441,2024-09-18,2025-03-16,179,162,3,194.62,3,1,2,1,7,Bronze
442,2025-02-22,2025-08-03,162,22,3,80.46,3,3,2,1,9,Bronze
443,2024-09-07,2025-07-19,315,37,6,126.80,4,2,3,1,10,Silver
444,2024-11-18,2025-07-31,255,25,3,147.08,4,3,2,1,10,Silver
445,2024-08-27,2025-07-15,322,41,3,115.92,4,2,2,1,9,Bronze
446,2025-04-03,2025-08-03,122,22,3,132.34,3,3,2,1,9,Bronze
447,2025-01-01,2025-08-19,230,6,5,371.12,4,4,2,1,11,Silver
448,2024-11-07,2025-05-19,193,98,7,311.91,4,1,3,1,9,Bronze
449,2024-09-06,2025-07-05,302,51,5,118.95,4,2,2,1,9,Bronze
450,2024-09-13,2025-06-28,288,58,6,310.61,4,2,3,1,10,Silver
451,2024-10-01,2025-08-22,325,3,6,280.30,4,5,3,1,13,Silver
452,2024-09-05,2025-07-14,312,42,7,332.93,4,2,3,1,10,Silver
453,2024-09-28,2025-07-17,292,39,7,159.36,4,2,3,1,10,Silver
454,2025-01-03,2025-08-07,216,18,6,353.51,4,3,3,1,11,Silver
455,2024-12-21,2025-03-17,86,161,4,217.17,2,1,2,1,6,Bronze
456,2025-01-18,2025-01-18,0,219,1,27.16,1,1,1,1,4,Bronze
457,2024-11-02,2024-11-02,0,296,1,80.72,1,1,1,1,4,Bronze
458,2024-12-19,2025-05-04,136,113,4,232.86,3,1,2,1,7,Bronze
459,2025-06-01,2025-06-24,23,62,2,112.70,1,1,2,1,5,Bronze
460,2024-09-18,2025-04-12,206,135,3,117.37,4,1,2,1,8,Bronze
461,2024-10-02,2025-07-07,278,49,8,439.66,4,2,3,1,10,Silver
462,2024-09-19,2025-07-02,286,54,6,305.89,4,2,3,1,10,Silver
463,2024-10-30,2025-06-01,214,85,6,256.32,4,1,3,1,9,Bronze
464,2024-11-04,2025-07-22,260,34,5,235.88,4,2,2,1,9,Bronze
465,2025-07-08,2025-07-08,0,48,1,37.27,1,2,1,1,5,Bronze
466,2025-03-25,2025-08-23,151,2,3,126.35,3,5,2,1,11,Silver
467,2024-10-19,2025-03-25,157,153,4,355.52,3,1,2,1,7,Bronze
468,2024-09-23,2025-06-28,278,58,4,214.42,4,2,2,1,9,Bronze
470,2024-08-29,2025-08-07,343,18,4,368.72,4,3,2,1,10,Silver
471,2024-12-20,2025-05-18,149,99,4,177.06,3,1,2,1,7,Bronze
472,2024-09-29,2025-07-27,301,29,7,341.84,4,3,3,1,11,Silver
473,2024-11-04,2025-07-06,244,50,3,169.46,4,2,2,1,9,Bronze
474,2024-12-13,2025-06-09,178,77,5,160.76,3,1,2,1,7,Bronze
475,2024-10-27,2024-10-27,0,302,1,33.93,1,1,1,1,4,Bronze
476,2024-12-04,2025-06-19,197,67,4,380.66,4,1,2,1,8,Bronze
477,2024-09-06,2025-08-13,341,12,5,374.61,4,4,2,1,11,Silver
478,2025-04-22,2025-07-19,88,37,2,80.93,2,2,2,1,7,Bronze
479,2024-11-03,2025-07-19,258,37,5,347.12,4,2,2,1,9,Bronze
480,2024-11-18,2025-07-22,246,34,4,120.16,4,2,2,1,9,Bronze
481,2024-09-18,2025-07-25,310,31,4,226.05,4,2,2,1,9,Bronze
482,2024-11-24,2025-06-09,197,77,8,566.47,4,1,3,2,10,Silver
483,2024-09-19,2025-05-20,243,97,6,347.82,4,1,3,1,9,Bronze
484,2024-11-15,2025-01-29,75,208,3,150.56,2,1,2,1,6,Bronze
486,2024-10-15,2025-06-09,237,77,4,230.13,4,1,2,1,8,Bronze
487,2024-08-30,2025-06-29,303,57,6,390.67,4,2,3,1,10,Silver
488,2024-09-20,2025-04-30,222,117,6,230.64,4,1,3,1,9,Bronze
489,2024-11-08,2025-08-23,288,2,4,357.60,4,5,2,1,12,Silver
490,2024-10-13,2025-08-03,294,22,7,204.95,4,3,3,1,11,Silver
491,2024-09-29,2025-08-15,320,10,7,424.01,4,4,3,1,12,Silver
492,2025-02-08,2025-03-25,45,153,2,79.23,2,1,2,1,6,Bronze
493,2024-11-02,2025-01-15,74,222,4,138.05,2,1,2,1,6,Bronze
494,2024-10-21,2024-12-31,71,237,4,378.62,2,1,2,1,6,Bronze
495,2025-03-06,2025-07-02,118,54,4,175.97,3,2,2,1,8,Bronze
496,2024-10-02,2025-08-10,312,15,10,431.26,4,4,4,1,13,Silver
497,2024-11-29,2025-08-13,257,12,5,325.83,4,4,2,1,11,Silver
498,2024-11-26,2025-08-23,270,2,7,380.29,4,5,3,1,13,Silver
499,2025-03-01,2025-05-14,74,103,2,27.26,2,1,2,1,6,Bronze
500,2024-12-17,2025-06-17,182,69,6,200.03,4,1,3,1,9,Bronze
501,2024-11-25,2025-07-13,230,43,4,244.87,4,2,2,1,9,Bronze
502,2024-12-21,2025-03-26,95,152,2,60.01,3,1,2,1,7,Bronze
503,2024-11-23,2025-07-05,224,51,3,131.24,4,2,2,1,9,Bronze
504,2024-10-16,2025-07-19,276,37,5,314.30,4,2,2,1,9,Bronze
505,2024-12-24,2025-07-04,192,52,6,196.47,4,2,3,1,10,Silver
506,2024-12-30,2025-08-10,223,15,6,310.28,4,4,3,1,12,Silver
507,2024-09-18,2025-08-01,317,24,4,140.51,4,3,2,1,10,Silver
508,2024-10-24,2025-02-04,103,202,6,248.05,3,1,3,1,8,Bronze
509,2025-04-06,2025-06-08,63,78,2,234.80,2,1,2,1,6,Bronze
511,2024-12-24,2025-07-03,191,53,6,220.58,4,2,3,1,10,Silver
512,2024-09-24,2025-08-10,320,15,6,362.34,4,4,3,1,12,Silver
513,2024-11-09,2025-01-10,62,227,2,146.30,2,1,2,1,6,Bronze
514,2024-09-18,2025-08-11,327,14,5,363.58,4,4,2,1,11,Silver
515,2024-11-14,2025-07-12,240,44,2,99.58,4,2,2,1,9,Bronze
516,2024-12-13,2025-08-16,246,9,3,206.25,4,4,2,1,11,Silver
517,2024-08-29,2025-08-03,339,22,6,411.39,4,3,3,1,11,Silver
518,2025-01-13,2025-08-22,221,3,3,156.31,4,5,2,1,12,Silver
520,2024-09-07,2024-09-07,0,352,1,36.02,1,1,1,1,4,Bronze
521,2024-10-02,2025-08-04,306,21,6,230.56,4,3,3,1,11,Silver
522,2025-01-06,2025-01-06,0,231,1,99.87,1,1,1,1,4,Bronze
523,2024-10-12,2025-08-05,297,20,6,221.93,4,3,3,1,11,Silver
524,2024-10-08,2025-05-19,223,98,6,147.32,4,1,3,1,9,Bronze
525,2024-09-20,2025-03-04,165,174,3,16.37,3,1,2,1,7,Bronze
526,2024-09-03,2025-08-06,337,19,5,323.25,4,3,2,1,10,Silver
527,2024-10-13,2025-08-10,301,15,4,193.04,4,4,2,1,11,Silver
528,2025-02-09,2025-07-17,158,39,4,81.88,3,2,2,1,8,Bronze
529,2025-02-27,2025-05-16,78,101,3,44.97,2,1,2,1,6,Bronze
530,2024-08-31,2025-05-01,243,116,5,233.63,4,1,2,1,8,Bronze
531,2024-09-18,2025-08-06,322,19,4,168.93,4,3,2,1,10,Silver
532,2024-10-14,2025-04-15,183,132,3,141.87,4,1,2,1,8,Bronze
533,2024-09-01,2024-12-12,102,256,3,130.35,3,1,2,1,7,Bronze
534,2024-10-26,2025-08-21,299,4,4,188.64,4,5,2,1,12,Silver
535,2024-11-07,2025-06-10,215,76,3,146.38,4,1,2,1,8,Bronze
536,2024-11-17,2025-08-01,257,24,6,389.30,4,3,3,1,11,Silver
537,2024-10-30,2025-04-30,182,117,5,280.20,4,1,2,1,8,Bronze
538,2024-09-13,2025-05-03,232,114,7,379.40,4,1,3,1,9,Bronze
539,2024-09-26,2025-07-27,304,29,3,93.64,4,3,2,1,10,Silver
540,2024-10-27,2025-08-10,287,15,5,206.73,4,4,2,1,11,Silver
541,2024-09-10,2025-08-11,335,14,8,636.88,4,4,3,2,13,Silver
542,2025-01-10,2025-08-18,220,7,4,256.35,4,4,2,1,11,Silver
543,2024-09-14,2025-08-23,343,2,7,472.16,4,5,3,1,13,Silver
544,2024-11-25,2025-06-17,204,69,5,194.66,4,1,2,1,8,Bronze
545,2024-12-11,2025-08-07,239,18,6,247.24,4,3,3,1,11,Silver
546,2024-12-03,2025-06-14,193,72,3,99.42,4,1,2,1,8,Bronze
547,2024-09-19,2025-03-15,177,163,6,350.92,3,1,3,1,8,Bronze
548,2025-03-19,2025-08-17,151,8,4,218.03,3,4,2,1,10,Silver
549,2024-08-26,2025-07-17,325,39,5,371.53,4,2,2,1,9,Bronze
550,2024-08-26,2025-06-29,307,57,5,243.84,4,2,2,1,9,Bronze
551,2025-07-18,2025-07-18,0,38,1,13.83,1,2,1,1,5,Bronze
552,2025-08-16,2025-08-16,0,9,1,23.02,1,4,1,1,7,Bronze
553,2024-08-30,2025-07-21,325,35,7,297.81,4,2,3,1,10,Silver
554,2024-11-08,2025-02-08,92,198,2,79.46,3,1,2,1,7,Bronze
555,2024-12-06,2025-02-26,82,180,2,63.95,2,1,2,1,6,Bronze
556,2024-10-15,2025-08-05,294,20,6,537.90,4,3,3,2,12,Silver
557,2025-01-13,2025-08-04,203,21,4,299.93,4,3,2,1,10,Silver
558,2024-09-22,2025-08-17,329,8,6,246.68,4,4,3,1,12,Silver
559,2024-09-22,2025-07-28,309,28,5,134.20,4,3,2,1,10,Silver
560,2024-12-07,2025-08-17,253,8,3,83.04,4,4,2,1,11,Silver
561,2025-02-02,2025-06-10,128,76,3,62.12,3,1,2,1,7,Bronze
562,2025-02-14,2025-03-04,18,174,3,28.31,1,1,2,1,5,Bronze
563,2024-09-18,2025-07-14,299,42,7,316.44,4,2,3,1,10,Silver
564,2025-02-18,2025-08-19,182,6,3,98.76,4,4,2,1,11,Silver
565,2025-04-29,2025-08-16,109,9,4,89.60,3,4,2,1,10,Silver
566,2025-04-18,2025-07-18,91,38,5,143.17,3,2,2,1,8,Bronze
567,2024-08-30,2025-07-06,310,50,9,392.32,4,2,3,1,10,Silver
568,2024-09-16,2025-08-24,342,1,8,505.13,4,5,3,2,14,Silver
569,2024-11-16,2025-04-27,162,120,4,159.14,3,1,2,1,7,Bronze
570,2024-11-07,2025-04-13,157,134,4,235.67,3,1,2,1,7,Bronze
571,2024-09-19,2025-06-27,281,59,9,323.36,4,2,3,1,10,Silver
572,2024-09-18,2025-03-04,167,174,5,317.21,3,1,2,1,7,Bronze
573,2025-02-14,2025-04-11,56,136,2,60.70,2,1,2,1,6,Bronze
574,2024-08-30,2025-08-19,354,6,6,439.20,4,4,3,1,12,Silver
575,2025-03-08,2025-07-03,117,53,3,192.22,3,2,2,1,8,Bronze
576,2024-11-08,2025-05-23,196,94,6,246.00,4,1,3,1,9,Bronze
577,2025-01-07,2025-08-14,219,11,4,255.08,4,4,2,1,11,Silver
578,2024-08-28,2025-05-29,274,88,5,356.94,4,1,2,1,8,Bronze
579,2024-09-02,2025-06-19,290,67,6,527.12,4,1,3,2,10,Silver
581,2024-10-19,2025-06-17,241,69,3,97.32,4,1,2,1,8,Bronze
582,2024-11-28,2025-04-29,152,118,3,81.90,3,1,2,1,7,Bronze
583,2025-04-15,2025-05-29,44,88,2,145.95,2,1,2,1,6,Bronze
584,2024-12-27,2025-07-03,188,53,4,129.56,4,2,2,1,9,Bronze
585,2024-10-19,2025-06-30,254,56,7,316.05,4,2,3,1,10,Silver
586,2024-10-10,2025-03-24,165,154,4,84.48,3,1,2,1,7,Bronze
587,2024-09-03,2025-06-20,290,66,7,322.95,4,1,3,1,9,Bronze
588,2024-09-03,2025-06-30,300,56,4,293.67,4,2,2,1,9,Bronze
589,2024-09-22,2025-05-22,242,95,6,426.33,4,1,3,1,9,Bronze
590,2024-09-04,2025-03-06,183,172,4,94.99,4,1,2,1,8,Bronze
591,2025-06-17,2025-08-21,65,4,3,204.11,2,5,2,1,10,Silver
592,2024-09-06,2025-05-18,254,99,7,178.57,4,1,3,1,9,Bronze
593,2024-09-22,2025-03-23,182,155,3,105.56,4,1,2,1,8,Bronze
594,2024-10-14,2025-05-16,214,101,5,341.54,4,1,2,1,8,Bronze
595,2024-12-08,2025-06-20,194,66,3,92.44,4,1,2,1,8,Bronze
596,2024-11-30,2025-07-20,232,36,4,159.10,4,2,2,1,9,Bronze
597,2024-09-07,2025-08-09,336,16,7,504.46,4,3,3,2,12,Silver
598,2024-09-15,2025-08-20,339,5,4,130.95,4,5,2,1,12,Silver
599,2024-11-03,2025-05-13,191,104,4,258.28,4,1,2,1,8,Bronze
600,2025-06-23,2025-06-23,0,63,1,93.88,1,1,1,1,4,Bronze
601,2024-09-25,2025-01-22,119,215,4,153.18,3,1,2,1,7,Bronze
602,2024-09-28,2025-08-04,310,21,8,482.71,4,3,3,1,11,Silver
603,2024-12-11,2025-06-19,190,67,4,185.96,4,1,2,1,8,Bronze
604,2024-11-09,2025-04-06,148,141,4,194.22,3,1,2,1,7,Bronze
605,2025-03-04,2025-04-12,39,135,2,65.10,2,1,2,1,6,Bronze
606,2024-11-24,2025-06-08,196,78,6,382.87,4,1,3,1,9,Bronze
607,2024-11-18,2025-02-11,85,195,3,183.06,2,1,2,1,6,Bronze
608,2025-02-16,2025-03-30,42,148,4,255.42,2,1,2,1,6,Bronze
609,2025-03-08,2025-08-22,167,3,3,267.41,3,5,2,1,11,Silver
610,2024-10-12,2025-07-10,271,46,7,504.38,4,2,3,2,11,Silver
611,2024-11-30,2025-05-09,160,108,3,157.59,3,1,2,1,7,Bronze
612,2025-07-05,2025-07-05,0,51,1,48.64,1,2,1,1,5,Bronze
613,2024-10-15,2025-06-24,252,62,4,417.15,4,1,2,1,8,Bronze
614,2024-11-16,2025-08-10,267,15,10,485.09,4,4,4,1,13,Silver
615,2025-02-16,2025-08-11,176,14,5,285.34,3,4,2,1,10,Silver
616,2024-09-07,2025-07-17,313,39,8,217.12,4,2,3,1,10,Silver
617,2024-10-28,2025-05-26,210,91,5,367.57,4,1,2,1,8,Bronze
618,2024-10-03,2025-08-03,304,22,5,326.25,4,3,2,1,10,Silver
619,2024-09-04,2025-01-31,149,206,5,286.83,3,1,2,1,7,Bronze
620,2024-12-14,2025-07-21,219,35,5,95.42,4,2,2,1,9,Bronze
621,2025-06-09,2025-06-09,0,77,1,32.61,1,1,1,1,4,Bronze
622,2025-02-01,2025-08-04,184,21,4,316.69,4,3,2,1,10,Silver
623,2024-10-09,2025-05-29,232,88,8,291.14,4,1,3,1,9,Bronze
624,2024-12-01,2025-08-06,248,19,7,437.45,4,3,3,1,11,Silver
625,2024-10-14,2025-04-24,192,123,4,310.57,4,1,2,1,8,Bronze
626,2025-02-08,2025-07-29,171,27,4,185.61,3,3,2,1,9,Bronze
627,2024-08-29,2025-05-12,256,105,5,292.26,4,1,2,1,8,Bronze
628,2025-01-26,2025-06-16,141,70,3,89.65,3,1,2,1,7,Bronze
629,2025-01-15,2025-06-23,159,63,6,205.60,3,1,3,1,8,Bronze
630,2024-10-10,2025-07-06,269,50,7,620.68,4,2,3,2,11,Silver
631,2024-09-09,2025-08-07,332,18,11,573.53,4,3,4,2,13,Silver
632,2024-10-07,2025-01-20,105,217,4,179.49,3,1,2,1,7,Bronze
633,2024-08-27,2025-03-27,212,151,4,345.33,4,1,2,1,8,Bronze
634,2024-09-25,2025-02-26,154,180,3,168.72,3,1,2,1,7,Bronze
635,2025-01-28,2025-06-20,143,66,3,122.72,3,1,2,1,7,Bronze
636,2024-09-25,2025-06-30,278,56,6,248.62,4,2,3,1,10,Silver
637,2024-10-17,2025-03-21,155,157,4,286.18,3,1,2,1,7,Bronze
638,2024-09-09,2025-07-08,302,48,3,136.88,4,2,2,1,9,Bronze
639,2024-12-10,2025-07-30,232,26,3,95.28,4,3,2,1,10,Silver
640,2024-09-24,2025-06-25,274,61,8,430.94,4,1,3,1,9,Bronze
641,2024-09-27,2025-07-29,305,27,2,88.27,4,3,2,1,10,Silver
642,2024-10-10,2025-06-12,245,74,4,233.17,4,1,2,1,8,Bronze
643,2024-09-29,2025-07-26,300,30,4,144.62,4,3,2,1,10,Silver
644,2024-10-04,2025-05-21,229,96,6,255.45,4,1,3,1,9,Bronze
645,2025-01-06,2025-06-18,163,68,5,179.85,3,1,2,1,7,Bronze
646,2024-10-18,2025-04-07,171,140,3,99.40,3,1,2,1,7,Bronze
647,2024-09-12,2025-06-20,281,66,6,395.81,4,1,3,1,9,Bronze
648,2025-01-20,2025-02-21,32,185,2,117.87,2,1,2,1,6,Bronze
649,2024-12-05,2025-07-14,221,42,8,422.51,4,2,3,1,10,Silver
650,2024-09-01,2025-06-19,291,67,4,239.66,4,1,2,1,8,Bronze
651,2024-09-30,2025-06-29,272,57,8,196.98,4,2,3,1,10,Silver
652,2025-02-05,2025-08-01,177,24,4,233.06,3,3,2,1,9,Bronze
653,2024-09-18,2025-03-13,176,165,4,324.40,3,1,2,1,7,Bronze
654,2025-06-11,2025-08-19,69,6,2,130.14,2,4,2,1,9,Bronze
655,2024-09-04,2025-07-31,330,25,4,199.00,4,3,2,1,10,Silver
656,2025-02-20,2025-02-25,5,181,2,24.22,1,1,2,1,5,Bronze
657,2025-02-17,2025-06-15,118,71,4,230.84,3,1,2,1,7,Bronze
658,2024-09-18,2025-07-30,315,26,8,327.80,4,3,3,1,11,Silver
659,2024-11-30,2025-06-28,210,58,6,421.55,4,2,3,1,10,Silver
660,2025-03-12,2025-08-15,156,10,5,383.81,3,4,2,1,10,Silver
661,2024-08-27,2025-05-21,267,96,7,180.02,4,1,3,1,9,Bronze
662,2025-03-15,2025-07-28,135,28,3,177.37,3,3,2,1,9,Bronze
663,2025-02-13,2025-07-15,152,41,5,131.32,3,2,2,1,8,Bronze
664,2024-12-13,2025-03-20,97,158,3,134.01,3,1,2,1,7,Bronze
665,2024-10-07,2025-08-15,312,10,2,61.43,4,4,2,1,11,Silver
666,2024-10-26,2024-12-26,61,242,3,190.44,2,1,2,1,6,Bronze
667,2024-11-23,2025-04-21,149,126,3,56.88,3,1,2,1,7,Bronze
668,2024-09-17,2024-12-04,78,264,2,27.05,2,1,2,1,6,Bronze
669,2024-12-13,2025-08-08,238,17,6,453.60,4,3,3,1,11,Silver
670,2024-09-22,2025-05-07,227,110,4,60.81,4,1,2,1,8,Bronze
671,2024-10-08,2025-06-07,242,79,3,218.50,4,1,2,1,8,Bronze
672,2025-04-02,2025-05-22,50,95,3,163.46,2,1,2,1,6,Bronze
673,2024-11-03,2025-05-19,197,98,3,187.72,4,1,2,1,8,Bronze
674,2025-01-26,2025-08-04,190,21,4,312.69,4,3,2,1,10,Silver
675,2024-11-08,2025-08-04,269,21,6,355.36,4,3,3,1,11,Silver
676,2024-11-07,2025-05-14,188,103,4,193.51,4,1,2,1,8,Bronze
677,2025-01-24,2025-08-01,189,24,5,278.53,4,3,2,1,10,Silver
678,2025-03-04,2025-06-23,111,63,5,329.62,3,1,2,1,7,Bronze
679,2024-10-27,2024-11-30,34,268,2,157.76,2,1,2,1,6,Bronze
680,2024-09-02,2025-06-28,299,58,4,146.49,4,2,2,1,9,Bronze
681,2024-10-16,2025-07-08,265,48,2,37.86,4,2,2,1,9,Bronze
682,2024-08-29,2025-06-03,278,83,3,82.13,4,1,2,1,8,Bronze
683,2024-09-12,2025-07-13,304,43,8,326.47,4,2,3,1,10,Silver
684,2024-11-06,2025-05-02,177,115,4,88.46,3,1,2,1,7,Bronze
685,2024-09-10,2025-03-23,194,155,4,337.26,4,1,2,1,8,Bronze
686,2024-12-02,2025-08-03,244,22,5,296.50,4,3,2,1,10,Silver
687,2024-09-09,2025-07-10,304,46,7,351.95,4,2,3,1,10,Silver
688,2024-10-04,2025-07-23,292,33,7,282.44,4,2,3,1,10,Silver
689,2024-12-01,2025-07-29,240,27,3,132.21,4,3,2,1,10,Silver
690,2025-04-16,2025-04-21,5,126,2,40.26,1,1,2,1,5,Bronze
691,2024-12-08,2025-07-23,227,33,3,88.09,4,2,2,1,9,Bronze
692,2024-09-24,2025-07-23,302,33,5,95.98,4,2,2,1,9,Bronze
693,2025-01-12,2025-06-23,162,63,4,174.15,3,1,2,1,7,Bronze
694,2024-09-19,2025-05-22,245,95,5,269.38,4,1,2,1,8,Bronze
695,2024-12-05,2025-07-06,213,50,4,35.51,4,2,2,1,9,Bronze
696,2024-09-22,2025-08-24,336,1,7,245.12,4,5,3,1,13,Silver
697,2024-11-30,2025-03-01,91,177,3,118.53,3,1,2,1,7,Bronze
698,2024-10-01,2025-07-14,286,42,5,254.10,4,2,2,1,9,Bronze
699,2024-09-10,2025-08-17,341,8,4,115.82,4,4,2,1,11,Silver
700,2025-07-19,2025-07-19,0,37,1,15.29,1,2,1,1,5,Bronze
701,2024-10-23,2025-08-18,299,7,5,236.92,4,4,2,1,11,Silver
702,2024-12-27,2025-06-24,179,62,3,161.78,3,1,2,1,7,Bronze
703,2025-02-07,2025-08-10,184,15,7,183.17,4,4,3,1,12,Silver
704,2024-09-17,2025-07-28,314,28,6,280.14,4,3,3,1,11,Silver
705,2024-11-19,2025-07-05,228,51,2,27.88,4,2,2,1,9,Bronze
706,2024-09-22,2025-05-22,242,95,8,280.38,4,1,3,1,9,Bronze
707,2025-01-24,2025-05-23,119,94,3,127.04,3,1,2,1,7,Bronze
708,2025-01-29,2025-08-17,200,8,6,425.22,4,4,3,1,12,Silver
709,2024-11-17,2025-04-18,152,129,4,130.09,3,1,2,1,7,Bronze
710,2024-12-25,2025-07-15,202,41,5,196.65,4,2,2,1,9,Bronze
711,2025-06-21,2025-06-21,0,65,1,18.31,1,1,1,1,4,Bronze
712,2024-12-05,2025-04-24,140,123,4,119.06,3,1,2,1,7,Bronze
713,2024-11-11,2025-04-26,166,121,3,173.61,3,1,2,1,7,Bronze
714,2024-12-05,2025-02-18,75,188,3,49.29,2,1,2,1,6,Bronze
715,2024-09-25,2025-05-10,227,107,7,234.25,4,1,3,1,9,Bronze
716,2024-12-30,2025-01-08,9,229,2,172.78,1,1,2,1,5,Bronze
717,2024-09-08,2025-08-21,347,4,3,179.73,4,5,2,1,12,Silver
718,2024-09-22,2025-04-05,195,142,5,169.52,4,1,2,1,8,Bronze
719,2024-11-06,2025-08-24,291,1,3,161.09,4,5,2,1,12,Silver
720,2024-11-27,2025-05-09,163,108,4,95.05,3,1,2,1,7,Bronze
721,2025-04-22,2025-06-07,46,79,2,82.09,2,1,2,1,6,Bronze
722,2025-05-07,2025-05-07,0,110,1,7.87,1,1,1,1,4,Bronze
723,2024-11-05,2025-07-27,264,29,3,166.18,4,3,2,1,10,Silver
724,2024-10-25,2025-07-31,279,25,2,233.41,4,3,2,1,10,Silver
725,2024-10-31,2025-07-05,247,51,8,343.58,4,2,3,1,10,Silver
726,2024-09-28,2025-08-01,307,24,4,176.14,4,3,2,1,10,Silver
727,2024-12-20,2025-06-20,182,66,6,332.49,4,1,3,1,9,Bronze
728,2025-03-24,2025-08-13,142,12,3,220.72,3,4,2,1,10,Silver
729,2025-03-24,2025-04-01,8,146,2,157.66,1,1,2,1,5,Bronze
730,2025-01-02,2025-05-15,133,102,3,121.41,3,1,2,1,7,Bronze
731,2024-08-26,2024-11-20,86,278,3,173.90,2,1,2,1,6,Bronze
732,2024-12-02,2025-03-15,103,163,2,66.46,3,1,2,1,7,Bronze
733,2024-09-17,2025-07-15,301,41,6,241.79,4,2,3,1,10,Silver
734,2024-09-30,2025-07-22,295,34,4,26.03,4,2,2,1,9,Bronze
735,2024-09-24,2025-04-21,209,126,6,222.26,4,1,3,1,9,Bronze
736,2024-08-26,2025-08-25,364,0,12,197.20,4,5,4,1,14,Silver
737,2024-11-03,2025-08-13,283,12,5,198.17,4,4,2,1,11,Silver
738,2024-11-01,2025-06-20,231,66,5,183.53,4,1,2,1,8,Bronze
739,2025-02-13,2025-07-04,141,52,3,180.05,3,2,2,1,8,Bronze
740,2024-10-31,2025-04-27,178,120,2,70.88,3,1,2,1,7,Bronze
741,2024-09-30,2025-07-08,281,48,4,62.22,4,2,2,1,9,Bronze
742,2024-10-15,2025-07-29,287,27,6,300.98,4,3,3,1,11,Silver
743,2024-09-03,2025-05-07,246,110,7,252.72,4,1,3,1,9,Bronze
744,2024-12-25,2025-07-26,213,30,5,370.90,4,3,2,1,10,Silver
745,2024-10-11,2025-07-28,290,28,2,111.78,4,3,2,1,10,Silver
746,2024-11-22,2025-06-26,216,60,4,234.89,4,2,2,1,9,Bronze
747,2024-10-06,2024-10-06,0,323,1,144.23,1,1,1,1,4,Bronze
748,2025-03-12,2025-04-13,32,134,2,51.24,2,1,2,1,6,Bronze
749,2025-03-26,2025-05-23,58,94,3,113.09,2,1,2,1,6,Bronze
750,2025-03-09,2025-07-23,136,33,2,17.57,3,2,2,1,8,Bronze
751,2024-09-30,2025-08-16,320,9,8,494.40,4,4,3,1,12,Silver
752,2024-11-05,2025-07-18,255,38,6,305.04,4,2,3,1,10,Silver
753,2025-06-05,2025-07-04,29,52,3,92.97,1,2,2,1,6,Bronze
754,2024-12-01,2025-08-16,258,9,7,391.92,4,4,3,1,12,Silver
755,2024-09-05,2025-08-23,352,2,5,218.73,4,5,2,1,12,Silver
756,2024-12-07,2024-12-21,14,247,2,80.04,1,1,2,1,5,Bronze
757,2024-10-29,2025-03-03,125,175,2,158.38,3,1,2,1,7,Bronze
758,2025-01-01,2025-08-13,224,12,5,164.78,4,4,2,1,11,Silver
759,2025-02-08,2025-07-03,145,53,3,45.18,3,2,2,1,8,Bronze
760,2024-12-03,2025-08-18,258,7,8,434.77,4,4,3,1,12,Silver
761,2024-11-16,2025-08-24,281,1,6,232.82,4,5,3,1,13,Silver
762,2025-05-14,2025-07-16,63,40,3,54.20,2,2,2,1,7,Bronze
763,2024-08-27,2025-08-13,351,12,9,569.50,4,4,3,2,13,Silver
764,2024-09-14,2025-08-01,321,24,5,212.14,4,3,2,1,10,Silver
765,2025-04-11,2025-06-18,68,68,4,75.58,2,1,2,1,6,Bronze
766,2024-09-09,2025-06-16,280,70,9,325.22,4,1,3,1,9,Bronze
767,2025-02-04,2025-02-25,21,181,3,16.38,1,1,2,1,5,Bronze
768,2024-10-07,2025-08-10,307,15,5,359.37,4,4,2,1,11,Silver
769,2024-11-15,2025-06-17,214,69,5,161.24,4,1,2,1,8,Bronze
770,2025-06-29,2025-08-23,55,2,3,74.62,2,5,2,1,10,Silver
771,2024-08-31,2025-08-14,348,11,5,464.47,4,4,2,1,11,Silver
772,2024-09-02,2024-10-15,43,314,2,124.45,2,1,2,1,6,Bronze
773,2024-11-27,2025-06-26,211,60,2,95.00,4,2,2,1,9,Bronze
774,2024-09-18,2024-11-29,72,269,3,66.13,2,1,2,1,6,Bronze
775,2025-02-06,2025-08-13,188,12,4,107.44,4,4,2,1,11,Silver
776,2024-12-23,2024-12-23,0,245,1,92.62,1,1,1,1,4,Bronze
777,2025-06-06,2025-07-23,47,33,2,122.49,2,2,2,1,7,Bronze
778,2024-11-04,2024-12-21,47,247,5,177.47,2,1,2,1,6,Bronze
779,2024-09-06,2025-08-08,336,17,8,192.96,4,3,3,1,11,Silver
780,2025-02-19,2025-05-21,91,96,4,158.36,3,1,2,1,7,Bronze
781,2024-12-25,2025-04-12,108,135,3,230.72,3,1,2,1,7,Bronze
782,2024-09-07,2025-06-09,275,77,4,238.79,4,1,2,1,8,Bronze
783,2024-12-31,2025-05-01,121,116,3,42.42,3,1,2,1,7,Bronze
784,2025-01-09,2025-05-31,142,86,5,320.51,3,1,2,1,7,Bronze
785,2024-10-20,2025-01-22,94,215,2,138.69,3,1,2,1,7,Bronze
786,2024-10-01,2025-08-17,320,8,4,127.54,4,4,2,1,11,Silver
787,2024-08-28,2025-08-09,346,16,5,378.42,4,3,2,1,10,Silver
788,2024-11-18,2025-07-31,255,25,5,367.69,4,3,2,1,10,Silver
789,2025-02-01,2025-07-14,163,42,4,105.87,3,2,2,1,8,Bronze
790,2025-03-04,2025-07-01,119,55,3,184.76,3,2,2,1,8,Bronze
791,2024-09-23,2025-02-07,137,199,3,36.48,3,1,2,1,7,Bronze
792,2024-10-12,2025-08-20,312,5,3,97.53,4,5,2,1,12,Silver
793,2024-09-25,2025-04-01,188,146,3,93.24,4,1,2,1,8,Bronze
794,2024-10-14,2025-08-13,303,12,3,281.70,4,4,2,1,11,Silver
795,2024-10-25,2025-08-10,289,15,5,252.89,4,4,2,1,11,Silver
796,2024-09-05,2025-06-02,270,84,6,255.35,4,1,3,1,9,Bronze
797,2025-07-28,2025-07-28,0,28,1,121.60,1,3,1,1,6,Bronze
798,2024-09-25,2024-09-25,0,334,1,5.16,1,1,1,1,4,Bronze
800,2025-07-08,2025-07-08,0,48,1,17.43,1,2,1,1,5,Bronze
801,2024-11-19,2025-03-24,125,154,3,129.29,3,1,2,1,7,Bronze
802,2024-09-07,2025-03-20,194,158,3,183.33,4,1,2,1,8,Bronze
803,2024-10-04,2025-08-22,322,3,4,204.76,4,5,2,1,12,Silver
804,2024-11-16,2025-07-04,230,52,5,389.39,4,2,2,1,9,Bronze
805,2025-07-04,2025-07-04,0,52,1,12.55,1,2,1,1,5,Bronze
806,2024-12-06,2025-06-21,197,65,4,84.60,4,1,2,1,8,Bronze
808,2024-12-15,2025-04-27,133,120,4,117.21,3,1,2,1,7,Bronze
809,2024-08-30,2025-07-26,330,30,4,208.28,4,3,2,1,10,Silver
810,2024-11-02,2025-04-06,155,141,5,262.67,3,1,2,1,7,Bronze
811,2025-02-24,2025-06-10,106,76,2,88.99,3,1,2,1,7,Bronze
812,2024-09-27,2025-03-17,171,161,4,133.13,3,1,2,1,7,Bronze
813,2024-12-19,2025-07-18,211,38,3,146.74,4,2,2,1,9,Bronze
814,2025-02-09,2025-07-02,143,54,2,33.46,3,2,2,1,8,Bronze
815,2024-12-07,2025-07-27,232,29,7,254.81,4,3,3,1,11,Silver
816,2024-12-24,2024-12-24,0,244,1,119.58,1,1,1,1,4,Bronze
817,2024-09-08,2025-04-13,217,134,4,96.47,4,1,2,1,8,Bronze
818,2024-10-22,2025-08-05,287,20,4,185.34,4,3,2,1,10,Silver
819,2024-09-14,2025-06-13,272,73,5,144.56,4,1,2,1,8,Bronze
820,2024-09-14,2025-02-16,155,190,3,60.97,3,1,2,1,7,Bronze
821,2024-11-01,2025-01-22,82,215,2,106.28,2,1,2,1,6,Bronze
822,2024-09-28,2025-08-16,322,9,7,345.96,4,4,3,1,12,Silver
823,2024-11-04,2025-05-14,191,103,5,261.53,4,1,2,1,8,Bronze
824,2024-09-26,2025-06-20,267,66,5,331.50,4,1,2,1,8,Bronze
825,2024-10-28,2025-04-16,170,131,6,237.69,3,1,3,1,8,Bronze
826,2024-09-25,2024-09-25,0,334,1,5.79,1,1,1,1,4,Bronze
827,2024-12-15,2025-02-09,56,197,2,72.58,2,1,2,1,6,Bronze
828,2024-09-18,2025-07-18,303,38,5,173.38,4,2,2,1,9,Bronze
829,2024-11-06,2025-08-09,276,16,4,355.70,4,3,2,1,10,Silver
830,2024-12-14,2025-08-18,247,7,5,242.20,4,4,2,1,11,Silver
831,2025-01-05,2025-01-13,8,224,2,169.51,1,1,2,1,5,Bronze
832,2024-10-15,2025-08-25,314,0,4,318.94,4,5,2,1,12,Silver
833,2025-03-28,2025-06-04,68,82,2,114.35,2,1,2,1,6,Bronze
834,2024-10-01,2025-03-24,174,154,5,130.28,3,1,2,1,7,Bronze
835,2024-08-30,2025-06-08,282,78,4,327.52,4,1,2,1,8,Bronze
836,2024-10-22,2025-05-14,204,103,2,187.68,4,1,2,1,8,Bronze
837,2024-09-08,2025-06-04,269,82,5,200.23,4,1,2,1,8,Bronze
838,2024-12-06,2025-06-17,193,69,4,177.50,4,1,2,1,8,Bronze
839,2024-12-06,2025-05-18,163,99,4,237.75,3,1,2,1,7,Bronze
840,2024-11-10,2025-06-16,218,70,8,277.25,4,1,3,1,9,Bronze
841,2025-07-11,2025-08-07,27,18,3,95.27,1,3,2,1,7,Bronze
842,2024-08-31,2025-07-26,329,30,8,413.58,4,3,3,1,11,Silver
843,2024-10-15,2025-02-24,132,182,2,93.77,3,1,2,1,7,Bronze
844,2024-10-12,2024-10-12,0,317,1,71.96,1,1,1,1,4,Bronze
845,2024-10-12,2025-04-03,173,144,4,283.86,3,1,2,1,7,Bronze
846,2024-08-28,2025-08-05,342,20,6,249.33,4,3,3,1,11,Silver
847,2024-09-28,2025-05-12,226,105,3,47.90,4,1,2,1,8,Bronze
848,2025-01-18,2025-03-23,64,155,2,59.51,2,1,2,1,6,Bronze
849,2025-02-12,2025-03-08,24,170,2,71.19,1,1,2,1,5,Bronze
850,2025-04-04,2025-05-11,37,106,3,192.27,2,1,2,1,6,Bronze
851,2024-10-09,2025-08-01,296,24,6,411.18,4,3,3,1,11,Silver
852,2024-09-12,2025-06-18,279,68,5,245.07,4,1,2,1,8,Bronze
853,2024-09-15,2025-08-21,340,4,4,159.55,4,5,2,1,12,Silver
854,2024-11-01,2025-08-11,283,14,5,232.15,4,4,2,1,11,Silver
855,2024-09-24,2025-07-18,297,38,10,377.07,4,2,4,1,11,Silver
856,2024-12-22,2025-07-17,207,39,4,280.72,4,2,2,1,9,Bronze
857,2025-01-19,2025-08-01,194,24,5,210.94,4,3,2,1,10,Silver
858,2025-03-11,2025-08-23,165,2,5,368.98,3,5,2,1,11,Silver
859,2025-06-28,2025-07-31,33,25,2,22.32,2,3,2,1,8,Bronze
860,2024-10-14,2025-08-24,314,1,7,340.97,4,5,3,1,13,Silver
861,2024-10-13,2025-06-15,245,71,5,197.37,4,1,2,1,8,Bronze
862,2024-10-09,2025-03-09,151,169,2,113.13,3,1,2,1,7,Bronze
863,2024-11-16,2025-08-04,261,21,6,278.46,4,3,3,1,11,Silver
864,2024-11-28,2025-07-26,240,30,8,362.62,4,3,3,1,11,Silver
865,2024-11-25,2025-07-02,219,54,4,109.80,4,2,2,1,9,Bronze
866,2024-09-12,2025-01-21,131,216,4,214.87,3,1,2,1,7,Bronze
867,2024-11-17,2025-06-07,202,79,7,425.49,4,1,3,1,9,Bronze
868,2024-12-18,2025-04-25,128,122,3,142.56,3,1,2,1,7,Bronze
869,2024-12-10,2025-05-08,149,109,2,11.82,3,1,2,1,7,Bronze
870,2024-09-24,2025-08-21,331,4,2,45.82,4,5,2,1,12,Silver
871,2025-04-22,2025-06-12,51,74,2,17.12,2,1,2,1,6,Bronze
872,2024-11-14,2025-06-16,214,70,6,164.72,4,1,3,1,9,Bronze
873,2024-11-10,2025-08-16,279,9,2,31.12,4,4,2,1,11,Silver
874,2024-10-07,2025-08-12,309,13,10,599.98,4,4,4,2,14,Silver
875,2024-10-27,2025-05-01,186,116,4,169.04,4,1,2,1,8,Bronze
876,2025-02-18,2025-07-18,150,38,5,157.53,3,2,2,1,8,Bronze
877,2024-10-10,2025-05-06,208,111,5,355.95,4,1,2,1,8,Bronze
878,2024-12-18,2025-03-20,92,158,3,137.28,3,1,2,1,7,Bronze
879,2024-12-28,2025-07-31,215,25,3,82.16,4,3,2,1,10,Silver
880,2024-09-16,2025-04-13,209,134,6,347.74,4,1,3,1,9,Bronze
881,2024-08-28,2025-03-07,191,171,4,137.12,4,1,2,1,8,Bronze
882,2025-01-07,2025-06-08,152,78,3,213.90,3,1,2,1,7,Bronze
883,2024-12-20,2025-07-16,208,40,2,113.29,4,2,2,1,9,Bronze
884,2025-02-19,2025-06-16,117,70,3,109.21,3,1,2,1,7,Bronze
885,2024-11-13,2025-07-27,256,29,5,217.07,4,3,2,1,10,Silver
886,2024-09-08,2025-08-04,330,21,3,110.67,4,3,2,1,10,Silver
887,2024-09-26,2024-12-30,95,238,3,54.84,3,1,2,1,7,Bronze
888,2024-11-28,2025-08-08,253,17,6,296.57,4,3,3,1,11,Silver
889,2024-12-05,2025-06-18,195,68,8,543.01,4,1,3,2,10,Silver
890,2024-10-04,2025-03-27,174,151,6,225.83,3,1,3,1,8,Bronze
891,2024-11-11,2025-08-18,280,7,3,205.26,4,4,2,1,11,Silver
892,2025-07-28,2025-07-28,0,28,2,313.12,1,3,2,1,7,Bronze
893,2025-02-21,2025-06-28,127,58,3,27.39,3,2,2,1,8,Bronze
894,2025-01-17,2025-07-10,174,46,4,235.70,3,2,2,1,8,Bronze
895,2025-03-06,2025-08-04,151,21,5,426.12,3,3,2,1,9,Bronze
896,2024-08-31,2025-08-13,347,12,6,411.04,4,4,3,1,12,Silver
897,2024-11-03,2025-03-09,126,169,7,297.09,3,1,3,1,8,Bronze
898,2024-08-31,2025-07-26,329,30,7,328.21,4,3,3,1,11,Silver
899,2024-10-26,2025-02-09,106,197,2,79.05,3,1,2,1,7,Bronze
900,2024-12-02,2025-08-25,266,0,11,439.31,4,5,4,1,14,Silver
901,2024-09-24,2025-07-30,309,26,6,64.69,4,3,3,1,11,Silver
902,2024-09-02,2025-07-28,329,28,8,430.00,4,3,3,1,11,Silver
903,2025-03-01,2025-05-26,86,91,2,43.83,2,1,2,1,6,Bronze
904,2024-11-08,2025-07-30,264,26,4,321.19,4,3,2,1,10,Silver
905,2024-10-22,2024-11-16,25,282,2,71.97,1,1,2,1,5,Bronze
906,2024-10-25,2025-06-03,221,83,5,416.10,4,1,2,1,8,Bronze
907,2025-01-02,2025-04-14,102,133,4,133.20,3,1,2,1,7,Bronze
908,2024-09-07,2025-06-29,295,57,6,183.95,4,2,3,1,10,Silver
909,2024-10-06,2025-04-27,203,120,7,348.35,4,1,3,1,9,Bronze
910,2024-10-16,2025-01-11,87,226,2,132.03,2,1,2,1,6,Bronze
911,2024-09-01,2025-08-16,349,9,5,165.60,4,4,2,1,11,Silver
912,2024-09-01,2025-06-18,290,68,6,299.90,4,1,3,1,9,Bronze
913,2024-09-01,2025-05-31,272,86,4,126.56,4,1,2,1,8,Bronze
914,2024-11-03,2025-07-14,253,42,5,201.27,4,2,2,1,9,Bronze
915,2024-11-18,2025-08-13,268,12,4,337.27,4,4,2,1,11,Silver
916,2024-09-05,2025-04-19,226,128,5,290.99,4,1,2,1,8,Bronze
917,2024-12-31,2025-08-02,214,23,2,116.60,4,3,2,1,10,Silver
918,2024-10-27,2025-08-14,291,11,6,155.39,4,4,3,1,12,Silver
919,2024-10-05,2025-08-23,322,2,5,372.06,4,5,2,1,12,Silver
920,2025-01-17,2025-05-25,128,92,3,113.70,3,1,2,1,7,Bronze
921,2024-09-19,2025-04-08,201,139,7,272.56,4,1,3,1,9,Bronze
922,2024-12-28,2025-05-14,137,103,5,320.25,3,1,2,1,7,Bronze
923,2024-12-12,2025-07-03,203,53,3,161.09,4,2,2,1,9,Bronze
924,2024-12-26,2025-08-24,241,1,7,483.69,4,5,3,1,13,Silver
925,2024-10-05,2024-10-05,0,324,1,47.89,1,1,1,1,4,Bronze
926,2024-09-26,2025-06-13,260,73,6,344.89,4,1,3,1,9,Bronze
927,2025-07-20,2025-07-20,0,36,1,104.78,1,2,1,1,5,Bronze
928,2024-12-07,2025-06-22,197,64,8,447.55,4,1,3,1,9,Bronze
929,2024-11-01,2025-01-05,65,232,4,312.79,2,1,2,1,6,Bronze
930,2024-11-10,2025-08-20,283,5,7,270.59,4,5,3,1,13,Silver
931,2024-10-02,2025-06-12,253,74,5,255.97,4,1,2,1,8,Bronze
932,2025-07-15,2025-07-15,0,41,1,0.55,1,2,1,1,5,Bronze
933,2024-09-21,2025-05-21,242,96,3,328.76,4,1,2,1,8,Bronze
934,2024-09-30,2025-01-29,121,208,4,267.91,3,1,2,1,7,Bronze
935,2025-01-11,2025-07-05,175,51,3,46.15,3,2,2,1,8,Bronze
936,2024-09-12,2025-07-19,310,37,6,276.73,4,2,3,1,10,Silver
937,2024-08-27,2025-08-09,347,16,5,343.81,4,3,2,1,10,Silver
938,2024-09-17,2025-07-19,305,37,9,358.21,4,2,3,1,10,Silver
939,2024-10-28,2025-07-30,275,26,5,174.50,4,3,2,1,10,Silver
940,2024-11-24,2025-05-30,187,87,2,79.57,4,1,2,1,8,Bronze
941,2025-01-09,2025-08-17,220,8,3,82.78,4,4,2,1,11,Silver
942,2024-10-06,2025-05-28,234,89,3,122.72,4,1,2,1,8,Bronze
943,2024-12-02,2025-08-23,264,2,7,341.88,4,5,3,1,13,Silver
944,2024-10-08,2025-06-05,240,81,3,208.45,4,1,2,1,8,Bronze
945,2025-02-22,2025-04-14,51,133,2,172.65,2,1,2,1,6,Bronze
946,2024-10-05,2025-07-19,287,37,4,281.91,4,2,2,1,9,Bronze
947,2024-09-05,2024-12-08,94,260,4,203.16,3,1,2,1,7,Bronze
948,2024-12-11,2025-07-16,217,40,5,299.46,4,2,2,1,9,Bronze
949,2024-12-31,2025-02-01,32,205,2,92.16,2,1,2,1,6,Bronze
950,2024-10-02,2025-08-05,307,20,5,177.24,4,3,2,1,10,Silver
951,2024-09-23,2025-04-20,209,127,4,197.74,4,1,2,1,8,Bronze
952,2024-11-26,2024-11-26,0,272,1,14.06,1,1,1,1,4,Bronze
953,2025-07-14,2025-07-21,7,35,2,125.20,1,2,2,1,6,Bronze
954,2024-11-22,2025-07-31,251,25,4,196.93,4,3,2,1,10,Silver
955,2025-04-15,2025-08-06,113,19,3,156.88,3,3,2,1,9,Bronze
957,2024-11-13,2025-02-19,98,187,2,156.16,3,1,2,1,7,Bronze
958,2024-11-05,2025-06-05,212,81,9,452.64,4,1,3,1,9,Bronze
959,2024-09-09,2025-08-25,350,0,7,196.69,4,5,3,1,13,Silver
960,2025-08-20,2025-08-20,0,5,1,55.88,1,5,1,1,8,Bronze
961,2024-09-04,2025-07-16,315,40,6,282.85,4,2,3,1,10,Silver
962,2024-10-04,2025-07-10,279,46,7,241.40,4,2,3,1,10,Silver
963,2024-09-25,2025-08-19,328,6,6,302.81,4,4,3,1,12,Silver
964,2024-09-14,2025-04-15,213,132,4,119.07,4,1,2,1,8,Bronze
965,2024-12-03,2025-02-10,69,196,2,12.31,2,1,2,1,6,Bronze
966,2025-04-05,2025-04-16,11,131,3,104.21,1,1,2,1,5,Bronze
967,2024-11-07,2025-04-03,147,144,5,197.28,3,1,2,1,7,Bronze
968,2025-03-14,2025-07-04,112,52,3,30.61,3,2,2,1,8,Bronze
969,2025-04-05,2025-06-26,82,60,3,49.51,2,2,2,1,7,Bronze
970,2024-08-26,2025-06-29,307,57,7,399.26,4,2,3,1,10,Silver
971,2024-10-28,2025-07-16,261,40,5,224.44,4,2,2,1,9,Bronze
972,2024-09-12,2025-06-06,267,80,3,58.73,4,1,2,1,8,Bronze
973,2024-08-31,2025-07-30,333,26,7,384.81,4,3,3,1,11,Silver
974,2024-09-22,2025-05-31,251,86,5,108.80,4,1,2,1,8,Bronze
975,2025-03-11,2025-06-20,101,66,2,169.99,3,1,2,1,7,Bronze
976,2025-04-21,2025-04-21,0,126,1,9.11,1,1,1,1,4,Bronze
977,2024-10-18,2025-08-08,294,17,7,343.47,4,3,3,1,11,Silver
978,2024-09-12,2025-01-05,115,232,5,440.70,3,1,2,1,7,Bronze
979,2024-10-06,2025-04-04,180,143,3,112.52,4,1,2,1,8,Bronze
980,2024-08-27,2025-05-31,277,86,3,126.51,4,1,2,1,8,Bronze
981,2024-09-07,2024-09-07,0,352,1,32.15,1,1,1,1,4,Bronze
982,2024-11-14,2024-11-14,0,284,1,46.96,1,1,1,1,4,Bronze
983,2024-09-06,2025-07-30,327,26,6,325.71,4,3,3,1,11,Silver
984,2024-09-25,2025-07-27,305,29,11,780.72,4,3,4,2,13,Silver
985,2025-03-19,2025-03-19,0,159,1,40.99,1,1,1,1,4,Bronze
986,2025-02-25,2025-07-17,142,39,4,298.26,3,2,2,1,8,Bronze
987,2024-12-02,2025-06-07,187,79,5,259.21,4,1,2,1,8,Bronze
988,2024-10-01,2025-04-09,190,138,5,391.38,4,1,2,1,8,Bronze
989,2024-09-13,2025-05-01,230,116,6,121.02,4,1,3,1,9,Bronze
990,2024-09-03,2024-11-16,74,282,4,167.23,2,1,2,1,6,Bronze
991,2024-09-03,2025-01-03,122,234,3,132.38,3,1,2,1,7,Bronze
992,2024-11-01,2025-07-15,256,41,2,100.86,4,2,2,1,9,Bronze
993,2024-10-08,2025-01-13,97,224,4,260.80,3,1,2,1,7,Bronze
994,2024-09-24,2025-03-16,173,162,3,277.42,3,1,2,1,7,Bronze
995,2024-09-23,2025-06-02,252,84,4,230.21,4,1,2,1,8,Bronze
996,2024-12-02,2025-05-14,163,103,5,230.72,3,1,2,1,7,Bronze
997,2024-09-30,2025-06-10,253,76,2,62.13,4,1,2,1,8,Bronze
998,2024-09-25,2025-06-28,276,58,8,391.85,4,2,3,1,10,Silver
999,2024-08-27,2025-05-26,272,91,6,230.81,4,1,3,1,9,Bronze
1000,2024-08-26,2025-05-13,260,104,8,319.23,4,1,3,1,9,Bronze
1001,2024-10-07,2025-01-08,93,229,4,271.53,3,1,2,1,7,Bronze
1002,2024-11-30,2025-08-01,244,24,4,236.59,4,3,2,1,10,Silver
1003,2024-10-04,2025-07-22,291,34,6,273.11,4,2,3,1,10,Silver
1004,2024-09-02,2025-06-22,293,64,6,129.33,4,1,3,1,9,Bronze
1005,2024-09-10,2025-04-12,214,135,3,84.12,4,1,2,1,8,Bronze
1006,2024-10-23,2025-08-19,300,6,3,202.44,4,4,2,1,11,Silver
1007,2024-09-18,2025-08-10,326,15,4,94.78,4,4,2,1,11,Silver
1008,2024-09-09,2025-06-09,273,77,7,152.40,4,1,3,1,9,Bronze
1009,2024-11-09,2025-02-06,89,200,2,67.08,2,1,2,1,6,Bronze
1010,2024-10-10,2025-08-20,314,5,5,278.99,4,5,2,1,12,Silver
1011,2024-10-18,2025-06-19,244,67,4,192.98,4,1,2,1,8,Bronze
1012,2024-09-02,2025-04-27,237,120,5,158.50,4,1,2,1,8,Bronze
1013,2024-09-01,2025-08-12,345,13,5,268.88,4,4,2,1,11,Silver
1014,2025-01-10,2025-05-17,127,100,2,176.37,3,1,2,1,7,Bronze
1015,2025-05-14,2025-05-14,0,103,1,127.83,1,1,1,1,4,Bronze
1016,2024-10-22,2025-03-27,156,151,5,308.35,3,1,2,1,7,Bronze
1017,2024-08-26,2025-08-17,356,8,4,253.73,4,4,2,1,11,Silver
1018,2024-12-10,2025-08-16,249,9,4,239.08,4,4,2,1,11,Silver
1019,2024-11-24,2025-02-16,84,190,2,130.71,2,1,2,1,6,Bronze
1020,2025-05-22,2025-06-22,31,64,3,86.14,2,1,2,1,6,Bronze
1021,2025-05-12,2025-05-12,0,105,1,110.81,1,1,1,1,4,Bronze
1022,2025-01-28,2025-08-18,202,7,6,306.61,4,4,3,1,12,Silver
1023,2024-11-07,2025-07-20,255,36,6,592.03,4,2,3,2,11,Silver
1024,2024-09-25,2025-02-12,140,194,3,212.16,3,1,2,1,7,Bronze
1025,2024-10-29,2025-08-10,285,15,3,152.94,4,4,2,1,11,Silver
1026,2025-05-14,2025-06-05,22,81,2,148.58,1,1,2,1,5,Bronze
1027,2024-12-30,2025-08-10,223,15,5,146.53,4,4,2,1,11,Silver
1028,2024-12-29,2025-06-13,166,73,6,403.87,3,1,3,1,8,Bronze
1029,2024-10-21,2025-07-21,273,35,6,361.07,4,2,3,1,10,Silver
1030,2025-02-28,2025-02-28,0,178,1,55.34,1,1,1,1,4,Bronze
1031,2024-12-21,2025-06-25,186,61,2,47.43,4,1,2,1,8,Bronze
1032,2024-12-03,2025-07-12,221,44,4,240.98,4,2,2,1,9,Bronze
1033,2024-08-29,2025-05-31,275,86,6,417.29,4,1,3,1,9,Bronze
1034,2024-09-23,2024-12-21,89,247,4,264.87,2,1,2,1,6,Bronze
1035,2024-09-12,2025-07-25,316,31,4,103.70,4,2,2,1,9,Bronze
1036,2024-08-27,2025-08-02,340,23,5,184.97,4,3,2,1,10,Silver
1038,2025-04-06,2025-04-06,0,141,1,35.58,1,1,1,1,4,Bronze
1039,2024-11-21,2025-07-04,225,52,4,77.36,4,2,2,1,9,Bronze
1040,2024-08-28,2025-06-20,296,66,4,198.48,4,1,2,1,8,Bronze
1041,2024-11-23,2025-07-28,247,28,6,340.02,4,3,3,1,11,Silver
1042,2024-10-03,2025-06-09,249,77,3,160.06,4,1,2,1,8,Bronze
1043,2024-12-02,2025-07-14,224,42,4,274.67,4,2,2,1,9,Bronze
1044,2024-08-27,2025-05-27,273,90,5,331.68,4,1,2,1,8,Bronze
1045,2024-12-24,2025-07-29,217,27,3,239.30,4,3,2,1,10,Silver
1046,2024-09-07,2025-07-20,316,36,5,331.94,4,2,2,1,9,Bronze
1047,2025-03-21,2025-08-13,145,12,4,177.15,3,4,2,1,10,Silver
1048,2024-09-13,2025-02-27,167,179,3,122.22,3,1,2,1,7,Bronze
1049,2024-09-04,2025-07-02,301,54,9,275.55,4,2,3,1,10,Silver
1050,2024-09-09,2025-06-09,273,77,7,270.09,4,1,3,1,9,Bronze
1051,2025-03-03,2025-03-15,12,163,2,126.05,1,1,2,1,5,Bronze
1052,2024-09-19,2025-07-31,315,25,5,198.35,4,3,2,1,10,Silver
1053,2025-01-22,2025-02-06,15,200,2,17.02,1,1,2,1,5,Bronze
1054,2024-09-18,2025-08-06,322,19,4,149.57,4,3,2,1,10,Silver
1055,2025-01-25,2025-07-24,180,32,4,201.08,4,2,2,1,9,Bronze
1056,2024-10-08,2025-02-22,137,184,4,298.01,3,1,2,1,7,Bronze
1057,2024-12-02,2025-08-13,254,12,7,342.95,4,4,3,1,12,Silver
1058,2025-01-18,2025-01-18,0,219,1,67.52,1,1,1,1,4,Bronze
1059,2024-10-16,2024-10-16,0,313,1,40.76,1,1,1,1,4,Bronze
1060,2024-09-15,2025-07-29,317,27,12,824.23,4,3,4,2,13,Silver
1061,2024-09-21,2025-06-23,275,63,4,25.93,4,1,2,1,8,Bronze
1062,2025-01-09,2025-08-19,222,6,6,349.83,4,4,3,1,12,Silver
1063,2024-09-29,2025-03-21,173,157,3,165.93,3,1,2,1,7,Bronze
1064,2025-01-28,2025-01-28,0,209,1,25.88,1,1,1,1,4,Bronze
1065,2024-09-14,2025-08-25,345,0,7,194.19,4,5,3,1,13,Silver
1066,2025-01-29,2025-05-11,102,106,4,267.16,3,1,2,1,7,Bronze
1067,2024-09-29,2025-06-29,273,57,7,286.70,4,2,3,1,10,Silver
1068,2024-09-11,2025-02-07,149,199,3,95.52,3,1,2,1,7,Bronze
1069,2024-09-26,2025-08-18,326,7,5,193.79,4,4,2,1,11,Silver
1070,2024-11-15,2025-06-16,213,70,4,215.96,4,1,2,1,8,Bronze
1071,2024-09-27,2025-03-22,176,156,4,147.35,3,1,2,1,7,Bronze
1072,2024-09-25,2024-11-25,61,273,5,183.01,2,1,2,1,6,Bronze
1073,2024-11-12,2024-12-09,27,259,3,155.39,1,1,2,1,5,Bronze
1074,2024-09-18,2025-05-09,233,108,5,242.88,4,1,2,1,8,Bronze
1075,2024-09-23,2025-04-11,200,136,6,452.57,4,1,3,1,9,Bronze
1076,2025-03-02,2025-05-23,82,94,2,158.08,2,1,2,1,6,Bronze
1077,2024-10-08,2025-01-10,94,227,3,190.08,3,1,2,1,7,Bronze
1078,2025-02-13,2025-07-02,139,54,3,51.01,3,2,2,1,8,Bronze
1079,2024-12-18,2025-05-03,136,114,2,85.22,3,1,2,1,7,Bronze
1080,2024-12-02,2024-12-02,0,266,1,0.03,1,1,1,1,4,Bronze
1081,2025-01-03,2025-07-06,184,50,3,38.21,4,2,2,1,9,Bronze
1082,2024-10-23,2024-12-11,49,257,3,255.98,2,1,2,1,6,Bronze
1083,2024-12-11,2025-03-19,98,159,2,191.40,3,1,2,1,7,Bronze
1084,2024-11-07,2025-08-17,283,8,4,198.72,4,4,2,1,11,Silver
1085,2024-11-07,2024-11-28,21,270,3,105.18,1,1,2,1,5,Bronze
1086,2024-11-19,2025-06-05,198,81,4,63.21,4,1,2,1,8,Bronze
1087,2024-12-07,2025-06-12,187,74,4,327.17,4,1,2,1,8,Bronze
1088,2025-01-24,2025-05-02,98,115,3,131.66,3,1,2,1,7,Bronze
1089,2024-11-12,2024-12-28,46,240,2,96.43,2,1,2,1,6,Bronze
1090,2024-12-09,2025-07-30,233,26,7,654.58,4,3,3,2,12,Silver
1091,2024-09-15,2025-06-29,287,57,6,355.55,4,2,3,1,10,Silver
1092,2024-11-01,2025-08-04,276,21,3,45.96,4,3,2,1,10,Silver
1093,2024-09-05,2025-08-05,334,20,6,423.32,4,3,3,1,11,Silver
1094,2024-11-16,2025-07-18,244,38,6,344.08,4,2,3,1,10,Silver
1095,2024-09-23,2025-06-25,275,61,8,563.17,4,1,3,2,10,Silver
1096,2024-12-13,2025-06-20,189,66,3,167.39,4,1,2,1,8,Bronze
1097,2024-11-18,2025-08-13,268,12,4,235.88,4,4,2,1,11,Silver
1098,2024-09-13,2025-08-08,329,17,5,195.21,4,3,2,1,10,Silver
1099,2024-09-03,2025-07-25,325,31,3,115.91,4,2,2,1,9,Bronze
1100,2024-09-20,2025-07-26,309,30,4,312.01,4,3,2,1,10,Silver
1101,2024-10-06,2025-07-29,296,27,3,219.34,4,3,2,1,10,Silver
1102,2024-10-25,2025-02-13,111,193,3,305.26,3,1,2,1,7,Bronze
1103,2024-09-05,2025-05-06,243,111,4,157.55,4,1,2,1,8,Bronze
1104,2024-09-20,2025-07-20,303,36,4,258.78,4,2,2,1,9,Bronze
1105,2025-03-18,2025-05-18,61,99,3,156.23,2,1,2,1,6,Bronze
1106,2024-12-11,2025-02-10,61,196,2,132.47,2,1,2,1,6,Bronze
1107,2024-10-18,2025-04-11,175,136,4,169.44,3,1,2,1,7,Bronze
1108,2025-01-16,2025-05-09,113,108,2,191.68,3,1,2,1,7,Bronze
1109,2025-01-15,2025-07-20,186,36,4,136.14,4,2,2,1,9,Bronze
1110,2024-09-01,2025-07-17,319,39,7,481.23,4,2,3,1,10,Silver
1111,2024-09-11,2025-07-05,297,51,6,195.71,4,2,3,1,10,Silver
1112,2024-09-03,2025-04-20,229,127,4,84.48,4,1,2,1,8,Bronze
1113,2025-03-21,2025-06-30,101,56,3,102.00,3,2,2,1,8,Bronze
1114,2024-10-24,2024-10-24,0,305,1,90.20,1,1,1,1,4,Bronze
1115,2024-09-18,2025-08-02,318,23,7,302.24,4,3,3,1,11,Silver
1116,2024-11-28,2025-07-27,241,29,8,283.28,4,3,3,1,11,Silver
1117,2024-10-28,2025-07-21,266,35,7,223.48,4,2,3,1,10,Silver
1118,2024-12-12,2025-06-16,186,70,7,356.86,4,1,3,1,9,Bronze
1119,2024-09-07,2025-08-08,335,17,5,83.43,4,3,2,1,10,Silver
1120,2024-09-15,2025-03-24,190,154,6,244.68,4,1,3,1,9,Bronze
1121,2024-08-30,2025-05-21,264,96,3,150.29,4,1,2,1,8,Bronze
1122,2024-12-26,2025-08-16,233,9,3,185.87,4,4,2,1,11,Silver
1123,2024-09-02,2025-08-06,338,19,8,479.80,4,3,3,1,11,Silver
1124,2024-10-06,2025-07-17,284,39,4,215.37,4,2,2,1,9,Bronze
1125,2025-01-17,2025-04-15,88,132,3,114.05,2,1,2,1,6,Bronze
1126,2024-10-12,2025-08-14,306,11,9,466.46,4,4,3,1,12,Silver
1127,2025-01-20,2025-07-04,165,52,4,158.46,3,2,2,1,8,Bronze
1128,2025-01-06,2025-06-01,146,85,4,204.40,3,1,2,1,7,Bronze
1129,2025-01-25,2025-07-29,185,27,3,212.17,4,3,2,1,10,Silver
1130,2025-07-12,2025-07-12,0,44,1,124.16,1,2,1,1,5,Bronze
1131,2024-11-06,2025-04-22,167,125,3,122.95,3,1,2,1,7,Bronze
1132,2024-12-19,2025-08-08,232,17,5,256.77,4,3,2,1,10,Silver
1133,2024-09-07,2025-08-16,343,9,4,175.89,4,4,2,1,11,Silver
1134,2025-01-21,2025-08-19,210,6,3,80.27,4,4,2,1,11,Silver
1135,2024-09-27,2025-07-03,279,53,4,123.39,4,2,2,1,9,Bronze
1136,2024-09-10,2025-07-24,317,32,6,222.50,4,2,3,1,10,Silver
1137,2025-03-26,2025-08-23,150,2,4,145.46,3,5,2,1,11,Silver
1138,2024-12-10,2025-02-06,58,200,2,140.27,2,1,2,1,6,Bronze
1139,2024-08-28,2025-08-17,354,8,5,186.52,4,4,2,1,11,Silver
1140,2024-12-23,2025-07-21,210,35,2,135.65,4,2,2,1,9,Bronze
1141,2024-08-30,2025-03-22,204,156,5,218.04,4,1,2,1,8,Bronze
1142,2025-01-21,2025-06-12,142,74,4,90.48,3,1,2,1,7,Bronze
1143,2024-12-06,2025-08-14,251,11,5,406.69,4,4,2,1,11,Silver
1144,2024-09-05,2025-07-16,314,40,5,232.15,4,2,2,1,9,Bronze
1145,2025-05-26,2025-05-26,0,91,1,97.58,1,1,1,1,4,Bronze
1146,2024-10-14,2025-07-13,272,43,8,560.16,4,2,3,2,11,Silver
1147,2024-09-01,2025-06-09,281,77,4,256.56,4,1,2,1,8,Bronze
1148,2024-09-05,2025-08-14,343,11,8,410.35,4,4,3,1,12,Silver
1149,2024-11-09,2025-08-09,273,16,6,208.38,4,3,3,1,11,Silver
1150,2024-12-19,2025-06-25,188,61,5,180.45,4,1,2,1,8,Bronze
1151,2024-11-09,2025-06-02,205,84,4,95.89,4,1,2,1,8,Bronze
1152,2024-10-11,2025-08-13,306,12,4,221.76,4,4,2,1,11,Silver
1153,2025-02-01,2025-07-05,154,51,5,91.96,3,2,2,1,8,Bronze
1154,2024-08-30,2025-08-18,353,7,5,72.97,4,4,2,1,11,Silver
1155,2024-08-30,2025-05-20,263,97,8,363.50,4,1,3,1,9,Bronze
1156,2024-12-05,2025-03-05,90,173,4,308.98,3,1,2,1,7,Bronze
1157,2024-11-07,2025-08-13,279,12,7,386.71,4,4,3,1,12,Silver
1158,2024-10-23,2025-07-28,278,28,4,234.68,4,3,2,1,10,Silver
1159,2024-12-19,2025-07-11,204,45,3,292.26,4,2,2,1,9,Bronze
1160,2024-09-25,2025-02-11,139,195,3,192.30,3,1,2,1,7,Bronze
1161,2024-12-12,2025-05-31,170,86,4,111.90,3,1,2,1,7,Bronze
1162,2024-11-19,2025-07-01,224,55,5,197.68,4,2,2,1,9,Bronze
1163,2024-08-31,2025-03-31,212,147,5,200.93,4,1,2,1,8,Bronze
1164,2024-12-24,2024-12-24,0,244,1,94.07,1,1,1,1,4,Bronze
1165,2024-12-29,2025-02-19,52,187,2,49.87,2,1,2,1,6,Bronze
1166,2024-09-08,2025-08-15,341,10,9,481.62,4,4,3,1,12,Silver
1167,2024-11-10,2025-07-11,243,45,5,263.75,4,2,2,1,9,Bronze
1168,2024-11-28,2025-08-11,256,14,7,262.62,4,4,3,1,12,Silver
1169,2024-09-29,2025-05-28,241,89,5,176.18,4,1,2,1,8,Bronze
1170,2024-12-06,2025-08-13,250,12,5,288.68,4,4,2,1,11,Silver
1171,2024-09-26,2025-03-25,180,153,3,189.33,4,1,2,1,8,Bronze
1172,2024-10-18,2024-10-18,0,311,1,82.67,1,1,1,1,4,Bronze
1173,2024-09-12,2025-07-23,314,33,7,365.18,4,2,3,1,10,Silver
1174,2024-09-08,2025-04-21,225,126,5,128.37,4,1,2,1,8,Bronze
1175,2025-08-20,2025-08-20,0,5,1,16.54,1,5,1,1,8,Bronze
1176,2024-08-29,2025-08-11,347,14,2,96.21,4,4,2,1,11,Silver
1177,2024-10-16,2025-05-03,199,114,5,322.42,4,1,2,1,8,Bronze
1178,2025-08-04,2025-08-04,0,21,1,32.58,1,3,1,1,6,Bronze
1179,2024-09-25,2025-07-13,291,43,7,539.31,4,2,3,2,11,Silver
1180,2024-10-11,2025-08-24,317,1,3,192.64,4,5,2,1,12,Silver
1181,2025-01-05,2025-04-29,114,118,3,189.85,3,1,2,1,7,Bronze
1182,2024-08-26,2025-03-31,217,147,5,150.22,4,1,2,1,8,Bronze
1183,2024-11-21,2025-06-17,208,69,5,224.13,4,1,2,1,8,Bronze
1184,2024-11-07,2025-04-26,170,121,4,251.66,3,1,2,1,7,Bronze
1185,2025-03-09,2025-08-16,160,9,5,175.14,3,4,2,1,10,Silver
1186,2024-10-14,2025-07-07,266,49,6,332.69,4,2,3,1,10,Silver
1187,2024-10-03,2025-05-21,230,96,4,310.59,4,1,2,1,8,Bronze
1188,2024-12-31,2025-03-13,72,165,2,92.32,2,1,2,1,6,Bronze
1189,2025-02-24,2025-06-30,126,56,3,209.59,3,2,2,1,8,Bronze
1190,2024-08-28,2025-08-18,355,7,9,401.28,4,4,3,1,12,Silver
1191,2025-04-14,2025-07-25,102,31,2,107.89,3,2,2,1,8,Bronze
1192,2025-01-08,2025-07-02,175,54,3,67.10,3,2,2,1,8,Bronze
1193,2024-09-29,2025-06-08,252,78,5,265.23,4,1,2,1,8,Bronze
1194,2024-10-27,2025-07-24,270,32,3,132.22,4,2,2,1,9,Bronze
1195,2024-11-28,2025-04-13,136,134,2,72.46,3,1,2,1,7,Bronze
1196,2024-09-01,2025-07-23,325,33,6,214.43,4,2,3,1,10,Silver
1197,2025-01-17,2025-08-17,212,8,8,412.64,4,4,3,1,12,Silver
1198,2024-10-01,2025-05-27,238,90,4,184.84,4,1,2,1,8,Bronze
1199,2024-11-09,2025-08-10,274,15,8,426.63,4,4,3,1,12,Silver
1200,2024-08-30,2025-04-04,217,143,5,398.34,4,1,2,1,8,Bronze
1201,2024-10-13,2025-06-25,255,61,7,200.76,4,1,3,1,9,Bronze
1202,2024-12-08,2025-06-03,177,83,6,389.12,3,1,3,1,8,Bronze
1203,2025-03-21,2025-08-23,155,2,3,42.80,3,5,2,1,11,Silver
1204,2024-10-26,2024-12-22,57,246,4,189.91,2,1,2,1,6,Bronze
1205,2024-11-12,2025-08-03,264,22,6,161.67,4,3,3,1,11,Silver
1206,2024-09-20,2025-06-19,272,67,4,194.31,4,1,2,1,8,Bronze
1207,2024-10-16,2025-07-15,272,41,8,404.62,4,2,3,1,10,Silver
1208,2024-10-28,2025-06-21,236,65,4,92.66,4,1,2,1,8,Bronze
1209,2024-09-26,2025-04-05,191,142,5,288.72,4,1,2,1,8,Bronze
1210,2024-09-28,2025-08-14,320,11,6,345.22,4,4,3,1,12,Silver
1211,2024-08-30,2025-07-11,315,45,4,387.63,4,2,2,1,9,Bronze
1212,2025-02-12,2025-08-14,183,11,5,363.35,4,4,2,1,11,Silver
1213,2024-11-17,2025-08-18,274,7,5,228.29,4,4,2,1,11,Silver
1214,2024-12-28,2025-08-20,235,5,3,88.03,4,5,2,1,12,Silver
1215,2024-12-16,2024-12-16,0,252,1,60.21,1,1,1,1,4,Bronze
1216,2024-11-19,2025-06-14,207,72,5,77.79,4,1,2,1,8,Bronze
1217,2025-02-05,2025-04-06,60,141,2,9.84,2,1,2,1,6,Bronze
1218,2024-12-27,2025-08-22,238,3,5,253.86,4,5,2,1,12,Silver
1219,2024-09-09,2025-03-23,195,155,6,221.06,4,1,3,1,9,Bronze
1220,2024-11-01,2025-08-14,286,11,9,521.29,4,4,3,2,13,Silver
1221,2024-09-05,2025-01-24,141,213,2,37.00,3,1,2,1,7,Bronze
1222,2024-09-29,2025-06-24,268,62,4,194.12,4,1,2,1,8,Bronze
1223,2024-08-27,2025-07-13,320,43,3,114.09,4,2,2,1,9,Bronze
1224,2025-03-27,2025-03-27,0,151,1,37.14,1,1,1,1,4,Bronze
1225,2024-12-31,2025-06-09,160,77,2,44.57,3,1,2,1,7,Bronze
1226,2024-11-18,2025-06-14,208,72,3,136.44,4,1,2,1,8,Bronze
1227,2024-10-10,2025-03-18,159,160,4,144.19,3,1,2,1,7,Bronze
1228,2024-10-10,2025-06-09,242,77,6,213.33,4,1,3,1,9,Bronze
1229,2024-09-17,2025-06-29,285,57,8,287.52,4,2,3,1,10,Silver
1230,2024-12-20,2025-06-15,177,71,5,234.98,3,1,2,1,7,Bronze
1231,2024-11-27,2025-02-03,68,203,3,101.59,2,1,2,1,6,Bronze
1232,2025-03-28,2025-06-19,83,67,2,62.67,2,1,2,1,6,Bronze
1233,2024-08-29,2025-04-01,215,146,6,519.16,4,1,3,2,10,Silver
1234,2024-10-18,2025-06-06,231,80,6,214.03,4,1,3,1,9,Bronze
1235,2024-12-16,2025-03-20,94,158,3,89.62,3,1,2,1,7,Bronze
1236,2025-01-07,2025-01-07,0,230,1,65.73,1,1,1,1,4,Bronze
1237,2024-10-17,2025-04-20,185,127,4,165.65,4,1,2,1,8,Bronze
1238,2025-01-02,2025-05-26,144,91,5,223.47,3,1,2,1,7,Bronze
1239,2024-10-04,2024-12-15,72,253,5,186.63,2,1,2,1,6,Bronze
1240,2025-02-21,2025-05-28,96,89,2,116.54,3,1,2,1,7,Bronze
1241,2024-11-13,2025-08-22,282,3,6,189.36,4,5,3,1,13,Silver
1242,2024-08-29,2025-04-22,236,125,5,182.56,4,1,2,1,8,Bronze
1243,2025-01-12,2025-08-03,203,22,3,211.84,4,3,2,1,10,Silver
1244,2024-09-30,2025-06-15,258,71,3,154.05,4,1,2,1,8,Bronze
1245,2024-11-01,2025-08-16,288,9,4,139.46,4,4,2,1,11,Silver
1246,2024-11-07,2025-08-13,279,12,3,30.94,4,4,2,1,11,Silver
1247,2025-05-11,2025-06-05,25,81,2,106.05,1,1,2,1,5,Bronze
1248,2024-08-31,2025-03-24,205,154,7,167.34,4,1,3,1,9,Bronze
1249,2025-02-15,2025-06-29,134,57,5,172.81,3,2,2,1,8,Bronze
1250,2024-12-04,2025-08-10,249,15,6,370.17,4,4,3,1,12,Silver
1251,2024-11-14,2025-07-02,230,54,8,244.81,4,2,3,1,10,Silver
1252,2024-09-11,2025-03-19,189,159,3,18.44,4,1,2,1,8,Bronze
1253,2024-11-03,2025-05-02,180,115,4,199.19,4,1,2,1,8,Bronze
1254,2024-11-10,2025-06-08,210,78,4,89.11,4,1,2,1,8,Bronze
1255,2024-09-28,2025-08-04,310,21,5,303.61,4,3,2,1,10,Silver
1256,2024-10-04,2025-02-15,134,191,3,82.29,3,1,2,1,7,Bronze
1257,2024-12-11,2025-08-11,243,14,5,343.57,4,4,2,1,11,Silver
1258,2025-04-27,2025-05-13,16,104,2,154.43,1,1,2,1,5,Bronze
1259,2024-12-18,2025-08-12,237,13,5,210.64,4,4,2,1,11,Silver
1260,2025-02-03,2025-07-23,170,33,4,120.87,3,2,2,1,8,Bronze
1261,2024-12-19,2025-08-25,249,0,7,325.51,4,5,3,1,13,Silver
1262,2024-12-25,2025-08-02,220,23,3,119.18,4,3,2,1,10,Silver
1263,2024-12-07,2025-05-30,174,87,4,102.74,3,1,2,1,7,Bronze
1264,2024-10-02,2025-08-05,307,20,5,217.99,4,3,2,1,10,Silver
1265,2024-10-08,2025-05-06,210,111,4,252.36,4,1,2,1,8,Bronze
1266,2024-11-12,2025-08-20,281,5,3,68.28,4,5,2,1,12,Silver
1267,2024-12-03,2025-08-23,263,2,8,412.31,4,5,3,1,13,Silver
1268,2024-09-05,2025-06-13,281,73,5,121.89,4,1,2,1,8,Bronze
1269,2024-09-05,2025-02-02,150,204,6,339.96,3,1,3,1,8,Bronze
1270,2024-10-14,2025-05-28,226,89,4,255.32,4,1,2,1,8,Bronze
1271,2024-09-09,2025-03-28,200,150,2,48.79,4,1,2,1,8,Bronze
1272,2024-12-08,2025-05-31,174,86,4,112.33,3,1,2,1,7,Bronze
1273,2024-11-10,2025-02-20,102,186,3,123.79,3,1,2,1,7,Bronze
1274,2024-09-30,2025-08-10,314,15,2,212.87,4,4,2,1,11,Silver
1275,2024-11-15,2025-05-14,180,103,5,376.79,4,1,2,1,8,Bronze
1276,2024-09-29,2025-07-16,290,40,5,335.34,4,2,2,1,9,Bronze
1277,2025-01-04,2025-07-20,197,36,5,269.07,4,2,2,1,9,Bronze
1278,2024-10-22,2025-01-23,93,214,2,60.10,3,1,2,1,7,Bronze
1279,2024-10-18,2025-08-01,287,24,6,273.69,4,3,3,1,11,Silver
1280,2024-09-22,2025-06-17,268,69,8,421.17,4,1,3,1,9,Bronze
1281,2024-10-02,2025-08-15,317,10,9,338.09,4,4,3,1,12,Silver
1282,2024-10-29,2024-10-29,0,300,1,48.81,1,1,1,1,4,Bronze
1283,2024-09-27,2025-08-21,328,4,8,330.73,4,5,3,1,13,Silver
1284,2025-05-04,2025-07-20,77,36,3,143.71,2,2,2,1,7,Bronze
1285,2024-10-29,2025-03-29,151,149,4,150.07,3,1,2,1,7,Bronze
1286,2024-11-01,2025-07-07,248,49,7,466.51,4,2,3,1,10,Silver
1287,2024-09-27,2025-02-15,141,191,2,179.36,3,1,2,1,7,Bronze
1288,2025-08-06,2025-08-06,0,19,1,64.52,1,3,1,1,6,Bronze
1289,2024-12-09,2025-05-14,156,103,3,141.12,3,1,2,1,7,Bronze
1290,2024-09-22,2025-07-11,292,45,5,309.18,4,2,2,1,9,Bronze
1291,2024-12-26,2025-01-29,34,208,3,66.46,2,1,2,1,6,Bronze
1292,2025-04-26,2025-05-24,28,93,3,264.26,1,1,2,1,5,Bronze
1293,2025-01-02,2025-08-17,227,8,7,112.83,4,4,3,1,12,Silver
1294,2025-01-23,2025-03-27,63,151,2,73.27,2,1,2,1,6,Bronze
1295,2024-08-29,2025-06-18,293,68,6,219.59,4,1,3,1,9,Bronze
1296,2024-11-01,2025-07-30,271,26,5,268.67,4,3,2,1,10,Silver
1297,2024-12-29,2025-08-16,230,9,6,199.48,4,4,3,1,12,Silver
1298,2024-10-02,2025-05-13,223,104,4,148.54,4,1,2,1,8,Bronze
1299,2025-01-29,2025-07-22,174,34,3,220.59,3,2,2,1,8,Bronze
1300,2025-04-07,2025-07-27,111,29,7,214.48,3,3,3,1,10,Silver
1301,2024-10-19,2025-06-19,243,67,3,49.65,4,1,2,1,8,Bronze
1302,2024-12-17,2025-08-16,242,9,4,301.72,4,4,2,1,11,Silver
1303,2024-12-02,2025-05-16,165,101,3,336.17,3,1,2,1,7,Bronze
1304,2024-09-12,2025-02-26,167,180,3,202.55,3,1,2,1,7,Bronze
1305,2025-01-20,2025-08-13,205,12,3,117.44,4,4,2,1,11,Silver
1306,2024-09-24,2025-06-05,254,81,5,266.90,4,1,2,1,8,Bronze
1307,2024-09-28,2025-04-27,211,120,4,373.46,4,1,2,1,8,Bronze
1308,2024-12-24,2025-05-14,141,103,4,163.37,3,1,2,1,7,Bronze
1309,2024-09-21,2025-06-26,278,60,4,268.05,4,2,2,1,9,Bronze
1310,2025-03-27,2025-03-27,0,151,1,43.88,1,1,1,1,4,Bronze
1311,2024-10-05,2024-10-05,0,324,1,50.28,1,1,1,1,4,Bronze
1312,2024-09-04,2025-05-26,264,91,8,403.22,4,1,3,1,9,Bronze
1313,2024-11-15,2025-07-30,257,26,5,169.84,4,3,2,1,10,Silver
1314,2024-08-27,2025-08-10,348,15,6,133.15,4,4,3,1,12,Silver
1316,2024-09-24,2025-08-07,317,18,6,467.47,4,3,3,1,11,Silver
1317,2025-03-22,2025-08-03,134,22,2,96.68,3,3,2,1,9,Bronze
1318,2024-10-22,2025-08-07,289,18,7,337.94,4,3,3,1,11,Silver
1319,2025-03-22,2025-03-22,0,156,1,36.38,1,1,1,1,4,Bronze
1320,2024-10-02,2025-03-20,169,158,4,166.15,3,1,2,1,7,Bronze
1321,2024-09-22,2025-08-24,336,1,7,499.61,4,5,3,1,13,Silver
1322,2025-01-23,2025-05-14,111,103,5,263.83,3,1,2,1,7,Bronze
1323,2025-03-16,2025-07-01,107,55,3,135.73,3,2,2,1,8,Bronze
1324,2024-09-07,2025-08-21,348,4,5,164.67,4,5,2,1,12,Silver
1325,2024-10-22,2025-06-23,244,63,3,46.32,4,1,2,1,8,Bronze
1326,2024-10-29,2025-07-06,250,50,3,224.23,4,2,2,1,9,Bronze
1327,2025-01-07,2025-03-10,62,168,4,140.54,2,1,2,1,6,Bronze
1328,2024-10-30,2025-08-13,287,12,4,282.38,4,4,2,1,11,Silver
1329,2024-10-09,2025-08-02,297,23,5,221.48,4,3,2,1,10,Silver
1330,2024-11-30,2025-06-24,206,62,2,138.41,4,1,2,1,8,Bronze
1331,2024-12-02,2025-07-03,213,53,4,312.23,4,2,2,1,9,Bronze
1332,2024-09-16,2025-07-29,316,27,5,247.09,4,3,2,1,10,Silver
1333,2024-11-12,2025-08-01,262,24,6,215.97,4,3,3,1,11,Silver
1334,2024-11-10,2025-08-03,266,22,7,412.43,4,3,3,1,11,Silver
1335,2024-09-26,2025-07-02,279,54,3,275.75,4,2,2,1,9,Bronze
1336,2024-11-19,2025-03-03,104,175,2,51.36,3,1,2,1,7,Bronze
1337,2024-10-22,2025-08-21,303,4,6,266.22,4,5,3,1,13,Silver
1338,2024-11-14,2025-08-07,266,18,10,475.44,4,3,4,1,12,Silver
1339,2025-03-02,2025-08-22,173,3,3,224.15,3,5,2,1,11,Silver
1340,2024-09-14,2025-06-18,277,68,2,63.14,4,1,2,1,8,Bronze
1341,2024-09-05,2025-07-12,310,44,3,134.05,4,2,2,1,9,Bronze
1344,2024-12-01,2025-06-24,205,62,4,243.68,4,1,2,1,8,Bronze
1345,2024-12-21,2025-06-12,173,74,3,136.10,3,1,2,1,7,Bronze
1346,2025-07-06,2025-07-06,0,50,1,166.18,1,2,1,1,5,Bronze
1347,2024-09-03,2025-08-20,351,5,5,241.18,4,5,2,1,12,Silver
1348,2024-09-04,2025-08-24,354,1,4,85.42,4,5,2,1,12,Silver
1349,2024-09-02,2025-07-15,316,41,3,98.28,4,2,2,1,9,Bronze
1350,2024-09-22,2025-08-02,314,23,6,403.91,4,3,3,1,11,Silver
1351,2024-10-10,2025-05-19,221,98,4,153.83,4,1,2,1,8,Bronze
1352,2024-10-04,2025-07-04,273,52,5,316.97,4,2,2,1,9,Bronze
1353,2024-11-05,2025-08-05,273,20,6,349.64,4,3,3,1,11,Silver
1354,2024-09-20,2025-04-02,194,145,3,163.89,4,1,2,1,8,Bronze
1355,2025-05-11,2025-06-07,27,79,2,96.60,1,1,2,1,5,Bronze
1356,2024-12-26,2025-07-14,200,42,5,287.53,4,2,2,1,9,Bronze
1357,2025-03-17,2025-03-17,0,161,1,29.14,1,1,1,1,4,Bronze
1358,2025-08-01,2025-08-01,0,24,1,61.77,1,3,1,1,6,Bronze
1359,2024-10-06,2025-02-08,125,198,4,226.80,3,1,2,1,7,Bronze
1360,2024-11-10,2024-11-10,0,288,1,18.15,1,1,1,1,4,Bronze
1361,2024-11-27,2025-06-13,198,73,4,278.92,4,1,2,1,8,Bronze
1362,2024-09-02,2025-08-18,350,7,4,48.29,4,4,2,1,11,Silver
1363,2024-11-02,2025-06-13,223,73,6,338.89,4,1,3,1,9,Bronze
1364,2024-10-16,2025-06-27,254,59,3,43.82,4,2,2,1,9,Bronze
1365,2024-10-06,2025-04-24,200,123,3,205.74,4,1,2,1,8,Bronze
1366,2024-10-12,2025-05-12,212,105,6,397.21,4,1,3,1,9,Bronze
1367,2024-10-13,2025-05-16,215,101,7,434.23,4,1,3,1,9,Bronze
1368,2025-02-15,2025-04-08,52,139,3,115.32,2,1,2,1,6,Bronze
1369,2024-09-19,2024-10-28,39,301,3,192.52,2,1,2,1,6,Bronze
1370,2024-09-15,2025-01-27,134,210,2,72.04,3,1,2,1,7,Bronze
1371,2024-09-20,2025-07-21,304,35,5,519.59,4,2,2,2,10,Silver
1372,2024-11-27,2025-08-19,265,6,3,252.53,4,4,2,1,11,Silver
1373,2024-12-17,2025-06-04,169,82,6,185.91,3,1,3,1,8,Bronze
1374,2024-10-11,2025-02-13,125,193,3,175.19,3,1,2,1,7,Bronze
1375,2024-09-07,2025-07-09,305,47,5,349.97,4,2,2,1,9,Bronze
1376,2025-01-01,2025-07-10,190,46,9,574.34,4,2,3,2,11,Silver
1377,2024-09-17,2025-05-25,250,92,4,221.08,4,1,2,1,8,Bronze
1378,2024-09-15,2025-08-22,341,3,5,317.17,4,5,2,1,12,Silver
1379,2024-11-10,2024-11-10,0,288,1,18.10,1,1,1,1,4,Bronze
1380,2025-03-01,2025-03-16,15,162,2,84.33,1,1,2,1,5,Bronze
1381,2025-01-06,2025-07-21,196,35,3,44.24,4,2,2,1,9,Bronze
1382,2025-06-22,2025-06-22,0,64,1,3.12,1,1,1,1,4,Bronze
1383,2024-12-19,2024-12-27,8,241,2,72.87,1,1,2,1,5,Bronze
1384,2024-09-04,2025-07-03,302,53,5,315.65,4,2,2,1,9,Bronze
1385,2024-10-09,2025-07-22,286,34,6,376.25,4,2,3,1,10,Silver
1386,2024-09-22,2025-08-01,313,24,8,562.04,4,3,3,2,12,Silver
1387,2025-04-14,2025-08-18,126,7,3,175.54,3,4,2,1,10,Silver
1388,2024-09-21,2025-06-13,265,73,4,237.55,4,1,2,1,8,Bronze
1389,2025-01-03,2025-07-30,208,26,4,100.67,4,3,2,1,10,Silver
1391,2024-11-19,2025-08-04,258,21,4,231.72,4,3,2,1,10,Silver
1392,2024-11-25,2025-08-18,266,7,5,288.84,4,4,2,1,11,Silver
1393,2024-11-07,2025-08-02,268,23,3,152.55,4,3,2,1,10,Silver
1394,2025-03-03,2025-03-21,18,157,2,110.59,1,1,2,1,5,Bronze
1396,2024-12-17,2025-05-01,135,116,3,64.91,3,1,2,1,7,Bronze
1397,2024-09-24,2025-06-04,253,82,7,299.22,4,1,3,1,9,Bronze
1398,2024-10-21,2025-04-25,186,122,4,227.69,4,1,2,1,8,Bronze
1399,2024-12-26,2025-03-21,85,157,3,111.18,2,1,2,1,6,Bronze
1400,2024-10-03,2025-05-27,236,90,3,141.15,4,1,2,1,8,Bronze
1401,2024-09-20,2025-06-29,282,57,4,287.14,4,2,2,1,9,Bronze
1402,2024-09-04,2025-07-13,312,43,7,332.00,4,2,3,1,10,Silver
1403,2024-11-17,2025-08-05,261,20,5,298.22,4,3,2,1,10,Silver
1404,2024-10-14,2025-07-19,278,37,5,170.88,4,2,2,1,9,Bronze
1405,2024-11-22,2025-02-24,94,182,3,163.82,3,1,2,1,7,Bronze
1406,2025-01-29,2025-04-07,68,140,2,13.32,2,1,2,1,6,Bronze
1407,2024-11-16,2025-05-24,189,93,3,97.30,4,1,2,1,8,Bronze
1408,2024-09-16,2025-02-11,148,195,5,377.39,3,1,2,1,7,Bronze
1410,2024-12-02,2025-08-17,258,8,5,259.82,4,4,2,1,11,Silver
1411,2024-11-14,2025-04-26,163,121,8,447.22,3,1,3,1,8,Bronze
1412,2024-11-13,2025-07-19,248,37,6,272.31,4,2,3,1,10,Silver
1413,2024-09-19,2025-08-17,332,8,5,205.52,4,4,2,1,11,Silver
1414,2024-09-07,2025-08-09,336,16,5,488.91,4,3,2,1,10,Silver
1415,2025-04-06,2025-07-15,100,41,3,247.11,3,2,2,1,8,Bronze
1416,2024-09-29,2025-08-14,319,11,6,242.34,4,4,3,1,12,Silver
1417,2024-11-17,2025-08-14,270,11,7,190.80,4,4,3,1,12,Silver
1418,2025-02-18,2025-05-12,83,105,4,418.31,2,1,2,1,6,Bronze
1419,2025-04-22,2025-07-03,72,53,2,134.68,2,2,2,1,7,Bronze
1420,2025-02-04,2025-08-15,192,10,4,154.79,4,4,2,1,11,Silver
1421,2024-10-23,2025-05-24,213,93,3,110.63,4,1,2,1,8,Bronze
1422,2024-09-10,2025-08-11,335,14,4,214.45,4,4,2,1,11,Silver
1423,2025-04-08,2025-04-08,0,139,1,9.07,1,1,1,1,4,Bronze
1424,2024-11-21,2025-07-27,248,29,3,217.83,4,3,2,1,10,Silver
1425,2024-10-06,2025-07-16,283,40,4,355.17,4,2,2,1,9,Bronze
1426,2024-10-19,2025-08-01,286,24,8,351.47,4,3,3,1,11,Silver
1427,2025-03-27,2025-06-24,89,62,2,113.51,2,1,2,1,6,Bronze
1428,2024-10-05,2025-04-08,185,139,2,90.82,4,1,2,1,8,Bronze
1429,2024-09-30,2025-07-27,300,29,4,214.79,4,3,2,1,10,Silver
1430,2025-01-03,2025-07-19,197,37,4,106.22,4,2,2,1,9,Bronze
1431,2024-10-03,2025-01-13,102,224,2,107.10,3,1,2,1,7,Bronze
1432,2024-09-11,2025-07-24,316,32,5,292.05,4,2,2,1,9,Bronze
1433,2024-10-03,2025-08-04,305,21,3,107.47,4,3,2,1,10,Silver
1434,2025-06-16,2025-07-04,18,52,2,35.49,1,2,2,1,6,Bronze
1435,2024-09-25,2025-05-08,225,109,6,374.99,4,1,3,1,9,Bronze
1436,2024-10-05,2024-12-11,67,257,3,196.15,2,1,2,1,6,Bronze
1437,2025-01-28,2025-05-22,114,95,3,95.95,3,1,2,1,7,Bronze
1438,2025-04-04,2025-04-04,0,143,1,13.50,1,1,1,1,4,Bronze
1439,2024-09-13,2025-08-07,328,18,8,323.32,4,3,3,1,11,Silver
1440,2024-09-18,2025-07-06,291,50,8,323.32,4,2,3,1,10,Silver
1441,2024-09-09,2025-05-25,258,92,3,151.69,4,1,2,1,8,Bronze
1442,2024-09-02,2025-07-25,326,31,4,125.49,4,2,2,1,9,Bronze
1443,2024-09-21,2025-04-10,201,137,4,203.81,4,1,2,1,8,Bronze
1444,2024-12-07,2025-08-18,254,7,6,498.22,4,4,3,1,12,Silver
1445,2025-02-23,2025-02-23,0,183,1,38.18,1,1,1,1,4,Bronze
1446,2024-09-19,2025-07-21,305,35,3,170.37,4,2,2,1,9,Bronze
1447,2024-09-08,2025-06-17,282,69,5,377.03,4,1,2,1,8,Bronze
1448,2024-10-30,2025-08-05,279,20,3,85.43,4,3,2,1,10,Silver
1449,2025-04-30,2025-08-10,102,15,3,94.99,3,4,2,1,10,Silver
1450,2024-11-21,2025-08-23,275,2,4,239.82,4,5,2,1,12,Silver
1451,2024-12-18,2025-08-09,234,16,6,204.03,4,3,3,1,11,Silver
1452,2025-02-14,2025-07-31,167,25,4,309.95,3,3,2,1,9,Bronze
1453,2024-12-27,2025-06-02,157,84,2,81.94,3,1,2,1,7,Bronze
1454,2024-11-01,2025-06-25,236,61,4,306.90,4,1,2,1,8,Bronze
1455,2025-03-28,2025-07-09,103,47,2,92.95,3,2,2,1,8,Bronze
1456,2024-10-17,2025-04-29,194,118,3,169.59,4,1,2,1,8,Bronze
1457,2024-12-25,2025-05-13,139,104,2,76.03,3,1,2,1,7,Bronze
1458,2024-09-17,2024-09-17,0,342,1,116.30,1,1,1,1,4,Bronze
1459,2025-07-08,2025-08-17,40,8,2,111.28,2,4,2,1,9,Bronze
1460,2024-10-16,2025-08-17,305,8,4,210.21,4,4,2,1,11,Silver
1461,2025-02-19,2025-03-30,39,148,2,28.72,2,1,2,1,6,Bronze
1462,2025-03-09,2025-07-09,122,47,3,234.97,3,2,2,1,8,Bronze
1463,2025-08-21,2025-08-21,0,4,1,5.88,1,5,1,1,8,Bronze
1464,2024-10-15,2025-02-22,130,184,4,138.44,3,1,2,1,7,Bronze
1465,2024-09-16,2024-09-16,0,343,1,112.38,1,1,1,1,4,Bronze
1466,2024-10-17,2025-06-04,230,82,5,139.37,4,1,2,1,8,Bronze
1467,2024-10-09,2024-12-14,66,254,3,55.49,2,1,2,1,6,Bronze
1468,2024-11-25,2025-07-06,223,50,4,374.40,4,2,2,1,9,Bronze
1469,2025-08-18,2025-08-22,4,3,3,51.06,1,5,2,1,9,Bronze
1470,2024-09-14,2025-08-17,337,8,6,350.30,4,4,3,1,12,Silver
1471,2024-09-11,2025-07-11,303,45,5,422.74,4,2,2,1,9,Bronze
1472,2024-09-20,2025-03-08,169,170,3,220.97,3,1,2,1,7,Bronze
1473,2024-09-20,2025-08-17,331,8,8,368.27,4,4,3,1,12,Silver
1474,2024-12-01,2024-12-01,0,267,1,51.98,1,1,1,1,4,Bronze
1475,2024-10-12,2025-07-27,288,29,5,239.48,4,3,2,1,10,Silver
1476,2025-04-27,2025-05-06,9,111,3,194.55,1,1,2,1,5,Bronze
1477,2024-09-09,2025-07-11,305,45,4,201.26,4,2,2,1,9,Bronze
1478,2024-10-29,2025-06-05,219,81,5,185.75,4,1,2,1,8,Bronze
1479,2024-10-22,2025-07-01,252,55,4,207.96,4,2,2,1,9,Bronze
1480,2024-08-28,2025-06-05,281,81,7,279.34,4,1,3,1,9,Bronze
1481,2024-12-17,2025-07-20,215,36,2,64.99,4,2,2,1,9,Bronze
1482,2025-01-20,2025-08-15,207,10,11,501.73,4,4,4,2,14,Silver
1483,2024-10-08,2025-06-06,241,80,4,68.55,4,1,2,1,8,Bronze
1484,2024-09-19,2025-06-05,259,81,4,350.24,4,1,2,1,8,Bronze
1485,2024-09-07,2025-01-17,132,220,2,46.38,3,1,2,1,7,Bronze
1486,2024-09-09,2025-06-06,270,80,5,363.60,4,1,2,1,8,Bronze
1487,2025-04-13,2025-05-29,46,88,2,82.74,2,1,2,1,6,Bronze
1488,2024-11-04,2025-07-18,256,38,6,269.20,4,2,3,1,10,Silver
1489,2024-10-17,2024-11-11,25,287,3,105.83,1,1,2,1,5,Bronze
1490,2025-01-19,2025-08-19,212,6,3,121.18,4,4,2,1,11,Silver
1491,2024-09-13,2025-04-05,204,142,3,202.64,4,1,2,1,8,Bronze
1492,2024-11-17,2025-02-13,88,193,3,222.44,2,1,2,1,6,Bronze
1493,2024-09-22,2024-10-28,36,301,2,38.96,2,1,2,1,6,Bronze
1494,2024-12-13,2025-07-08,207,48,5,217.66,4,2,2,1,9,Bronze
1495,2024-10-04,2025-08-19,319,6,6,312.32,4,4,3,1,12,Silver
1496,2024-09-26,2024-10-23,27,306,2,55.68,1,1,2,1,5,Bronze
1497,2024-12-10,2025-08-23,256,2,4,157.82,4,5,2,1,12,Silver
1498,2024-10-13,2025-01-30,109,207,3,257.75,3,1,2,1,7,Bronze
1499,2024-09-10,2025-01-15,127,222,5,290.89,3,1,2,1,7,Bronze
1500,2024-10-06,2025-06-29,266,57,2,20.61,4,2,2,1,9,Bronze
1501,2025-01-10,2025-08-04,206,21,5,292.78,4,3,2,1,10,Silver
1502,2025-03-05,2025-08-21,169,4,5,255.56,3,5,2,1,11,Silver
1503,2025-08-09,2025-08-17,8,8,2,74.49,1,4,2,1,8,Bronze
1504,2024-10-16,2024-12-15,60,253,4,93.67,2,1,2,1,6,Bronze
1505,2024-10-18,2025-08-24,310,1,6,400.86,4,5,3,1,13,Silver
1506,2024-09-07,2025-07-24,320,32,5,235.64,4,2,2,1,9,Bronze
1507,2024-10-28,2025-08-12,288,13,7,256.17,4,4,3,1,12,Silver
1508,2024-09-30,2024-12-28,89,240,2,84.37,2,1,2,1,6,Bronze
1509,2024-10-16,2025-03-12,147,166,3,158.21,3,1,2,1,7,Bronze
1510,2025-03-14,2025-03-14,0,164,1,42.81,1,1,1,1,4,Bronze
1511,2024-09-05,2025-08-01,330,24,5,263.98,4,3,2,1,10,Silver
1512,2025-01-11,2025-04-17,96,130,2,151.64,3,1,2,1,7,Bronze
1513,2024-12-31,2025-07-28,209,28,7,268.44,4,3,3,1,11,Silver
1514,2025-02-16,2025-06-22,126,64,2,139.03,3,1,2,1,7,Bronze
1515,2024-10-30,2025-06-24,237,62,6,334.90,4,1,3,1,9,Bronze
1516,2025-01-02,2025-06-16,165,70,5,153.23,3,1,2,1,7,Bronze
1517,2024-11-28,2025-05-04,157,113,2,128.73,3,1,2,1,7,Bronze
1518,2025-01-24,2025-01-24,0,213,1,1.98,1,1,1,1,4,Bronze
1519,2024-09-16,2025-08-15,333,10,4,195.22,4,4,2,1,11,Silver
1520,2025-01-19,2025-08-08,201,17,4,181.07,4,3,2,1,10,Silver
1521,2024-09-10,2025-04-13,215,134,3,177.39,4,1,2,1,8,Bronze
1522,2024-11-27,2025-07-01,216,55,6,337.50,4,2,3,1,10,Silver
1523,2024-09-16,2025-07-14,301,42,5,625.03,4,2,2,2,10,Silver
1524,2024-09-17,2025-05-04,229,113,3,299.69,4,1,2,1,8,Bronze
1525,2024-12-24,2025-04-08,105,139,2,114.69,3,1,2,1,7,Bronze
1526,2024-09-24,2025-08-01,311,24,4,291.23,4,3,2,1,10,Silver
1527,2024-10-23,2025-08-06,287,19,3,63.40,4,3,2,1,10,Silver
1528,2024-12-08,2025-04-21,134,126,3,265.57,3,1,2,1,7,Bronze
1529,2024-10-08,2025-07-27,292,29,5,310.75,4,3,2,1,10,Silver
1531,2024-11-09,2025-08-16,280,9,6,246.77,4,4,3,1,12,Silver
1532,2025-02-04,2025-06-14,130,72,2,74.20,3,1,2,1,7,Bronze
1533,2024-08-30,2025-05-24,267,93,6,357.33,4,1,3,1,9,Bronze
1534,2024-09-09,2025-06-01,265,85,6,322.23,4,1,3,1,9,Bronze
1535,2024-10-25,2025-08-04,283,21,4,66.66,4,3,2,1,10,Silver
1536,2024-10-29,2025-08-01,276,24,4,155.99,4,3,2,1,10,Silver
1538,2025-01-13,2025-07-15,183,41,3,162.60,4,2,2,1,9,Bronze
1539,2024-10-08,2025-07-12,277,44,4,178.87,4,2,2,1,9,Bronze
1540,2024-09-04,2025-06-22,291,64,5,330.67,4,1,2,1,8,Bronze
1541,2024-10-31,2025-06-30,242,56,8,294.66,4,2,3,1,10,Silver
1542,2024-09-06,2025-08-13,341,12,5,438.56,4,4,2,1,11,Silver
1543,2024-11-24,2025-08-06,255,19,5,158.59,4,3,2,1,10,Silver
1544,2024-11-18,2024-12-24,36,244,2,199.67,2,1,2,1,6,Bronze
1545,2024-09-06,2025-07-25,322,31,9,624.18,4,2,3,2,11,Silver
1546,2024-09-17,2025-08-19,336,6,5,234.20,4,4,2,1,11,Silver
1547,2024-10-06,2025-06-19,256,67,3,137.31,4,1,2,1,8,Bronze
1548,2024-10-01,2024-10-24,23,305,3,160.67,1,1,2,1,5,Bronze
1549,2024-10-23,2025-06-04,224,82,3,66.62,4,1,2,1,8,Bronze
1550,2024-10-04,2025-08-09,309,16,7,274.44,4,3,3,1,11,Silver
1551,2024-08-28,2025-06-24,300,62,7,518.53,4,1,3,2,10,Silver
1552,2024-09-27,2025-08-20,327,5,11,477.48,4,5,4,1,14,Silver
1553,2025-01-23,2025-07-20,178,36,3,153.05,3,2,2,1,8,Bronze
1554,2024-10-03,2024-12-23,81,245,3,259.23,2,1,2,1,6,Bronze
1555,2024-09-21,2025-08-02,315,23,6,169.26,4,3,3,1,11,Silver
1556,2024-11-23,2025-06-07,196,79,5,205.84,4,1,2,1,8,Bronze
1557,2025-04-07,2025-08-09,124,16,3,126.53,3,3,2,1,9,Bronze
1558,2024-09-13,2025-05-07,236,110,3,261.52,4,1,2,1,8,Bronze
1559,2024-11-11,2025-08-10,272,15,5,131.17,4,4,2,1,11,Silver
1560,2024-10-26,2025-05-10,196,107,3,190.79,4,1,2,1,8,Bronze
1561,2024-12-22,2025-06-11,171,75,4,218.09,3,1,2,1,7,Bronze
1562,2025-03-20,2025-08-07,140,18,4,252.53,3,3,2,1,9,Bronze
1563,2024-12-19,2025-04-18,120,129,4,414.63,3,1,2,1,7,Bronze
1564,2024-08-27,2025-04-02,218,145,2,15.33,4,1,2,1,8,Bronze
1565,2025-04-24,2025-04-24,0,123,1,39.91,1,1,1,1,4,Bronze
1566,2024-08-28,2025-08-07,344,18,6,162.36,4,3,3,1,11,Silver
1567,2024-10-13,2025-08-20,311,5,6,178.62,4,5,3,1,13,Silver
1568,2024-12-19,2025-05-31,163,86,3,174.46,3,1,2,1,7,Bronze
1569,2024-12-05,2025-05-19,165,98,2,168.23,3,1,2,1,7,Bronze
1570,2024-11-03,2025-08-04,274,21,5,65.25,4,3,2,1,10,Silver
1571,2024-10-03,2025-05-28,237,89,3,112.01,4,1,2,1,8,Bronze
1572,2024-10-12,2025-06-01,232,85,6,242.59,4,1,3,1,9,Bronze
1573,2024-10-11,2025-05-13,214,104,2,86.31,4,1,2,1,8,Bronze
1574,2024-09-15,2025-07-04,292,52,5,383.67,4,2,2,1,9,Bronze
1575,2024-10-14,2025-07-16,275,40,7,281.28,4,2,3,1,10,Silver
1576,2024-09-14,2025-06-16,275,70,3,279.24,4,1,2,1,8,Bronze
1578,2024-10-28,2025-02-09,104,197,4,195.86,3,1,2,1,7,Bronze
1579,2024-09-07,2025-08-12,339,13,8,342.89,4,4,3,1,12,Silver
1580,2024-10-12,2025-08-15,307,10,6,209.60,4,4,3,1,12,Silver
1581,2024-09-30,2025-01-25,117,212,5,353.25,3,1,2,1,7,Bronze
1582,2024-10-01,2025-06-25,267,61,3,206.68,4,1,2,1,8,Bronze
1583,2024-09-01,2025-08-17,350,8,6,258.46,4,4,3,1,12,Silver
1584,2024-08-31,2025-07-23,326,33,9,606.28,4,2,3,2,11,Silver
1585,2024-10-08,2025-08-06,302,19,5,175.63,4,3,2,1,10,Silver
1586,2025-03-04,2025-06-03,91,83,2,48.13,3,1,2,1,7,Bronze
1587,2024-12-07,2025-07-01,206,55,2,75.10,4,2,2,1,9,Bronze
1588,2024-08-29,2025-06-16,291,70,6,476.03,4,1,3,1,9,Bronze
1589,2024-11-07,2025-06-21,226,65,5,302.40,4,1,2,1,8,Bronze
1590,2024-11-03,2025-08-12,282,13,2,58.93,4,4,2,1,11,Silver
1591,2024-09-27,2025-05-09,224,108,6,218.29,4,1,3,1,9,Bronze
1592,2024-10-22,2025-08-08,290,17,7,179.50,4,3,3,1,11,Silver
1593,2025-01-27,2025-08-12,197,13,3,75.65,4,4,2,1,11,Silver
1594,2024-09-04,2025-08-22,352,3,5,144.48,4,5,2,1,12,Silver
1595,2025-02-23,2025-02-23,0,183,1,78.02,1,1,1,1,4,Bronze
1596,2024-12-14,2025-07-19,217,37,6,158.08,4,2,3,1,10,Silver
1597,2024-08-26,2025-07-19,327,37,6,162.70,4,2,3,1,10,Silver
1598,2024-09-30,2025-07-06,279,50,4,302.93,4,2,2,1,9,Bronze
1599,2024-09-24,2025-06-04,253,82,5,129.29,4,1,2,1,8,Bronze
1600,2025-04-21,2025-08-07,108,18,3,184.83,3,3,2,1,9,Bronze
1601,2024-09-05,2025-05-16,253,101,6,403.32,4,1,3,1,9,Bronze
1602,2024-08-26,2025-04-05,222,142,7,308.03,4,1,3,1,9,Bronze
1603,2024-09-04,2025-05-25,263,92,9,364.48,4,1,3,1,9,Bronze
1604,2024-11-01,2025-08-20,292,5,5,215.82,4,5,2,1,12,Silver
1605,2024-12-26,2025-08-10,227,15,3,117.41,4,4,2,1,11,Silver
1606,2024-09-03,2025-02-22,172,184,2,140.64,3,1,2,1,7,Bronze
1607,2024-09-14,2025-07-28,317,28,10,478.40,4,3,4,1,12,Silver
1608,2024-12-04,2025-07-01,209,55,7,457.34,4,2,3,1,10,Silver
1609,2025-03-30,2025-07-06,98,50,3,278.04,3,2,2,1,8,Bronze
1610,2024-12-08,2024-12-08,0,260,1,18.08,1,1,1,1,4,Bronze
1611,2024-10-05,2025-07-17,285,39,4,184.99,4,2,2,1,9,Bronze
1612,2024-12-11,2025-03-06,85,172,4,189.83,2,1,2,1,6,Bronze
1613,2025-03-30,2025-07-09,101,47,3,164.81,3,2,2,1,8,Bronze
1614,2025-01-05,2025-07-12,188,44,3,71.18,4,2,2,1,9,Bronze
1615,2024-09-13,2025-07-02,292,54,4,304.43,4,2,2,1,9,Bronze
1616,2024-10-29,2025-05-04,187,113,3,146.72,4,1,2,1,8,Bronze
1617,2025-01-20,2025-05-31,131,86,4,89.74,3,1,2,1,7,Bronze
1618,2025-03-24,2025-08-22,151,3,4,183.91,3,5,2,1,11,Silver
1619,2024-08-28,2025-07-29,335,27,11,469.71,4,3,4,1,12,Silver
1620,2024-12-04,2025-04-15,132,132,2,251.43,3,1,2,1,7,Bronze
1621,2024-11-17,2025-08-22,278,3,4,238.23,4,5,2,1,12,Silver
1622,2025-04-16,2025-05-17,31,100,3,239.80,2,1,2,1,6,Bronze
1623,2024-10-11,2025-02-02,114,204,6,546.46,3,1,3,2,9,Bronze
1624,2024-08-29,2025-05-14,258,103,4,157.44,4,1,2,1,8,Bronze
1625,2024-10-05,2025-07-23,291,33,6,219.22,4,2,3,1,10,Silver
1626,2025-02-10,2025-07-23,163,33,6,323.93,3,2,3,1,9,Bronze
1627,2024-12-01,2025-01-26,56,211,3,144.36,2,1,2,1,6,Bronze
1628,2024-09-17,2025-06-02,258,84,5,279.73,4,1,2,1,8,Bronze
1629,2024-10-30,2025-06-03,216,83,5,306.72,4,1,2,1,8,Bronze
1630,2024-08-30,2025-03-22,204,156,5,140.94,4,1,2,1,8,Bronze
1631,2024-10-18,2025-06-18,243,68,6,316.05,4,1,3,1,9,Bronze
1632,2024-09-06,2025-07-03,300,53,6,384.03,4,2,3,1,10,Silver
1633,2024-10-07,2025-03-18,162,160,4,115.77,3,1,2,1,7,Bronze
1634,2025-01-02,2025-03-20,77,158,2,47.52,2,1,2,1,6,Bronze
1635,2024-10-13,2025-08-05,296,20,4,206.32,4,3,2,1,10,Silver
1636,2024-12-25,2025-08-16,234,9,4,225.96,4,4,2,1,11,Silver
1637,2025-05-23,2025-07-04,42,52,2,121.62,2,2,2,1,7,Bronze
1638,2024-09-19,2025-07-02,286,54,4,191.09,4,2,2,1,9,Bronze
1639,2024-08-29,2025-05-03,247,114,4,49.47,4,1,2,1,8,Bronze
1640,2025-02-07,2025-05-26,108,91,3,171.38,3,1,2,1,7,Bronze
1641,2024-12-20,2025-08-03,226,22,9,389.66,4,3,3,1,11,Silver
1642,2025-04-02,2025-08-13,133,12,5,214.16,3,4,2,1,10,Silver
1643,2024-10-03,2025-07-10,280,46,6,301.64,4,2,3,1,10,Silver
1644,2024-09-06,2025-05-03,239,114,4,239.24,4,1,2,1,8,Bronze
1645,2024-10-06,2025-07-21,288,35,5,151.98,4,2,2,1,9,Bronze
1646,2024-10-13,2025-08-18,309,7,7,309.96,4,4,3,1,12,Silver
1647,2024-10-18,2025-06-12,237,74,7,322.42,4,1,3,1,9,Bronze
1648,2024-10-29,2025-08-17,292,8,6,130.57,4,4,3,1,12,Silver
1649,2024-12-19,2025-08-09,233,16,4,169.71,4,3,2,1,10,Silver
1650,2024-09-20,2025-05-03,225,114,4,91.46,4,1,2,1,8,Bronze
1651,2025-01-08,2025-06-07,150,79,2,9.15,3,1,2,1,7,Bronze
1652,2024-10-04,2024-10-15,11,314,2,37.11,1,1,2,1,5,Bronze
1653,2024-09-08,2025-07-30,325,26,8,433.28,4,3,3,1,11,Silver
1654,2024-11-07,2025-01-31,85,206,3,181.54,2,1,2,1,6,Bronze
1655,2024-09-07,2025-07-26,322,30,7,368.93,4,3,3,1,11,Silver
1656,2024-09-24,2025-08-22,332,3,6,229.11,4,5,3,1,13,Silver
1657,2025-07-12,2025-08-16,35,9,2,48.52,2,4,2,1,9,Bronze
1658,2024-10-25,2025-08-04,283,21,5,148.54,4,3,2,1,10,Silver
1659,2024-09-20,2025-06-29,282,57,6,313.96,4,2,3,1,10,Silver
1660,2025-04-30,2025-08-09,101,16,3,232.92,3,3,2,1,9,Bronze
1661,2024-11-07,2025-08-21,287,4,6,350.00,4,5,3,1,13,Silver
1662,2024-09-20,2025-08-20,334,5,5,204.28,4,5,2,1,12,Silver
1663,2024-11-23,2025-08-20,270,5,8,440.31,4,5,3,1,13,Silver
1664,2024-12-17,2025-08-13,239,12,4,108.46,4,4,2,1,11,Silver
1665,2024-08-31,2025-06-16,289,70,3,212.94,4,1,2,1,8,Bronze
1666,2025-01-20,2025-08-05,197,20,5,374.39,4,3,2,1,10,Silver
1667,2024-10-08,2025-04-14,188,133,6,426.60,4,1,3,1,9,Bronze
1668,2024-08-31,2025-05-04,246,113,5,156.82,4,1,2,1,8,Bronze
1669,2025-01-04,2025-06-14,161,72,6,385.20,3,1,3,1,8,Bronze
1670,2025-01-05,2025-06-23,169,63,3,41.91,3,1,2,1,7,Bronze
1671,2024-10-30,2025-06-29,242,57,8,298.98,4,2,3,1,10,Silver
1672,2024-11-02,2025-08-05,276,20,7,295.59,4,3,3,1,11,Silver
1673,2024-08-29,2025-05-27,271,90,8,386.64,4,1,3,1,9,Bronze
1674,2024-10-18,2025-05-13,207,104,5,260.94,4,1,2,1,8,Bronze
1675,2024-10-01,2025-04-14,195,133,4,281.23,4,1,2,1,8,Bronze
1676,2024-08-30,2025-08-23,358,2,5,292.65,4,5,2,1,12,Silver
1677,2024-11-13,2025-08-19,279,6,4,172.44,4,4,2,1,11,Silver
1678,2024-11-22,2024-12-26,34,242,2,88.04,2,1,2,1,6,Bronze
1679,2024-10-13,2025-07-13,273,43,6,428.68,4,2,3,1,10,Silver
1680,2024-11-03,2025-08-25,295,0,4,179.57,4,5,2,1,12,Silver
1681,2024-08-28,2025-06-10,286,76,5,88.25,4,1,2,1,8,Bronze
1682,2025-03-05,2025-08-11,159,14,2,49.67,3,4,2,1,10,Silver
1683,2024-08-26,2025-08-15,354,10,8,539.45,4,4,3,2,13,Silver
1684,2025-04-10,2025-08-24,136,1,4,402.69,3,5,2,1,11,Silver
1685,2025-01-04,2025-04-27,113,120,2,133.31,3,1,2,1,7,Bronze
1686,2024-10-30,2025-07-24,267,32,6,137.13,4,2,3,1,10,Silver
1687,2024-11-11,2025-06-06,207,80,2,133.77,4,1,2,1,8,Bronze
1688,2025-03-11,2025-04-11,31,136,2,192.80,2,1,2,1,6,Bronze
1689,2025-01-25,2025-07-04,160,52,5,323.36,3,2,2,1,8,Bronze
1690,2024-09-08,2025-07-31,326,25,8,506.93,4,3,3,2,12,Silver
1691,2024-12-28,2025-03-06,68,172,2,77.16,2,1,2,1,6,Bronze
1692,2025-02-10,2025-07-30,170,26,6,193.37,3,3,3,1,10,Silver
1693,2024-10-02,2025-04-08,188,139,6,397.27,4,1,3,1,9,Bronze
1694,2024-09-04,2025-07-11,310,45,6,454.54,4,2,3,1,10,Silver
1695,2024-10-13,2025-08-25,316,0,7,211.08,4,5,3,1,13,Silver
1696,2024-09-12,2025-01-24,134,213,4,158.05,3,1,2,1,7,Bronze
1697,2025-01-22,2025-02-13,22,193,3,196.99,1,1,2,1,5,Bronze
1698,2024-10-04,2025-06-17,256,69,4,242.31,4,1,2,1,8,Bronze
1699,2024-10-16,2025-08-15,303,10,4,259.07,4,4,2,1,11,Silver
1700,2025-01-21,2025-07-18,178,38,6,171.79,3,2,3,1,9,Bronze
1701,2024-08-26,2025-02-18,176,188,5,282.31,3,1,2,1,7,Bronze
1702,2024-09-28,2025-08-10,316,15,10,261.46,4,4,4,1,13,Silver
1703,2024-09-08,2025-05-14,248,103,5,398.06,4,1,2,1,8,Bronze
1704,2024-08-26,2025-01-17,144,220,3,226.88,3,1,2,1,7,Bronze
1705,2024-10-30,2025-07-30,273,26,6,382.50,4,3,3,1,11,Silver
1706,2024-11-07,2024-12-16,39,252,2,182.64,2,1,2,1,6,Bronze
1707,2024-09-08,2025-07-16,311,40,4,307.37,4,2,2,1,9,Bronze
1708,2024-09-03,2025-05-15,254,102,4,274.82,4,1,2,1,8,Bronze
1709,2024-08-27,2025-07-14,321,42,5,251.81,4,2,2,1,9,Bronze
1710,2024-09-01,2025-08-25,358,0,8,325.94,4,5,3,1,13,Silver
1711,2024-12-12,2025-02-14,64,192,2,128.29,2,1,2,1,6,Bronze
1712,2025-01-01,2025-07-28,208,28,4,100.72,4,3,2,1,10,Silver
1713,2024-12-01,2025-02-10,71,196,3,83.79,2,1,2,1,6,Bronze
1714,2024-10-08,2025-07-22,287,34,5,199.23,4,2,2,1,9,Bronze
1715,2024-10-13,2025-06-05,235,81,5,129.17,4,1,2,1,8,Bronze
1716,2024-08-27,2025-08-24,362,1,7,364.93,4,5,3,1,13,Silver
1717,2024-09-09,2025-08-20,345,5,4,91.42,4,5,2,1,12,Silver
1718,2024-09-29,2025-04-14,197,133,7,194.27,4,1,3,1,9,Bronze
1719,2024-10-11,2025-08-11,304,14,4,252.81,4,4,2,1,11,Silver
1720,2024-09-07,2025-08-10,337,15,7,464.47,4,4,3,1,12,Silver
1721,2024-09-27,2025-06-22,268,64,6,189.18,4,1,3,1,9,Bronze
1722,2024-10-02,2025-07-01,272,55,7,443.11,4,2,3,1,10,Silver
1723,2025-04-24,2025-04-24,0,123,1,92.19,1,1,1,1,4,Bronze
1724,2025-01-14,2025-08-23,221,2,4,34.38,4,5,2,1,12,Silver
1725,2024-09-08,2025-07-04,299,52,4,196.16,4,2,2,1,9,Bronze
1726,2024-09-14,2025-04-28,226,119,6,343.12,4,1,3,1,9,Bronze
1727,2024-12-02,2025-08-16,257,9,5,279.39,4,4,2,1,11,Silver
1729,2025-01-04,2025-06-10,157,76,6,190.11,3,1,3,1,8,Bronze
1730,2024-09-02,2025-08-25,357,0,5,403.88,4,5,2,1,12,Silver
1731,2024-09-05,2025-06-04,272,82,5,228.11,4,1,2,1,8,Bronze
1733,2024-11-08,2025-08-12,277,13,5,275.47,4,4,2,1,11,Silver
1734,2024-09-29,2025-08-04,309,21,5,332.88,4,3,2,1,10,Silver
1735,2024-11-20,2025-07-08,230,48,3,130.41,4,2,2,1,9,Bronze
1736,2025-07-09,2025-07-09,0,47,1,43.45,1,2,1,1,5,Bronze
1738,2025-01-14,2025-08-01,199,24,3,45.47,4,3,2,1,10,Silver
1739,2024-08-31,2025-01-29,151,208,2,195.58,3,1,2,1,7,Bronze
1740,2024-10-31,2025-06-24,236,62,4,219.58,4,1,2,1,8,Bronze
1741,2024-09-20,2025-07-20,303,36,4,288.35,4,2,2,1,9,Bronze
1742,2024-10-15,2025-07-10,268,46,6,219.63,4,2,3,1,10,Silver
1743,2024-09-05,2025-07-08,306,48,5,328.47,4,2,2,1,9,Bronze
1744,2025-03-30,2025-05-20,51,97,2,79.27,2,1,2,1,6,Bronze
1745,2024-08-27,2025-08-12,350,13,6,344.46,4,4,3,1,12,Silver
1746,2024-12-05,2025-03-18,103,160,2,58.89,3,1,2,1,7,Bronze
1747,2025-05-30,2025-07-09,40,47,3,139.50,2,2,2,1,7,Bronze
1748,2025-04-07,2025-04-24,17,123,2,230.60,1,1,2,1,5,Bronze
1749,2024-10-16,2025-06-07,234,79,4,179.88,4,1,2,1,8,Bronze
1750,2024-10-31,2025-07-31,273,25,7,305.42,4,3,3,1,11,Silver
1751,2025-02-27,2025-05-29,91,88,3,198.96,3,1,2,1,7,Bronze
1752,2024-09-09,2025-06-27,291,59,5,216.93,4,2,2,1,9,Bronze
1753,2024-11-05,2025-08-22,290,3,3,165.85,4,5,2,1,12,Silver
1754,2025-01-08,2025-06-16,159,70,4,257.19,3,1,2,1,7,Bronze
1755,2024-08-26,2025-07-28,336,28,3,206.22,4,3,2,1,10,Silver
1756,2024-10-13,2024-11-25,43,273,5,406.39,2,1,2,1,6,Bronze
1757,2024-10-08,2025-04-22,196,125,6,383.46,4,1,3,1,9,Bronze
1758,2024-09-14,2025-08-23,343,2,10,357.68,4,5,4,1,14,Silver
1759,2024-10-10,2025-08-12,306,13,6,243.16,4,4,3,1,12,Silver
1760,2024-09-30,2025-08-09,313,16,7,240.86,4,3,3,1,11,Silver
1761,2025-07-22,2025-07-22,0,34,1,20.52,1,2,1,1,5,Bronze
1762,2025-03-13,2025-07-07,116,49,2,51.23,3,2,2,1,8,Bronze
1763,2024-12-02,2025-06-16,196,70,3,64.39,4,1,2,1,8,Bronze
1764,2024-09-16,2025-06-11,268,75,8,349.51,4,1,3,1,9,Bronze
1765,2024-11-12,2025-05-15,184,102,3,111.22,4,1,2,1,8,Bronze
1766,2024-12-28,2025-07-18,202,38,5,354.40,4,2,2,1,9,Bronze
1767,2024-10-01,2025-08-12,315,13,3,83.50,4,4,2,1,11,Silver
1768,2024-12-02,2025-02-27,87,179,3,82.05,2,1,2,1,6,Bronze
1769,2024-09-24,2025-07-13,292,43,4,125.15,4,2,2,1,9,Bronze
1770,2024-12-02,2025-06-26,206,60,3,185.03,4,2,2,1,9,Bronze
1771,2025-02-11,2025-08-07,177,18,3,88.09,3,3,2,1,9,Bronze
1772,2025-02-24,2025-08-15,172,10,5,239.87,3,4,2,1,10,Silver
1773,2024-10-05,2025-07-04,272,52,6,380.37,4,2,3,1,10,Silver
1774,2025-08-03,2025-08-10,7,15,2,56.79,1,4,2,1,8,Bronze
1775,2024-09-01,2025-02-13,165,193,3,217.34,3,1,2,1,7,Bronze
1776,2024-12-23,2025-07-21,210,35,4,93.48,4,2,2,1,9,Bronze
1777,2024-09-02,2025-06-14,285,72,6,484.02,4,1,3,1,9,Bronze
1778,2024-08-29,2025-02-25,180,181,5,439.29,4,1,2,1,8,Bronze
1779,2024-10-12,2025-06-22,253,64,4,146.24,4,1,2,1,8,Bronze
1780,2024-10-23,2025-08-10,291,15,6,212.78,4,4,3,1,12,Silver
1781,2025-01-11,2025-07-26,196,30,4,141.81,4,3,2,1,10,Silver
1782,2025-08-04,2025-08-04,0,21,1,3.71,1,3,1,1,6,Bronze
1783,2024-09-29,2025-02-22,146,184,3,89.82,3,1,2,1,7,Bronze
1784,2024-10-03,2025-08-06,307,19,5,134.89,4,3,2,1,10,Silver
1785,2024-10-16,2025-03-31,166,147,5,377.01,3,1,2,1,7,Bronze
1786,2025-01-01,2025-07-21,201,35,5,178.96,4,2,2,1,9,Bronze
1787,2024-11-29,2025-01-18,50,219,3,67.95,2,1,2,1,6,Bronze
1788,2024-08-30,2025-08-19,354,6,8,299.54,4,4,3,1,12,Silver
1789,2024-10-18,2025-08-04,290,21,3,50.33,4,3,2,1,10,Silver
1790,2024-09-15,2025-01-03,110,234,4,108.75,3,1,2,1,7,Bronze
1791,2025-03-01,2025-07-26,147,30,5,270.18,3,3,2,1,9,Bronze
1792,2024-09-11,2025-08-16,339,9,5,163.18,4,4,2,1,11,Silver
1793,2024-08-26,2025-06-23,301,63,5,300.18,4,1,2,1,8,Bronze
1794,2025-01-21,2025-04-11,80,136,2,87.03,2,1,2,1,6,Bronze
1795,2024-12-14,2025-05-07,144,110,5,200.14,3,1,2,1,7,Bronze
1796,2024-12-12,2025-06-05,175,81,4,259.57,3,1,2,1,7,Bronze
1797,2024-09-12,2025-02-09,150,197,2,121.57,3,1,2,1,7,Bronze
1798,2024-09-06,2025-03-06,181,172,6,179.16,4,1,3,1,9,Bronze
1799,2024-09-08,2025-07-22,317,34,6,141.15,4,2,3,1,10,Silver
1800,2024-12-16,2025-08-23,250,2,6,251.01,4,5,3,1,13,Silver
1801,2024-10-29,2025-07-04,248,52,3,50.74,4,2,2,1,9,Bronze
1802,2024-09-13,2025-05-05,234,112,5,215.00,4,1,2,1,8,Bronze
1803,2024-08-31,2025-08-24,358,1,6,350.68,4,5,3,1,13,Silver
1804,2025-03-13,2025-03-13,0,165,1,16.28,1,1,1,1,4,Bronze
1805,2024-10-06,2025-07-30,297,26,5,336.88,4,3,2,1,10,Silver
1806,2024-10-27,2025-08-14,291,11,8,285.49,4,4,3,1,12,Silver
1807,2024-11-20,2025-08-10,263,15,7,475.15,4,4,3,1,12,Silver
1808,2024-08-28,2025-07-13,319,43,5,223.81,4,2,2,1,9,Bronze
1809,2024-10-18,2025-03-18,151,160,3,40.90,3,1,2,1,7,Bronze
1810,2024-10-15,2025-01-21,98,216,3,132.38,3,1,2,1,7,Bronze
1811,2024-09-21,2024-09-25,4,334,2,38.27,1,1,2,1,5,Bronze
1812,2024-10-05,2025-06-20,258,66,6,292.15,4,1,3,1,9,Bronze
1813,2024-10-04,2024-10-04,0,325,1,58.73,1,1,1,1,4,Bronze
1814,2024-10-08,2025-05-01,205,116,2,51.54,4,1,2,1,8,Bronze
1815,2024-08-29,2025-02-26,181,180,3,187.91,4,1,2,1,8,Bronze
1816,2024-11-27,2025-05-14,168,103,6,287.88,3,1,3,1,8,Bronze
1817,2024-08-27,2025-08-23,361,2,9,383.84,4,5,3,1,13,Silver
1818,2024-12-07,2025-05-10,154,107,2,136.05,3,1,2,1,7,Bronze
1819,2025-08-17,2025-08-22,5,3,2,53.24,1,5,2,1,9,Bronze
1820,2024-09-17,2025-05-01,226,116,8,368.43,4,1,3,1,9,Bronze
1821,2024-10-12,2025-05-27,227,90,4,136.59,4,1,2,1,8,Bronze
1822,2024-10-27,2025-06-05,221,81,2,4.67,4,1,2,1,8,Bronze
1823,2024-09-30,2025-05-30,242,87,4,110.69,4,1,2,1,8,Bronze
1824,2024-09-28,2025-04-06,190,141,4,265.47,4,1,2,1,8,Bronze
1825,2024-12-10,2025-04-26,137,121,4,155.26,3,1,2,1,7,Bronze
1826,2024-09-09,2025-06-12,276,74,8,527.89,4,1,3,2,10,Silver
1827,2024-12-08,2025-01-23,46,214,2,165.24,2,1,2,1,6,Bronze
1828,2024-12-26,2025-04-01,96,146,2,156.22,3,1,2,1,7,Bronze
1829,2024-08-30,2025-08-22,357,3,5,328.68,4,5,2,1,12,Silver
1830,2025-05-10,2025-05-10,0,107,1,5.21,1,1,1,1,4,Bronze
1831,2024-11-06,2025-06-19,225,67,7,405.57,4,1,3,1,9,Bronze
1832,2024-09-26,2025-06-20,267,66,6,384.87,4,1,3,1,9,Bronze
1833,2024-09-24,2025-04-07,195,140,4,158.11,4,1,2,1,8,Bronze
1834,2024-09-03,2025-04-22,231,125,11,382.97,4,1,4,1,10,Silver
1835,2024-09-19,2025-08-25,340,0,2,191.70,4,5,2,1,12,Silver
1836,2025-02-17,2025-02-17,0,189,1,10.50,1,1,1,1,4,Bronze
1837,2025-07-21,2025-08-25,35,0,3,126.56,2,5,2,1,10,Silver
1838,2024-10-06,2025-06-11,248,75,3,245.58,4,1,2,1,8,Bronze
1839,2025-04-11,2025-05-08,27,109,2,116.54,1,1,2,1,5,Bronze
1840,2024-08-26,2025-06-01,279,85,9,417.47,4,1,3,1,9,Bronze
1841,2024-09-11,2025-05-13,244,104,3,161.72,4,1,2,1,8,Bronze
1842,2024-10-15,2025-07-17,275,39,4,44.58,4,2,2,1,9,Bronze
1843,2024-08-28,2025-08-23,360,2,5,381.69,4,5,2,1,12,Silver
1844,2024-09-01,2025-07-22,324,34,7,360.88,4,2,3,1,10,Silver
1845,2024-11-22,2025-08-15,266,10,5,212.65,4,4,2,1,11,Silver
1846,2024-09-13,2025-08-03,324,22,10,586.41,4,3,4,2,13,Silver
1847,2024-10-08,2024-12-19,72,249,2,44.09,2,1,2,1,6,Bronze
1848,2024-09-05,2025-03-10,186,168,5,219.34,4,1,2,1,8,Bronze
1849,2024-09-06,2025-07-16,313,40,8,297.34,4,2,3,1,10,Silver
1850,2025-02-25,2025-06-27,122,59,3,329.32,3,2,2,1,8,Bronze
1851,2024-10-30,2025-08-20,294,5,5,239.21,4,5,2,1,12,Silver
1852,2024-11-30,2024-11-30,0,268,1,42.32,1,1,1,1,4,Bronze
1853,2025-08-14,2025-08-14,0,11,1,8.38,1,4,1,1,7,Bronze
1854,2024-12-30,2025-07-19,201,37,5,216.13,4,2,2,1,9,Bronze
1855,2024-09-01,2025-04-18,229,129,3,294.72,4,1,2,1,8,Bronze
1856,2024-10-09,2024-10-09,0,320,1,15.88,1,1,1,1,4,Bronze
1857,2024-09-25,2025-06-27,275,59,6,156.06,4,2,3,1,10,Silver
1858,2024-09-03,2025-08-22,353,3,3,214.66,4,5,2,1,12,Silver
1859,2024-09-22,2024-11-24,63,274,3,200.26,2,1,2,1,6,Bronze
1860,2024-11-13,2025-07-29,258,27,8,473.76,4,3,3,1,11,Silver
1861,2025-05-01,2025-07-13,73,43,2,142.02,2,2,2,1,7,Bronze
1862,2024-09-01,2025-06-25,297,61,6,451.92,4,1,3,1,9,Bronze
1863,2024-09-16,2025-08-25,343,0,8,571.95,4,5,3,2,14,Silver
1864,2024-09-26,2025-08-17,325,8,6,184.88,4,4,3,1,12,Silver
1865,2024-10-06,2024-10-06,0,323,1,7.60,1,1,1,1,4,Bronze
1866,2024-09-26,2025-08-14,322,11,3,173.64,4,4,2,1,11,Silver
1867,2024-09-09,2025-08-09,334,16,3,134.79,4,3,2,1,10,Silver
1868,2024-10-12,2024-11-09,28,289,2,49.98,1,1,2,1,5,Bronze
1869,2024-12-14,2025-01-01,18,236,2,30.40,1,1,2,1,5,Bronze
1870,2024-10-27,2025-06-15,231,71,5,354.73,4,1,2,1,8,Bronze
1871,2025-02-19,2025-02-19,0,187,1,30.44,1,1,1,1,4,Bronze
1872,2024-10-03,2024-10-18,15,311,2,84.82,1,1,2,1,5,Bronze
1873,2024-10-21,2025-07-04,256,52,7,370.94,4,2,3,1,10,Silver
1874,2024-10-24,2025-07-02,251,54,5,293.66,4,2,2,1,9,Bronze
1875,2025-01-16,2025-06-04,139,82,5,198.64,3,1,2,1,7,Bronze
1876,2025-01-07,2025-07-14,188,42,2,13.74,4,2,2,1,9,Bronze
1877,2025-02-21,2025-08-06,166,19,2,49.08,3,3,2,1,9,Bronze
1878,2024-11-20,2025-04-22,153,125,3,139.15,3,1,2,1,7,Bronze
1879,2024-09-19,2025-08-25,340,0,5,206.33,4,5,2,1,12,Silver
1880,2025-02-01,2025-08-03,183,22,3,57.15,4,3,2,1,10,Silver
1881,2024-12-14,2025-08-20,249,5,7,305.80,4,5,3,1,13,Silver
1882,2024-10-31,2024-12-20,50,248,2,154.35,2,1,2,1,6,Bronze
1883,2024-10-19,2025-06-07,231,79,6,514.84,4,1,3,2,10,Silver
1884,2024-10-12,2025-07-20,281,36,4,113.02,4,2,2,1,9,Bronze
1885,2024-10-01,2025-07-15,287,41,9,437.06,4,2,3,1,10,Silver
1886,2025-04-10,2025-04-10,0,137,1,60.34,1,1,1,1,4,Bronze
1887,2024-08-30,2025-05-29,272,88,4,160.64,4,1,2,1,8,Bronze
1888,2024-10-12,2025-08-17,309,8,6,380.71,4,4,3,1,12,Silver
1889,2025-07-29,2025-07-29,0,27,1,3.01,1,3,1,1,6,Bronze
1890,2024-08-31,2025-08-13,347,12,4,251.60,4,4,2,1,11,Silver
1891,2024-10-04,2025-06-20,259,66,11,655.97,4,1,4,2,11,Silver
1893,2024-09-03,2025-05-30,269,87,6,187.62,4,1,3,1,9,Bronze
1894,2025-03-17,2025-07-21,126,35,4,102.80,3,2,2,1,8,Bronze
1895,2024-11-30,2025-05-28,179,89,8,371.60,3,1,3,1,8,Bronze
1896,2024-09-24,2025-04-29,217,118,3,97.16,4,1,2,1,8,Bronze
1897,2024-09-01,2025-08-18,351,7,6,460.47,4,4,3,1,12,Silver
1898,2025-01-24,2025-08-25,213,0,5,308.74,4,5,2,1,12,Silver
1899,2025-03-13,2025-07-14,123,42,4,76.14,3,2,2,1,8,Bronze
1900,2024-12-17,2025-08-10,236,15,5,113.14,4,4,2,1,11,Silver
1901,2024-09-02,2025-08-25,357,0,6,328.39,4,5,3,1,13,Silver
1902,2025-02-02,2025-04-29,86,118,3,109.81,2,1,2,1,6,Bronze
1903,2025-04-26,2025-05-24,28,93,2,44.56,1,1,2,1,5,Bronze
1904,2024-11-11,2025-05-10,180,107,2,79.13,4,1,2,1,8,Bronze
1905,2024-09-27,2025-06-05,251,81,2,205.47,4,1,2,1,8,Bronze
1906,2024-12-07,2025-08-22,258,3,6,453.89,4,5,3,1,13,Silver
1907,2025-01-25,2025-05-17,112,100,4,204.31,3,1,2,1,7,Bronze
1908,2024-10-13,2025-06-26,256,60,7,203.23,4,2,3,1,10,Silver
1909,2024-09-09,2025-08-03,328,22,7,331.99,4,3,3,1,11,Silver
1910,2024-09-14,2025-08-25,345,0,8,562.64,4,5,3,2,14,Silver
1911,2025-01-15,2025-01-15,0,222,1,61.61,1,1,1,1,4,Bronze
1912,2024-10-08,2025-03-07,150,171,2,34.82,3,1,2,1,7,Bronze
1913,2024-09-25,2025-07-23,301,33,4,242.62,4,2,2,1,9,Bronze
1914,2025-03-01,2025-08-24,176,1,5,314.18,3,5,2,1,11,Silver
1915,2024-09-08,2025-08-16,342,9,4,113.09,4,4,2,1,11,Silver
1916,2024-09-18,2025-02-24,159,182,4,197.79,3,1,2,1,7,Bronze
1917,2024-10-30,2024-10-30,0,299,1,131.55,1,1,1,1,4,Bronze
1918,2024-09-16,2025-08-06,324,19,5,71.24,4,3,2,1,10,Silver
1919,2024-09-08,2025-04-13,217,134,6,281.65,4,1,3,1,9,Bronze
1920,2024-10-05,2025-05-15,222,102,8,354.95,4,1,3,1,9,Bronze
1921,2024-12-04,2025-08-08,247,17,4,230.17,4,3,2,1,10,Silver
1922,2024-12-02,2025-08-22,263,3,7,325.31,4,5,3,1,13,Silver
1923,2025-05-20,2025-07-26,67,30,2,78.06,2,3,2,1,8,Bronze
1924,2024-12-16,2024-12-17,1,251,2,69.83,1,1,2,1,5,Bronze
1925,2025-01-21,2025-08-03,194,22,4,258.77,4,3,2,1,10,Silver
1926,2025-01-22,2025-07-24,183,32,3,206.37,4,2,2,1,9,Bronze
1927,2024-09-09,2025-07-26,320,30,9,432.57,4,3,3,1,11,Silver
1928,2024-09-15,2025-08-24,343,1,7,418.70,4,5,3,1,13,Silver
1929,2024-11-03,2025-07-29,268,27,7,286.81,4,3,3,1,11,Silver
1930,2024-11-30,2025-08-13,256,12,5,300.39,4,4,2,1,11,Silver
1931,2024-10-08,2025-08-03,299,22,5,68.89,4,3,2,1,10,Silver
1932,2025-03-10,2025-06-22,104,64,2,141.88,3,1,2,1,7,Bronze
1933,2025-01-20,2025-05-02,102,115,5,367.92,3,1,2,1,7,Bronze
1934,2024-09-13,2025-08-03,324,22,4,236.99,4,3,2,1,10,Silver
1936,2025-02-07,2025-07-31,174,25,6,244.84,3,3,3,1,10,Silver
1937,2025-01-03,2025-07-27,205,29,6,218.03,4,3,3,1,11,Silver
1938,2024-09-27,2025-08-18,325,7,5,293.12,4,4,2,1,11,Silver
1939,2024-11-27,2025-08-08,254,17,4,90.92,4,3,2,1,10,Silver
1940,2024-12-09,2025-07-03,206,53,6,375.77,4,2,3,1,10,Silver
1941,2024-11-14,2024-12-17,33,251,2,135.05,2,1,2,1,6,Bronze
1942,2024-10-07,2025-06-27,263,59,4,140.11,4,2,2,1,9,Bronze
1943,2025-01-08,2025-05-01,113,116,2,248.77,3,1,2,1,7,Bronze
1944,2024-10-26,2025-07-01,248,55,6,282.00,4,2,3,1,10,Silver
1945,2025-01-31,2025-06-02,122,84,5,274.97,3,1,2,1,7,Bronze
1946,2025-01-24,2025-01-24,0,213,1,140.88,1,1,1,1,4,Bronze
1947,2025-02-22,2025-08-03,162,22,3,155.59,3,3,2,1,9,Bronze
1948,2024-12-23,2025-06-11,170,75,3,159.17,3,1,2,1,7,Bronze
1949,2025-04-18,2025-04-18,0,129,1,13.06,1,1,1,1,4,Bronze
1950,2024-12-16,2025-08-15,242,10,7,191.30,4,4,3,1,12,Silver
1951,2024-11-29,2025-03-13,104,165,2,79.26,3,1,2,1,7,Bronze
1952,2024-10-06,2025-05-05,211,112,5,155.56,4,1,2,1,8,Bronze
1953,2024-10-24,2025-07-20,269,36,6,219.50,4,2,3,1,10,Silver
1954,2024-10-20,2025-08-13,297,12,6,254.20,4,4,3,1,12,Silver
1955,2024-10-05,2025-02-25,143,181,5,170.72,3,1,2,1,7,Bronze
1956,2024-12-15,2025-08-11,239,14,7,221.53,4,4,3,1,12,Silver
1957,2024-10-29,2025-08-23,298,2,6,441.78,4,5,3,1,13,Silver
1958,2024-10-20,2025-04-03,165,144,4,116.11,3,1,2,1,7,Bronze
1959,2024-10-17,2025-04-18,183,129,4,222.02,4,1,2,1,8,Bronze
1960,2025-01-25,2025-08-20,207,5,5,221.15,4,5,2,1,12,Silver
1961,2024-12-22,2024-12-22,0,246,1,2.88,1,1,1,1,4,Bronze
1962,2024-10-12,2025-08-19,311,6,5,327.93,4,4,2,1,11,Silver
1963,2024-10-08,2024-10-08,0,321,1,22.73,1,1,1,1,4,Bronze
1964,2025-02-02,2025-08-12,191,13,6,222.30,4,4,3,1,12,Silver
1965,2024-11-19,2025-05-29,191,88,4,174.05,4,1,2,1,8,Bronze
1966,2024-09-28,2025-05-25,239,92,3,105.65,4,1,2,1,8,Bronze
1967,2024-12-10,2025-08-01,234,24,3,87.39,4,3,2,1,10,Silver
1968,2024-09-02,2025-07-24,325,32,4,223.75,4,2,2,1,9,Bronze
1969,2024-09-09,2025-03-01,173,177,4,299.01,3,1,2,1,7,Bronze
1971,2025-01-20,2025-03-27,66,151,2,261.93,2,1,2,1,6,Bronze
1972,2025-02-15,2025-04-11,55,136,6,192.68,2,1,3,1,7,Bronze
1973,2025-08-15,2025-08-15,0,10,1,59.48,1,4,1,1,7,Bronze
1974,2024-09-19,2025-08-24,339,1,7,407.24,4,5,3,1,13,Silver
1975,2024-09-13,2025-08-20,341,5,9,375.23,4,5,3,1,13,Silver
1976,2024-09-29,2025-06-28,272,58,6,189.97,4,2,3,1,10,Silver
1977,2024-08-29,2025-08-03,339,22,4,331.09,4,3,2,1,10,Silver
1978,2025-06-12,2025-06-12,0,74,1,72.86,1,1,1,1,4,Bronze
1979,2025-03-15,2025-06-13,90,73,2,83.85,3,1,2,1,7,Bronze
1980,2024-11-23,2024-11-23,0,275,1,41.33,1,1,1,1,4,Bronze
1981,2024-11-21,2025-07-05,226,51,5,234.80,4,2,2,1,9,Bronze
1982,2024-09-16,2025-07-20,307,36,3,72.42,4,2,2,1,9,Bronze
1983,2024-11-30,2025-08-20,263,5,4,230.20,4,5,2,1,12,Silver
1984,2024-09-22,2025-02-20,151,186,6,302.76,3,1,3,1,8,Bronze
1985,2025-08-06,2025-08-18,12,7,2,103.94,1,4,2,1,8,Bronze
1986,2025-04-27,2025-04-27,0,120,1,61.33,1,1,1,1,4,Bronze
1987,2024-09-03,2025-07-17,317,39,5,200.91,4,2,2,1,9,Bronze
1988,2025-03-01,2025-03-01,0,177,1,14.05,1,1,1,1,4,Bronze
1989,2025-03-11,2025-06-24,105,62,2,50.61,3,1,2,1,7,Bronze
1990,2024-09-29,2024-11-22,54,276,3,70.50,2,1,2,1,6,Bronze
1991,2025-08-22,2025-08-22,0,3,1,128.00,1,5,1,1,8,Bronze
1992,2024-09-19,2024-09-19,0,340,1,42.83,1,1,1,1,4,Bronze
1993,2024-09-27,2025-06-10,256,76,8,208.46,4,1,3,1,9,Bronze
1994,2025-03-04,2025-06-15,103,71,3,151.96,3,1,2,1,7,Bronze
1995,2024-09-27,2024-11-26,60,272,3,218.26,2,1,2,1,6,Bronze
1996,2024-09-23,2025-01-09,108,228,2,99.94,3,1,2,1,7,Bronze
1997,2024-11-07,2024-11-07,0,291,1,65.86,1,1,1,1,4,Bronze
1998,2024-09-02,2025-08-16,348,9,5,303.19,4,4,2,1,11,Silver
1999,2024-09-09,2025-07-16,310,40,8,533.13,4,2,3,2,11,Silver
2000,2024-11-29,2024-11-29,0,269,1,72.92,1,1,1,1,4,Bronze
2001,2024-10-15,2025-03-26,162,152,3,174.13,3,1,2,1,7,Bronze
2002,2024-08-26,2025-06-10,288,76,4,342.03,4,1,2,1,8,Bronze
2003,2024-10-14,2025-03-27,164,151,2,171.77,3,1,2,1,7,Bronze
2004,2024-08-31,2025-07-15,318,41,7,321.69,4,2,3,1,10,Silver
2005,2024-08-29,2025-05-29,273,88,6,364.32,4,1,3,1,9,Bronze
2006,2024-10-12,2025-08-04,296,21,5,139.38,4,3,2,1,10,Silver
2007,2025-04-02,2025-04-02,0,145,1,45.41,1,1,1,1,4,Bronze
2009,2024-11-03,2025-08-03,273,22,5,109.03,4,3,2,1,10,Silver
2010,2024-11-18,2025-08-16,271,9,5,149.63,4,4,2,1,11,Silver
2011,2024-08-28,2025-06-07,283,79,6,253.68,4,1,3,1,9,Bronze
2012,2024-08-29,2025-05-04,248,113,7,414.41,4,1,3,1,9,Bronze
2013,2024-10-17,2025-03-08,142,170,5,202.57,3,1,2,1,7,Bronze
2014,2024-12-07,2025-06-02,177,84,3,293.08,3,1,2,1,7,Bronze
2015,2024-11-27,2025-07-21,236,35,7,300.20,4,2,3,1,10,Silver
2016,2025-01-05,2025-05-25,140,92,2,21.17,3,1,2,1,7,Bronze
2017,2024-08-30,2025-07-29,333,27,4,216.25,4,3,2,1,10,Silver
2018,2024-09-27,2025-07-30,306,26,4,68.66,4,3,2,1,10,Silver
2019,2024-11-05,2025-08-07,275,18,9,372.43,4,3,3,1,11,Silver
2020,2024-09-06,2025-07-15,312,41,4,181.34,4,2,2,1,9,Bronze
2021,2024-09-28,2025-08-11,317,14,4,109.65,4,4,2,1,11,Silver
2022,2024-12-14,2025-07-12,210,44,4,86.19,4,2,2,1,9,Bronze
2023,2024-10-27,2025-07-03,249,53,5,310.88,4,2,2,1,9,Bronze
2024,2024-11-04,2025-06-11,219,75,3,174.62,4,1,2,1,8,Bronze
2025,2024-10-24,2025-08-25,305,0,5,255.46,4,5,2,1,12,Silver
2026,2025-01-15,2025-06-24,160,62,4,348.67,3,1,2,1,7,Bronze
2027,2024-11-06,2025-06-08,214,78,4,155.23,4,1,2,1,8,Bronze
2028,2024-11-25,2025-07-12,229,44,6,244.30,4,2,3,1,10,Silver
2029,2024-10-11,2025-07-20,282,36,5,171.14,4,2,2,1,9,Bronze
2030,2024-10-09,2025-04-15,188,132,6,141.12,4,1,3,1,9,Bronze
2031,2024-12-01,2025-06-25,206,61,4,180.54,4,1,2,1,8,Bronze
2032,2024-09-12,2025-07-13,304,43,7,527.85,4,2,3,2,11,Silver
2033,2024-09-09,2025-06-10,274,76,4,250.30,4,1,2,1,8,Bronze
2034,2025-06-20,2025-06-20,0,66,1,19.03,1,1,1,1,4,Bronze
2035,2024-09-25,2025-02-13,141,193,3,145.21,3,1,2,1,7,Bronze
2036,2024-09-15,2025-04-13,210,134,5,157.46,4,1,2,1,8,Bronze
2037,2024-09-18,2025-06-07,262,79,6,237.35,4,1,3,1,9,Bronze
2038,2024-10-05,2025-07-26,294,30,4,56.53,4,3,2,1,10,Silver
2039,2025-02-11,2025-08-23,193,2,4,225.98,4,5,2,1,12,Silver
2040,2024-11-04,2024-11-04,0,294,1,59.90,1,1,1,1,4,Bronze
2041,2024-10-02,2025-05-09,219,108,4,134.30,4,1,2,1,8,Bronze
2042,2024-08-26,2025-07-27,335,29,7,317.90,4,3,3,1,11,Silver
2043,2024-09-30,2025-05-20,232,97,5,105.89,4,1,2,1,8,Bronze
2044,2024-10-19,2025-06-01,225,85,3,185.05,4,1,2,1,8,Bronze
2045,2024-09-04,2025-07-12,311,44,7,430.53,4,2,3,1,10,Silver
2046,2024-08-30,2025-06-26,300,60,6,316.90,4,2,3,1,10,Silver
2047,2025-02-13,2025-08-18,186,7,4,329.49,4,4,2,1,11,Silver
2048,2024-12-09,2025-01-15,37,222,2,145.23,2,1,2,1,6,Bronze
2049,2024-12-02,2025-07-10,220,46,5,200.20,4,2,2,1,9,Bronze
2050,2024-09-26,2025-08-03,311,22,6,163.37,4,3,3,1,11,Silver
2051,2024-11-12,2025-08-20,281,5,5,381.61,4,5,2,1,12,Silver
2052,2024-12-16,2025-05-11,146,106,6,164.15,3,1,3,1,8,Bronze
2053,2025-01-07,2025-08-18,223,7,5,336.46,4,4,2,1,11,Silver
2054,2024-10-31,2024-11-04,4,294,2,107.45,1,1,2,1,5,Bronze
2055,2024-08-28,2025-08-07,344,18,3,111.66,4,3,2,1,10,Silver
2056,2024-09-27,2025-05-02,217,115,3,91.41,4,1,2,1,8,Bronze
2057,2024-12-22,2025-03-08,76,170,3,134.09,2,1,2,1,6,Bronze
2058,2024-10-11,2025-01-14,95,223,3,300.52,3,1,2,1,7,Bronze
2059,2024-09-01,2025-07-24,326,32,9,312.81,4,2,3,1,10,Silver
2060,2024-11-23,2025-08-07,257,18,6,283.54,4,3,3,1,11,Silver
2061,2024-11-02,2025-08-09,280,16,7,277.39,4,3,3,1,11,Silver
2062,2024-12-22,2025-03-01,69,177,4,114.12,2,1,2,1,6,Bronze
2063,2024-10-12,2025-08-09,301,16,5,177.06,4,3,2,1,10,Silver
2064,2024-09-11,2025-05-08,239,109,4,117.34,4,1,2,1,8,Bronze
2065,2024-12-25,2025-07-22,209,34,2,18.11,4,2,2,1,9,Bronze
2066,2025-01-26,2025-07-29,184,27,6,165.30,4,3,3,1,11,Silver
2067,2024-10-23,2025-06-27,247,59,2,199.06,4,2,2,1,9,Bronze
2068,2024-10-07,2025-04-02,177,145,4,243.96,3,1,2,1,7,Bronze
2069,2024-09-26,2025-05-16,232,101,5,157.14,4,1,2,1,8,Bronze
2070,2024-11-24,2025-04-11,138,136,3,261.43,3,1,2,1,7,Bronze
2071,2025-05-25,2025-08-23,90,2,3,153.02,3,5,2,1,11,Silver
2072,2024-09-24,2025-08-05,315,20,5,217.92,4,3,2,1,10,Silver
2073,2024-12-15,2025-04-26,132,121,2,112.52,3,1,2,1,7,Bronze
2074,2025-01-05,2025-01-05,0,232,1,44.76,1,1,1,1,4,Bronze
2075,2025-01-14,2025-08-10,208,15,5,339.42,4,4,2,1,11,Silver
2076,2024-10-18,2025-03-27,160,151,4,191.28,3,1,2,1,7,Bronze
2077,2025-06-18,2025-06-18,0,68,1,21.48,1,1,1,1,4,Bronze
2078,2025-04-12,2025-05-27,45,90,2,162.83,2,1,2,1,6,Bronze
2079,2024-09-22,2025-05-29,249,88,3,250.94,4,1,2,1,8,Bronze
2080,2024-09-13,2025-07-03,293,53,4,281.93,4,2,2,1,9,Bronze
2081,2024-12-30,2025-08-08,221,17,3,76.67,4,3,2,1,10,Silver
2082,2024-09-28,2025-08-03,309,22,8,235.88,4,3,3,1,11,Silver
2083,2024-11-30,2025-04-02,123,145,3,120.50,3,1,2,1,7,Bronze
2084,2024-11-22,2025-06-17,207,69,3,192.29,4,1,2,1,8,Bronze
2085,2024-10-06,2025-07-22,289,34,8,238.23,4,2,3,1,10,Silver
2086,2024-11-19,2025-08-17,271,8,4,257.72,4,4,2,1,11,Silver
2087,2024-12-19,2025-08-19,243,6,5,261.80,4,4,2,1,11,Silver
2088,2024-09-17,2025-06-19,275,67,6,276.10,4,1,3,1,9,Bronze
2089,2025-02-12,2025-08-03,172,22,6,281.68,3,3,3,1,10,Silver
2090,2024-11-16,2025-08-18,275,7,5,264.85,4,4,2,1,11,Silver
2091,2024-11-09,2025-03-23,134,155,4,354.92,3,1,2,1,7,Bronze
2092,2024-12-08,2025-04-11,124,136,3,71.33,3,1,2,1,7,Bronze
2093,2025-02-24,2025-05-24,89,93,3,57.12,2,1,2,1,6,Bronze
2094,2024-10-30,2025-05-10,192,107,3,100.70,4,1,2,1,8,Bronze
2095,2025-03-17,2025-03-17,0,161,1,105.31,1,1,1,1,4,Bronze
2096,2024-09-08,2024-11-03,56,295,2,95.96,2,1,2,1,6,Bronze
2097,2024-12-15,2025-01-18,34,219,2,18.01,2,1,2,1,6,Bronze
2098,2024-11-25,2025-04-11,137,136,3,110.89,3,1,2,1,7,Bronze
2099,2024-09-13,2025-07-17,307,39,7,272.61,4,2,3,1,10,Silver
2100,2024-11-14,2025-06-20,218,66,3,134.11,4,1,2,1,8,Bronze
2101,2024-10-16,2024-10-16,0,313,1,2.78,1,1,1,1,4,Bronze
2102,2025-02-05,2025-06-14,129,72,3,298.84,3,1,2,1,7,Bronze
2103,2024-10-07,2025-08-20,317,5,5,458.91,4,5,2,1,12,Silver
2104,2024-10-12,2025-04-02,172,145,4,227.86,3,1,2,1,7,Bronze
2105,2024-09-06,2024-12-23,108,245,2,119.90,3,1,2,1,7,Bronze
2106,2024-10-20,2025-08-11,295,14,8,693.83,4,4,3,2,13,Silver
2107,2024-09-21,2024-12-31,101,237,2,80.54,3,1,2,1,7,Bronze
2108,2024-10-01,2025-07-15,287,41,3,197.81,4,2,2,1,9,Bronze
2109,2024-09-28,2025-08-19,325,6,5,524.61,4,4,2,2,12,Silver
2110,2025-03-14,2025-07-12,120,44,2,122.29,3,2,2,1,8,Bronze
2111,2024-09-23,2025-08-05,316,20,11,491.68,4,3,4,1,12,Silver
2112,2024-10-20,2025-08-08,292,17,4,354.48,4,3,2,1,10,Silver
2113,2024-09-07,2025-08-16,343,9,5,316.14,4,4,2,1,11,Silver
2114,2024-11-08,2025-05-05,178,112,2,145.75,3,1,2,1,7,Bronze
2115,2024-09-02,2024-12-22,111,246,3,257.09,3,1,2,1,7,Bronze
2116,2024-09-02,2025-05-07,247,110,5,170.87,4,1,2,1,8,Bronze
2117,2024-10-10,2025-07-07,270,49,6,326.44,4,2,3,1,10,Silver
2118,2024-11-21,2025-08-21,273,4,3,104.00,4,5,2,1,12,Silver
2119,2024-11-07,2025-08-09,275,16,8,475.47,4,3,3,1,11,Silver
2120,2024-12-27,2025-08-25,241,0,4,187.56,4,5,2,1,12,Silver
2121,2025-01-01,2025-07-22,202,34,8,499.59,4,2,3,1,10,Silver
2122,2024-09-29,2025-06-11,255,75,3,152.22,4,1,2,1,8,Bronze
2123,2024-11-04,2025-03-12,128,166,4,127.99,3,1,2,1,7,Bronze
2124,2024-11-30,2025-03-11,101,167,2,17.48,3,1,2,1,7,Bronze
2125,2024-09-07,2025-07-29,325,27,4,114.92,4,3,2,1,10,Silver
2127,2024-11-15,2025-06-25,222,61,6,275.89,4,1,3,1,9,Bronze
2128,2024-09-12,2025-08-18,340,7,7,235.31,4,4,3,1,12,Silver
2129,2024-10-08,2025-05-07,211,110,5,234.06,4,1,2,1,8,Bronze
2130,2024-11-11,2025-08-23,285,2,5,249.37,4,5,2,1,12,Silver
2131,2024-10-14,2024-10-14,0,315,1,3.58,1,1,1,1,4,Bronze
2132,2024-10-21,2024-12-30,70,238,2,160.10,2,1,2,1,6,Bronze
2133,2024-11-14,2025-06-10,208,76,3,163.03,4,1,2,1,8,Bronze
2134,2024-10-08,2025-08-21,317,4,7,387.54,4,5,3,1,13,Silver
2135,2024-10-01,2025-08-09,312,16,5,134.60,4,3,2,1,10,Silver
2136,2024-08-26,2025-04-02,219,145,2,152.80,4,1,2,1,8,Bronze
2137,2024-09-23,2024-10-09,16,320,2,14.00,1,1,2,1,5,Bronze
2138,2024-10-09,2025-06-03,237,83,4,190.67,4,1,2,1,8,Bronze
2139,2024-10-01,2025-04-27,208,120,6,311.52,4,1,3,1,9,Bronze
2140,2024-09-20,2025-02-12,145,194,3,261.52,3,1,2,1,7,Bronze
2141,2024-11-19,2025-08-11,265,14,5,242.79,4,4,2,1,11,Silver
2142,2024-10-10,2025-07-30,293,26,9,373.28,4,3,3,1,11,Silver
2143,2025-02-10,2025-07-23,163,33,4,111.17,3,2,2,1,8,Bronze
2144,2024-09-26,2025-04-28,214,119,5,267.06,4,1,2,1,8,Bronze
2145,2024-12-08,2025-07-22,226,34,5,186.17,4,2,2,1,9,Bronze
2146,2024-10-14,2025-08-25,315,0,4,305.01,4,5,2,1,12,Silver
2147,2024-09-18,2025-05-10,234,107,6,229.82,4,1,3,1,9,Bronze
2148,2024-09-19,2025-08-20,335,5,6,368.54,4,5,3,1,13,Silver
2149,2024-12-03,2025-04-03,121,144,3,146.86,3,1,2,1,7,Bronze
2150,2024-11-18,2025-05-30,193,87,6,353.90,4,1,3,1,9,Bronze
2151,2024-10-13,2025-01-08,87,229,2,109.18,2,1,2,1,6,Bronze
2152,2025-02-16,2025-07-28,162,28,8,316.11,3,3,3,1,10,Silver
2153,2024-10-31,2025-05-05,186,112,4,184.08,4,1,2,1,8,Bronze
2154,2024-08-27,2025-05-14,260,103,4,121.57,4,1,2,1,8,Bronze
2155,2024-11-07,2025-01-27,81,210,2,207.43,2,1,2,1,6,Bronze
2156,2024-11-25,2025-05-16,172,101,2,91.17,3,1,2,1,7,Bronze
2157,2025-02-15,2025-04-17,61,130,3,175.44,2,1,2,1,6,Bronze
2158,2024-10-25,2025-04-05,162,142,3,182.52,3,1,2,1,7,Bronze
2159,2024-09-18,2025-06-09,264,77,5,373.82,4,1,2,1,8,Bronze
2160,2024-08-28,2025-02-06,162,200,3,160.53,3,1,2,1,7,Bronze
2161,2025-03-29,2025-03-29,0,149,1,69.35,1,1,1,1,4,Bronze
2162,2024-10-09,2025-06-26,260,60,4,196.73,4,2,2,1,9,Bronze
2163,2024-10-05,2025-03-25,171,153,2,67.48,3,1,2,1,7,Bronze
2164,2024-09-27,2025-06-30,276,56,3,92.12,4,2,2,1,9,Bronze
2165,2024-10-31,2025-05-03,184,114,4,240.35,4,1,2,1,8,Bronze
2166,2024-11-27,2025-08-09,255,16,6,268.16,4,3,3,1,11,Silver
2167,2024-09-11,2025-04-07,208,140,5,248.91,4,1,2,1,8,Bronze
2168,2025-01-01,2025-07-28,208,28,4,139.27,4,3,2,1,10,Silver
2169,2024-08-28,2025-08-14,351,11,4,363.72,4,4,2,1,11,Silver
2170,2025-02-09,2025-08-25,197,0,7,457.29,4,5,3,1,13,Silver
2171,2024-11-12,2025-07-07,237,49,4,171.32,4,2,2,1,9,Bronze
2172,2024-09-17,2025-07-31,317,25,2,73.30,4,3,2,1,10,Silver
2173,2024-12-12,2025-07-30,230,26,2,13.37,4,3,2,1,10,Silver
2174,2024-09-22,2025-08-19,331,6,8,339.71,4,4,3,1,12,Silver
2175,2024-10-13,2025-03-19,157,159,3,175.78,3,1,2,1,7,Bronze
2176,2024-09-12,2025-07-09,300,47,5,429.96,4,2,2,1,9,Bronze
2177,2024-09-25,2025-08-03,312,22,6,197.79,4,3,3,1,11,Silver
2178,2024-09-26,2025-06-20,267,66,3,210.57,4,1,2,1,8,Bronze
2179,2024-10-02,2025-06-18,259,68,6,397.38,4,1,3,1,9,Bronze
2180,2025-01-06,2025-05-28,142,89,2,127.69,3,1,2,1,7,Bronze
2181,2024-11-21,2025-04-25,155,122,3,115.27,3,1,2,1,7,Bronze
2182,2024-10-07,2024-10-07,0,322,1,3.48,1,1,1,1,4,Bronze
2183,2024-09-01,2025-06-15,287,71,4,307.34,4,1,2,1,8,Bronze
2184,2025-05-01,2025-07-09,69,47,3,147.82,2,2,2,1,7,Bronze
2185,2025-06-14,2025-06-14,0,72,1,27.20,1,1,1,1,4,Bronze
2186,2025-01-17,2025-06-12,146,74,5,179.20,3,1,2,1,7,Bronze
2187,2024-11-02,2025-08-06,277,19,10,593.34,4,3,4,2,13,Silver
2188,2024-09-01,2025-08-20,353,5,6,210.61,4,5,3,1,13,Silver
2189,2025-02-28,2025-08-16,169,9,3,224.07,3,4,2,1,10,Silver
2190,2024-09-15,2025-08-22,341,3,8,367.47,4,5,3,1,13,Silver
2191,2024-11-26,2025-06-22,208,64,2,89.11,4,1,2,1,8,Bronze
2192,2024-10-05,2025-06-21,259,65,4,207.17,4,1,2,1,8,Bronze
2193,2024-09-07,2024-10-10,33,319,2,38.33,2,1,2,1,6,Bronze
2194,2025-05-26,2025-08-15,81,10,2,166.98,2,4,2,1,9,Bronze
2195,2024-09-11,2025-07-27,319,29,4,180.27,4,3,2,1,10,Silver
2196,2024-10-13,2025-08-04,295,21,6,137.85,4,3,3,1,11,Silver
2197,2025-01-28,2025-05-12,104,105,3,108.86,3,1,2,1,7,Bronze
2198,2024-09-11,2025-07-17,309,39,6,150.68,4,2,3,1,10,Silver
2199,2024-08-28,2025-05-27,272,90,3,222.52,4,1,2,1,8,Bronze
2200,2024-09-01,2025-06-15,287,71,4,381.47,4,1,2,1,8,Bronze
2201,2024-10-25,2025-07-11,259,45,6,336.40,4,2,3,1,10,Silver
2202,2024-12-20,2025-06-03,165,83,5,247.28,3,1,2,1,7,Bronze
2203,2024-09-06,2025-06-16,283,70,4,179.73,4,1,2,1,8,Bronze
2204,2024-11-21,2025-06-18,209,68,3,166.90,4,1,2,1,8,Bronze
2205,2024-11-07,2025-03-31,144,147,4,139.79,3,1,2,1,7,Bronze
2206,2025-01-14,2025-06-02,139,84,2,108.16,3,1,2,1,7,Bronze
2207,2024-09-06,2025-01-21,137,216,3,162.29,3,1,2,1,7,Bronze
2208,2024-12-06,2025-07-27,233,29,4,165.27,4,3,2,1,10,Silver
2209,2025-01-29,2025-05-15,106,102,2,18.47,3,1,2,1,7,Bronze
2210,2024-12-23,2025-08-23,243,2,7,306.18,4,5,3,1,13,Silver
2211,2025-01-02,2025-06-29,178,57,4,128.85,3,2,2,1,8,Bronze
2212,2024-09-05,2025-07-06,304,50,2,71.90,4,2,2,1,9,Bronze
2213,2024-10-14,2025-08-18,308,7,3,156.98,4,4,2,1,11,Silver
2214,2024-10-13,2024-10-13,0,316,1,0.88,1,1,1,1,4,Bronze
2215,2024-10-11,2025-04-18,189,129,4,194.02,4,1,2,1,8,Bronze
2216,2024-10-31,2025-08-15,288,10,5,284.22,4,4,2,1,11,Silver
2217,2025-02-07,2025-02-07,0,199,1,48.44,1,1,1,1,4,Bronze
2218,2024-10-30,2025-03-19,140,159,3,200.31,3,1,2,1,7,Bronze
2219,2024-09-17,2025-08-10,327,15,5,255.00,4,4,2,1,11,Silver
2220,2024-11-27,2025-08-01,247,24,8,214.98,4,3,3,1,11,Silver
2221,2024-09-07,2025-08-24,351,1,7,283.19,4,5,3,1,13,Silver
2222,2024-08-30,2025-06-01,275,85,5,240.21,4,1,2,1,8,Bronze
2223,2024-10-31,2025-07-06,248,50,4,242.95,4,2,2,1,9,Bronze
2224,2024-09-22,2025-07-31,312,25,6,126.32,4,3,3,1,11,Silver
2225,2025-01-06,2025-08-21,227,4,3,279.06,4,5,2,1,12,Silver
2226,2025-02-19,2025-08-16,178,9,3,115.17,3,4,2,1,10,Silver
2227,2024-11-21,2025-06-02,193,84,5,354.46,4,1,2,1,8,Bronze
2228,2024-10-24,2025-08-08,288,17,4,188.70,4,3,2,1,10,Silver
2229,2024-09-07,2025-08-25,352,0,10,446.99,4,5,4,1,14,Silver
2230,2024-10-10,2025-07-30,293,26,5,302.98,4,3,2,1,10,Silver
2231,2024-10-10,2025-07-11,274,45,7,308.20,4,2,3,1,10,Silver
2232,2024-10-22,2025-05-09,199,108,3,118.25,4,1,2,1,8,Bronze
2233,2025-01-03,2025-07-14,192,42,6,302.03,4,2,3,1,10,Silver
2234,2025-06-08,2025-06-08,0,78,1,135.47,1,1,1,1,4,Bronze
2235,2024-12-12,2025-06-10,180,76,4,66.76,4,1,2,1,8,Bronze
2236,2024-09-17,2025-06-19,275,67,4,170.99,4,1,2,1,8,Bronze
2237,2024-11-15,2025-05-31,197,86,4,313.74,4,1,2,1,8,Bronze
2238,2025-01-06,2025-06-22,167,64,2,206.76,3,1,2,1,7,Bronze
2239,2024-09-16,2025-08-13,331,12,4,266.91,4,4,2,1,11,Silver
2240,2025-01-19,2025-03-22,62,156,2,125.40,2,1,2,1,6,Bronze
2241,2024-09-05,2025-06-14,282,72,4,289.61,4,1,2,1,8,Bronze
2242,2024-08-30,2025-08-13,348,12,4,324.74,4,4,2,1,11,Silver
2243,2025-04-18,2025-04-18,0,129,1,74.45,1,1,1,1,4,Bronze
2245,2024-09-03,2025-07-11,311,45,4,165.45,4,2,2,1,9,Bronze
2246,2024-10-23,2025-01-10,79,227,2,193.02,2,1,2,1,6,Bronze
2247,2024-11-09,2025-05-15,187,102,4,109.77,4,1,2,1,8,Bronze
2248,2024-10-04,2025-08-03,303,22,7,186.23,4,3,3,1,11,Silver
2249,2025-01-29,2025-01-29,0,208,1,23.09,1,1,1,1,4,Bronze
2250,2024-11-18,2025-04-05,138,142,2,104.32,3,1,2,1,7,Bronze
2251,2024-09-28,2025-08-25,331,0,6,409.40,4,5,3,1,13,Silver
2252,2024-09-23,2025-08-18,329,7,6,196.68,4,4,3,1,12,Silver
2253,2024-09-02,2025-03-11,190,167,3,292.48,4,1,2,1,8,Bronze
2254,2024-09-19,2025-08-02,317,23,3,99.17,4,3,2,1,10,Silver
2255,2024-09-22,2025-07-01,282,55,5,350.43,4,2,2,1,9,Bronze
2256,2024-09-09,2025-05-29,262,88,4,242.95,4,1,2,1,8,Bronze
2257,2024-09-29,2025-07-14,288,42,4,132.27,4,2,2,1,9,Bronze
2258,2025-01-20,2025-07-07,168,49,2,132.48,3,2,2,1,8,Bronze
2259,2024-09-29,2025-07-30,304,26,6,347.17,4,3,3,1,11,Silver
2260,2024-10-11,2025-07-28,290,28,5,257.60,4,3,2,1,10,Silver
2261,2025-04-21,2025-04-21,0,126,1,14.78,1,1,1,1,4,Bronze
2262,2024-11-04,2025-05-25,202,92,6,399.35,4,1,3,1,9,Bronze
2263,2024-09-09,2025-08-12,337,13,5,215.66,4,4,2,1,11,Silver
2264,2025-02-04,2025-08-22,199,3,6,407.90,4,5,3,1,13,Silver
2265,2024-10-03,2025-03-09,157,169,4,252.85,3,1,2,1,7,Bronze
2266,2025-03-11,2025-03-26,15,152,2,220.12,1,1,2,1,5,Bronze
2267,2025-04-14,2025-04-14,0,133,1,67.26,1,1,1,1,4,Bronze
2268,2024-09-17,2025-02-24,160,182,5,205.33,3,1,2,1,7,Bronze
2269,2024-11-23,2025-08-16,266,9,6,277.64,4,4,3,1,12,Silver
2270,2024-10-07,2025-02-10,126,196,5,225.99,3,1,2,1,7,Bronze
2271,2024-11-16,2025-04-20,155,127,2,89.79,3,1,2,1,7,Bronze
2272,2025-06-02,2025-06-02,0,84,1,114.17,1,1,1,1,4,Bronze
2273,2024-11-15,2025-03-27,132,151,4,297.80,3,1,2,1,7,Bronze
2274,2024-09-28,2025-06-21,266,65,5,216.36,4,1,2,1,8,Bronze
2275,2024-12-12,2025-07-11,211,45,4,118.84,4,2,2,1,9,Bronze
2276,2024-09-05,2025-07-22,320,34,5,334.75,4,2,2,1,9,Bronze
2277,2024-11-09,2025-08-18,282,7,3,107.64,4,4,2,1,11,Silver
2278,2024-12-22,2025-07-19,209,37,3,31.90,4,2,2,1,9,Bronze
2279,2024-10-23,2025-04-24,183,123,3,117.51,4,1,2,1,8,Bronze
2280,2025-01-25,2025-08-13,200,12,5,135.88,4,4,2,1,11,Silver
2281,2024-10-28,2025-04-02,156,145,6,364.29,3,1,3,1,8,Bronze
2282,2024-08-30,2025-05-30,273,87,5,199.97,4,1,2,1,8,Bronze
2283,2024-09-11,2025-07-10,302,46,3,161.09,4,2,2,1,9,Bronze
2284,2025-01-15,2025-06-29,165,57,4,119.85,3,2,2,1,8,Bronze
2286,2024-10-07,2025-06-29,265,57,6,229.42,4,2,3,1,10,Silver
2287,2024-11-07,2025-06-29,234,57,3,130.29,4,2,2,1,9,Bronze
2288,2024-10-31,2025-08-10,283,15,7,541.42,4,4,3,2,13,Silver
2289,2024-11-16,2025-03-28,132,150,3,195.86,3,1,2,1,7,Bronze
2290,2025-02-01,2025-04-28,86,119,2,76.78,2,1,2,1,6,Bronze
2291,2024-09-14,2025-08-14,334,11,8,391.01,4,4,3,1,12,Silver
2292,2024-10-19,2025-06-05,229,81,5,303.46,4,1,2,1,8,Bronze
2293,2024-09-15,2025-08-09,328,16,5,333.36,4,3,2,1,10,Silver
2294,2024-09-04,2025-07-28,327,28,4,262.37,4,3,2,1,10,Silver
2295,2024-09-30,2025-04-01,183,146,6,441.42,4,1,3,1,9,Bronze
2296,2025-08-23,2025-08-23,0,2,1,95.24,1,5,1,1,8,Bronze
2297,2024-09-15,2025-04-08,205,139,5,204.40,4,1,2,1,8,Bronze
2298,2024-08-30,2024-10-09,40,320,3,27.80,2,1,2,1,6,Bronze
2299,2024-09-10,2025-06-17,280,69,4,157.39,4,1,2,1,8,Bronze
2300,2024-12-24,2024-12-24,0,244,1,37.63,1,1,1,1,4,Bronze
2301,2024-09-03,2025-05-15,254,102,5,114.71,4,1,2,1,8,Bronze
2302,2024-10-08,2025-07-09,274,47,7,381.08,4,2,3,1,10,Silver
2303,2024-09-30,2025-08-04,308,21,7,241.77,4,3,3,1,11,Silver
2304,2024-08-30,2024-09-16,17,343,2,40.41,1,1,2,1,5,Bronze
2305,2025-05-19,2025-05-22,3,95,3,387.25,1,1,2,1,5,Bronze
2306,2024-11-18,2025-06-08,202,78,2,119.36,4,1,2,1,8,Bronze
2307,2024-08-28,2024-12-29,123,239,4,210.89,3,1,2,1,7,Bronze
2308,2024-09-28,2025-06-07,252,79,7,200.53,4,1,3,1,9,Bronze
2309,2024-09-21,2025-08-22,335,3,6,313.55,4,5,3,1,13,Silver
2310,2024-10-01,2025-08-24,327,1,6,284.63,4,5,3,1,13,Silver
2311,2024-11-09,2025-07-05,238,51,5,227.67,4,2,2,1,9,Bronze
2312,2024-11-03,2025-07-19,258,37,7,380.23,4,2,3,1,10,Silver
2313,2024-12-19,2025-08-15,239,10,3,86.90,4,4,2,1,11,Silver
2314,2024-12-22,2025-04-23,122,124,2,57.44,3,1,2,1,7,Bronze
2315,2024-10-26,2025-04-13,169,134,3,196.62,3,1,2,1,7,Bronze
2316,2024-10-16,2025-05-10,206,107,3,138.52,4,1,2,1,8,Bronze
2317,2025-04-20,2025-07-15,86,41,4,196.96,2,2,2,1,7,Bronze
2318,2024-09-26,2025-04-09,195,138,3,170.98,4,1,2,1,8,Bronze
2319,2024-09-01,2025-06-07,279,79,5,241.17,4,1,2,1,8,Bronze
2320,2024-10-14,2025-08-02,292,23,7,610.69,4,3,3,2,12,Silver
2321,2024-10-01,2025-07-17,289,39,5,218.41,4,2,2,1,9,Bronze
2322,2024-09-12,2025-07-13,304,43,4,180.43,4,2,2,1,9,Bronze
2323,2025-01-15,2025-08-24,221,1,8,376.07,4,5,3,1,13,Silver
2324,2024-09-13,2025-08-17,338,8,6,220.53,4,4,3,1,12,Silver
2325,2024-12-10,2025-02-19,71,187,3,139.74,2,1,2,1,6,Bronze
2326,2024-10-18,2025-07-13,268,43,3,95.02,4,2,2,1,9,Bronze
2327,2024-11-26,2025-07-24,240,32,4,113.22,4,2,2,1,9,Bronze
2328,2024-09-16,2025-06-11,268,75,5,254.16,4,1,2,1,8,Bronze
2329,2024-09-20,2024-11-18,59,280,4,149.91,2,1,2,1,6,Bronze
2330,2025-02-02,2025-04-09,66,138,2,114.08,2,1,2,1,6,Bronze
2331,2024-12-25,2025-06-10,167,76,3,229.12,3,1,2,1,7,Bronze
2332,2024-11-30,2025-06-16,198,70,8,524.20,4,1,3,2,10,Silver
2333,2024-11-24,2025-07-11,229,45,3,46.32,4,2,2,1,9,Bronze
2334,2024-10-09,2024-10-09,0,320,1,133.49,1,1,1,1,4,Bronze
2335,2024-10-12,2025-08-03,295,22,6,344.16,4,3,3,1,11,Silver
2336,2025-01-04,2025-01-04,0,233,1,140.52,1,1,1,1,4,Bronze
2337,2024-09-23,2025-08-18,329,7,8,662.78,4,4,3,2,13,Silver
2338,2024-11-18,2025-02-04,78,202,2,69.35,2,1,2,1,6,Bronze
2339,2024-10-09,2025-06-28,262,58,7,500.51,4,2,3,2,11,Silver
2340,2025-03-14,2025-08-12,151,13,5,127.94,3,4,2,1,10,Silver
2341,2024-08-27,2025-04-11,227,136,3,109.63,4,1,2,1,8,Bronze
2342,2025-01-19,2025-08-23,216,2,2,201.09,4,5,2,1,12,Silver
2343,2024-10-09,2025-02-28,142,178,4,176.81,3,1,2,1,7,Bronze
2344,2025-02-27,2025-05-25,87,92,2,78.75,2,1,2,1,6,Bronze
2345,2025-01-31,2025-08-08,189,17,6,420.21,4,3,3,1,11,Silver
2346,2024-10-14,2024-10-14,0,315,1,11.00,1,1,1,1,4,Bronze
2347,2025-05-12,2025-08-21,101,4,6,384.18,3,5,3,1,12,Silver
2348,2025-03-16,2025-08-15,152,10,3,185.51,3,4,2,1,10,Silver
2349,2025-02-05,2025-08-09,185,16,5,310.32,4,3,2,1,10,Silver
2350,2024-08-30,2024-10-09,40,320,2,174.38,2,1,2,1,6,Bronze
2351,2025-03-20,2025-07-09,111,47,4,179.69,3,2,2,1,8,Bronze
2352,2024-10-05,2025-08-25,324,0,5,145.07,4,5,2,1,12,Silver
2353,2024-09-25,2025-03-07,163,171,3,228.24,3,1,2,1,7,Bronze
2354,2024-09-11,2025-08-02,325,23,9,339.72,4,3,3,1,11,Silver
2355,2024-10-22,2025-07-09,260,47,3,98.85,4,2,2,1,9,Bronze
2356,2025-01-15,2025-02-02,18,204,2,134.58,1,1,2,1,5,Bronze
2357,2024-11-05,2025-08-21,289,4,3,158.82,4,5,2,1,12,Silver
2358,2024-10-25,2025-07-14,262,42,4,214.76,4,2,2,1,9,Bronze
2359,2024-09-09,2025-04-11,214,136,6,386.82,4,1,3,1,9,Bronze
2360,2025-01-03,2025-07-24,202,32,6,327.24,4,2,3,1,10,Silver
2361,2024-09-03,2025-01-07,126,230,4,139.38,3,1,2,1,7,Bronze
2362,2024-09-19,2025-08-13,328,12,7,351.62,4,4,3,1,12,Silver
2363,2025-06-03,2025-06-03,0,83,1,11.27,1,1,1,1,4,Bronze
2364,2024-11-10,2025-07-27,259,29,4,192.26,4,3,2,1,10,Silver
2365,2024-09-23,2025-08-19,330,6,6,254.26,4,4,3,1,12,Silver
2366,2024-09-04,2025-05-17,255,100,6,186.66,4,1,3,1,9,Bronze
2367,2024-10-12,2024-10-20,8,309,2,244.08,1,1,2,1,5,Bronze
2368,2024-10-19,2025-08-15,300,10,2,138.31,4,4,2,1,11,Silver
2369,2024-09-19,2025-08-24,339,1,4,41.73,4,5,2,1,12,Silver
2370,2024-08-26,2025-07-20,328,36,6,159.98,4,2,3,1,10,Silver
2371,2024-09-22,2025-02-25,156,181,3,54.37,3,1,2,1,7,Bronze
2372,2025-04-02,2025-08-01,121,24,4,163.99,3,3,2,1,9,Bronze
2373,2024-10-16,2025-07-05,262,51,3,108.89,4,2,2,1,9,Bronze
2374,2024-09-02,2025-05-20,260,97,4,322.70,4,1,2,1,8,Bronze
2375,2024-08-29,2025-08-23,359,2,9,383.25,4,5,3,1,13,Silver
2376,2024-09-04,2025-08-20,350,5,7,310.02,4,5,3,1,13,Silver
2377,2024-10-15,2025-05-07,204,110,6,108.40,4,1,3,1,9,Bronze
2378,2024-11-18,2025-08-20,275,5,4,287.11,4,5,2,1,12,Silver
2379,2025-01-29,2025-05-23,114,94,3,144.79,3,1,2,1,7,Bronze
2380,2024-09-25,2025-02-05,133,201,4,202.20,3,1,2,1,7,Bronze
2381,2024-09-26,2025-08-08,316,17,4,158.72,4,3,2,1,10,Silver
2382,2024-10-21,2025-08-24,307,1,5,330.77,4,5,2,1,12,Silver
2383,2024-09-21,2025-04-30,221,117,3,35.79,4,1,2,1,8,Bronze
2384,2024-09-26,2025-08-04,312,21,7,393.33,4,3,3,1,11,Silver
2385,2024-12-17,2025-04-20,124,127,4,77.09,3,1,2,1,7,Bronze
2386,2024-09-25,2025-07-04,282,52,9,432.13,4,2,3,1,10,Silver
2387,2024-10-17,2024-10-17,0,312,1,60.94,1,1,1,1,4,Bronze
2388,2025-03-06,2025-08-16,163,9,3,263.36,3,4,2,1,10,Silver
2389,2024-09-24,2025-08-04,314,21,3,244.33,4,3,2,1,10,Silver
2390,2025-01-22,2025-05-30,128,87,4,157.57,3,1,2,1,7,Bronze
2391,2024-09-04,2025-07-05,304,51,4,270.25,4,2,2,1,9,Bronze
2392,2025-02-23,2025-07-20,147,36,5,104.18,3,2,2,1,8,Bronze
2393,2024-10-17,2025-07-17,273,39,7,225.24,4,2,3,1,10,Silver
2394,2024-08-30,2025-06-16,290,70,6,283.32,4,1,3,1,9,Bronze
2395,2024-09-03,2025-08-22,353,3,10,609.75,4,5,4,2,15,Gold
2396,2024-09-26,2025-07-13,290,43,2,21.45,4,2,2,1,9,Bronze
2397,2024-09-02,2025-06-30,301,56,5,284.88,4,2,2,1,9,Bronze
2398,2024-11-28,2025-05-08,161,109,4,186.20,3,1,2,1,7,Bronze
2399,2024-09-10,2025-03-12,183,166,6,219.62,4,1,3,1,9,Bronze
2400,2024-09-18,2025-07-25,310,31,3,141.05,4,2,2,1,9,Bronze
2401,2025-01-13,2025-01-13,0,224,1,81.42,1,1,1,1,4,Bronze
2402,2025-03-19,2025-05-19,61,98,2,135.76,2,1,2,1,6,Bronze
2403,2024-09-06,2025-08-11,339,14,8,460.10,4,4,3,1,12,Silver
2404,2024-11-09,2025-07-04,237,52,5,239.85,4,2,2,1,9,Bronze
2405,2025-03-09,2025-03-09,0,169,1,165.75,1,1,1,1,4,Bronze
2406,2024-11-04,2025-07-16,254,40,5,124.68,4,2,2,1,9,Bronze
2407,2024-11-06,2025-07-11,247,45,8,521.99,4,2,3,2,11,Silver
2408,2025-02-07,2025-05-05,87,112,2,21.24,2,1,2,1,6,Bronze
2409,2024-09-22,2025-07-23,304,33,5,193.29,4,2,2,1,9,Bronze
2410,2025-01-08,2025-06-04,147,82,6,333.04,3,1,3,1,8,Bronze
2411,2025-07-08,2025-07-08,0,48,1,13.85,1,2,1,1,5,Bronze
2412,2025-02-10,2025-06-30,140,56,6,327.53,3,2,3,1,9,Bronze
2413,2024-10-16,2024-12-27,72,241,3,245.79,2,1,2,1,6,Bronze
2414,2024-10-12,2025-06-14,245,72,5,245.93,4,1,2,1,8,Bronze
2415,2024-10-07,2025-07-15,281,41,7,526.75,4,2,3,2,11,Silver
2416,2025-02-24,2025-02-26,2,180,2,4.39,1,1,2,1,5,Bronze
2417,2024-11-05,2025-08-25,293,0,5,238.24,4,5,2,1,12,Silver
2418,2024-12-14,2025-08-22,251,3,5,290.71,4,5,2,1,12,Silver
2419,2025-02-14,2025-08-06,173,19,4,163.50,3,3,2,1,9,Bronze
2420,2024-09-20,2025-07-29,312,27,6,359.40,4,3,3,1,11,Silver
2421,2024-12-02,2025-07-23,233,33,3,55.83,4,2,2,1,9,Bronze
2422,2024-12-18,2025-06-08,172,78,4,168.79,3,1,2,1,7,Bronze
2423,2025-05-20,2025-08-14,86,11,4,257.53,2,4,2,1,9,Bronze
2424,2024-10-11,2025-07-01,263,55,5,240.28,4,2,2,1,9,Bronze
2425,2025-02-15,2025-07-02,137,54,3,121.48,3,2,2,1,8,Bronze
2426,2024-10-11,2024-12-07,57,261,3,73.50,2,1,2,1,6,Bronze
2427,2024-09-12,2025-08-23,345,2,10,373.12,4,5,4,1,14,Silver
2428,2024-09-22,2025-08-16,328,9,5,403.66,4,4,2,1,11,Silver
2429,2024-10-05,2025-02-24,142,182,5,324.31,3,1,2,1,7,Bronze
2430,2025-01-10,2025-01-16,6,221,2,176.46,1,1,2,1,5,Bronze
2431,2024-08-26,2025-06-04,282,82,3,87.37,4,1,2,1,8,Bronze
2432,2025-02-16,2025-08-04,169,21,4,222.54,3,3,2,1,9,Bronze
2433,2024-09-02,2025-08-05,337,20,7,325.96,4,3,3,1,11,Silver
2434,2024-11-08,2025-07-26,260,30,4,232.55,4,3,2,1,10,Silver
2435,2025-03-25,2025-05-30,66,87,2,24.40,2,1,2,1,6,Bronze
2436,2025-05-10,2025-06-15,36,71,3,185.18,2,1,2,1,6,Bronze
2437,2024-11-22,2025-03-19,117,159,5,260.91,3,1,2,1,7,Bronze
2438,2025-02-01,2025-08-17,197,8,4,260.03,4,4,2,1,11,Silver
2439,2025-04-26,2025-07-10,75,46,3,69.98,2,2,2,1,7,Bronze
2440,2024-10-10,2025-01-15,97,222,3,194.24,3,1,2,1,7,Bronze
2441,2024-10-06,2024-12-13,68,255,3,201.24,2,1,2,1,6,Bronze
2442,2024-09-29,2025-05-05,218,112,5,127.16,4,1,2,1,8,Bronze
2443,2025-01-11,2025-07-25,195,31,6,344.34,4,2,3,1,10,Silver
2444,2025-03-12,2025-03-12,0,166,1,52.94,1,1,1,1,4,Bronze
2445,2024-09-26,2025-08-18,326,7,4,162.23,4,4,2,1,11,Silver
2446,2025-02-21,2025-02-21,0,185,1,2.71,1,1,1,1,4,Bronze
2447,2025-05-24,2025-05-24,0,93,1,112.08,1,1,1,1,4,Bronze
2448,2025-03-30,2025-08-15,138,10,2,136.61,3,4,2,1,10,Silver
2449,2025-03-22,2025-07-07,107,49,2,131.47,3,2,2,1,8,Bronze
2450,2024-10-01,2025-07-23,295,33,9,541.16,4,2,3,2,11,Silver
2451,2024-09-29,2025-06-06,250,80,6,151.24,4,1,3,1,9,Bronze
2452,2025-05-29,2025-05-29,0,88,1,12.39,1,1,1,1,4,Bronze
2453,2024-10-09,2025-03-27,169,151,5,318.36,3,1,2,1,7,Bronze
2454,2024-08-26,2025-06-20,298,66,8,247.25,4,1,3,1,9,Bronze
2455,2025-03-31,2025-03-31,0,147,1,53.17,1,1,1,1,4,Bronze
2456,2024-10-03,2025-06-25,265,61,4,63.76,4,1,2,1,8,Bronze
2457,2025-07-02,2025-07-02,0,54,1,7.67,1,2,1,1,5,Bronze
2458,2024-10-06,2025-07-31,298,25,4,385.18,4,3,2,1,10,Silver
2459,2024-10-12,2025-04-11,181,136,3,67.95,4,1,2,1,8,Bronze
2460,2024-12-27,2025-08-21,237,4,5,267.01,4,5,2,1,12,Silver
2461,2024-11-25,2025-07-23,240,33,3,156.05,4,2,2,1,9,Bronze
2463,2024-09-10,2025-08-25,349,0,6,205.31,4,5,3,1,13,Silver
2464,2024-09-21,2025-07-21,303,35,7,220.32,4,2,3,1,10,Silver
2465,2024-11-12,2025-07-06,236,50,7,389.46,4,2,3,1,10,Silver
2466,2024-09-16,2025-07-24,311,32,6,575.79,4,2,3,2,11,Silver
2467,2024-08-26,2025-06-22,300,64,3,214.75,4,1,2,1,8,Bronze
2468,2025-04-19,2025-07-11,83,45,4,100.46,2,2,2,1,7,Bronze
2469,2024-09-12,2025-05-30,260,87,4,145.46,4,1,2,1,8,Bronze
2470,2025-05-28,2025-06-19,22,67,2,172.77,1,1,2,1,5,Bronze
2472,2024-12-02,2025-07-25,235,31,5,342.80,4,2,2,1,9,Bronze
2473,2024-11-07,2025-08-06,272,19,4,206.18,4,3,2,1,10,Silver
2474,2025-05-12,2025-05-12,0,105,1,21.30,1,1,1,1,4,Bronze
2475,2025-05-03,2025-05-03,0,114,1,8.76,1,1,1,1,4,Bronze
2476,2024-10-13,2025-04-08,177,139,3,208.75,3,1,2,1,7,Bronze
2477,2025-02-07,2025-06-02,115,84,4,112.29,3,1,2,1,7,Bronze
2478,2024-10-24,2025-06-04,223,82,4,146.58,4,1,2,1,8,Bronze
2479,2024-11-20,2025-07-03,225,53,5,194.44,4,2,2,1,9,Bronze
2480,2024-09-20,2024-11-22,63,276,2,74.77,2,1,2,1,6,Bronze
2481,2024-12-24,2024-12-24,0,244,1,119.45,1,1,1,1,4,Bronze
2482,2024-12-16,2025-08-24,251,1,2,85.90,4,5,2,1,12,Silver
2483,2024-11-23,2025-06-20,209,66,3,120.61,4,1,2,1,8,Bronze
2484,2024-11-08,2024-12-17,39,251,2,146.15,2,1,2,1,6,Bronze
2485,2024-11-21,2025-06-28,219,58,3,116.64,4,2,2,1,9,Bronze
2486,2024-09-22,2025-06-30,281,56,6,234.17,4,2,3,1,10,Silver
2487,2024-08-27,2025-07-08,315,48,6,479.08,4,2,3,1,10,Silver
2488,2024-12-23,2025-06-04,163,82,6,359.72,3,1,3,1,8,Bronze
2489,2025-03-27,2025-03-27,0,151,1,39.87,1,1,1,1,4,Bronze
2490,2024-10-12,2025-06-28,259,58,4,221.93,4,2,2,1,9,Bronze
2491,2024-09-15,2025-04-14,211,133,6,480.24,4,1,3,1,9,Bronze
2492,2024-09-15,2025-02-10,148,196,4,161.42,3,1,2,1,7,Bronze
2493,2024-09-09,2025-02-20,164,186,3,35.33,3,1,2,1,7,Bronze
2494,2025-02-21,2025-06-11,110,75,5,327.65,3,1,2,1,7,Bronze
2495,2025-02-26,2025-07-13,137,43,3,201.21,3,2,2,1,8,Bronze
2496,2024-12-06,2025-03-24,108,154,5,347.86,3,1,2,1,7,Bronze
2497,2024-10-16,2025-08-20,308,5,5,182.58,4,5,2,1,12,Silver
2498,2024-11-23,2024-11-23,0,275,1,46.53,1,1,1,1,4,Bronze
2499,2024-10-03,2025-02-07,127,199,5,218.51,3,1,2,1,7,Bronze
2500,2024-09-17,2025-05-20,245,97,4,244.44,4,1,2,1,8,Bronze
2501,2024-08-29,2025-07-24,329,32,9,462.71,4,2,3,1,10,Silver
2502,2024-09-12,2025-05-26,256,91,4,256.32,4,1,2,1,8,Bronze
2503,2024-10-06,2025-06-12,249,74,6,228.41,4,1,3,1,9,Bronze
2504,2024-09-21,2025-08-06,319,19,5,210.82,4,3,2,1,10,Silver
2505,2024-08-29,2025-08-09,345,16,3,148.97,4,3,2,1,10,Silver
2506,2024-08-26,2025-07-10,318,46,5,145.88,4,2,2,1,9,Bronze
2507,2024-10-03,2025-06-23,263,63,6,403.09,4,1,3,1,9,Bronze
2508,2024-10-20,2025-08-17,301,8,6,607.48,4,4,3,2,13,Silver
2509,2024-11-21,2025-07-14,235,42,8,361.91,4,2,3,1,10,Silver
2510,2024-09-22,2025-04-30,220,117,2,14.68,4,1,2,1,8,Bronze
2511,2025-05-25,2025-07-25,61,31,2,254.42,2,2,2,1,7,Bronze
2512,2024-09-27,2025-05-10,225,107,4,37.91,4,1,2,1,8,Bronze
2513,2024-11-06,2025-07-30,266,26,7,446.52,4,3,3,1,11,Silver
2514,2024-08-31,2025-07-06,309,50,7,324.02,4,2,3,1,10,Silver
2515,2024-08-29,2024-12-22,115,246,3,188.91,3,1,2,1,7,Bronze
2516,2025-08-07,2025-08-07,0,18,1,62.76,1,3,1,1,6,Bronze
2517,2024-08-28,2025-08-11,348,14,6,382.80,4,4,3,1,12,Silver
2518,2024-12-28,2025-05-02,125,115,2,27.66,3,1,2,1,7,Bronze
2519,2024-11-25,2025-07-18,235,38,4,103.25,4,2,2,1,9,Bronze
2520,2024-10-23,2025-05-21,210,96,6,383.70,4,1,3,1,9,Bronze
2521,2024-11-30,2025-07-12,224,44,4,156.66,4,2,2,1,9,Bronze
2522,2024-09-07,2025-08-02,329,23,7,135.11,4,3,3,1,11,Silver
2523,2024-10-10,2025-05-24,226,93,3,274.25,4,1,2,1,8,Bronze
2524,2024-10-14,2025-06-15,244,71,5,308.58,4,1,2,1,8,Bronze
2525,2024-09-21,2025-02-25,157,181,4,215.54,3,1,2,1,7,Bronze
2526,2024-11-06,2025-04-16,161,131,5,346.57,3,1,2,1,7,Bronze
2527,2024-10-08,2025-07-10,275,46,4,109.02,4,2,2,1,9,Bronze
2528,2024-09-09,2025-06-19,283,67,5,166.18,4,1,2,1,8,Bronze
2529,2024-09-27,2025-01-11,106,226,2,106.72,3,1,2,1,7,Bronze
2530,2024-09-01,2025-04-22,233,125,6,190.57,4,1,3,1,9,Bronze
2531,2024-09-13,2024-10-17,34,312,2,143.18,2,1,2,1,6,Bronze
2532,2024-09-06,2025-06-21,288,65,4,112.94,4,1,2,1,8,Bronze
2533,2024-12-04,2025-05-31,178,86,4,236.38,3,1,2,1,7,Bronze
2534,2025-06-27,2025-06-27,0,59,1,3.26,1,2,1,1,5,Bronze
2535,2024-09-28,2025-02-08,133,198,6,93.20,3,1,3,1,8,Bronze
2536,2025-02-08,2025-02-08,0,198,1,24.59,1,1,1,1,4,Bronze
2537,2024-09-02,2025-05-24,264,93,3,54.21,4,1,2,1,8,Bronze
2538,2025-04-06,2025-04-06,0,141,1,11.17,1,1,1,1,4,Bronze
2539,2025-02-25,2025-07-18,143,38,2,195.36,3,2,2,1,8,Bronze
2540,2024-09-03,2025-08-13,344,12,5,434.52,4,4,2,1,11,Silver
2541,2024-11-13,2025-04-23,161,124,3,83.10,3,1,2,1,7,Bronze
2542,2025-01-18,2025-08-19,213,6,3,170.47,4,4,2,1,11,Silver
2543,2024-08-27,2025-07-22,329,34,7,397.85,4,2,3,1,10,Silver
2544,2024-12-20,2025-04-09,110,138,4,256.25,3,1,2,1,7,Bronze
2545,2024-08-27,2025-04-22,238,125,3,85.82,4,1,2,1,8,Bronze
2546,2024-09-05,2025-04-18,225,129,3,104.38,4,1,2,1,8,Bronze
2547,2024-10-16,2025-08-20,308,5,3,189.71,4,5,2,1,12,Silver
2548,2024-10-02,2025-07-31,302,25,5,230.23,4,3,2,1,10,Silver
2549,2024-10-01,2024-10-01,0,328,1,153.62,1,1,1,1,4,Bronze
2550,2024-11-17,2025-01-21,65,216,3,176.83,2,1,2,1,6,Bronze
2551,2024-09-06,2024-10-10,34,319,3,150.37,2,1,2,1,6,Bronze
2552,2025-01-20,2025-07-05,166,51,3,159.79,3,2,2,1,8,Bronze
2553,2025-01-07,2025-03-28,80,150,3,189.24,2,1,2,1,6,Bronze
2554,2024-11-03,2025-05-04,182,113,3,144.82,4,1,2,1,8,Bronze
2555,2024-11-16,2025-06-19,215,67,4,203.15,4,1,2,1,8,Bronze
2556,2024-12-26,2025-07-23,209,33,5,226.36,4,2,2,1,9,Bronze
2557,2024-09-26,2025-03-17,172,161,5,187.50,3,1,2,1,7,Bronze
2558,2024-12-16,2025-06-20,186,66,9,506.99,4,1,3,2,10,Silver
2559,2024-09-14,2025-06-27,286,59,7,313.71,4,2,3,1,10,Silver
2560,2024-11-20,2025-08-14,267,11,9,476.71,4,4,3,1,12,Silver
2561,2024-09-20,2025-07-15,298,41,8,130.72,4,2,3,1,10,Silver
2562,2025-01-25,2025-05-06,101,111,3,281.87,3,1,2,1,7,Bronze
2563,2024-08-27,2025-07-08,315,48,6,302.54,4,2,3,1,10,Silver
2564,2024-09-07,2025-07-27,323,29,4,331.12,4,3,2,1,10,Silver
2565,2024-11-09,2025-07-22,255,34,5,315.65,4,2,2,1,9,Bronze
2566,2024-12-15,2025-08-18,246,7,3,231.86,4,4,2,1,11,Silver
2567,2024-12-30,2025-08-02,215,23,8,283.34,4,3,3,1,11,Silver
2568,2024-12-06,2025-07-12,218,44,2,9.60,4,2,2,1,9,Bronze
2569,2024-09-24,2025-08-20,330,5,6,190.87,4,5,3,1,13,Silver
2570,2024-09-06,2025-05-13,249,104,7,209.89,4,1,3,1,9,Bronze
2571,2024-09-17,2025-04-23,218,124,3,118.84,4,1,2,1,8,Bronze
2572,2025-03-05,2025-07-06,123,50,5,159.00,3,2,2,1,8,Bronze
2573,2025-01-12,2025-06-08,147,78,4,72.12,3,1,2,1,7,Bronze
2574,2024-09-23,2025-07-13,293,43,12,325.48,4,2,4,1,11,Silver
2575,2024-09-18,2025-07-23,308,33,5,254.11,4,2,2,1,9,Bronze
2576,2024-11-09,2025-07-01,234,55,7,188.71,4,2,3,1,10,Silver
2577,2024-11-17,2025-07-07,232,49,6,252.88,4,2,3,1,10,Silver
2578,2025-02-19,2025-05-31,101,86,2,69.33,3,1,2,1,7,Bronze
2579,2024-08-31,2025-05-15,257,102,5,142.08,4,1,2,1,8,Bronze
2580,2024-09-04,2025-06-19,288,67,3,87.46,4,1,2,1,8,Bronze
2581,2025-01-08,2025-07-11,184,45,3,125.99,4,2,2,1,9,Bronze
2582,2024-08-29,2025-07-05,310,51,4,109.35,4,2,2,1,9,Bronze
2583,2024-11-14,2025-04-23,160,124,3,133.68,3,1,2,1,7,Bronze
2584,2024-09-05,2025-05-15,252,102,5,174.29,4,1,2,1,8,Bronze
2585,2024-10-16,2025-01-20,96,217,4,332.05,3,1,2,1,7,Bronze
2586,2025-04-10,2025-07-24,105,32,4,391.26,3,2,2,1,8,Bronze
2587,2024-10-23,2025-01-25,94,212,2,102.50,3,1,2,1,7,Bronze
2588,2024-10-08,2025-08-10,306,15,7,479.85,4,4,3,1,12,Silver
2589,2024-08-29,2025-06-05,280,81,5,141.66,4,1,2,1,8,Bronze
2590,2024-11-12,2025-08-08,269,17,7,621.99,4,3,3,2,12,Silver
2591,2025-01-12,2025-08-07,207,18,4,189.08,4,3,2,1,10,Silver
2592,2024-10-03,2025-07-23,293,33,6,312.55,4,2,3,1,10,Silver
2593,2024-11-03,2025-05-29,207,88,4,257.81,4,1,2,1,8,Bronze
2594,2024-12-23,2025-07-25,214,31,3,327.66,4,2,2,1,9,Bronze
2595,2024-10-08,2025-08-01,297,24,8,385.08,4,3,3,1,11,Silver
2596,2025-01-04,2025-08-14,222,11,9,615.74,4,4,3,2,13,Silver
2597,2024-09-30,2025-08-17,321,8,5,343.41,4,4,2,1,11,Silver
2598,2025-03-27,2025-03-27,0,151,1,66.76,1,1,1,1,4,Bronze
2599,2025-04-24,2025-08-04,102,21,3,112.05,3,3,2,1,9,Bronze
2600,2025-01-29,2025-05-01,92,116,5,146.13,3,1,2,1,7,Bronze
2601,2025-05-08,2025-05-08,0,109,1,40.77,1,1,1,1,4,Bronze
2602,2024-10-08,2025-04-29,203,118,4,229.42,4,1,2,1,8,Bronze
2603,2025-01-06,2025-03-20,73,158,2,136.65,2,1,2,1,6,Bronze
2604,2024-10-06,2025-08-12,310,13,6,424.27,4,4,3,1,12,Silver
2605,2024-10-05,2025-07-05,273,51,6,225.58,4,2,3,1,10,Silver
2606,2024-09-03,2025-05-25,264,92,6,147.75,4,1,3,1,9,Bronze
2607,2024-10-27,2025-05-31,216,86,7,366.63,4,1,3,1,9,Bronze
2608,2024-12-18,2025-06-30,194,56,5,231.09,4,2,2,1,9,Bronze
2609,2025-06-09,2025-06-09,0,77,1,16.30,1,1,1,1,4,Bronze
2610,2024-10-04,2025-01-23,111,214,4,170.57,3,1,2,1,7,Bronze
2611,2024-11-14,2025-07-27,255,29,7,296.74,4,3,3,1,11,Silver
2612,2025-01-27,2025-08-13,198,12,3,109.19,4,4,2,1,11,Silver
2613,2024-10-08,2025-08-23,319,2,5,179.96,4,5,2,1,12,Silver
2614,2024-09-11,2024-12-23,103,245,3,119.54,3,1,2,1,7,Bronze
2615,2024-11-14,2025-04-16,153,131,6,365.59,3,1,3,1,8,Bronze
2616,2024-10-10,2025-05-11,213,106,3,178.07,4,1,2,1,8,Bronze
2617,2024-10-28,2025-07-19,264,37,6,458.53,4,2,3,1,10,Silver
2618,2025-01-12,2025-08-06,206,19,3,125.52,4,3,2,1,10,Silver
2619,2024-09-16,2025-06-04,261,82,5,175.35,4,1,2,1,8,Bronze
2620,2025-03-09,2025-06-27,110,59,5,176.73,3,2,2,1,8,Bronze
2621,2024-09-18,2025-07-07,292,49,4,145.30,4,2,2,1,9,Bronze
2622,2024-09-14,2025-07-19,308,37,5,200.95,4,2,2,1,9,Bronze
2623,2025-01-24,2025-08-16,204,9,4,204.54,4,4,2,1,11,Silver
2624,2024-12-30,2025-08-20,233,5,4,206.21,4,5,2,1,12,Silver
2625,2024-10-23,2025-04-28,187,119,5,105.25,4,1,2,1,8,Bronze
2626,2024-09-23,2025-07-22,302,34,8,545.22,4,2,3,2,11,Silver
2627,2024-12-02,2025-08-15,256,10,4,218.39,4,4,2,1,11,Silver
2628,2024-10-08,2025-07-26,291,30,3,187.96,4,3,2,1,10,Silver
2629,2024-10-19,2025-07-11,265,45,4,202.01,4,2,2,1,9,Bronze
2630,2025-02-07,2025-02-07,0,199,1,25.76,1,1,1,1,4,Bronze
2631,2024-11-22,2025-08-06,257,19,5,253.64,4,3,2,1,10,Silver
2632,2025-02-14,2025-08-25,192,0,8,301.98,4,5,3,1,13,Silver
2633,2024-09-05,2025-07-02,300,54,4,193.42,4,2,2,1,9,Bronze
2634,2025-08-03,2025-08-03,0,22,1,75.88,1,3,1,1,6,Bronze
2635,2024-10-03,2025-08-19,320,6,5,172.52,4,4,2,1,11,Silver
2636,2024-11-10,2025-08-04,267,21,8,541.56,4,3,3,2,12,Silver
2637,2024-12-09,2025-08-09,243,16,4,246.50,4,3,2,1,10,Silver
2638,2024-11-26,2025-06-20,206,66,4,101.52,4,1,2,1,8,Bronze
2639,2025-04-27,2025-07-03,67,53,2,28.24,2,2,2,1,7,Bronze
2640,2025-01-02,2025-04-03,91,144,2,110.06,3,1,2,1,7,Bronze
2641,2024-10-26,2025-03-26,151,152,4,219.65,3,1,2,1,7,Bronze
2642,2025-01-08,2025-07-08,181,48,3,81.02,4,2,2,1,9,Bronze
2643,2024-08-31,2025-05-13,255,104,9,576.65,4,1,3,2,10,Silver
2644,2024-10-21,2025-02-25,127,181,2,213.00,3,1,2,1,7,Bronze
2645,2025-05-23,2025-05-23,0,94,1,39.03,1,1,1,1,4,Bronze
2646,2024-09-14,2025-08-22,342,3,4,135.26,4,5,2,1,12,Silver
2647,2024-12-10,2025-08-12,245,13,8,425.25,4,4,3,1,12,Silver
2648,2025-01-15,2025-08-24,221,1,3,138.24,4,5,2,1,12,Silver
2649,2025-01-15,2025-05-19,124,98,2,190.79,3,1,2,1,7,Bronze
2650,2024-11-08,2025-05-31,204,86,5,294.16,4,1,2,1,8,Bronze
2651,2024-10-14,2025-07-15,274,41,5,347.55,4,2,2,1,9,Bronze
2653,2025-07-22,2025-07-22,0,34,1,150.56,1,2,1,1,5,Bronze
2654,2024-08-27,2025-07-30,337,26,7,301.26,4,3,3,1,11,Silver
2655,2024-10-21,2025-08-04,287,21,6,386.25,4,3,3,1,11,Silver
2656,2024-09-11,2025-08-03,326,22,7,347.71,4,3,3,1,11,Silver
2657,2024-10-14,2025-05-11,209,106,4,393.26,4,1,2,1,8,Bronze
2658,2024-09-02,2025-04-27,237,120,9,418.64,4,1,3,1,9,Bronze
2659,2025-04-21,2025-08-22,123,3,4,263.09,3,5,2,1,11,Silver
2660,2024-08-28,2025-08-08,345,17,5,236.69,4,3,2,1,10,Silver
2661,2024-11-10,2025-08-01,264,24,4,194.35,4,3,2,1,10,Silver
2662,2024-10-02,2025-07-01,272,55,3,217.23,4,2,2,1,9,Bronze
2663,2025-03-03,2025-08-23,173,2,7,473.03,3,5,3,1,12,Silver
2664,2024-10-06,2025-08-12,310,13,8,350.38,4,4,3,1,12,Silver
2665,2024-08-27,2025-08-09,347,16,6,272.64,4,3,3,1,11,Silver
2666,2024-10-21,2025-04-12,173,135,3,146.69,3,1,2,1,7,Bronze
2667,2024-10-29,2025-08-25,300,0,6,506.49,4,5,3,2,14,Silver
2669,2024-09-08,2025-05-30,264,87,5,344.06,4,1,2,1,8,Bronze
2670,2024-10-07,2025-03-03,147,175,2,161.96,3,1,2,1,7,Bronze
2671,2025-02-08,2025-07-11,153,45,3,12.98,3,2,2,1,8,Bronze
2672,2024-09-12,2025-06-30,291,56,8,384.08,4,2,3,1,10,Silver
2673,2024-08-29,2025-06-28,303,58,8,328.18,4,2,3,1,10,Silver
2674,2024-11-24,2025-07-23,241,33,6,306.19,4,2,3,1,10,Silver
2675,2024-10-08,2025-08-21,317,4,7,322.61,4,5,3,1,13,Silver
2676,2024-11-14,2025-03-01,107,177,5,384.75,3,1,2,1,7,Bronze
2677,2024-10-07,2025-05-13,218,104,5,340.46,4,1,2,1,8,Bronze
2678,2024-11-11,2025-05-12,182,105,3,158.74,4,1,2,1,8,Bronze
2679,2025-01-29,2025-08-02,185,23,4,134.88,4,3,2,1,10,Silver
2680,2024-11-16,2025-04-19,154,128,2,59.46,3,1,2,1,7,Bronze
2681,2024-09-12,2025-07-24,315,32,5,162.69,4,2,2,1,9,Bronze
2682,2024-10-02,2025-07-31,302,25,4,334.13,4,3,2,1,10,Silver
2683,2024-10-08,2025-07-05,270,51,7,322.56,4,2,3,1,10,Silver
2684,2025-06-29,2025-07-14,15,42,2,119.81,1,2,2,1,6,Bronze
2685,2024-09-02,2025-08-25,357,0,7,147.61,4,5,3,1,13,Silver
2686,2024-09-16,2024-10-30,44,299,2,13.99,2,1,2,1,6,Bronze
2687,2024-10-18,2025-08-08,294,17,5,314.46,4,3,2,1,10,Silver
2688,2024-10-29,2025-05-27,210,90,5,228.99,4,1,2,1,8,Bronze
2689,2024-09-19,2025-06-28,282,58,4,96.54,4,2,2,1,9,Bronze
2690,2025-07-07,2025-08-25,49,0,2,8.01,2,5,2,1,10,Silver
2691,2024-10-15,2024-12-25,71,243,3,86.49,2,1,2,1,6,Bronze
2692,2024-09-07,2025-08-11,338,14,6,438.56,4,4,3,1,12,Silver
2693,2024-09-18,2025-01-20,124,217,3,77.32,3,1,2,1,7,Bronze
2694,2024-10-18,2025-08-21,307,4,5,229.43,4,5,2,1,12,Silver
2695,2024-10-27,2025-08-05,282,20,4,232.60,4,3,2,1,10,Silver
2697,2024-10-02,2025-01-25,115,212,5,381.03,3,1,2,1,7,Bronze
2698,2024-12-16,2025-04-07,112,140,2,178.24,3,1,2,1,7,Bronze
2699,2024-09-16,2025-07-31,318,25,5,112.55,4,3,2,1,10,Silver
2700,2024-09-27,2024-09-27,0,332,1,19.08,1,1,1,1,4,Bronze
2701,2024-10-11,2025-08-11,304,14,7,462.30,4,4,3,1,12,Silver
2702,2025-06-08,2025-07-02,24,54,2,56.07,1,2,2,1,6,Bronze
2703,2024-10-02,2025-08-21,323,4,8,485.03,4,5,3,1,13,Silver
2704,2025-02-08,2025-08-03,176,22,3,121.69,3,3,2,1,9,Bronze
2705,2025-02-18,2025-04-18,59,129,3,162.16,2,1,2,1,6,Bronze
2706,2024-12-27,2025-01-10,14,227,2,113.95,1,1,2,1,5,Bronze
2707,2024-10-24,2025-07-24,273,32,3,125.11,4,2,2,1,9,Bronze
2708,2024-10-04,2025-02-08,127,198,2,89.60,3,1,2,1,7,Bronze
2709,2024-10-10,2025-08-05,299,20,4,395.83,4,3,2,1,10,Silver
2710,2024-08-26,2025-04-25,242,122,4,27.25,4,1,2,1,8,Bronze
2711,2025-01-11,2025-03-10,58,168,3,176.04,2,1,2,1,6,Bronze
2712,2025-01-23,2025-08-02,191,23,7,260.78,4,3,3,1,11,Silver
2713,2024-09-06,2025-04-14,220,133,2,39.47,4,1,2,1,8,Bronze
2714,2024-10-01,2025-07-05,277,51,8,367.80,4,2,3,1,10,Silver
2715,2024-09-08,2025-07-25,320,31,4,192.15,4,2,2,1,9,Bronze
2716,2024-09-27,2024-12-24,88,244,4,199.38,2,1,2,1,6,Bronze
2717,2025-03-13,2025-03-13,0,165,1,26.26,1,1,1,1,4,Bronze
2718,2025-02-07,2025-05-18,100,99,2,31.88,3,1,2,1,7,Bronze
2719,2024-09-12,2025-07-07,298,49,4,68.88,4,2,2,1,9,Bronze
2720,2024-11-07,2025-04-11,155,136,2,84.24,3,1,2,1,7,Bronze
2721,2025-07-05,2025-07-05,0,51,1,1.69,1,2,1,1,5,Bronze
2722,2024-11-25,2025-06-01,188,85,3,47.22,4,1,2,1,8,Bronze
2723,2024-12-10,2025-08-09,242,16,4,329.59,4,3,2,1,10,Silver
2724,2024-08-29,2025-07-04,309,52,5,94.70,4,2,2,1,9,Bronze
2725,2024-09-10,2025-06-21,284,65,5,210.03,4,1,2,1,8,Bronze
2726,2024-08-28,2025-08-10,347,15,5,121.84,4,4,2,1,11,Silver
2728,2024-09-15,2025-07-07,295,49,3,89.89,4,2,2,1,9,Bronze
2729,2024-09-03,2025-01-15,134,222,3,135.72,3,1,2,1,7,Bronze
2730,2025-02-08,2025-06-11,123,75,2,52.48,3,1,2,1,7,Bronze
2731,2024-09-16,2025-02-08,145,198,2,10.56,3,1,2,1,7,Bronze
2732,2024-11-26,2025-05-27,182,90,3,141.61,4,1,2,1,8,Bronze
2733,2024-10-25,2025-05-23,210,94,6,392.01,4,1,3,1,9,Bronze
2734,2024-10-10,2025-05-21,223,96,3,270.47,4,1,2,1,8,Bronze
2735,2024-09-10,2025-05-21,253,96,6,204.05,4,1,3,1,9,Bronze
2736,2024-11-20,2025-07-27,249,29,4,151.89,4,3,2,1,10,Silver
2737,2025-02-20,2025-06-13,113,73,3,260.32,3,1,2,1,7,Bronze
2738,2024-09-07,2024-10-12,35,317,2,47.93,2,1,2,1,6,Bronze
2739,2024-09-26,2025-08-04,312,21,5,300.00,4,3,2,1,10,Silver
2740,2024-09-01,2025-04-28,239,119,5,144.06,4,1,2,1,8,Bronze
2741,2024-09-09,2025-05-14,247,103,5,395.17,4,1,2,1,8,Bronze
2742,2024-12-14,2025-08-02,231,23,5,316.44,4,3,2,1,10,Silver
2743,2024-09-21,2025-08-20,333,5,4,427.15,4,5,2,1,12,Silver
2744,2024-11-16,2025-08-20,277,5,4,125.93,4,5,2,1,12,Silver
2745,2024-12-01,2025-08-22,264,3,9,429.06,4,5,3,1,13,Silver
2746,2024-12-01,2025-07-06,217,50,5,71.09,4,2,2,1,9,Bronze
2747,2024-10-17,2025-07-10,266,46,6,324.03,4,2,3,1,10,Silver
2748,2024-10-30,2025-08-16,290,9,3,140.94,4,4,2,1,11,Silver
2749,2024-11-11,2025-04-11,151,136,2,53.46,3,1,2,1,7,Bronze
2750,2024-12-05,2025-08-17,255,8,5,454.31,4,4,2,1,11,Silver
2751,2025-06-14,2025-07-27,43,29,2,128.39,2,3,2,1,8,Bronze
2752,2024-09-21,2025-06-21,273,65,3,249.79,4,1,2,1,8,Bronze
2753,2025-01-23,2025-06-25,153,61,3,118.92,3,1,2,1,7,Bronze
2754,2025-03-21,2025-03-21,0,157,1,76.40,1,1,1,1,4,Bronze
2755,2025-05-26,2025-07-03,38,53,2,86.17,2,2,2,1,7,Bronze
2756,2024-09-30,2025-06-04,247,82,8,454.87,4,1,3,1,9,Bronze
2757,2024-09-30,2024-12-15,76,253,2,82.23,2,1,2,1,6,Bronze
2758,2024-09-16,2025-07-05,292,51,7,148.46,4,2,3,1,10,Silver
2759,2024-09-30,2025-07-29,302,27,6,390.51,4,3,3,1,11,Silver
2760,2025-01-31,2025-01-31,0,206,1,27.63,1,1,1,1,4,Bronze
2761,2025-03-11,2025-04-16,36,131,3,62.56,2,1,2,1,6,Bronze
2762,2024-12-24,2025-08-23,242,2,6,376.58,4,5,3,1,13,Silver
2763,2025-02-03,2025-05-16,102,101,4,197.36,3,1,2,1,7,Bronze
2764,2024-08-29,2025-06-13,288,73,3,89.86,4,1,2,1,8,Bronze
2765,2024-10-26,2025-05-10,196,107,4,314.73,4,1,2,1,8,Bronze
2766,2024-10-02,2025-06-24,265,62,9,396.20,4,1,3,1,9,Bronze
2767,2024-10-04,2025-04-01,179,146,3,270.60,3,1,2,1,7,Bronze
2768,2024-09-18,2025-06-14,269,72,5,176.00,4,1,2,1,8,Bronze
2769,2024-09-20,2025-08-12,326,13,4,306.61,4,4,2,1,11,Silver
2770,2024-09-19,2025-08-17,332,8,3,328.25,4,4,2,1,11,Silver
2771,2025-01-05,2025-08-01,208,24,4,245.98,4,3,2,1,10,Silver
2772,2024-09-19,2025-08-21,336,4,8,686.58,4,5,3,2,14,Silver
2773,2024-09-27,2025-08-11,318,14,4,207.48,4,4,2,1,11,Silver
2774,2024-10-08,2025-07-24,289,32,6,330.33,4,2,3,1,10,Silver
2775,2024-10-07,2025-03-15,159,163,2,180.11,3,1,2,1,7,Bronze
2776,2025-05-04,2025-05-04,0,113,1,86.17,1,1,1,1,4,Bronze
2777,2024-09-17,2025-07-04,290,52,5,94.58,4,2,2,1,9,Bronze
2778,2024-11-03,2025-07-06,245,50,10,391.72,4,2,4,1,11,Silver
2779,2024-10-17,2025-06-19,245,67,5,349.51,4,1,2,1,8,Bronze
2780,2024-10-23,2025-07-12,262,44,6,316.94,4,2,3,1,10,Silver
2781,2024-09-11,2025-06-14,276,72,2,67.60,4,1,2,1,8,Bronze
2782,2024-10-17,2025-07-26,282,30,4,305.09,4,3,2,1,10,Silver
2783,2024-10-28,2025-06-15,230,71,8,421.59,4,1,3,1,9,Bronze
2784,2024-09-17,2025-03-15,179,163,5,335.35,3,1,2,1,7,Bronze
2785,2024-09-16,2025-06-24,281,62,6,193.79,4,1,3,1,9,Bronze
2786,2025-02-11,2025-08-22,192,3,8,164.89,4,5,3,1,13,Silver
2787,2024-12-13,2025-08-19,249,6,5,388.33,4,4,2,1,11,Silver
2788,2024-09-05,2025-08-02,331,23,6,404.32,4,3,3,1,11,Silver
2789,2024-12-21,2025-08-15,237,10,5,291.82,4,4,2,1,11,Silver
2790,2024-09-03,2025-06-04,274,82,3,149.29,4,1,2,1,8,Bronze
2791,2024-11-30,2025-08-17,260,8,3,83.71,4,4,2,1,11,Silver
2792,2024-09-06,2025-07-10,307,46,4,210.14,4,2,2,1,9,Bronze
2793,2024-12-04,2025-02-05,63,201,4,122.95,2,1,2,1,6,Bronze
2794,2025-04-29,2025-08-20,113,5,2,55.22,3,5,2,1,11,Silver
2795,2024-08-29,2025-03-29,212,149,3,133.46,4,1,2,1,8,Bronze
2796,2025-02-15,2025-08-19,185,6,4,196.38,4,4,2,1,11,Silver
2797,2024-11-12,2024-11-12,0,286,1,7.85,1,1,1,1,4,Bronze
2798,2024-12-22,2025-05-28,157,89,2,178.73,3,1,2,1,7,Bronze
2799,2024-10-04,2025-04-22,200,125,5,202.08,4,1,2,1,8,Bronze
2800,2024-12-12,2025-08-09,240,16,5,337.38,4,3,2,1,10,Silver
2801,2025-01-20,2025-08-22,214,3,3,51.09,4,5,2,1,12,Silver
2802,2024-10-16,2025-08-05,293,20,6,304.00,4,3,3,1,11,Silver
2803,2024-10-09,2025-08-06,301,19,4,142.14,4,3,2,1,10,Silver
2804,2024-11-17,2025-06-16,211,70,4,105.23,4,1,2,1,8,Bronze
2805,2024-10-04,2025-07-12,281,44,4,310.04,4,2,2,1,9,Bronze
2806,2025-03-26,2025-03-26,0,152,1,18.79,1,1,1,1,4,Bronze
2807,2024-11-20,2025-04-13,144,134,4,237.55,3,1,2,1,7,Bronze
2808,2024-10-01,2025-07-23,295,33,4,322.31,4,2,2,1,9,Bronze
2809,2024-08-29,2025-05-31,275,86,6,192.09,4,1,3,1,9,Bronze
2810,2024-10-01,2025-05-15,226,102,3,237.14,4,1,2,1,8,Bronze
2811,2024-08-31,2025-06-03,276,83,4,164.99,4,1,2,1,8,Bronze
2812,2024-10-21,2025-06-24,246,62,8,358.61,4,1,3,1,9,Bronze
2813,2024-11-07,2025-02-12,97,194,5,357.02,3,1,2,1,7,Bronze
2814,2025-01-05,2025-06-24,170,62,6,328.66,3,1,3,1,8,Bronze
2815,2024-12-01,2025-04-05,125,142,4,220.61,3,1,2,1,7,Bronze
2816,2024-11-29,2025-08-19,263,6,2,9.11,4,4,2,1,11,Silver
2817,2024-10-04,2025-04-24,202,123,5,303.51,4,1,2,1,8,Bronze
2818,2024-12-21,2025-07-31,222,25,3,224.41,4,3,2,1,10,Silver
2819,2025-03-22,2025-08-25,156,0,3,175.27,3,5,2,1,11,Silver
2820,2025-03-18,2025-07-07,111,49,2,169.57,3,2,2,1,8,Bronze
2821,2024-11-03,2025-06-03,212,83,6,185.35,4,1,3,1,9,Bronze
2822,2024-12-17,2025-01-10,24,227,2,114.34,1,1,2,1,5,Bronze
2823,2024-10-11,2025-04-03,174,144,4,308.60,3,1,2,1,7,Bronze
2824,2024-10-16,2025-06-03,230,83,5,256.01,4,1,2,1,8,Bronze
2825,2025-02-14,2025-08-11,178,14,4,326.55,3,4,2,1,10,Silver
2826,2024-12-04,2025-08-20,259,5,4,137.41,4,5,2,1,12,Silver
2827,2024-11-11,2025-04-12,152,135,3,35.36,3,1,2,1,7,Bronze
2828,2024-10-15,2025-07-09,267,47,6,287.62,4,2,3,1,10,Silver
2829,2024-09-05,2025-07-07,305,49,2,102.50,4,2,2,1,9,Bronze
2830,2024-09-11,2025-06-04,266,82,4,178.85,4,1,2,1,8,Bronze
2831,2024-10-16,2025-08-19,307,6,6,194.74,4,4,3,1,12,Silver
2832,2024-09-03,2025-06-05,275,81,6,225.40,4,1,3,1,9,Bronze
2833,2024-08-29,2025-07-23,328,33,8,609.60,4,2,3,2,11,Silver
2834,2024-08-31,2025-08-12,346,13,6,450.74,4,4,3,1,12,Silver
2835,2024-09-25,2025-08-23,332,2,5,223.47,4,5,2,1,12,Silver
2836,2025-07-31,2025-08-12,12,13,3,235.46,1,4,2,1,8,Bronze
2837,2024-11-11,2025-07-15,246,41,4,72.02,4,2,2,1,9,Bronze
2838,2024-09-23,2025-07-14,294,42,9,543.65,4,2,3,2,11,Silver
2839,2024-09-10,2025-07-13,306,43,8,581.52,4,2,3,2,11,Silver
2840,2025-02-21,2025-08-17,177,8,4,148.66,3,4,2,1,10,Silver
2841,2024-11-30,2025-06-14,196,72,4,177.68,4,1,2,1,8,Bronze
2842,2024-09-24,2025-08-23,333,2,3,136.50,4,5,2,1,12,Silver
2843,2024-09-30,2025-07-29,302,27,10,435.40,4,3,4,1,12,Silver
2844,2024-12-05,2025-04-11,127,136,5,371.16,3,1,2,1,7,Bronze
2845,2024-09-15,2025-08-11,330,14,4,176.73,4,4,2,1,11,Silver
2846,2024-10-20,2025-03-20,151,158,4,225.63,3,1,2,1,7,Bronze
2847,2024-10-24,2025-07-15,264,41,9,268.49,4,2,3,1,10,Silver
2848,2024-09-01,2024-09-12,11,347,2,41.76,1,1,2,1,5,Bronze
2849,2024-10-26,2025-08-17,295,8,5,176.46,4,4,2,1,11,Silver
2850,2024-09-10,2025-06-07,270,79,5,220.99,4,1,2,1,8,Bronze
2851,2024-08-27,2025-08-10,348,15,5,233.04,4,4,2,1,11,Silver
2852,2024-12-27,2024-12-27,0,241,1,8.29,1,1,1,1,4,Bronze
2853,2024-09-20,2025-06-07,260,79,5,319.22,4,1,2,1,8,Bronze
2854,2024-11-30,2025-07-18,230,38,3,195.21,4,2,2,1,9,Bronze
2855,2024-09-28,2025-02-15,140,191,5,148.75,3,1,2,1,7,Bronze
2856,2025-02-27,2025-05-31,93,86,3,161.58,3,1,2,1,7,Bronze
2857,2024-12-24,2025-06-18,176,68,3,191.31,3,1,2,1,7,Bronze
2858,2025-01-05,2025-06-15,161,71,3,113.15,3,1,2,1,7,Bronze
2859,2024-09-18,2025-08-06,322,19,6,577.80,4,3,3,2,12,Silver
2860,2024-09-29,2025-08-03,308,22,5,301.71,4,3,2,1,10,Silver
2861,2024-11-29,2025-06-24,207,62,4,153.02,4,1,2,1,8,Bronze
2862,2024-11-11,2025-06-27,228,59,5,93.39,4,2,2,1,9,Bronze
2863,2024-09-21,2025-07-14,296,42,6,282.39,4,2,3,1,10,Silver
2864,2024-10-31,2025-08-12,285,13,4,209.21,4,4,2,1,11,Silver
2865,2025-03-02,2025-03-23,21,155,2,148.07,1,1,2,1,5,Bronze
2866,2025-05-03,2025-07-08,66,48,5,302.19,2,2,2,1,7,Bronze
2867,2024-09-13,2025-08-08,329,17,3,64.00,4,3,2,1,10,Silver
2868,2024-10-09,2025-02-04,118,202,3,117.74,3,1,2,1,7,Bronze
2869,2024-11-13,2025-03-31,138,147,2,57.00,3,1,2,1,7,Bronze
2870,2024-09-17,2025-03-27,191,151,6,398.04,4,1,3,1,9,Bronze
2871,2024-09-17,2025-08-13,330,12,4,322.97,4,4,2,1,11,Silver
2872,2025-01-06,2025-05-22,136,95,6,367.21,3,1,3,1,8,Bronze
2873,2024-09-26,2025-08-17,325,8,7,446.11,4,4,3,1,12,Silver
2874,2024-09-10,2025-04-29,231,118,3,131.81,4,1,2,1,8,Bronze
2875,2024-08-26,2025-08-15,354,10,5,171.05,4,4,2,1,11,Silver
2876,2024-11-22,2025-07-18,238,38,6,426.24,4,2,3,1,10,Silver
2877,2025-07-23,2025-07-23,0,33,1,85.00,1,2,1,1,5,Bronze
2878,2024-08-27,2024-09-21,25,338,2,80.60,1,1,2,1,5,Bronze
2879,2025-03-08,2025-08-24,169,1,2,79.20,3,5,2,1,11,Silver
2880,2024-09-05,2025-08-16,345,9,8,428.21,4,4,3,1,12,Silver
2881,2024-11-12,2025-07-07,237,49,8,426.52,4,2,3,1,10,Silver
2882,2024-08-28,2025-08-25,362,0,4,104.03,4,5,2,1,12,Silver
2883,2024-10-10,2025-07-27,290,29,2,163.08,4,3,2,1,10,Silver
2884,2024-09-09,2025-07-27,321,29,6,300.90,4,3,3,1,11,Silver
2885,2024-11-20,2025-07-06,228,50,4,252.14,4,2,2,1,9,Bronze
2886,2024-09-25,2025-07-24,302,32,5,311.08,4,2,2,1,9,Bronze
2887,2024-09-28,2025-08-08,314,17,5,408.61,4,3,2,1,10,Silver
2888,2024-09-12,2025-04-10,210,137,6,201.06,4,1,3,1,9,Bronze
2889,2024-09-26,2025-05-26,242,91,5,234.29,4,1,2,1,8,Bronze
2890,2024-09-17,2024-10-08,21,321,2,56.62,1,1,2,1,5,Bronze
2891,2024-12-29,2025-04-07,99,140,2,35.90,3,1,2,1,7,Bronze
2892,2025-02-13,2025-06-25,132,61,4,329.11,3,1,2,1,7,Bronze
2893,2024-09-01,2025-07-22,324,34,5,341.06,4,2,2,1,9,Bronze
2894,2025-06-21,2025-06-21,0,65,1,22.91,1,1,1,1,4,Bronze
2895,2024-09-10,2025-06-22,285,64,7,264.80,4,1,3,1,9,Bronze
2896,2024-10-29,2025-06-15,229,71,5,177.16,4,1,2,1,8,Bronze
2897,2024-10-30,2025-01-17,79,220,2,69.01,2,1,2,1,6,Bronze
2898,2024-10-15,2025-02-17,125,189,3,244.28,3,1,2,1,7,Bronze
2899,2024-09-23,2025-08-14,325,11,6,387.49,4,4,3,1,12,Silver
2901,2024-12-25,2025-04-09,105,138,2,20.36,3,1,2,1,7,Bronze
2902,2024-09-14,2025-04-20,218,127,4,336.90,4,1,2,1,8,Bronze
2903,2025-01-02,2025-01-02,0,235,1,49.33,1,1,1,1,4,Bronze
2904,2024-10-14,2025-06-07,236,79,4,241.18,4,1,2,1,8,Bronze
2905,2024-10-03,2025-03-27,175,151,4,130.30,3,1,2,1,7,Bronze
2906,2024-10-07,2025-08-02,299,23,4,140.62,4,3,2,1,10,Silver
2907,2024-09-08,2025-02-16,161,190,3,110.11,3,1,2,1,7,Bronze
2908,2025-02-20,2025-08-23,184,2,2,111.14,4,5,2,1,12,Silver
2909,2024-11-06,2024-11-06,0,292,1,6.42,1,1,1,1,4,Bronze
2910,2024-09-03,2025-07-29,329,27,4,51.56,4,3,2,1,10,Silver
2911,2024-11-25,2025-02-05,72,201,2,1.39,2,1,2,1,6,Bronze
2912,2025-07-14,2025-08-24,41,1,2,72.76,2,5,2,1,10,Silver
2913,2024-10-27,2025-07-04,250,52,3,165.90,4,2,2,1,9,Bronze
2914,2024-09-12,2025-03-05,174,173,5,232.79,3,1,2,1,7,Bronze
2915,2025-06-18,2025-08-16,59,9,4,64.16,2,4,2,1,9,Bronze
2916,2024-10-13,2025-02-15,125,191,4,230.50,3,1,2,1,7,Bronze
2917,2024-09-05,2025-04-12,219,135,6,394.40,4,1,3,1,9,Bronze
2918,2024-10-18,2025-02-27,132,179,5,432.76,3,1,2,1,7,Bronze
2919,2024-08-26,2025-08-22,361,3,6,389.14,4,5,3,1,13,Silver
2920,2024-12-31,2024-12-31,0,237,1,43.81,1,1,1,1,4,Bronze
2921,2024-09-17,2025-04-13,208,134,4,97.99,4,1,2,1,8,Bronze
2922,2025-04-16,2025-08-04,110,21,3,137.50,3,3,2,1,9,Bronze
2923,2024-12-18,2025-04-01,104,146,3,279.32,3,1,2,1,7,Bronze
2924,2025-01-22,2025-02-21,30,185,2,118.89,2,1,2,1,6,Bronze
2925,2024-10-22,2025-05-13,203,104,4,311.31,4,1,2,1,8,Bronze
2926,2024-11-11,2025-07-02,233,54,6,428.21,4,2,3,1,10,Silver
2927,2025-02-19,2025-08-24,186,1,2,112.76,4,5,2,1,12,Silver
2928,2024-10-13,2025-08-18,309,7,6,253.38,4,4,3,1,12,Silver
2929,2025-02-03,2025-08-03,181,22,6,416.23,4,3,3,1,11,Silver
2930,2025-03-11,2025-07-21,132,35,2,161.92,3,2,2,1,8,Bronze
2931,2024-11-28,2025-08-08,253,17,6,649.37,4,3,3,2,12,Silver
2932,2024-11-30,2025-08-12,255,13,5,341.11,4,4,2,1,11,Silver
2933,2024-09-06,2025-03-14,189,164,6,294.36,4,1,3,1,9,Bronze
2934,2024-10-03,2025-07-05,275,51,6,244.79,4,2,3,1,10,Silver
2935,2024-09-22,2025-07-23,304,33,7,320.06,4,2,3,1,10,Silver
2936,2024-08-27,2025-04-05,221,142,3,135.85,4,1,2,1,8,Bronze
2937,2024-11-20,2025-07-19,241,37,6,156.74,4,2,3,1,10,Silver
2938,2024-09-14,2025-06-20,279,66,5,398.54,4,1,2,1,8,Bronze
2939,2024-10-10,2025-08-10,304,15,10,660.12,4,4,4,2,14,Silver
2940,2024-10-25,2025-08-16,295,9,5,92.03,4,4,2,1,11,Silver
2941,2025-05-20,2025-05-25,5,92,2,131.00,1,1,2,1,5,Bronze
2942,2024-08-31,2024-09-29,29,330,2,134.90,1,1,2,1,5,Bronze
2943,2024-11-13,2025-07-19,248,37,5,265.13,4,2,2,1,9,Bronze
2944,2024-09-03,2025-04-02,211,145,4,247.21,4,1,2,1,8,Bronze
2945,2024-11-12,2025-08-09,270,16,3,175.33,4,3,2,1,10,Silver
2946,2025-04-11,2025-05-05,24,112,2,27.97,1,1,2,1,5,Bronze
2947,2024-12-15,2025-04-17,123,130,3,134.33,3,1,2,1,7,Bronze
2948,2025-03-22,2025-08-16,147,9,2,53.00,3,4,2,1,10,Silver
2949,2024-09-19,2025-06-13,267,73,4,172.43,4,1,2,1,8,Bronze
2950,2024-09-01,2024-09-01,0,358,1,7.62,1,1,1,1,4,Bronze
2951,2024-09-15,2025-04-16,213,131,3,53.68,4,1,2,1,8,Bronze
2952,2024-09-27,2025-07-09,285,47,5,440.98,4,2,2,1,9,Bronze
2953,2024-11-28,2025-07-27,241,29,6,245.48,4,3,3,1,11,Silver
2954,2024-12-24,2025-06-12,170,74,4,64.14,3,1,2,1,7,Bronze
2955,2024-11-16,2024-11-16,0,282,1,14.97,1,1,1,1,4,Bronze
2956,2024-11-24,2024-11-24,0,274,1,64.03,1,1,1,1,4,Bronze
2957,2025-08-18,2025-08-18,0,7,1,29.04,1,4,1,1,7,Bronze
2958,2025-01-01,2025-01-27,26,210,2,59.38,1,1,2,1,5,Bronze
2959,2024-10-18,2025-05-27,221,90,4,269.36,4,1,2,1,8,Bronze
2960,2024-09-19,2025-08-23,338,2,5,191.14,4,5,2,1,12,Silver
2961,2024-10-21,2025-01-30,101,207,3,33.49,3,1,2,1,7,Bronze
2962,2024-09-11,2025-07-01,293,55,6,500.84,4,2,3,2,11,Silver
2963,2024-08-29,2025-08-11,347,14,4,103.40,4,4,2,1,11,Silver
2964,2025-06-10,2025-06-10,0,76,1,15.33,1,1,1,1,4,Bronze
2965,2024-10-09,2025-05-06,209,111,4,118.67,4,1,2,1,8,Bronze
2966,2024-10-26,2025-01-01,67,236,2,101.93,2,1,2,1,6,Bronze
2967,2024-09-04,2024-11-24,81,274,3,168.54,2,1,2,1,6,Bronze
2968,2025-06-16,2025-07-18,32,38,3,265.88,2,2,2,1,7,Bronze
2969,2025-03-07,2025-08-21,167,4,3,104.20,3,5,2,1,11,Silver
2970,2024-09-20,2025-06-24,277,62,4,228.94,4,1,2,1,8,Bronze
2971,2025-01-21,2025-06-24,154,62,3,80.40,3,1,2,1,7,Bronze
2972,2024-08-30,2025-08-06,341,19,3,115.11,4,3,2,1,10,Silver
2973,2024-09-11,2025-08-22,345,3,4,370.44,4,5,2,1,12,Silver
2974,2024-12-02,2025-03-31,119,147,4,326.94,3,1,2,1,7,Bronze
2975,2024-11-11,2025-08-21,283,4,5,173.47,4,5,2,1,12,Silver
2976,2025-03-20,2025-08-02,135,23,3,215.25,3,3,2,1,9,Bronze
2977,2024-11-11,2025-03-26,135,152,2,61.55,3,1,2,1,7,Bronze
2978,2024-11-27,2025-06-18,203,68,5,305.68,4,1,2,1,8,Bronze
2979,2024-08-27,2025-07-26,333,30,5,88.59,4,3,2,1,10,Silver
2980,2025-01-08,2025-06-12,155,74,3,171.46,3,1,2,1,7,Bronze
2981,2025-05-12,2025-05-15,3,102,2,168.47,1,1,2,1,5,Bronze
2982,2024-09-03,2025-06-14,284,72,6,183.79,4,1,3,1,9,Bronze
2983,2025-01-12,2025-08-16,216,9,4,93.61,4,4,2,1,11,Silver
2984,2024-11-12,2025-06-22,222,64,4,163.33,4,1,2,1,8,Bronze
2985,2024-12-24,2025-08-20,239,5,5,294.03,4,5,2,1,12,Silver
2986,2024-10-21,2025-05-03,194,114,4,81.82,4,1,2,1,8,Bronze
2987,2025-02-05,2025-07-19,164,37,3,275.29,3,2,2,1,8,Bronze
2988,2024-10-07,2025-05-19,224,98,3,71.96,4,1,2,1,8,Bronze
2989,2024-10-06,2025-04-02,178,145,4,240.18,3,1,2,1,7,Bronze
2990,2024-10-16,2025-06-28,255,58,7,315.89,4,2,3,1,10,Silver
2992,2024-10-01,2025-07-30,302,26,4,219.10,4,3,2,1,10,Silver
2993,2025-06-15,2025-06-16,1,70,2,47.79,1,1,2,1,5,Bronze
2994,2024-09-02,2025-04-21,231,126,6,353.78,4,1,3,1,9,Bronze
2995,2024-09-08,2025-04-08,212,139,5,211.42,4,1,2,1,8,Bronze
2996,2025-03-12,2025-06-15,95,71,2,111.42,3,1,2,1,7,Bronze
2997,2024-09-16,2025-06-23,280,63,6,459.18,4,1,3,1,9,Bronze
2998,2025-03-30,2025-03-30,0,148,1,4.57,1,1,1,1,4,Bronze
2999,2024-09-08,2025-08-15,341,10,7,543.38,4,4,3,2,13,Silver
3000,2024-09-29,2025-03-07,159,171,4,249.36,3,1,2,1,7,Bronze
3001,2024-10-29,2024-10-29,0,300,1,54.17,1,1,1,1,4,Bronze
3002,2024-09-24,2025-06-19,268,67,7,288.99,4,1,3,1,9,Bronze
3003,2025-04-24,2025-04-24,0,123,1,96.62,1,1,1,1,4,Bronze
3004,2024-11-03,2024-11-03,0,295,1,10.37,1,1,1,1,4,Bronze
3005,2025-03-25,2025-03-25,0,153,1,43.57,1,1,1,1,4,Bronze
3006,2024-10-27,2025-05-15,200,102,3,146.84,4,1,2,1,8,Bronze
3007,2024-10-14,2025-08-06,296,19,8,356.18,4,3,3,1,11,Silver
3008,2024-10-20,2025-05-30,222,87,6,192.53,4,1,3,1,9,Bronze
3009,2024-11-14,2025-08-03,262,22,10,312.92,4,3,4,1,12,Silver
3010,2024-09-03,2025-08-09,340,16,4,101.14,4,3,2,1,10,Silver
3011,2025-03-06,2025-08-12,159,13,3,163.75,3,4,2,1,10,Silver
3012,2024-08-29,2025-02-25,180,181,4,32.54,4,1,2,1,8,Bronze
3013,2024-09-10,2025-05-16,248,101,5,473.28,4,1,2,1,8,Bronze
3014,2024-10-13,2025-03-22,160,156,2,137.22,3,1,2,1,7,Bronze
3015,2024-12-22,2025-05-19,148,98,3,197.37,3,1,2,1,7,Bronze
3016,2025-06-21,2025-06-21,0,65,1,2.29,1,1,1,1,4,Bronze
3017,2024-10-17,2025-07-29,285,27,5,229.26,4,3,2,1,10,Silver
3018,2024-12-01,2025-02-17,78,189,2,247.18,2,1,2,1,6,Bronze
3019,2024-10-19,2025-02-16,120,190,4,192.83,3,1,2,1,7,Bronze
3020,2024-11-24,2025-07-02,220,54,3,300.17,4,2,2,1,9,Bronze
3021,2024-10-26,2025-02-05,102,201,2,218.48,3,1,2,1,7,Bronze
3022,2025-02-02,2025-08-19,198,6,7,266.83,4,4,3,1,12,Silver
3023,2024-10-17,2025-02-01,107,205,2,22.45,3,1,2,1,7,Bronze
3024,2024-09-26,2025-04-23,209,124,5,377.02,4,1,2,1,8,Bronze
3025,2025-03-07,2025-05-14,68,103,2,173.25,2,1,2,1,6,Bronze
3026,2024-10-29,2025-07-15,259,41,5,251.25,4,2,2,1,9,Bronze
3027,2024-09-09,2025-08-18,343,7,3,233.68,4,4,2,1,11,Silver
3028,2024-09-15,2025-03-20,186,158,4,173.37,4,1,2,1,8,Bronze
3029,2024-09-01,2024-12-03,93,265,6,271.67,3,1,3,1,8,Bronze
3030,2024-08-31,2025-08-02,336,23,7,300.70,4,3,3,1,11,Silver
3031,2024-12-11,2025-07-03,204,53,2,229.92,4,2,2,1,9,Bronze
3032,2024-09-01,2025-06-22,294,64,7,245.76,4,1,3,1,9,Bronze
3033,2024-11-07,2025-08-16,282,9,6,307.87,4,4,3,1,12,Silver
3034,2025-01-09,2025-04-04,85,143,3,70.91,2,1,2,1,6,Bronze
3035,2024-09-08,2025-07-16,311,40,6,542.59,4,2,3,2,11,Silver
3036,2024-09-11,2025-07-13,305,43,4,246.16,4,2,2,1,9,Bronze
3037,2025-05-16,2025-06-01,16,85,2,170.99,1,1,2,1,5,Bronze
3038,2024-08-30,2025-08-02,337,23,6,303.06,4,3,3,1,11,Silver
3039,2024-11-19,2025-08-21,275,4,4,217.84,4,5,2,1,12,Silver
3040,2024-08-26,2025-08-25,364,0,2,11.14,4,5,2,1,12,Silver
3041,2024-10-23,2025-03-14,142,164,3,114.76,3,1,2,1,7,Bronze
3042,2024-11-10,2025-08-01,264,24,4,200.04,4,3,2,1,10,Silver
3044,2024-11-16,2025-07-25,251,31,3,112.74,4,2,2,1,9,Bronze
3045,2024-12-14,2025-02-17,65,189,4,340.83,2,1,2,1,6,Bronze
3046,2024-10-11,2025-06-27,259,59,4,230.28,4,2,2,1,9,Bronze
3047,2024-10-28,2025-08-23,299,2,6,325.58,4,5,3,1,13,Silver
3048,2025-03-11,2025-07-20,131,36,4,240.47,3,2,2,1,8,Bronze
3049,2025-03-07,2025-05-27,81,90,2,135.65,2,1,2,1,6,Bronze
3050,2025-04-13,2025-08-20,129,5,4,160.11,3,5,2,1,11,Silver
3051,2025-02-25,2025-02-25,0,181,1,33.39,1,1,1,1,4,Bronze
3052,2024-10-06,2025-08-06,304,19,3,160.33,4,3,2,1,10,Silver
3053,2024-09-07,2025-06-22,288,64,3,205.48,4,1,2,1,8,Bronze
3054,2024-10-06,2025-04-23,199,124,5,426.46,4,1,2,1,8,Bronze
3055,2024-09-23,2025-06-14,264,72,6,360.93,4,1,3,1,9,Bronze
3056,2025-03-30,2025-07-05,97,51,5,265.77,3,2,2,1,8,Bronze
3057,2024-08-27,2025-07-05,312,51,4,51.54,4,2,2,1,9,Bronze
3058,2024-10-25,2025-07-11,259,45,4,271.65,4,2,2,1,9,Bronze
3059,2024-09-22,2025-04-24,214,123,5,538.68,4,1,2,2,9,Bronze
3060,2024-10-27,2024-10-27,0,302,1,55.63,1,1,1,1,4,Bronze
3061,2025-03-02,2025-04-30,59,117,2,90.44,2,1,2,1,6,Bronze
3062,2024-12-29,2025-08-24,238,1,3,89.42,4,5,2,1,12,Silver
3063,2025-05-23,2025-05-23,0,94,1,45.06,1,1,1,1,4,Bronze
3064,2025-02-19,2025-08-12,174,13,4,373.79,3,4,2,1,10,Silver
3065,2024-09-25,2025-04-13,200,134,3,131.35,4,1,2,1,8,Bronze
3066,2024-11-23,2025-07-17,236,39,6,458.37,4,2,3,1,10,Silver
3067,2024-12-03,2025-04-02,120,145,3,64.65,3,1,2,1,7,Bronze
3068,2024-09-29,2025-08-22,327,3,10,558.93,4,5,4,2,15,Gold
3069,2024-10-02,2025-04-14,194,133,4,197.99,4,1,2,1,8,Bronze
3070,2024-10-20,2025-07-01,254,55,6,328.46,4,2,3,1,10,Silver
3071,2024-08-27,2025-07-18,325,38,5,282.59,4,2,2,1,9,Bronze
3072,2025-03-24,2025-03-24,0,154,1,47.26,1,1,1,1,4,Bronze
3073,2024-12-16,2025-04-17,122,130,2,78.90,3,1,2,1,7,Bronze
3074,2024-09-25,2025-03-08,164,170,4,208.73,3,1,2,1,7,Bronze
3075,2024-10-17,2025-05-24,219,93,5,143.52,4,1,2,1,8,Bronze
3076,2024-10-26,2025-04-06,162,141,2,68.39,3,1,2,1,7,Bronze
3077,2024-10-24,2025-05-30,218,87,4,151.58,4,1,2,1,8,Bronze
3079,2024-09-09,2025-04-20,223,127,6,295.95,4,1,3,1,9,Bronze
3080,2024-09-09,2025-01-01,114,236,3,149.35,3,1,2,1,7,Bronze
3081,2024-11-28,2025-08-21,266,4,6,237.00,4,5,3,1,13,Silver
3082,2024-09-07,2025-06-18,284,68,3,250.50,4,1,2,1,8,Bronze
3083,2024-11-26,2025-08-01,248,24,8,498.42,4,3,3,1,11,Silver
3084,2024-08-31,2025-04-21,233,126,3,211.10,4,1,2,1,8,Bronze
3085,2025-02-02,2025-07-12,160,44,5,418.26,3,2,2,1,8,Bronze
3087,2024-12-14,2025-05-27,164,90,5,402.19,3,1,2,1,7,Bronze
3088,2024-10-28,2025-07-12,257,44,9,366.78,4,2,3,1,10,Silver
3089,2024-09-11,2025-05-01,232,116,5,135.32,4,1,2,1,8,Bronze
3090,2024-10-07,2025-07-24,290,32,8,258.60,4,2,3,1,10,Silver
3091,2024-10-31,2025-05-20,201,97,4,142.03,4,1,2,1,8,Bronze
3092,2024-09-08,2025-08-23,349,2,5,215.61,4,5,2,1,12,Silver
3093,2024-08-30,2025-06-10,284,76,3,157.17,4,1,2,1,8,Bronze
3094,2024-09-16,2024-09-16,0,343,1,93.24,1,1,1,1,4,Bronze
3095,2025-06-05,2025-07-18,43,38,2,143.04,2,2,2,1,7,Bronze
3096,2025-02-07,2025-08-22,196,3,5,116.40,4,5,2,1,12,Silver
3097,2025-02-26,2025-02-26,0,180,1,50.28,1,1,1,1,4,Bronze
3098,2025-02-18,2025-08-04,167,21,5,226.78,3,3,2,1,9,Bronze
3099,2024-10-10,2025-07-15,278,41,5,229.59,4,2,2,1,9,Bronze
3100,2024-08-30,2024-08-30,0,360,1,8.52,1,1,1,1,4,Bronze
3101,2025-01-09,2025-05-28,139,89,5,251.49,3,1,2,1,7,Bronze
3102,2025-04-06,2025-07-04,89,52,2,45.65,2,2,2,1,7,Bronze
3103,2024-11-14,2024-11-14,0,284,1,1.42,1,1,1,1,4,Bronze
3104,2024-11-03,2025-06-16,225,70,7,168.00,4,1,3,1,9,Bronze
3105,2025-03-10,2025-07-31,143,25,3,210.26,3,3,2,1,9,Bronze
3106,2024-09-26,2025-07-07,284,49,4,222.01,4,2,2,1,9,Bronze
3107,2025-07-30,2025-07-30,0,26,1,70.20,1,3,1,1,6,Bronze
3108,2025-01-19,2025-08-12,205,13,2,37.32,4,4,2,1,11,Silver
3109,2024-09-15,2025-08-07,326,18,10,550.56,4,3,4,2,13,Silver
3110,2024-09-27,2025-07-05,281,51,7,232.18,4,2,3,1,10,Silver
3111,2024-10-19,2025-08-01,286,24,3,147.50,4,3,2,1,10,Silver
3112,2024-10-03,2025-07-24,294,32,4,192.86,4,2,2,1,9,Bronze
3113,2024-09-01,2025-05-07,248,110,4,126.07,4,1,2,1,8,Bronze
3114,2024-12-30,2024-12-30,0,238,1,73.90,1,1,1,1,4,Bronze
3115,2025-02-03,2025-07-13,160,43,5,320.42,3,2,2,1,8,Bronze
3116,2024-10-24,2025-05-11,199,106,5,426.04,4,1,2,1,8,Bronze
3117,2024-09-27,2025-07-15,291,41,7,406.14,4,2,3,1,10,Silver
3118,2024-10-17,2025-04-23,188,124,5,327.54,4,1,2,1,8,Bronze
3119,2025-02-23,2025-05-06,72,111,3,137.07,2,1,2,1,6,Bronze
3120,2024-11-19,2025-02-05,78,201,3,182.12,2,1,2,1,6,Bronze
3121,2024-09-19,2025-08-18,333,7,6,362.55,4,4,3,1,12,Silver
3122,2024-09-27,2025-08-17,324,8,5,150.53,4,4,2,1,11,Silver
3123,2024-09-22,2025-08-09,321,16,6,343.26,4,3,3,1,11,Silver
3124,2024-10-21,2025-05-24,215,93,4,267.29,4,1,2,1,8,Bronze
3125,2024-10-26,2025-07-21,268,35,4,184.22,4,2,2,1,9,Bronze
3126,2024-09-06,2025-05-30,266,87,7,303.87,4,1,3,1,9,Bronze
3127,2024-11-08,2025-06-13,217,73,4,93.26,4,1,2,1,8,Bronze
3128,2024-09-08,2025-05-05,239,112,5,242.72,4,1,2,1,8,Bronze
3129,2024-11-23,2025-07-18,237,38,8,585.40,4,2,3,2,11,Silver
3130,2024-09-05,2025-07-06,304,50,7,492.65,4,2,3,1,10,Silver
3131,2025-02-06,2025-08-04,179,21,4,141.33,3,3,2,1,9,Bronze
3132,2024-10-20,2025-08-15,299,10,4,158.27,4,4,2,1,11,Silver
3133,2024-09-19,2025-08-09,324,16,9,503.80,4,3,3,2,12,Silver
3134,2024-10-04,2025-07-25,294,31,6,311.74,4,2,3,1,10,Silver
3135,2025-03-06,2025-08-09,156,16,2,33.99,3,3,2,1,9,Bronze
3136,2025-01-17,2025-08-15,210,10,7,303.76,4,4,3,1,12,Silver
3137,2024-08-27,2025-07-15,322,41,5,264.60,4,2,2,1,9,Bronze
3138,2025-02-20,2025-07-07,137,49,6,332.44,3,2,3,1,9,Bronze
3139,2024-11-30,2025-07-24,236,32,3,163.68,4,2,2,1,9,Bronze
3140,2024-09-03,2025-08-21,352,4,7,251.42,4,5,3,1,13,Silver
3141,2024-11-23,2024-12-28,35,240,3,245.64,2,1,2,1,6,Bronze
3142,2024-10-13,2025-07-24,284,32,8,421.11,4,2,3,1,10,Silver
3143,2024-08-27,2025-08-22,360,3,2,17.80,4,5,2,1,12,Silver
3144,2024-09-03,2025-06-08,278,78,5,343.93,4,1,2,1,8,Bronze
3145,2025-03-16,2025-06-21,97,65,5,149.83,3,1,2,1,7,Bronze
3146,2024-09-07,2025-07-18,314,38,3,73.66,4,2,2,1,9,Bronze
3147,2024-10-23,2025-04-20,179,127,4,226.54,3,1,2,1,7,Bronze
3148,2025-08-20,2025-08-20,0,5,1,5.08,1,5,1,1,8,Bronze
3149,2025-07-08,2025-07-08,0,48,1,78.81,1,2,1,1,5,Bronze
3150,2024-08-28,2025-03-12,196,166,3,107.38,4,1,2,1,8,Bronze
3151,2024-10-30,2025-07-29,272,27,7,382.77,4,3,3,1,11,Silver
3152,2024-12-24,2025-06-17,175,69,3,117.20,3,1,2,1,7,Bronze
3153,2025-07-29,2025-08-16,18,9,2,116.36,1,4,2,1,8,Bronze
3154,2024-10-03,2025-05-18,227,99,5,172.64,4,1,2,1,8,Bronze
3155,2025-05-23,2025-08-06,75,19,2,83.32,2,3,2,1,8,Bronze
3156,2025-03-21,2025-03-31,10,147,2,63.15,1,1,2,1,5,Bronze
3157,2024-09-27,2025-05-05,220,112,3,217.99,4,1,2,1,8,Bronze
3158,2024-11-19,2025-08-08,262,17,4,199.10,4,3,2,1,10,Silver
3159,2024-10-25,2025-06-21,239,65,10,402.75,4,1,4,1,10,Silver
3160,2024-11-09,2025-07-03,236,53,4,201.17,4,2,2,1,9,Bronze
3161,2024-10-01,2025-07-29,301,27,6,316.61,4,3,3,1,11,Silver
3162,2024-09-17,2025-07-30,316,26,3,249.44,4,3,2,1,10,Silver
3163,2024-09-08,2025-06-07,272,79,6,264.54,4,1,3,1,9,Bronze
3164,2024-10-11,2025-05-20,221,97,4,131.86,4,1,2,1,8,Bronze
3165,2025-03-02,2025-06-03,93,83,5,249.82,3,1,2,1,7,Bronze
3166,2025-01-05,2025-05-20,135,97,2,80.00,3,1,2,1,7,Bronze
3167,2025-02-27,2025-02-27,0,179,1,72.82,1,1,1,1,4,Bronze
3168,2024-08-31,2025-08-16,350,9,8,390.12,4,4,3,1,12,Silver
3169,2024-09-12,2025-07-21,312,35,4,283.67,4,2,2,1,9,Bronze
3170,2024-09-18,2025-01-10,114,227,4,202.89,3,1,2,1,7,Bronze
3171,2024-12-15,2025-07-08,205,48,5,249.30,4,2,2,1,9,Bronze
3172,2024-10-30,2025-07-26,269,30,6,301.54,4,3,3,1,11,Silver
3173,2025-07-08,2025-08-15,38,10,4,308.26,2,4,2,1,9,Bronze
3174,2024-12-17,2025-06-13,178,73,2,42.52,3,1,2,1,7,Bronze
3175,2024-09-03,2025-06-28,298,58,6,368.82,4,2,3,1,10,Silver
3176,2024-08-31,2025-07-17,320,39,3,72.67,4,2,2,1,9,Bronze
3177,2024-11-02,2024-11-26,24,272,2,46.19,1,1,2,1,5,Bronze
3178,2024-10-13,2025-06-25,255,61,4,302.97,4,1,2,1,8,Bronze
3179,2025-02-23,2025-04-16,52,131,2,164.20,2,1,2,1,6,Bronze
3180,2025-01-09,2025-05-14,125,103,2,64.38,3,1,2,1,7,Bronze
3181,2024-10-24,2025-06-09,228,77,4,85.23,4,1,2,1,8,Bronze
3182,2024-08-27,2025-02-13,170,193,3,214.62,3,1,2,1,7,Bronze
3183,2024-09-11,2025-04-24,225,123,2,113.67,4,1,2,1,8,Bronze
3184,2025-01-16,2025-05-17,121,100,3,205.16,3,1,2,1,7,Bronze
3185,2024-10-13,2025-06-06,236,80,4,198.88,4,1,2,1,8,Bronze
3186,2024-09-30,2025-04-20,202,127,2,220.16,4,1,2,1,8,Bronze
3187,2025-04-18,2025-04-18,0,129,1,129.05,1,1,1,1,4,Bronze
3188,2024-12-11,2025-03-18,97,160,2,56.37,3,1,2,1,7,Bronze
3189,2024-09-26,2025-05-25,241,92,7,312.91,4,1,3,1,9,Bronze
3190,2024-10-11,2025-07-20,282,36,4,176.23,4,2,2,1,9,Bronze
3191,2024-08-27,2025-07-09,316,47,6,172.10,4,2,3,1,10,Silver
3192,2025-01-26,2025-06-11,136,75,3,168.70,3,1,2,1,7,Bronze
3193,2025-03-28,2025-08-04,129,21,2,36.89,3,3,2,1,9,Bronze
3194,2025-02-01,2025-07-02,151,54,3,131.27,3,2,2,1,8,Bronze
3196,2024-12-08,2025-03-06,88,172,4,268.37,2,1,2,1,6,Bronze
3197,2025-01-13,2025-06-03,141,83,2,28.71,3,1,2,1,7,Bronze
3198,2024-10-18,2025-05-18,212,99,5,344.78,4,1,2,1,8,Bronze
3199,2024-09-04,2025-03-25,202,153,5,278.14,4,1,2,1,8,Bronze
3200,2024-09-03,2024-12-19,107,249,4,94.70,3,1,2,1,7,Bronze
3201,2025-02-02,2025-05-03,90,114,3,212.70,3,1,2,1,7,Bronze
3202,2024-10-05,2025-07-03,271,53,3,78.39,4,2,2,1,9,Bronze
3203,2024-12-16,2025-07-05,201,51,4,180.93,4,2,2,1,9,Bronze
3204,2024-10-17,2025-07-22,278,34,6,349.03,4,2,3,1,10,Silver
3205,2024-09-20,2025-05-16,238,101,5,293.74,4,1,2,1,8,Bronze
3206,2024-10-02,2025-07-18,289,38,3,149.08,4,2,2,1,9,Bronze
3207,2024-09-20,2025-05-19,241,98,6,257.98,4,1,3,1,9,Bronze
3208,2024-09-05,2025-08-11,340,14,7,375.14,4,4,3,1,12,Silver
3209,2024-11-12,2025-05-29,198,88,4,64.72,4,1,2,1,8,Bronze
3210,2024-10-02,2025-08-14,316,11,7,412.78,4,4,3,1,12,Silver
3211,2024-12-16,2025-06-21,187,65,4,274.94,4,1,2,1,8,Bronze
3212,2024-11-15,2025-07-30,257,26,6,201.10,4,3,3,1,11,Silver
3213,2024-09-01,2025-08-14,347,11,10,526.13,4,4,4,2,14,Silver
3214,2024-11-19,2025-08-04,258,21,6,402.21,4,3,3,1,11,Silver
3215,2024-10-10,2025-07-04,267,52,5,281.71,4,2,2,1,9,Bronze
3216,2024-12-07,2025-06-05,180,81,4,257.37,4,1,2,1,8,Bronze
3217,2024-10-19,2025-07-29,283,27,4,141.67,4,3,2,1,10,Silver
3218,2024-09-14,2025-08-11,331,14,10,516.44,4,4,4,2,14,Silver
3219,2024-09-07,2025-01-27,142,210,2,248.14,3,1,2,1,7,Bronze
3220,2024-11-27,2025-05-31,185,86,5,224.94,4,1,2,1,8,Bronze
3221,2025-03-10,2025-03-10,0,168,1,38.05,1,1,1,1,4,Bronze
3222,2024-09-29,2025-06-10,254,76,3,114.44,4,1,2,1,8,Bronze
3223,2024-10-19,2025-05-14,207,103,3,116.04,4,1,2,1,8,Bronze
3224,2024-11-21,2025-08-12,264,13,6,350.26,4,4,3,1,12,Silver
3225,2024-09-19,2025-07-30,314,26,3,99.99,4,3,2,1,10,Silver
3226,2025-02-05,2025-07-13,158,43,2,95.67,3,2,2,1,8,Bronze
3227,2024-12-03,2025-07-29,238,27,3,111.19,4,3,2,1,10,Silver
3228,2024-10-02,2025-06-29,270,57,6,305.13,4,2,3,1,10,Silver
3229,2024-10-14,2025-08-05,295,20,3,106.41,4,3,2,1,10,Silver
3230,2024-11-07,2025-05-07,181,110,3,83.70,4,1,2,1,8,Bronze
3231,2024-08-28,2025-08-12,349,13,8,401.13,4,4,3,1,12,Silver
3232,2024-12-30,2025-06-27,179,59,3,114.47,3,2,2,1,8,Bronze
3234,2025-01-02,2025-08-21,231,4,3,89.80,4,5,2,1,12,Silver
3235,2024-09-01,2025-02-21,173,185,2,91.54,3,1,2,1,7,Bronze
3236,2024-12-01,2025-06-09,190,77,3,159.30,4,1,2,1,8,Bronze
3237,2024-09-07,2025-07-10,306,46,8,483.67,4,2,3,1,10,Silver
3238,2024-09-25,2025-08-07,316,18,6,399.27,4,3,3,1,11,Silver
3240,2024-12-01,2025-07-05,216,51,5,318.67,4,2,2,1,9,Bronze
3241,2025-01-19,2025-03-10,50,168,2,45.97,2,1,2,1,6,Bronze
3242,2024-10-06,2025-08-08,306,17,5,272.03,4,3,2,1,10,Silver
3243,2024-09-12,2024-10-20,38,309,3,231.17,2,1,2,1,6,Bronze
3244,2025-02-25,2025-05-28,92,89,6,240.53,3,1,3,1,8,Bronze
3245,2025-02-09,2025-03-25,44,153,3,214.31,2,1,2,1,6,Bronze
3246,2025-01-21,2025-04-21,90,126,2,26.89,3,1,2,1,7,Bronze
3247,2024-08-27,2025-08-05,343,20,8,198.86,4,3,3,1,11,Silver
3248,2024-10-16,2025-06-18,245,68,3,217.99,4,1,2,1,8,Bronze
3249,2025-05-19,2025-05-19,0,98,1,61.63,1,1,1,1,4,Bronze
3250,2024-10-23,2025-07-24,274,32,2,90.16,4,2,2,1,9,Bronze
3251,2024-10-27,2025-07-25,271,31,7,273.77,4,2,3,1,10,Silver
3252,2025-02-04,2025-08-21,198,4,5,261.81,4,5,2,1,12,Silver
3253,2024-10-01,2025-07-21,293,35,5,374.09,4,2,2,1,9,Bronze
3254,2024-12-20,2025-06-23,185,63,5,432.28,4,1,2,1,8,Bronze
3255,2024-09-07,2025-08-18,345,7,8,378.59,4,4,3,1,12,Silver
3256,2024-09-03,2025-01-03,122,234,3,148.51,3,1,2,1,7,Bronze
3257,2024-09-20,2025-06-27,280,59,5,188.19,4,2,2,1,9,Bronze
3258,2024-09-08,2025-07-09,304,47,4,255.18,4,2,2,1,9,Bronze
3259,2025-05-30,2025-06-02,3,84,2,51.77,1,1,2,1,5,Bronze
3260,2025-03-23,2025-07-07,106,49,3,176.44,3,2,2,1,8,Bronze
3261,2024-09-16,2025-08-25,343,0,6,216.80,4,5,3,1,13,Silver
3262,2025-03-14,2025-08-18,157,7,3,74.18,3,4,2,1,10,Silver
3263,2024-09-20,2025-04-15,207,132,3,239.00,4,1,2,1,8,Bronze
3264,2024-10-19,2025-06-09,233,77,3,77.93,4,1,2,1,8,Bronze
3265,2024-11-23,2025-08-03,253,22,6,354.07,4,3,3,1,11,Silver
3266,2024-12-16,2025-07-21,217,35,4,147.90,4,2,2,1,9,Bronze
3267,2024-09-27,2025-07-05,281,51,4,276.29,4,2,2,1,9,Bronze
3268,2024-12-21,2025-07-09,200,47,4,263.17,4,2,2,1,9,Bronze
3269,2025-01-27,2025-02-09,13,197,2,158.10,1,1,2,1,5,Bronze
3270,2024-10-29,2025-08-19,294,6,8,405.77,4,4,3,1,12,Silver
3271,2024-09-18,2025-07-25,310,31,5,276.89,4,2,2,1,9,Bronze
3272,2024-08-28,2025-05-28,273,89,6,313.45,4,1,3,1,9,Bronze
3273,2024-10-10,2025-08-08,302,17,6,291.73,4,3,3,1,11,Silver
3274,2024-09-07,2024-10-02,25,327,2,108.63,1,1,2,1,5,Bronze
3275,2024-12-25,2025-08-05,223,20,3,203.11,4,3,2,1,10,Silver
3276,2024-12-24,2025-06-17,175,69,3,231.70,3,1,2,1,7,Bronze
3277,2024-11-03,2025-08-01,271,24,6,284.26,4,3,3,1,11,Silver
3278,2024-11-01,2025-06-12,223,74,7,205.52,4,1,3,1,9,Bronze
3279,2024-11-02,2025-06-11,221,75,4,55.59,4,1,2,1,8,Bronze
3280,2024-09-20,2025-06-17,270,69,2,176.12,4,1,2,1,8,Bronze
3281,2024-11-18,2025-07-28,252,28,4,233.65,4,3,2,1,10,Silver
3282,2024-09-08,2024-10-03,25,326,2,125.13,1,1,2,1,5,Bronze
3283,2024-08-30,2025-08-07,342,18,4,267.41,4,3,2,1,10,Silver
3284,2024-10-20,2025-06-10,233,76,4,56.66,4,1,2,1,8,Bronze
3285,2024-09-12,2025-08-21,343,4,4,321.44,4,5,2,1,12,Silver
3286,2025-01-12,2025-08-22,222,3,6,317.65,4,5,3,1,13,Silver
3287,2024-08-31,2025-07-09,312,47,7,201.66,4,2,3,1,10,Silver
3288,2024-10-09,2025-07-25,289,31,2,128.50,4,2,2,1,9,Bronze
3289,2024-09-04,2024-09-22,18,337,2,148.36,1,1,2,1,5,Bronze
3290,2024-08-26,2025-05-04,251,113,4,143.08,4,1,2,1,8,Bronze
3291,2025-02-28,2025-06-02,94,84,4,271.36,3,1,2,1,7,Bronze
3292,2024-08-29,2025-07-04,309,52,3,286.13,4,2,2,1,9,Bronze
3293,2024-11-10,2025-03-30,140,148,4,140.43,3,1,2,1,7,Bronze
3294,2025-01-07,2025-08-07,212,18,5,290.13,4,3,2,1,10,Silver
3295,2024-11-15,2025-07-09,236,47,6,312.69,4,2,3,1,10,Silver
3296,2024-09-18,2025-03-23,186,155,3,124.07,4,1,2,1,8,Bronze
3297,2024-11-29,2025-01-18,50,219,2,96.13,2,1,2,1,6,Bronze
3298,2024-08-29,2025-04-22,236,125,3,86.35,4,1,2,1,8,Bronze
3299,2024-12-10,2025-05-27,168,90,6,169.26,3,1,3,1,8,Bronze
3300,2024-11-22,2025-07-24,244,32,4,171.52,4,2,2,1,9,Bronze
3301,2025-04-10,2025-04-10,0,137,1,105.59,1,1,1,1,4,Bronze
3302,2024-10-15,2025-07-18,276,38,5,282.01,4,2,2,1,9,Bronze
3303,2024-10-01,2025-07-12,284,44,5,272.15,4,2,2,1,9,Bronze
3304,2024-12-21,2025-08-03,225,22,6,263.86,4,3,3,1,11,Silver
3305,2025-01-17,2025-06-15,149,71,3,187.32,3,1,2,1,7,Bronze
3306,2024-09-11,2024-12-13,93,255,5,343.38,3,1,2,1,7,Bronze
3307,2024-08-29,2024-12-04,97,264,3,254.90,3,1,2,1,7,Bronze
3308,2024-12-07,2025-07-12,217,44,4,128.65,4,2,2,1,9,Bronze
3309,2025-04-15,2025-04-15,0,132,1,148.80,1,1,1,1,4,Bronze
3310,2024-09-03,2024-09-25,22,334,2,165.94,1,1,2,1,5,Bronze
3311,2024-12-23,2025-02-19,58,187,2,85.42,2,1,2,1,6,Bronze
3312,2025-04-19,2025-07-26,98,30,2,44.91,3,3,2,1,9,Bronze
3313,2025-01-20,2025-02-15,26,191,2,212.93,1,1,2,1,5,Bronze
3314,2024-09-02,2024-09-10,8,349,3,322.94,1,1,2,1,5,Bronze
3315,2025-01-25,2025-06-04,130,82,2,58.63,3,1,2,1,7,Bronze
3316,2025-01-14,2025-08-16,214,9,4,89.39,4,4,2,1,11,Silver
3317,2024-08-29,2024-10-18,50,311,3,106.88,2,1,2,1,6,Bronze
3318,2025-03-24,2025-05-23,60,94,2,33.06,2,1,2,1,6,Bronze
3319,2024-09-02,2025-07-05,306,51,2,188.88,4,2,2,1,9,Bronze
3320,2025-01-24,2025-08-13,201,12,3,76.44,4,4,2,1,11,Silver
3321,2025-01-30,2025-01-30,0,207,1,77.32,1,1,1,1,4,Bronze
3322,2024-09-09,2025-07-29,323,27,6,485.83,4,3,3,1,11,Silver
3323,2024-10-13,2025-08-16,307,9,6,163.23,4,4,3,1,12,Silver
3324,2024-09-20,2024-10-08,18,321,2,114.67,1,1,2,1,5,Bronze
3325,2024-11-27,2025-08-14,260,11,4,299.98,4,4,2,1,11,Silver
3326,2024-09-17,2025-06-10,266,76,6,306.16,4,1,3,1,9,Bronze
3327,2024-09-04,2025-07-11,310,45,3,239.80,4,2,2,1,9,Bronze
3328,2024-09-14,2025-07-26,315,30,6,242.93,4,3,3,1,11,Silver
3329,2024-10-07,2025-01-08,93,229,3,65.08,3,1,2,1,7,Bronze
3330,2024-12-06,2025-08-20,257,5,6,157.88,4,5,3,1,13,Silver
3331,2025-06-18,2025-06-27,9,59,2,227.41,1,2,2,1,6,Bronze
3332,2024-10-23,2025-07-31,281,25,6,161.80,4,3,3,1,11,Silver
3333,2024-10-04,2025-08-16,316,9,4,189.86,4,4,2,1,11,Silver
3334,2024-09-11,2025-06-27,289,59,6,323.90,4,2,3,1,10,Silver
3335,2024-08-31,2025-07-03,306,53,4,196.45,4,2,2,1,9,Bronze
3336,2024-11-20,2025-03-16,116,162,2,47.91,3,1,2,1,7,Bronze
3338,2024-09-17,2025-07-21,307,35,8,462.42,4,2,3,1,10,Silver
3339,2024-09-01,2024-11-26,86,272,2,163.33,2,1,2,1,6,Bronze
3340,2025-01-31,2025-01-31,0,206,1,96.47,1,1,1,1,4,Bronze
3341,2024-09-13,2025-07-28,318,28,7,341.32,4,3,3,1,11,Silver
3342,2024-11-27,2025-08-16,262,9,4,204.14,4,4,2,1,11,Silver
3343,2024-09-19,2025-07-02,286,54,7,401.23,4,2,3,1,10,Silver
3344,2024-12-21,2025-05-29,159,88,3,71.78,3,1,2,1,7,Bronze
3345,2024-09-12,2024-09-12,0,347,1,21.45,1,1,1,1,4,Bronze
3346,2024-11-17,2025-08-06,262,19,3,75.53,4,3,2,1,10,Silver
3347,2025-01-29,2025-08-15,198,10,2,89.30,4,4,2,1,11,Silver
3348,2024-10-06,2025-06-22,259,64,5,143.92,4,1,2,1,8,Bronze
3349,2024-11-06,2025-06-22,228,64,3,166.60,4,1,2,1,8,Bronze
3350,2024-11-05,2025-04-16,162,131,2,22.87,3,1,2,1,7,Bronze
3351,2025-02-04,2025-06-22,138,64,2,154.40,3,1,2,1,7,Bronze
3352,2025-02-19,2025-08-24,186,1,3,131.95,4,5,2,1,12,Silver
3353,2024-08-26,2025-08-01,340,24,6,288.82,4,3,3,1,11,Silver
3354,2024-08-30,2025-03-15,197,163,3,123.18,4,1,2,1,8,Bronze
3355,2024-11-18,2025-07-30,254,26,3,99.07,4,3,2,1,10,Silver
3356,2024-08-31,2025-06-16,289,70,3,266.98,4,1,2,1,8,Bronze
3357,2024-10-11,2025-06-10,242,76,6,254.93,4,1,3,1,9,Bronze
3358,2024-10-29,2025-07-20,264,36,6,335.80,4,2,3,1,10,Silver
3359,2025-04-06,2025-05-02,26,115,3,267.59,1,1,2,1,5,Bronze
3360,2024-10-19,2025-05-07,200,110,5,186.95,4,1,2,1,8,Bronze
3361,2025-04-18,2025-07-16,89,40,4,264.42,2,2,2,1,7,Bronze
3362,2024-10-13,2025-08-06,297,19,7,345.87,4,3,3,1,11,Silver
3363,2024-09-25,2025-08-25,334,0,3,123.26,4,5,2,1,12,Silver
3364,2025-06-07,2025-08-15,69,10,2,16.10,2,4,2,1,9,Bronze
3365,2024-10-02,2025-07-10,281,46,3,75.01,4,2,2,1,9,Bronze
3366,2025-01-26,2025-05-19,113,98,4,98.54,3,1,2,1,7,Bronze
3367,2024-09-11,2025-08-19,342,6,6,204.06,4,4,3,1,12,Silver
3368,2024-10-11,2025-05-21,222,96,3,96.29,4,1,2,1,8,Bronze
3369,2024-12-26,2025-08-05,222,20,6,374.98,4,3,3,1,11,Silver
3370,2024-11-22,2025-08-24,275,1,6,283.14,4,5,3,1,13,Silver
3371,2024-10-11,2025-07-29,291,27,3,211.32,4,3,2,1,10,Silver
3372,2025-04-21,2025-04-21,0,126,1,72.61,1,1,1,1,4,Bronze
3373,2024-11-02,2025-04-23,172,124,2,86.69,3,1,2,1,7,Bronze
3374,2024-10-01,2025-08-05,308,20,6,262.40,4,3,3,1,11,Silver
3375,2025-01-01,2025-07-10,190,46,3,149.67,4,2,2,1,9,Bronze
3376,2024-09-19,2025-06-09,263,77,5,142.45,4,1,2,1,8,Bronze
3377,2024-09-05,2025-06-09,277,77,4,286.13,4,1,2,1,8,Bronze
3378,2024-10-05,2025-06-09,247,77,4,97.83,4,1,2,1,8,Bronze
3379,2024-10-27,2025-07-31,277,25,4,150.52,4,3,2,1,10,Silver
3380,2024-10-12,2025-05-24,224,93,6,483.35,4,1,3,1,9,Bronze
3381,2024-08-27,2025-07-12,319,44,7,275.25,4,2,3,1,10,Silver
3382,2025-01-26,2025-05-22,116,95,3,102.26,3,1,2,1,7,Bronze
3383,2024-09-21,2025-08-18,331,7,4,205.08,4,4,2,1,11,Silver
3384,2025-03-11,2025-03-27,16,151,2,4.68,1,1,2,1,5,Bronze
3385,2024-12-17,2025-05-15,149,102,2,147.20,3,1,2,1,7,Bronze
3386,2025-01-20,2025-05-30,130,87,2,46.80,3,1,2,1,7,Bronze
3387,2024-09-16,2025-08-16,334,9,5,172.62,4,4,2,1,11,Silver
3388,2024-12-09,2025-07-22,225,34,6,247.76,4,2,3,1,10,Silver
3390,2024-12-22,2025-04-04,103,143,2,121.19,3,1,2,1,7,Bronze
3391,2024-09-07,2025-07-23,319,33,9,543.84,4,2,3,2,11,Silver
3392,2024-09-15,2025-07-30,318,26,5,161.27,4,3,2,1,10,Silver
3393,2024-12-07,2025-04-21,135,126,4,359.64,3,1,2,1,7,Bronze
3394,2025-04-16,2025-04-17,1,130,2,94.85,1,1,2,1,5,Bronze
3395,2024-09-20,2025-01-16,118,221,3,113.57,3,1,2,1,7,Bronze
3396,2024-10-17,2025-08-16,303,9,7,220.46,4,4,3,1,12,Silver
3397,2024-12-09,2025-08-23,257,2,2,72.67,4,5,2,1,12,Silver
3398,2024-10-30,2025-08-04,278,21,3,115.24,4,3,2,1,10,Silver
3399,2024-10-23,2025-07-08,258,48,4,116.53,4,2,2,1,9,Bronze
3400,2025-01-17,2025-06-05,139,81,4,264.85,3,1,2,1,7,Bronze
3401,2025-01-07,2025-06-09,153,77,3,119.79,3,1,2,1,7,Bronze
3402,2024-10-31,2025-07-12,254,44,4,257.37,4,2,2,1,9,Bronze
3403,2025-03-01,2025-06-25,116,61,5,321.81,3,1,2,1,7,Bronze
3404,2024-10-31,2025-08-25,298,0,9,365.26,4,5,3,1,13,Silver
3405,2024-10-11,2025-05-19,220,98,6,86.83,4,1,3,1,9,Bronze
3406,2024-09-06,2025-08-01,329,24,8,619.34,4,3,3,2,12,Silver
3407,2025-02-17,2025-05-31,103,86,3,103.17,3,1,2,1,7,Bronze
3408,2024-08-29,2025-07-28,333,28,6,230.90,4,3,3,1,11,Silver
3409,2024-12-10,2025-07-21,223,35,3,95.75,4,2,2,1,9,Bronze
3410,2025-02-08,2025-08-22,195,3,6,165.73,4,5,3,1,13,Silver
3411,2024-10-11,2025-05-16,217,101,3,91.66,4,1,2,1,8,Bronze
3412,2024-09-07,2025-06-10,276,76,10,574.94,4,1,4,2,11,Silver
3413,2024-09-27,2025-07-08,284,48,6,358.68,4,2,3,1,10,Silver
3414,2024-11-18,2025-08-22,277,3,4,208.17,4,5,2,1,12,Silver
3416,2024-11-25,2025-08-10,258,15,2,112.90,4,4,2,1,11,Silver
3417,2024-09-18,2025-04-22,216,125,5,196.88,4,1,2,1,8,Bronze
3418,2024-11-14,2025-08-12,271,13,3,123.37,4,4,2,1,11,Silver
3419,2024-09-26,2025-07-03,280,53,3,139.57,4,2,2,1,9,Bronze
3420,2024-10-02,2024-10-02,0,327,1,45.23,1,1,1,1,4,Bronze
3421,2024-09-27,2025-07-07,283,49,6,326.45,4,2,3,1,10,Silver
3422,2024-10-06,2025-08-21,319,4,6,357.18,4,5,3,1,13,Silver
3423,2024-11-26,2025-08-11,258,14,3,135.05,4,4,2,1,11,Silver
3424,2024-08-31,2025-08-05,339,20,4,276.44,4,3,2,1,10,Silver
3425,2024-11-05,2025-05-16,192,101,3,141.82,4,1,2,1,8,Bronze
3426,2024-10-12,2025-03-23,162,155,4,200.49,3,1,2,1,7,Bronze
3427,2024-09-27,2025-05-28,243,89,5,152.72,4,1,2,1,8,Bronze
3429,2025-05-24,2025-05-24,0,93,1,28.14,1,1,1,1,4,Bronze
3430,2024-08-28,2025-07-21,327,35,5,301.81,4,2,2,1,9,Bronze
3431,2024-12-07,2025-04-18,132,129,4,169.83,3,1,2,1,7,Bronze
3432,2024-08-26,2025-08-05,344,20,6,208.03,4,3,3,1,11,Silver
3433,2025-01-06,2025-08-10,216,15,4,75.41,4,4,2,1,11,Silver
3434,2025-02-03,2025-03-22,47,156,2,27.02,2,1,2,1,6,Bronze
3435,2025-03-09,2025-06-18,101,68,3,95.40,3,1,2,1,7,Bronze
3436,2024-11-12,2025-08-06,267,19,3,24.04,4,3,2,1,10,Silver
3437,2024-09-17,2025-08-13,330,12,4,160.88,4,4,2,1,11,Silver
3438,2024-11-23,2025-06-29,218,57,4,349.69,4,2,2,1,9,Bronze
3439,2024-09-02,2025-01-17,137,220,7,474.82,3,1,3,1,8,Bronze
3440,2024-10-03,2025-08-02,303,23,6,400.93,4,3,3,1,11,Silver
3441,2024-09-08,2025-03-08,181,170,4,181.76,4,1,2,1,8,Bronze
3442,2024-09-18,2025-08-10,326,15,3,137.47,4,4,2,1,11,Silver
3443,2024-10-05,2025-08-07,306,18,7,348.71,4,3,3,1,11,Silver
3444,2024-09-15,2025-07-10,298,46,7,478.61,4,2,3,1,10,Silver
3445,2024-12-23,2025-06-26,185,60,4,204.97,4,2,2,1,9,Bronze
3446,2024-09-04,2024-12-19,106,249,4,279.87,3,1,2,1,7,Bronze
3447,2024-11-10,2025-08-19,282,6,2,161.95,4,4,2,1,11,Silver
3448,2024-09-23,2025-01-04,103,233,3,36.04,3,1,2,1,7,Bronze
3449,2025-03-18,2025-05-10,53,107,2,84.44,2,1,2,1,6,Bronze
3450,2024-09-07,2025-07-06,302,50,5,236.64,4,2,2,1,9,Bronze
3451,2024-09-29,2025-04-29,212,118,3,119.12,4,1,2,1,8,Bronze
3453,2024-08-26,2025-08-21,360,4,7,293.73,4,5,3,1,13,Silver
3454,2024-09-17,2025-08-09,326,16,10,608.14,4,3,4,2,13,Silver
3455,2024-09-05,2025-08-24,353,1,3,247.99,4,5,2,1,12,Silver
3456,2024-12-11,2025-07-10,211,46,4,289.73,4,2,2,1,9,Bronze
3457,2024-09-22,2025-06-05,256,81,5,299.36,4,1,2,1,8,Bronze
3458,2024-08-31,2025-07-26,329,30,7,453.57,4,3,3,1,11,Silver
3459,2024-09-20,2025-08-07,321,18,7,407.58,4,3,3,1,11,Silver
3460,2024-10-11,2024-12-31,81,237,4,86.60,2,1,2,1,6,Bronze
3461,2024-09-10,2025-08-14,338,11,5,95.68,4,4,2,1,11,Silver
3462,2024-10-10,2025-06-09,242,77,5,272.44,4,1,2,1,8,Bronze
3463,2024-08-28,2025-04-09,224,138,2,113.75,4,1,2,1,8,Bronze
3464,2024-12-22,2025-06-20,180,66,3,249.74,4,1,2,1,8,Bronze
3465,2025-03-08,2025-07-25,139,31,3,112.55,3,2,2,1,8,Bronze
3466,2024-09-23,2025-08-14,325,11,6,123.78,4,4,3,1,12,Silver
3467,2024-12-28,2025-04-11,104,136,3,138.60,3,1,2,1,7,Bronze
3468,2024-10-27,2025-07-14,260,42,2,84.73,4,2,2,1,9,Bronze
3470,2024-09-19,2025-02-20,154,186,3,189.22,3,1,2,1,7,Bronze
3471,2024-09-22,2024-12-27,96,241,2,47.32,3,1,2,1,7,Bronze
3472,2025-02-01,2025-07-07,156,49,3,144.76,3,2,2,1,8,Bronze
3473,2024-11-17,2025-07-27,252,29,5,324.98,4,3,2,1,10,Silver
3474,2024-10-22,2025-07-17,268,39,4,79.22,4,2,2,1,9,Bronze
3475,2025-03-01,2025-06-04,95,82,3,53.60,3,1,2,1,7,Bronze
3476,2024-10-22,2025-07-27,278,29,5,144.49,4,3,2,1,10,Silver
3477,2024-12-08,2025-05-25,168,92,3,151.47,3,1,2,1,7,Bronze
3478,2024-10-23,2025-07-03,253,53,3,99.09,4,2,2,1,9,Bronze
3479,2025-06-26,2025-06-26,0,60,1,114.37,1,2,1,1,5,Bronze
3480,2024-08-29,2025-06-17,292,69,7,324.40,4,1,3,1,9,Bronze
3481,2024-09-14,2025-05-22,250,95,4,128.18,4,1,2,1,8,Bronze
3482,2025-01-07,2025-07-15,189,41,2,93.12,4,2,2,1,9,Bronze
3483,2024-09-04,2025-02-18,167,188,4,113.96,3,1,2,1,7,Bronze
3484,2024-09-04,2025-07-30,329,26,2,58.91,4,3,2,1,10,Silver
3485,2024-09-15,2025-06-13,271,73,7,462.77,4,1,3,1,9,Bronze
3486,2025-02-19,2025-02-19,0,187,1,18.98,1,1,1,1,4,Bronze
3487,2024-09-12,2025-07-04,295,52,6,279.91,4,2,3,1,10,Silver
3488,2024-09-06,2025-07-21,318,35,7,305.29,4,2,3,1,10,Silver
3489,2025-01-10,2025-06-24,165,62,4,191.75,3,1,2,1,7,Bronze
3490,2024-10-27,2025-06-28,244,58,10,466.43,4,2,4,1,11,Silver
3491,2025-01-30,2025-01-30,0,207,1,136.32,1,1,1,1,4,Bronze
3492,2025-05-14,2025-07-14,61,42,3,167.51,2,2,2,1,7,Bronze
3493,2024-10-18,2025-07-16,271,40,6,201.38,4,2,3,1,10,Silver
3494,2025-05-02,2025-07-23,82,33,3,104.43,2,2,2,1,7,Bronze
3495,2024-10-21,2025-06-06,228,80,5,120.66,4,1,2,1,8,Bronze
3496,2024-10-13,2025-08-04,295,21,9,454.69,4,3,3,1,11,Silver
3497,2025-02-28,2025-08-11,164,14,5,275.67,3,4,2,1,10,Silver
3498,2025-05-10,2025-05-10,0,107,1,5.42,1,1,1,1,4,Bronze
3499,2024-11-13,2025-06-25,224,61,4,337.48,4,1,2,1,8,Bronze
3500,2024-11-04,2025-01-26,83,211,2,255.50,2,1,2,1,6,Bronze
3501,2024-09-12,2025-08-08,330,17,4,93.96,4,3,2,1,10,Silver
3502,2024-09-17,2025-04-10,205,137,3,227.04,4,1,2,1,8,Bronze
3503,2024-09-13,2025-07-14,304,42,5,362.12,4,2,2,1,9,Bronze
3504,2024-09-23,2025-07-08,288,48,6,244.49,4,2,3,1,10,Silver
3505,2024-10-11,2024-12-26,76,242,2,55.57,2,1,2,1,6,Bronze
3506,2024-11-26,2025-04-21,146,126,6,347.91,3,1,3,1,8,Bronze
3507,2024-11-05,2025-04-30,176,117,5,361.67,3,1,2,1,7,Bronze
3508,2024-10-19,2025-06-12,236,74,4,184.50,4,1,2,1,8,Bronze
3509,2024-12-07,2024-12-10,3,258,2,148.90,1,1,2,1,5,Bronze
3510,2024-11-22,2025-07-29,249,27,6,507.85,4,3,3,2,12,Silver
3511,2024-09-16,2025-03-16,181,162,3,113.45,4,1,2,1,8,Bronze
3512,2024-09-11,2024-09-11,0,348,1,70.16,1,1,1,1,4,Bronze
3513,2025-03-16,2025-08-11,148,14,2,29.13,3,4,2,1,10,Silver
3514,2025-01-27,2025-06-01,125,85,5,300.99,3,1,2,1,7,Bronze
3515,2024-09-27,2025-08-12,319,13,4,133.11,4,4,2,1,11,Silver
3516,2024-12-10,2025-04-26,137,121,4,126.31,3,1,2,1,7,Bronze
3517,2025-03-21,2025-03-21,0,157,1,0.99,1,1,1,1,4,Bronze
3518,2025-03-16,2025-07-11,117,45,3,106.75,3,2,2,1,8,Bronze
3519,2025-05-27,2025-05-27,0,90,1,3.78,1,1,1,1,4,Bronze
3520,2024-12-02,2025-05-24,173,93,3,164.21,3,1,2,1,7,Bronze
3521,2024-12-27,2025-03-17,80,161,2,18.60,2,1,2,1,6,Bronze
3522,2024-11-16,2025-08-04,261,21,5,168.86,4,3,2,1,10,Silver
3523,2025-03-12,2025-06-08,88,78,3,171.62,2,1,2,1,6,Bronze
3524,2025-06-09,2025-08-20,72,5,5,309.26,2,5,2,1,10,Silver
3525,2024-08-28,2025-08-13,350,12,8,287.45,4,4,3,1,12,Silver
3526,2024-11-20,2025-08-03,256,22,7,295.43,4,3,3,1,11,Silver
3527,2025-02-02,2025-06-06,124,80,2,170.08,3,1,2,1,7,Bronze
3528,2024-09-05,2025-08-19,348,6,8,541.75,4,4,3,2,13,Silver
3529,2024-12-14,2025-04-05,112,142,2,30.30,3,1,2,1,7,Bronze
3530,2024-12-27,2025-03-31,94,147,5,239.81,3,1,2,1,7,Bronze
3531,2024-10-20,2025-07-24,277,32,7,312.64,4,2,3,1,10,Silver
3532,2024-10-26,2025-05-11,197,106,5,187.67,4,1,2,1,8,Bronze
3533,2024-09-04,2025-08-08,338,17,5,357.45,4,3,2,1,10,Silver
3534,2024-12-15,2025-05-08,144,109,4,205.03,3,1,2,1,7,Bronze
3535,2024-10-22,2025-08-21,303,4,7,310.64,4,5,3,1,13,Silver
3536,2025-01-15,2025-08-04,201,21,5,207.55,4,3,2,1,10,Silver
3537,2024-09-16,2025-06-30,287,56,3,181.13,4,2,2,1,9,Bronze
3538,2024-11-02,2025-08-02,273,23,4,255.84,4,3,2,1,10,Silver
3539,2024-09-01,2025-08-14,347,11,10,520.86,4,4,4,2,14,Silver
3540,2024-09-10,2025-06-17,280,69,3,179.23,4,1,2,1,8,Bronze
3541,2024-09-03,2025-08-09,340,16,7,156.76,4,3,3,1,11,Silver
3542,2024-11-20,2025-06-11,203,75,4,234.13,4,1,2,1,8,Bronze
3543,2024-09-26,2025-04-14,200,133,6,304.50,4,1,3,1,9,Bronze
3544,2024-11-11,2025-05-19,189,98,4,176.37,4,1,2,1,8,Bronze
3545,2025-08-03,2025-08-03,0,22,1,11.03,1,3,1,1,6,Bronze
3546,2024-09-28,2025-04-14,198,133,5,268.22,4,1,2,1,8,Bronze
3547,2024-10-27,2025-08-01,278,24,6,221.36,4,3,3,1,11,Silver
3548,2025-01-06,2025-05-04,118,113,5,374.09,3,1,2,1,7,Bronze
3549,2024-11-29,2025-03-11,102,167,3,82.62,3,1,2,1,7,Bronze
3550,2024-10-13,2025-02-11,121,195,3,166.83,3,1,2,1,7,Bronze
3551,2024-12-19,2025-07-20,213,36,3,159.91,4,2,2,1,9,Bronze
3552,2024-12-08,2025-06-21,195,65,3,203.83,4,1,2,1,8,Bronze
3553,2024-10-16,2025-08-17,305,8,4,84.10,4,4,2,1,11,Silver
3554,2024-09-20,2025-01-25,127,212,2,150.11,3,1,2,1,7,Bronze
3555,2025-02-08,2025-06-28,140,58,4,292.43,3,2,2,1,8,Bronze
3556,2025-01-22,2025-07-06,165,50,7,338.62,3,2,3,1,9,Bronze
3557,2024-10-14,2025-08-09,299,16,9,448.26,4,3,3,1,11,Silver
3558,2025-01-04,2025-06-30,177,56,3,109.86,3,2,2,1,8,Bronze
3559,2024-09-28,2025-08-16,322,9,7,357.92,4,4,3,1,12,Silver
3560,2024-10-29,2025-07-13,257,43,2,121.68,4,2,2,1,9,Bronze
3561,2024-12-23,2025-02-14,53,192,3,221.92,2,1,2,1,6,Bronze
3562,2024-12-20,2025-08-07,230,18,6,270.78,4,3,3,1,11,Silver
3563,2025-01-20,2025-07-08,169,48,5,415.03,3,2,2,1,8,Bronze
3564,2025-02-21,2025-02-21,0,185,1,40.35,1,1,1,1,4,Bronze
3565,2024-10-12,2025-08-25,317,0,5,294.14,4,5,2,1,12,Silver
3566,2024-08-29,2025-05-15,259,102,6,418.00,4,1,3,1,9,Bronze
3567,2024-09-14,2025-05-23,251,94,8,578.90,4,1,3,2,10,Silver
3568,2025-01-27,2025-08-23,208,2,3,127.38,4,5,2,1,12,Silver
3569,2024-09-05,2025-08-10,339,15,6,172.73,4,4,3,1,12,Silver
3570,2025-03-01,2025-07-14,135,42,5,233.86,3,2,2,1,8,Bronze
3571,2024-09-23,2025-05-26,245,91,6,116.65,4,1,3,1,9,Bronze
3572,2024-09-05,2025-06-15,283,71,3,189.33,4,1,2,1,8,Bronze
3573,2024-11-14,2025-06-15,213,71,4,219.88,4,1,2,1,8,Bronze
3574,2024-11-12,2025-07-23,253,33,4,200.59,4,2,2,1,9,Bronze
3575,2024-12-21,2025-07-19,210,37,3,256.20,4,2,2,1,9,Bronze
3576,2024-11-25,2025-06-24,211,62,3,161.81,4,1,2,1,8,Bronze
3577,2024-10-06,2025-08-14,312,11,5,297.23,4,4,2,1,11,Silver
3578,2024-11-02,2025-07-15,255,41,6,451.02,4,2,3,1,10,Silver
3579,2025-02-15,2025-08-12,178,13,2,27.49,3,4,2,1,10,Silver
3580,2024-10-20,2025-07-19,272,37,3,40.31,4,2,2,1,9,Bronze
3581,2025-07-28,2025-08-03,6,22,2,59.81,1,3,2,1,7,Bronze
3582,2024-09-19,2025-07-23,307,33,5,298.73,4,2,2,1,9,Bronze
3583,2024-11-15,2025-08-21,279,4,5,264.25,4,5,2,1,12,Silver
3584,2025-03-08,2025-03-25,17,153,2,108.77,1,1,2,1,5,Bronze
3585,2024-08-29,2025-04-01,215,146,4,372.13,4,1,2,1,8,Bronze
3586,2024-12-12,2025-07-25,225,31,6,286.86,4,2,3,1,10,Silver
3587,2024-09-04,2024-09-04,0,355,1,51.99,1,1,1,1,4,Bronze
3588,2024-11-04,2024-12-22,48,246,2,53.47,2,1,2,1,6,Bronze
3589,2025-02-14,2025-07-13,149,43,4,220.29,3,2,2,1,8,Bronze
3590,2024-11-17,2025-07-05,230,51,5,261.29,4,2,2,1,9,Bronze
3591,2024-09-13,2025-06-18,278,68,4,241.46,4,1,2,1,8,Bronze
3592,2024-09-02,2025-07-20,321,36,12,415.60,4,2,4,1,11,Silver
3593,2024-11-08,2025-06-12,216,74,3,211.52,4,1,2,1,8,Bronze
3594,2024-12-08,2025-03-09,91,169,2,28.28,3,1,2,1,7,Bronze
3595,2024-10-25,2025-08-03,282,22,4,96.69,4,3,2,1,10,Silver
3596,2025-01-16,2025-08-14,210,11,4,193.81,4,4,2,1,11,Silver
3597,2024-10-22,2025-01-12,82,225,4,45.45,2,1,2,1,6,Bronze
3598,2024-10-26,2025-04-13,169,134,3,127.03,3,1,2,1,7,Bronze
3599,2024-12-08,2025-08-02,237,23,4,196.78,4,3,2,1,10,Silver
3600,2024-09-27,2025-06-12,258,74,3,118.43,4,1,2,1,8,Bronze
3601,2024-10-30,2025-07-02,245,54,3,203.87,4,2,2,1,9,Bronze
3602,2025-01-17,2025-04-13,86,134,2,175.70,2,1,2,1,6,Bronze
3603,2024-11-18,2025-05-08,171,109,3,163.90,3,1,2,1,7,Bronze
3604,2024-10-27,2025-05-19,204,98,5,206.95,4,1,2,1,8,Bronze
3605,2025-01-03,2025-08-16,225,9,3,117.69,4,4,2,1,11,Silver
3606,2024-12-30,2025-05-10,131,107,3,66.92,3,1,2,1,7,Bronze
3607,2024-09-04,2025-06-20,289,66,6,222.68,4,1,3,1,9,Bronze
3608,2024-09-14,2025-06-26,285,60,9,422.51,4,2,3,1,10,Silver
3609,2024-11-02,2024-12-26,54,242,2,172.95,2,1,2,1,6,Bronze
3610,2024-12-20,2025-08-13,236,12,4,165.72,4,4,2,1,11,Silver
3611,2024-09-22,2025-05-21,241,96,3,190.57,4,1,2,1,8,Bronze
3612,2024-09-28,2025-07-17,292,39,6,242.39,4,2,3,1,10,Silver
3613,2024-08-26,2025-06-30,308,56,3,319.78,4,2,2,1,9,Bronze
3614,2024-09-12,2025-08-24,346,1,5,289.65,4,5,2,1,12,Silver
3615,2025-01-01,2025-08-13,224,12,9,425.80,4,4,3,1,12,Silver
3616,2024-11-30,2025-03-31,121,147,3,229.20,3,1,2,1,7,Bronze
3617,2024-11-23,2025-01-06,44,231,2,208.79,2,1,2,1,6,Bronze
3618,2024-10-20,2025-07-17,270,39,2,37.38,4,2,2,1,9,Bronze
3619,2024-10-19,2025-06-29,253,57,4,194.54,4,2,2,1,9,Bronze
3620,2025-02-03,2025-08-11,189,14,4,206.42,4,4,2,1,11,Silver
3621,2025-04-04,2025-08-16,134,9,4,138.03,3,4,2,1,10,Silver
3623,2025-01-01,2025-03-08,66,170,2,26.50,2,1,2,1,6,Bronze
3624,2025-05-17,2025-05-17,0,100,1,31.67,1,1,1,1,4,Bronze
3625,2024-12-28,2025-07-11,195,45,6,158.80,4,2,3,1,10,Silver
3626,2024-11-07,2025-06-08,213,78,6,261.95,4,1,3,1,9,Bronze
3627,2024-10-31,2025-07-13,255,43,6,356.78,4,2,3,1,10,Silver
3628,2024-11-06,2025-08-02,269,23,4,225.80,4,3,2,1,10,Silver
3629,2024-11-10,2025-05-29,200,88,3,111.90,4,1,2,1,8,Bronze
3630,2024-10-13,2025-08-11,302,14,9,448.26,4,4,3,1,12,Silver
3631,2024-09-18,2025-04-18,212,129,4,96.71,4,1,2,1,8,Bronze
3632,2024-11-09,2025-01-19,71,218,3,194.59,2,1,2,1,6,Bronze
3633,2024-11-07,2025-08-18,284,7,2,142.58,4,4,2,1,11,Silver
3634,2024-10-15,2025-07-15,273,41,3,84.94,4,2,2,1,9,Bronze
3635,2024-09-21,2025-07-26,308,30,5,94.20,4,3,2,1,10,Silver
3636,2024-08-27,2025-08-02,340,23,4,209.01,4,3,2,1,10,Silver
3637,2024-09-18,2025-07-17,302,39,8,310.85,4,2,3,1,10,Silver
3638,2024-08-30,2025-02-26,180,180,4,100.54,4,1,2,1,8,Bronze
3639,2024-09-05,2025-05-21,258,96,5,218.01,4,1,2,1,8,Bronze
3640,2024-09-28,2025-06-23,268,63,4,132.95,4,1,2,1,8,Bronze
3641,2025-01-31,2025-06-01,121,85,4,302.85,3,1,2,1,7,Bronze
3642,2024-09-01,2025-04-27,238,120,5,230.03,4,1,2,1,8,Bronze
3643,2024-09-10,2025-07-25,318,31,5,229.64,4,2,2,1,9,Bronze
3644,2024-09-02,2025-06-21,292,65,5,298.72,4,1,2,1,8,Bronze
3645,2024-09-23,2025-05-25,244,92,6,206.77,4,1,3,1,9,Bronze
3646,2025-07-05,2025-07-05,0,51,1,83.39,1,2,1,1,5,Bronze
3647,2024-10-24,2025-07-25,274,31,5,310.34,4,2,2,1,9,Bronze
3648,2024-10-31,2025-07-09,251,47,2,175.26,4,2,2,1,9,Bronze
3649,2025-02-08,2025-06-21,133,65,4,205.57,3,1,2,1,7,Bronze
3650,2024-11-16,2025-08-22,279,3,4,436.65,4,5,2,1,12,Silver
3651,2025-05-31,2025-05-31,0,86,1,140.40,1,1,1,1,4,Bronze
3652,2024-09-18,2025-08-04,320,21,5,153.96,4,3,2,1,10,Silver
3653,2024-10-02,2025-05-30,240,87,3,36.17,4,1,2,1,8,Bronze
3654,2024-10-19,2025-07-07,261,49,6,174.14,4,2,3,1,10,Silver
3655,2024-11-30,2025-03-09,99,169,4,148.16,3,1,2,1,7,Bronze
3656,2025-08-18,2025-08-18,0,7,1,90.48,1,4,1,1,7,Bronze
3657,2025-02-03,2025-08-03,181,22,5,260.54,4,3,2,1,10,Silver
3658,2025-03-03,2025-06-21,110,65,4,62.49,3,1,2,1,7,Bronze
3659,2024-08-29,2025-08-09,345,16,2,36.32,4,3,2,1,10,Silver
3660,2024-09-16,2025-01-12,118,225,2,101.05,3,1,2,1,7,Bronze
3661,2024-11-08,2025-04-13,156,134,5,298.53,3,1,2,1,7,Bronze
3662,2025-02-06,2025-07-25,169,31,4,232.13,3,2,2,1,8,Bronze
3663,2024-08-30,2025-03-18,200,160,4,63.52,4,1,2,1,8,Bronze
3664,2025-04-29,2025-07-27,89,29,3,193.02,2,3,2,1,8,Bronze
3665,2025-05-30,2025-05-30,0,87,1,141.89,1,1,1,1,4,Bronze
3666,2025-01-14,2025-08-25,223,0,7,604.10,4,5,3,2,14,Silver
3667,2024-10-09,2025-04-18,191,129,6,333.70,4,1,3,1,9,Bronze
3668,2024-09-12,2025-07-29,320,27,11,462.46,4,3,4,1,12,Silver
3669,2024-11-22,2025-07-09,229,47,4,96.87,4,2,2,1,9,Bronze
3670,2024-09-09,2025-03-02,174,176,4,172.38,3,1,2,1,7,Bronze
3671,2024-10-25,2025-07-02,250,54,3,271.68,4,2,2,1,9,Bronze
3672,2024-11-13,2025-04-17,155,130,5,305.64,3,1,2,1,7,Bronze
3673,2024-09-29,2025-07-25,299,31,5,133.86,4,2,2,1,9,Bronze
3674,2024-11-21,2025-04-27,157,120,5,282.19,3,1,2,1,7,Bronze
3675,2024-10-09,2025-08-25,320,0,4,274.28,4,5,2,1,12,Silver
3676,2024-09-05,2025-07-18,316,38,8,328.13,4,2,3,1,10,Silver
3677,2024-12-05,2025-06-11,188,75,2,91.02,4,1,2,1,8,Bronze
3678,2024-11-13,2025-07-02,231,54,4,201.94,4,2,2,1,9,Bronze
3679,2024-12-08,2025-07-07,211,49,4,190.70,4,2,2,1,9,Bronze
3680,2024-11-03,2025-05-14,192,103,3,94.40,4,1,2,1,8,Bronze
3681,2024-09-28,2025-06-04,249,82,2,23.99,4,1,2,1,8,Bronze
3683,2024-08-29,2025-05-24,268,93,5,203.00,4,1,2,1,8,Bronze
3684,2024-09-23,2025-06-22,272,64,3,100.93,4,1,2,1,8,Bronze
3685,2024-10-15,2025-06-07,235,79,7,389.39,4,1,3,1,9,Bronze
3686,2024-10-20,2025-06-02,225,84,4,373.32,4,1,2,1,8,Bronze
3687,2024-09-08,2025-05-11,245,106,4,293.87,4,1,2,1,8,Bronze
3688,2024-10-03,2025-08-10,311,15,4,191.65,4,4,2,1,11,Silver
3689,2024-09-25,2025-08-12,321,13,5,270.95,4,4,2,1,11,Silver
3690,2024-11-20,2025-08-11,264,14,7,243.90,4,4,3,1,12,Silver
3691,2024-11-18,2025-05-28,191,89,2,23.73,4,1,2,1,8,Bronze
3692,2024-11-28,2025-05-20,173,97,3,172.01,3,1,2,1,7,Bronze
3693,2025-01-24,2025-06-29,156,57,4,275.54,3,2,2,1,8,Bronze
3694,2024-11-13,2024-11-24,11,274,2,173.63,1,1,2,1,5,Bronze
3695,2024-09-03,2024-09-03,0,356,1,78.79,1,1,1,1,4,Bronze
3696,2025-03-29,2025-05-19,51,98,2,20.85,2,1,2,1,6,Bronze
3697,2024-10-21,2025-08-06,289,19,6,132.82,4,3,3,1,11,Silver
3698,2024-09-20,2025-07-23,306,33,6,342.03,4,2,3,1,10,Silver
3699,2025-06-08,2025-08-09,62,16,2,61.75,2,3,2,1,8,Bronze
3700,2024-10-12,2025-06-29,260,57,6,299.17,4,2,3,1,10,Silver
3701,2024-09-11,2025-06-02,264,84,4,68.87,4,1,2,1,8,Bronze
3702,2024-12-08,2025-04-02,115,145,3,113.41,3,1,2,1,7,Bronze
3703,2024-10-20,2025-08-21,305,4,7,535.38,4,5,3,2,14,Silver
3704,2024-08-26,2024-11-27,93,271,2,97.40,3,1,2,1,7,Bronze
3705,2025-02-20,2025-07-30,160,26,3,83.89,3,3,2,1,9,Bronze
3706,2024-10-01,2025-08-21,324,4,8,447.79,4,5,3,1,13,Silver
3707,2025-01-17,2025-07-02,166,54,2,207.62,3,2,2,1,8,Bronze
3709,2025-01-21,2025-06-01,131,85,3,227.25,3,1,2,1,7,Bronze
3710,2025-02-22,2025-05-20,87,97,3,129.21,2,1,2,1,6,Bronze
3711,2024-09-22,2025-08-20,332,5,6,294.57,4,5,3,1,13,Silver
3712,2024-09-09,2025-08-17,342,8,3,149.54,4,4,2,1,11,Silver
3713,2024-09-28,2025-08-17,323,8,4,171.63,4,4,2,1,11,Silver
3714,2024-11-20,2025-08-01,254,24,4,81.29,4,3,2,1,10,Silver
3715,2024-11-24,2025-05-22,179,95,4,254.37,3,1,2,1,7,Bronze
3716,2024-09-18,2025-08-25,341,0,10,409.83,4,5,4,1,14,Silver
3717,2024-08-30,2025-06-22,296,64,5,307.44,4,1,2,1,8,Bronze
3718,2025-08-14,2025-08-14,0,11,1,88.11,1,4,1,1,7,Bronze
3719,2025-02-13,2025-04-25,71,122,2,109.37,2,1,2,1,6,Bronze
3720,2024-09-05,2025-08-14,343,11,4,209.14,4,4,2,1,11,Silver
3721,2024-10-23,2025-06-14,234,72,4,352.41,4,1,2,1,8,Bronze
3722,2024-08-27,2024-12-20,115,248,4,124.17,3,1,2,1,7,Bronze
3723,2024-12-21,2025-05-13,143,104,2,41.63,3,1,2,1,7,Bronze
3724,2024-11-08,2025-08-21,286,4,4,346.66,4,5,2,1,12,Silver
3725,2025-04-03,2025-08-01,120,24,5,101.94,3,3,2,1,9,Bronze
3726,2024-12-24,2025-08-01,220,24,5,170.81,4,3,2,1,10,Silver
3727,2024-11-04,2025-03-18,134,160,4,270.47,3,1,2,1,7,Bronze
3728,2024-10-06,2025-04-14,190,133,7,405.46,4,1,3,1,9,Bronze
3729,2024-10-26,2025-08-22,300,3,6,454.99,4,5,3,1,13,Silver
3730,2024-08-31,2025-04-28,240,119,4,165.80,4,1,2,1,8,Bronze
3731,2024-11-28,2025-06-27,211,59,3,205.44,4,2,2,1,9,Bronze
3732,2024-11-06,2025-03-13,127,165,5,119.75,3,1,2,1,7,Bronze
3733,2024-09-08,2025-07-23,318,33,5,124.02,4,2,2,1,9,Bronze
3734,2024-09-27,2025-05-31,246,86,7,361.56,4,1,3,1,9,Bronze
3735,2024-09-03,2025-06-18,288,68,5,295.77,4,1,2,1,8,Bronze
3736,2024-10-29,2025-06-23,237,63,4,162.71,4,1,2,1,8,Bronze
3737,2024-09-23,2025-06-14,264,72,2,188.22,4,1,2,1,8,Bronze
3738,2024-11-10,2025-07-06,238,50,4,147.68,4,2,2,1,9,Bronze
3739,2024-10-11,2025-08-15,308,10,5,346.25,4,4,2,1,11,Silver
3740,2025-04-25,2025-04-25,0,122,1,70.34,1,1,1,1,4,Bronze
3741,2024-11-18,2025-01-04,47,233,5,179.09,2,1,2,1,6,Bronze
3742,2024-11-15,2025-04-25,161,122,3,216.67,3,1,2,1,7,Bronze
3743,2024-11-10,2025-02-08,90,198,3,222.85,3,1,2,1,7,Bronze
3744,2024-09-26,2024-12-17,82,251,2,14.20,2,1,2,1,6,Bronze
3745,2024-09-28,2025-08-03,309,22,4,203.46,4,3,2,1,10,Silver
3746,2024-10-27,2025-08-11,288,14,6,265.20,4,4,3,1,12,Silver
3747,2024-10-11,2024-10-11,0,318,1,1.95,1,1,1,1,4,Bronze
3748,2024-08-28,2025-05-14,259,103,6,200.80,4,1,3,1,9,Bronze
3749,2025-03-10,2025-07-24,136,32,3,103.22,3,2,2,1,8,Bronze
3750,2024-11-05,2025-05-28,204,89,7,449.76,4,1,3,1,9,Bronze
3751,2025-02-20,2025-04-09,48,138,2,117.20,2,1,2,1,6,Bronze
3752,2025-01-07,2025-02-27,51,179,2,89.79,2,1,2,1,6,Bronze
3753,2024-11-14,2025-07-27,255,29,4,84.53,4,3,2,1,10,Silver
3754,2024-09-03,2025-07-17,317,39,8,408.71,4,2,3,1,10,Silver
3755,2024-11-04,2025-08-11,280,14,6,276.68,4,4,3,1,12,Silver
3756,2024-09-18,2025-08-22,338,3,6,243.70,4,5,3,1,13,Silver
3757,2025-01-25,2025-07-25,181,31,2,75.15,4,2,2,1,9,Bronze
3758,2024-09-04,2025-05-25,263,92,6,344.16,4,1,3,1,9,Bronze
3759,2025-01-18,2025-07-14,177,42,3,83.68,3,2,2,1,8,Bronze
3760,2024-12-30,2025-08-05,218,20,3,46.04,4,3,2,1,10,Silver
3761,2025-01-02,2025-07-01,180,55,4,337.01,4,2,2,1,9,Bronze
3762,2025-02-19,2025-03-22,31,156,4,184.85,2,1,2,1,6,Bronze
3763,2024-08-27,2025-07-27,334,29,7,288.55,4,3,3,1,11,Silver
3764,2024-09-08,2024-11-09,62,289,2,128.68,2,1,2,1,6,Bronze
3765,2025-01-25,2025-08-21,208,4,5,249.85,4,5,2,1,12,Silver
3766,2024-11-09,2024-11-09,0,289,1,112.62,1,1,1,1,4,Bronze
3767,2024-12-16,2025-02-20,66,186,2,10.76,2,1,2,1,6,Bronze
3768,2025-02-17,2025-02-17,0,189,1,56.57,1,1,1,1,4,Bronze
3769,2024-09-02,2025-07-02,303,54,4,182.38,4,2,2,1,9,Bronze
3770,2024-12-26,2025-04-24,119,123,2,78.68,3,1,2,1,7,Bronze
3771,2024-11-13,2025-08-10,270,15,4,157.36,4,4,2,1,11,Silver
3772,2024-10-08,2025-08-12,308,13,3,151.11,4,4,2,1,11,Silver
3773,2025-01-31,2025-08-20,201,5,4,372.83,4,5,2,1,12,Silver
3774,2024-12-29,2024-12-29,0,239,1,2.92,1,1,1,1,4,Bronze
3775,2024-10-17,2024-10-17,0,312,1,1.14,1,1,1,1,4,Bronze
3776,2024-08-31,2025-08-09,343,16,5,287.51,4,3,2,1,10,Silver
3777,2024-12-03,2024-12-03,0,265,1,24.67,1,1,1,1,4,Bronze
3778,2024-10-06,2025-06-21,258,65,3,96.24,4,1,2,1,8,Bronze
3779,2024-09-01,2025-06-05,277,81,3,307.70,4,1,2,1,8,Bronze
3780,2024-10-10,2025-08-16,310,9,10,552.22,4,4,4,2,14,Silver
3781,2024-09-26,2025-08-19,327,6,5,232.44,4,4,2,1,11,Silver
3782,2024-09-24,2025-05-10,228,107,3,102.47,4,1,2,1,8,Bronze
3783,2024-10-29,2025-08-10,285,15,7,372.19,4,4,3,1,12,Silver
3784,2024-09-30,2025-07-30,303,26,7,316.64,4,3,3,1,11,Silver
3785,2024-10-15,2025-06-11,239,75,6,319.45,4,1,3,1,9,Bronze
3786,2024-11-10,2025-03-26,136,152,4,218.95,3,1,2,1,7,Bronze
3787,2024-10-26,2025-08-19,297,6,2,168.47,4,4,2,1,11,Silver
3788,2024-08-31,2024-11-03,64,295,2,171.98,2,1,2,1,6,Bronze
3789,2024-08-26,2024-10-29,64,300,2,107.02,2,1,2,1,6,Bronze
3790,2024-12-04,2025-08-02,241,23,3,125.50,4,3,2,1,10,Silver
3791,2024-09-16,2025-03-18,183,160,4,337.67,4,1,2,1,8,Bronze
3793,2025-01-24,2025-08-01,189,24,4,137.22,4,3,2,1,10,Silver
3795,2024-09-22,2025-07-07,288,49,5,67.04,4,2,2,1,9,Bronze
3796,2024-10-08,2025-08-13,309,12,7,378.71,4,4,3,1,12,Silver
3797,2024-09-04,2025-08-16,346,9,9,315.65,4,4,3,1,12,Silver
3798,2025-02-01,2025-07-29,178,27,4,50.39,3,3,2,1,9,Bronze
3799,2025-03-08,2025-03-08,0,170,1,1.70,1,1,1,1,4,Bronze
3800,2024-10-06,2025-07-20,287,36,10,414.03,4,2,4,1,11,Silver
3801,2024-09-22,2024-09-22,0,337,1,5.78,1,1,1,1,4,Bronze
3802,2024-12-03,2025-07-16,225,40,5,143.27,4,2,2,1,9,Bronze
3803,2025-01-07,2025-07-13,187,43,4,310.42,4,2,2,1,9,Bronze
3804,2025-03-03,2025-03-03,0,175,1,19.65,1,1,1,1,4,Bronze
3805,2024-10-16,2024-12-17,62,251,2,9.85,2,1,2,1,6,Bronze
3806,2024-09-02,2025-05-29,269,88,4,182.69,4,1,2,1,8,Bronze
3807,2024-08-28,2025-02-10,166,196,3,220.37,3,1,2,1,7,Bronze
3808,2024-10-01,2025-08-03,306,22,5,178.67,4,3,2,1,10,Silver
3809,2024-08-28,2025-08-23,360,2,8,499.76,4,5,3,1,13,Silver
3810,2024-11-06,2025-07-29,265,27,4,192.41,4,3,2,1,10,Silver
3811,2025-02-23,2025-02-23,0,183,1,17.03,1,1,1,1,4,Bronze
3812,2024-11-28,2025-08-17,262,8,3,162.20,4,4,2,1,11,Silver
3813,2024-10-16,2025-01-03,79,234,2,62.19,2,1,2,1,6,Bronze
3814,2024-10-27,2025-07-03,249,53,3,125.54,4,2,2,1,9,Bronze
3815,2024-08-26,2025-03-31,217,147,4,334.54,4,1,2,1,8,Bronze
3816,2024-11-08,2025-06-16,220,70,5,218.60,4,1,2,1,8,Bronze
3817,2024-10-08,2025-07-14,279,42,5,217.07,4,2,2,1,9,Bronze
3818,2024-11-12,2025-04-18,157,129,3,203.38,3,1,2,1,7,Bronze
3819,2024-09-17,2025-07-26,312,30,4,226.47,4,3,2,1,10,Silver
3820,2024-11-04,2025-08-02,271,23,7,415.02,4,3,3,1,11,Silver
3821,2024-10-16,2025-07-01,258,55,6,237.53,4,2,3,1,10,Silver
3822,2025-01-10,2025-08-16,218,9,6,360.64,4,4,3,1,12,Silver
3823,2024-10-23,2025-08-22,303,3,4,259.50,4,5,2,1,12,Silver
3824,2024-10-30,2025-07-14,257,42,2,120.35,4,2,2,1,9,Bronze
3825,2025-02-19,2025-07-18,149,38,5,278.64,3,2,2,1,8,Bronze
3826,2024-09-09,2025-08-07,332,18,8,301.85,4,3,3,1,11,Silver
3827,2024-09-08,2025-02-17,162,189,4,82.80,3,1,2,1,7,Bronze
3828,2025-01-08,2025-07-14,187,42,5,276.79,4,2,2,1,9,Bronze
3829,2025-03-14,2025-07-02,110,54,4,214.56,3,2,2,1,8,Bronze
3830,2025-05-02,2025-05-02,0,115,1,29.64,1,1,1,1,4,Bronze
3831,2024-12-15,2025-07-05,202,51,3,96.87,4,2,2,1,9,Bronze
3832,2024-09-06,2025-07-14,311,42,5,121.19,4,2,2,1,9,Bronze
3833,2024-09-16,2025-06-06,263,80,6,312.28,4,1,3,1,9,Bronze
3834,2024-11-17,2025-05-28,192,89,4,129.56,4,1,2,1,8,Bronze
3835,2024-11-07,2025-04-19,163,128,2,191.85,3,1,2,1,7,Bronze
3836,2024-11-01,2025-03-20,139,158,2,247.67,3,1,2,1,7,Bronze
3837,2024-12-16,2025-07-24,220,32,3,47.56,4,2,2,1,9,Bronze
3838,2025-02-02,2025-07-03,151,53,4,201.91,3,2,2,1,8,Bronze
3839,2024-11-25,2025-08-01,249,24,5,88.37,4,3,2,1,10,Silver
3840,2025-07-18,2025-08-18,31,7,2,25.32,2,4,2,1,9,Bronze
3841,2024-08-26,2025-08-05,344,20,8,373.66,4,3,3,1,11,Silver
3842,2024-12-07,2025-04-29,143,118,3,75.11,3,1,2,1,7,Bronze
3843,2024-10-19,2025-02-01,105,205,5,343.03,3,1,2,1,7,Bronze
3844,2024-11-12,2025-06-15,215,71,4,157.62,4,1,2,1,8,Bronze
3845,2024-10-12,2025-08-07,299,18,3,116.51,4,3,2,1,10,Silver
3846,2025-01-23,2025-04-23,90,124,2,82.32,3,1,2,1,7,Bronze
3847,2024-09-12,2025-08-03,325,22,6,319.67,4,3,3,1,11,Silver
3848,2024-10-17,2025-07-20,276,36,7,610.74,4,2,3,2,11,Silver
3849,2024-10-30,2025-05-30,212,87,3,177.39,4,1,2,1,8,Bronze
3850,2024-10-06,2025-08-23,321,2,2,58.43,4,5,2,1,12,Silver
3851,2024-10-16,2025-08-16,304,9,4,489.48,4,4,2,1,11,Silver
3852,2024-11-22,2025-02-10,80,196,2,133.48,2,1,2,1,6,Bronze
3853,2024-09-19,2025-06-16,270,70,4,225.77,4,1,2,1,8,Bronze
3855,2025-01-08,2025-08-22,226,3,2,167.07,4,5,2,1,12,Silver
3856,2024-11-08,2025-07-16,250,40,4,115.30,4,2,2,1,9,Bronze
3857,2024-10-17,2025-04-29,194,118,4,279.97,4,1,2,1,8,Bronze
3858,2024-10-18,2025-01-22,96,215,3,333.33,3,1,2,1,7,Bronze
3860,2024-09-28,2025-07-11,286,45,7,503.35,4,2,3,2,11,Silver
3861,2024-12-05,2025-07-05,212,51,3,107.79,4,2,2,1,9,Bronze
3862,2025-04-25,2025-07-14,80,42,2,21.91,2,2,2,1,7,Bronze
3863,2024-10-28,2025-08-12,288,13,4,223.95,4,4,2,1,11,Silver
3864,2024-12-06,2025-08-15,252,10,6,287.29,4,4,3,1,12,Silver
3865,2024-08-28,2025-08-08,345,17,4,369.94,4,3,2,1,10,Silver
3866,2025-05-28,2025-08-08,72,17,3,185.38,2,3,2,1,8,Bronze
3867,2025-01-04,2025-07-29,206,27,3,113.30,4,3,2,1,10,Silver
3868,2025-01-16,2025-05-26,130,91,3,122.59,3,1,2,1,7,Bronze
3869,2024-09-30,2025-07-07,280,49,5,247.07,4,2,2,1,9,Bronze
3870,2025-03-09,2025-03-09,0,169,1,85.44,1,1,1,1,4,Bronze
3871,2024-10-28,2024-10-28,0,301,1,75.47,1,1,1,1,4,Bronze
3872,2024-10-31,2024-10-31,0,298,1,92.36,1,1,1,1,4,Bronze
3873,2024-09-04,2025-08-12,342,13,6,320.35,4,4,3,1,12,Silver
3874,2024-10-04,2025-08-06,306,19,3,92.16,4,3,2,1,10,Silver
3875,2025-01-17,2025-08-09,204,16,3,283.22,4,3,2,1,10,Silver
3876,2025-02-13,2025-07-29,166,27,4,162.51,3,3,2,1,9,Bronze
3877,2025-04-20,2025-07-29,100,27,2,85.49,3,3,2,1,9,Bronze
3879,2024-10-07,2025-06-13,249,73,4,102.83,4,1,2,1,8,Bronze
3880,2025-03-19,2025-05-08,50,109,4,76.44,2,1,2,1,6,Bronze
3881,2024-10-12,2025-05-20,220,97,7,188.69,4,1,3,1,9,Bronze
3882,2024-11-25,2025-02-25,92,181,2,38.36,3,1,2,1,7,Bronze
3883,2024-09-06,2025-02-19,166,187,5,199.17,3,1,2,1,7,Bronze
3884,2025-01-17,2025-05-04,107,113,2,85.73,3,1,2,1,7,Bronze
3885,2024-09-21,2025-08-09,322,16,7,384.79,4,3,3,1,11,Silver
3886,2024-10-06,2025-08-05,303,20,4,229.60,4,3,2,1,10,Silver
3887,2024-09-26,2025-05-01,217,116,4,145.54,4,1,2,1,8,Bronze
3888,2024-09-21,2025-08-01,314,24,6,110.50,4,3,3,1,11,Silver
3889,2024-09-19,2025-01-06,109,231,4,136.91,3,1,2,1,7,Bronze
3890,2024-08-31,2025-08-04,338,21,4,140.38,4,3,2,1,10,Silver
3891,2024-12-28,2025-05-16,139,101,4,175.16,3,1,2,1,7,Bronze
3892,2024-12-01,2025-07-19,230,37,3,63.79,4,2,2,1,9,Bronze
3893,2024-09-29,2025-07-09,283,47,4,340.74,4,2,2,1,9,Bronze
3894,2025-01-02,2025-04-27,115,120,2,115.85,3,1,2,1,7,Bronze
3895,2025-08-06,2025-08-06,0,19,1,91.44,1,3,1,1,6,Bronze
3896,2024-10-14,2025-06-23,252,63,4,264.88,4,1,2,1,8,Bronze
3897,2024-12-12,2025-06-20,190,66,3,141.29,4,1,2,1,8,Bronze
3898,2024-08-31,2025-08-21,355,4,9,379.48,4,5,3,1,13,Silver
3899,2024-11-05,2025-08-23,291,2,5,226.83,4,5,2,1,12,Silver
3900,2024-10-11,2025-08-24,317,1,7,425.55,4,5,3,1,13,Silver
3901,2024-10-07,2025-07-12,278,44,5,120.85,4,2,2,1,9,Bronze
3902,2024-09-12,2025-05-25,255,92,5,331.71,4,1,2,1,8,Bronze
3903,2025-01-20,2025-07-21,182,35,2,92.81,4,2,2,1,9,Bronze
3904,2024-09-02,2025-07-06,307,50,10,390.95,4,2,4,1,11,Silver
3905,2024-12-08,2025-07-29,233,27,4,31.10,4,3,2,1,10,Silver
3906,2024-10-01,2025-08-21,324,4,8,469.91,4,5,3,1,13,Silver
3907,2024-10-10,2025-03-01,142,177,5,260.68,3,1,2,1,7,Bronze
3908,2024-09-20,2025-04-30,222,117,2,51.28,4,1,2,1,8,Bronze
3909,2025-07-15,2025-08-18,34,7,2,56.68,2,4,2,1,9,Bronze
3910,2024-11-17,2025-06-18,213,68,4,204.31,4,1,2,1,8,Bronze
3911,2025-06-02,2025-06-02,0,84,1,98.62,1,1,1,1,4,Bronze
3912,2024-12-28,2025-05-22,145,95,4,277.80,3,1,2,1,7,Bronze
3913,2024-10-27,2025-08-18,295,7,8,366.55,4,4,3,1,12,Silver
3914,2024-09-16,2025-06-16,273,70,6,145.81,4,1,3,1,9,Bronze
3915,2024-11-06,2025-07-29,265,27,2,20.46,4,3,2,1,10,Silver
3916,2024-09-01,2025-06-28,300,58,3,70.21,4,2,2,1,9,Bronze
3917,2025-05-04,2025-06-08,35,78,2,43.76,2,1,2,1,6,Bronze
3918,2024-09-24,2025-06-28,277,58,7,373.79,4,2,3,1,10,Silver
3919,2024-08-31,2025-07-24,327,32,4,51.67,4,2,2,1,9,Bronze
3920,2024-09-15,2025-06-10,268,76,5,230.94,4,1,2,1,8,Bronze
3921,2024-12-23,2025-07-29,218,27,3,4.86,4,3,2,1,10,Silver
3922,2025-04-06,2025-08-24,140,1,3,142.17,3,5,2,1,11,Silver
3924,2025-03-21,2025-07-29,130,27,2,45.20,3,3,2,1,9,Bronze
3925,2024-11-13,2024-11-17,4,281,2,141.78,1,1,2,1,5,Bronze
3927,2025-07-07,2025-07-12,5,44,2,57.11,1,2,2,1,6,Bronze
3928,2024-08-30,2025-05-17,260,100,4,136.96,4,1,2,1,8,Bronze
3929,2025-01-19,2025-07-04,166,52,4,199.21,3,2,2,1,8,Bronze
3930,2024-10-20,2025-08-15,299,10,7,266.90,4,4,3,1,12,Silver
3931,2024-09-10,2025-07-12,305,44,7,324.99,4,2,3,1,10,Silver
3932,2024-09-23,2025-08-19,330,6,5,197.83,4,4,2,1,11,Silver
3933,2025-02-08,2025-08-09,182,16,7,553.42,4,3,3,2,12,Silver
3934,2024-10-15,2025-05-23,220,94,4,358.24,4,1,2,1,8,Bronze
3935,2024-09-16,2024-12-22,97,246,3,39.95,3,1,2,1,7,Bronze
3936,2024-09-01,2025-05-13,254,104,4,240.07,4,1,2,1,8,Bronze
3937,2025-05-27,2025-07-30,64,26,4,224.98,2,3,2,1,8,Bronze
3938,2024-09-01,2025-08-20,353,5,5,133.65,4,5,2,1,12,Silver
3939,2024-11-27,2025-04-22,146,125,2,54.75,3,1,2,1,7,Bronze
3940,2024-09-14,2025-07-01,290,55,4,177.92,4,2,2,1,9,Bronze
3941,2024-12-21,2024-12-21,0,247,1,4.60,1,1,1,1,4,Bronze
3942,2024-09-05,2025-05-23,260,94,4,129.81,4,1,2,1,8,Bronze
3943,2024-09-14,2025-08-21,341,4,6,267.70,4,5,3,1,13,Silver
3944,2024-12-22,2025-08-02,223,23,4,146.66,4,3,2,1,10,Silver
3945,2024-08-31,2024-08-31,0,359,1,22.00,1,1,1,1,4,Bronze
3946,2024-09-30,2025-06-15,258,71,3,114.59,4,1,2,1,8,Bronze
3947,2024-12-03,2025-06-23,202,63,4,190.36,4,1,2,1,8,Bronze
3948,2024-12-10,2025-08-21,254,4,5,372.91,4,5,2,1,12,Silver
3949,2024-09-27,2025-07-12,288,44,7,275.96,4,2,3,1,10,Silver
3950,2024-11-03,2025-02-14,103,192,3,67.78,3,1,2,1,7,Bronze
3951,2024-10-20,2025-05-14,206,103,3,140.66,4,1,2,1,8,Bronze
3952,2025-01-23,2025-08-17,206,8,5,382.28,4,4,2,1,11,Silver
3953,2024-11-14,2025-07-12,240,44,5,193.62,4,2,2,1,9,Bronze
3954,2024-10-15,2025-07-08,266,48,6,380.88,4,2,3,1,10,Silver
3955,2024-12-19,2025-08-21,245,4,6,249.75,4,5,3,1,13,Silver
3956,2024-09-01,2025-08-10,343,15,4,279.39,4,4,2,1,11,Silver
3957,2025-01-01,2025-07-08,188,48,4,177.81,4,2,2,1,9,Bronze
3958,2024-10-29,2025-08-10,285,15,4,387.23,4,4,2,1,11,Silver
3959,2024-11-27,2025-07-08,223,48,4,155.41,4,2,2,1,9,Bronze
3960,2024-09-04,2025-04-28,236,119,3,88.74,4,1,2,1,8,Bronze
3961,2024-11-17,2025-02-24,99,182,3,113.64,3,1,2,1,7,Bronze
3962,2024-09-25,2025-08-20,329,5,8,569.29,4,5,3,2,14,Silver
3963,2025-06-03,2025-06-03,0,83,1,124.40,1,1,1,1,4,Bronze
3964,2024-09-23,2025-04-24,213,123,4,136.08,4,1,2,1,8,Bronze
3965,2024-09-06,2025-08-25,353,0,4,263.67,4,5,2,1,12,Silver
3966,2024-09-12,2025-01-12,122,225,2,114.53,3,1,2,1,7,Bronze
3968,2024-09-22,2025-07-23,304,33,8,378.58,4,2,3,1,10,Silver
3969,2024-08-26,2025-05-05,252,112,5,188.69,4,1,2,1,8,Bronze
3970,2024-09-13,2025-06-22,282,64,5,241.43,4,1,2,1,8,Bronze
3971,2024-08-30,2025-04-13,226,134,5,204.43,4,1,2,1,8,Bronze
3972,2024-10-13,2025-06-11,241,75,5,297.94,4,1,2,1,8,Bronze
3973,2024-08-26,2025-04-19,236,128,3,144.02,4,1,2,1,8,Bronze
3974,2024-08-28,2025-05-29,274,88,5,199.39,4,1,2,1,8,Bronze
3975,2024-09-10,2025-08-01,325,24,6,296.43,4,3,3,1,11,Silver
3976,2025-04-07,2025-08-07,122,18,4,248.61,3,3,2,1,9,Bronze
3977,2024-11-10,2025-06-20,222,66,2,152.95,4,1,2,1,8,Bronze
3978,2024-09-25,2025-04-02,189,145,6,168.27,4,1,3,1,9,Bronze
3979,2025-05-23,2025-07-08,46,48,2,48.53,2,2,2,1,7,Bronze
3980,2024-12-03,2025-08-23,263,2,7,470.51,4,5,3,1,13,Silver
3981,2025-03-19,2025-08-25,159,0,4,310.88,3,5,2,1,11,Silver
3982,2024-12-10,2024-12-10,0,258,1,11.69,1,1,1,1,4,Bronze
3983,2024-09-16,2024-10-12,26,317,3,192.00,1,1,2,1,5,Bronze
3984,2024-09-29,2025-08-16,321,9,6,430.18,4,4,3,1,12,Silver
3985,2024-12-05,2025-04-24,140,123,3,46.87,3,1,2,1,7,Bronze
3986,2024-09-18,2025-08-05,321,20,5,245.60,4,3,2,1,10,Silver
3987,2024-11-22,2025-08-16,267,9,9,470.55,4,4,3,1,12,Silver
3988,2024-09-07,2025-06-19,285,67,3,323.25,4,1,2,1,8,Bronze
3989,2024-08-30,2025-07-01,305,55,5,298.53,4,2,2,1,9,Bronze
3990,2024-09-28,2025-08-25,331,0,4,226.62,4,5,2,1,12,Silver
3991,2024-12-18,2025-06-12,176,74,9,357.03,3,1,3,1,8,Bronze
3992,2024-09-24,2025-08-25,335,0,6,331.92,4,5,3,1,13,Silver
3993,2025-01-11,2025-06-14,154,72,8,498.13,3,1,3,1,8,Bronze
3994,2024-09-30,2025-08-23,327,2,7,458.29,4,5,3,1,13,Silver
3995,2024-08-30,2025-07-04,308,52,6,191.20,4,2,3,1,10,Silver
3996,2024-09-03,2025-08-02,333,23,5,348.37,4,3,2,1,10,Silver
3997,2024-09-25,2025-04-17,204,130,4,263.36,4,1,2,1,8,Bronze
3998,2024-09-13,2025-07-30,320,26,4,174.55,4,3,2,1,10,Silver
3999,2024-10-02,2025-03-02,151,176,4,40.45,3,1,2,1,7,Bronze
4000,2024-10-17,2025-08-13,300,12,6,292.58,4,4,3,1,12,Silver
4001,2024-12-08,2025-04-07,120,140,4,95.82,3,1,2,1,7,Bronze
4002,2024-10-20,2025-02-21,124,185,3,142.92,3,1,2,1,7,Bronze
4003,2024-09-17,2025-06-03,259,83,3,164.39,4,1,2,1,8,Bronze
4004,2025-05-12,2025-05-12,0,105,1,5.78,1,1,1,1,4,Bronze
4005,2024-09-17,2025-07-28,314,28,4,188.11,4,3,2,1,10,Silver
4006,2024-09-10,2025-07-28,321,28,6,182.67,4,3,3,1,11,Silver
4007,2024-11-25,2025-06-04,191,82,6,179.28,4,1,3,1,9,Bronze
4008,2024-09-29,2025-06-01,245,85,5,318.56,4,1,2,1,8,Bronze
4009,2024-12-11,2025-03-19,98,159,2,78.41,3,1,2,1,7,Bronze
4010,2024-11-01,2025-05-04,184,113,4,145.39,4,1,2,1,8,Bronze
4011,2024-09-05,2024-09-05,0,354,1,57.53,1,1,1,1,4,Bronze
4012,2025-03-07,2025-08-06,152,19,4,389.79,3,3,2,1,9,Bronze
4013,2024-09-21,2025-07-29,311,27,12,433.77,4,3,4,1,12,Silver
4014,2024-10-04,2025-02-14,133,192,4,198.37,3,1,2,1,7,Bronze
4015,2024-09-10,2025-07-10,303,46,4,193.60,4,2,2,1,9,Bronze
4016,2024-09-18,2025-02-28,163,178,4,159.26,3,1,2,1,7,Bronze
4017,2024-12-15,2025-07-17,214,39,6,378.26,4,2,3,1,10,Silver
4018,2024-11-20,2025-08-24,277,1,3,173.61,4,5,2,1,12,Silver
4019,2024-09-23,2025-06-25,275,61,4,181.72,4,1,2,1,8,Bronze
4020,2025-02-08,2025-07-14,156,42,6,218.41,3,2,3,1,9,Bronze
4021,2024-09-04,2025-08-14,344,11,8,296.57,4,4,3,1,12,Silver
4022,2024-09-17,2024-09-17,0,342,1,23.10,1,1,1,1,4,Bronze
4023,2025-03-19,2025-05-25,67,92,4,243.44,2,1,2,1,6,Bronze
4024,2024-09-26,2025-05-26,242,91,7,461.24,4,1,3,1,9,Bronze
4025,2025-01-14,2025-08-24,222,1,3,84.85,4,5,2,1,12,Silver
4026,2025-03-03,2025-07-15,134,41,3,124.47,3,2,2,1,8,Bronze
4027,2024-09-22,2025-08-16,328,9,5,164.47,4,4,2,1,11,Silver
4028,2024-10-11,2025-08-24,317,1,6,473.86,4,5,3,1,13,Silver
4029,2024-10-02,2025-06-02,243,84,4,258.99,4,1,2,1,8,Bronze
4030,2025-01-14,2025-04-29,105,118,3,180.42,3,1,2,1,7,Bronze
4031,2024-11-25,2025-08-18,266,7,5,186.00,4,4,2,1,11,Silver
4032,2024-11-04,2025-07-21,259,35,3,87.40,4,2,2,1,9,Bronze
4033,2024-10-10,2025-07-29,292,27,6,418.64,4,3,3,1,11,Silver
4034,2024-10-14,2025-07-28,287,28,7,278.32,4,3,3,1,11,Silver
4035,2024-09-02,2025-02-06,157,200,3,158.54,3,1,2,1,7,Bronze
4036,2025-02-10,2025-03-01,19,177,2,15.49,1,1,2,1,5,Bronze
4037,2024-10-27,2025-05-27,212,90,3,282.77,4,1,2,1,8,Bronze
4038,2025-04-01,2025-08-08,129,17,4,163.42,3,3,2,1,9,Bronze
4039,2024-09-24,2025-04-19,207,128,4,142.29,4,1,2,1,8,Bronze
4040,2024-12-23,2025-08-03,223,22,2,194.20,4,3,2,1,10,Silver
4041,2024-09-17,2025-07-26,312,30,4,116.99,4,3,2,1,10,Silver
4042,2024-11-14,2025-07-10,238,46,6,229.21,4,2,3,1,10,Silver
4043,2024-10-21,2025-08-21,304,4,4,305.06,4,5,2,1,12,Silver
4044,2024-08-31,2025-07-30,333,26,8,405.77,4,3,3,1,11,Silver
4045,2024-12-21,2025-04-29,129,118,4,231.75,3,1,2,1,7,Bronze
4046,2024-11-23,2025-07-14,233,42,4,177.99,4,2,2,1,9,Bronze
4047,2024-09-25,2025-06-06,254,80,4,88.72,4,1,2,1,8,Bronze
4048,2025-04-15,2025-04-28,13,119,2,51.01,1,1,2,1,5,Bronze
4050,2024-08-30,2025-07-26,330,30,5,253.91,4,3,2,1,10,Silver
4051,2024-12-28,2025-08-06,221,19,4,202.17,4,3,2,1,10,Silver
4052,2024-09-18,2025-08-12,328,13,4,241.09,4,4,2,1,11,Silver
4053,2024-09-28,2025-06-29,274,57,3,181.37,4,2,2,1,9,Bronze
4054,2025-02-12,2025-08-10,179,15,3,174.56,3,4,2,1,10,Silver
4055,2025-05-16,2025-07-25,70,31,2,19.09,2,2,2,1,7,Bronze
4056,2024-10-19,2025-06-12,236,74,5,436.25,4,1,2,1,8,Bronze
4057,2024-10-06,2025-04-19,195,128,2,161.43,4,1,2,1,8,Bronze
4058,2024-11-01,2024-11-01,0,297,1,34.79,1,1,1,1,4,Bronze
4059,2025-01-29,2025-04-17,78,130,3,151.30,2,1,2,1,6,Bronze
4060,2024-10-11,2025-07-29,291,27,6,574.45,4,3,3,2,12,Silver
4061,2024-12-26,2025-05-25,150,92,6,318.19,3,1,3,1,8,Bronze
4062,2025-04-14,2025-05-20,36,97,3,247.62,2,1,2,1,6,Bronze
4063,2024-09-20,2025-01-28,130,209,3,87.96,3,1,2,1,7,Bronze
4064,2024-12-14,2024-12-14,0,254,1,7.05,1,1,1,1,4,Bronze
4065,2024-11-12,2025-07-27,257,29,8,346.71,4,3,3,1,11,Silver
4066,2024-11-10,2025-07-03,235,53,5,280.68,4,2,2,1,9,Bronze
4067,2025-02-15,2025-02-15,0,191,1,23.47,1,1,1,1,4,Bronze
4068,2024-11-08,2025-06-26,230,60,5,214.01,4,2,2,1,9,Bronze
4069,2024-08-28,2025-07-23,329,33,8,534.10,4,2,3,2,11,Silver
4070,2025-01-13,2025-07-08,176,48,3,134.87,3,2,2,1,8,Bronze
4071,2024-10-07,2025-07-14,280,42,4,343.07,4,2,2,1,9,Bronze
4072,2024-10-28,2025-05-07,191,110,5,276.30,4,1,2,1,8,Bronze
4073,2024-10-25,2025-01-07,74,230,3,195.06,2,1,2,1,6,Bronze
4074,2024-11-03,2024-12-18,45,250,2,79.44,2,1,2,1,6,Bronze
4075,2024-09-10,2025-07-20,313,36,5,77.19,4,2,2,1,9,Bronze
4076,2024-09-08,2025-08-22,348,3,7,368.09,4,5,3,1,13,Silver
4077,2024-09-06,2024-12-20,105,248,2,120.13,3,1,2,1,7,Bronze
4078,2024-11-08,2025-01-17,70,220,2,176.31,2,1,2,1,6,Bronze
4079,2025-01-16,2025-08-08,204,17,4,360.87,4,3,2,1,10,Silver
4080,2024-10-03,2025-06-12,252,74,2,83.95,4,1,2,1,8,Bronze
4081,2024-10-26,2025-06-11,228,75,5,375.42,4,1,2,1,8,Bronze
4082,2025-02-22,2025-05-30,97,87,2,142.80,3,1,2,1,7,Bronze
4083,2024-11-23,2025-06-05,194,81,4,325.16,4,1,2,1,8,Bronze
4084,2024-11-04,2025-08-22,291,3,5,257.87,4,5,2,1,12,Silver
4085,2024-11-04,2025-08-15,284,10,5,312.86,4,4,2,1,11,Silver
4086,2024-11-30,2025-06-13,195,73,5,177.37,4,1,2,1,8,Bronze
4087,2024-09-28,2025-08-14,320,11,12,607.50,4,4,4,2,14,Silver
4088,2024-11-25,2025-08-14,262,11,6,286.43,4,4,3,1,12,Silver
4089,2024-10-22,2025-01-11,81,226,2,186.34,2,1,2,1,6,Bronze
4090,2024-09-18,2025-07-20,305,36,5,255.82,4,2,2,1,9,Bronze
4091,2024-09-08,2025-06-19,284,67,9,319.98,4,1,3,1,9,Bronze
4092,2024-10-19,2025-06-01,225,85,5,269.71,4,1,2,1,8,Bronze
4093,2024-09-18,2025-04-03,197,144,4,214.77,4,1,2,1,8,Bronze
4094,2024-11-09,2025-08-19,283,6,4,363.73,4,4,2,1,11,Silver
4095,2025-04-07,2025-05-30,53,87,2,83.41,2,1,2,1,6,Bronze
4096,2025-05-11,2025-08-08,89,17,2,212.80,2,3,2,1,8,Bronze
4097,2024-09-24,2025-08-18,328,7,11,616.17,4,4,4,2,14,Silver
4098,2024-10-24,2025-07-24,273,32,7,571.33,4,2,3,2,11,Silver
4099,2024-09-18,2025-08-19,335,6,9,443.20,4,4,3,1,12,Silver
4100,2024-12-15,2025-05-28,164,89,4,323.23,3,1,2,1,7,Bronze
4101,2025-07-03,2025-07-26,23,30,2,98.34,1,3,2,1,7,Bronze
4102,2025-03-09,2025-03-09,0,169,1,20.39,1,1,1,1,4,Bronze
4103,2024-10-28,2025-05-22,206,95,2,119.69,4,1,2,1,8,Bronze
4104,2025-06-04,2025-06-04,0,82,1,44.72,1,1,1,1,4,Bronze
4105,2024-10-27,2025-08-18,295,7,2,120.94,4,4,2,1,11,Silver
4106,2025-02-22,2025-08-13,172,12,5,197.47,3,4,2,1,10,Silver
4107,2025-01-16,2025-08-07,203,18,3,155.02,4,3,2,1,10,Silver
4108,2024-09-24,2025-05-11,229,106,5,85.11,4,1,2,1,8,Bronze
4109,2024-11-10,2025-07-31,263,25,4,254.57,4,3,2,1,10,Silver
4110,2024-09-06,2025-08-13,341,12,6,249.61,4,4,3,1,12,Silver
4111,2024-10-11,2025-07-19,281,37,6,236.83,4,2,3,1,10,Silver
4112,2024-11-29,2025-07-31,244,25,4,205.90,4,3,2,1,10,Silver
4113,2024-09-30,2025-07-22,295,34,5,75.73,4,2,2,1,9,Bronze
4114,2024-10-14,2025-07-23,282,33,7,385.45,4,2,3,1,10,Silver
4115,2024-12-21,2025-06-13,174,73,4,381.80,3,1,2,1,7,Bronze
4116,2024-08-28,2025-07-23,329,33,7,237.24,4,2,3,1,10,Silver
4117,2024-09-23,2025-06-24,274,62,5,228.63,4,1,2,1,8,Bronze
4118,2024-09-04,2025-04-13,221,134,4,124.93,4,1,2,1,8,Bronze
4119,2025-06-27,2025-06-27,0,59,1,51.28,1,2,1,1,5,Bronze
4120,2024-10-25,2025-05-27,214,90,3,275.19,4,1,2,1,8,Bronze
4121,2025-01-03,2025-08-11,220,14,5,295.22,4,4,2,1,11,Silver
4122,2024-09-07,2025-02-22,168,184,3,48.67,3,1,2,1,7,Bronze
4123,2024-09-03,2025-03-27,205,151,2,99.43,4,1,2,1,8,Bronze
4124,2024-12-15,2025-08-25,253,0,4,208.33,4,5,2,1,12,Silver
4125,2025-02-12,2025-08-25,194,0,5,219.35,4,5,2,1,12,Silver
4126,2024-09-16,2025-05-02,228,115,8,150.57,4,1,3,1,9,Bronze
4127,2025-02-25,2025-05-24,88,93,5,264.84,2,1,2,1,6,Bronze
4128,2025-01-25,2025-08-16,203,9,3,193.27,4,4,2,1,11,Silver
4129,2024-09-23,2025-02-03,133,203,2,14.74,3,1,2,1,7,Bronze
4130,2024-12-13,2025-07-31,230,25,5,213.80,4,3,2,1,10,Silver
4131,2024-11-03,2025-05-04,182,113,7,241.67,4,1,3,1,9,Bronze
4132,2025-03-09,2025-03-09,0,169,1,32.55,1,1,1,1,4,Bronze
4133,2025-01-31,2025-07-13,163,43,4,160.77,3,2,2,1,8,Bronze
4134,2024-12-18,2025-06-04,168,82,6,237.72,3,1,3,1,8,Bronze
4135,2024-09-14,2025-03-18,185,160,3,136.66,4,1,2,1,8,Bronze
4136,2024-12-29,2025-07-31,214,25,5,405.79,4,3,2,1,10,Silver
4137,2024-10-22,2025-01-13,83,224,2,223.91,2,1,2,1,6,Bronze
4138,2024-08-26,2024-08-26,0,364,1,44.81,1,1,1,1,4,Bronze
4139,2024-09-01,2025-04-20,231,127,4,208.41,4,1,2,1,8,Bronze
4140,2025-03-15,2025-08-09,147,16,3,323.09,3,3,2,1,9,Bronze
4141,2024-11-05,2025-02-17,104,189,2,79.02,3,1,2,1,7,Bronze
4142,2024-11-26,2025-05-04,159,113,3,15.88,3,1,2,1,7,Bronze
4143,2024-10-04,2025-08-08,308,17,8,569.36,4,3,3,2,12,Silver
4144,2024-11-11,2025-08-23,285,2,5,194.56,4,5,2,1,12,Silver
4145,2024-09-27,2025-06-20,266,66,5,91.77,4,1,2,1,8,Bronze
4146,2024-08-28,2025-02-16,172,190,3,141.20,3,1,2,1,7,Bronze
4147,2024-09-07,2025-06-23,289,63,3,74.18,4,1,2,1,8,Bronze
4148,2024-10-29,2025-05-31,214,86,5,186.77,4,1,2,1,8,Bronze
4149,2024-09-08,2025-08-06,332,19,5,324.32,4,3,2,1,10,Silver
4150,2024-09-15,2024-11-27,73,271,3,116.36,2,1,2,1,6,Bronze
4151,2025-02-04,2025-02-04,0,202,1,15.42,1,1,1,1,4,Bronze
4152,2024-10-18,2025-07-14,269,42,5,199.89,4,2,2,1,9,Bronze
4153,2024-09-23,2025-06-06,256,80,5,266.43,4,1,2,1,8,Bronze
4154,2024-11-21,2025-06-01,192,85,6,360.90,4,1,3,1,9,Bronze
4155,2024-09-01,2025-06-04,276,82,6,412.39,4,1,3,1,9,Bronze
4156,2025-04-24,2025-05-19,25,98,3,101.92,1,1,2,1,5,Bronze
4157,2025-03-03,2025-08-09,159,16,4,429.64,3,3,2,1,9,Bronze
4158,2024-09-16,2025-07-05,292,51,9,252.73,4,2,3,1,10,Silver
4159,2024-09-16,2025-07-30,317,26,5,266.53,4,3,2,1,10,Silver
4160,2024-10-09,2025-07-27,291,29,4,395.34,4,3,2,1,10,Silver
4161,2025-06-07,2025-08-07,61,18,2,138.48,2,3,2,1,8,Bronze
4162,2024-10-23,2025-08-25,306,0,5,152.58,4,5,2,1,12,Silver
4163,2024-09-05,2025-08-23,352,2,5,105.41,4,5,2,1,12,Silver
4164,2025-01-25,2025-05-24,119,93,2,186.46,3,1,2,1,7,Bronze
4165,2024-10-16,2025-07-07,264,49,6,337.23,4,2,3,1,10,Silver
4166,2024-12-16,2025-04-10,115,137,5,310.29,3,1,2,1,7,Bronze
4167,2024-11-25,2025-05-08,164,109,7,579.24,3,1,3,2,9,Bronze
4168,2025-05-18,2025-06-15,28,71,3,241.05,1,1,2,1,5,Bronze
4169,2025-07-14,2025-08-11,28,14,2,99.65,1,4,2,1,8,Bronze
4170,2024-09-20,2025-08-11,325,14,5,132.68,4,4,2,1,11,Silver
4171,2024-11-16,2025-05-07,172,110,4,137.82,3,1,2,1,7,Bronze
4172,2024-09-09,2025-06-13,277,73,4,47.22,4,1,2,1,8,Bronze
4173,2024-12-18,2025-04-28,131,119,3,215.04,3,1,2,1,7,Bronze
4174,2024-11-02,2025-06-10,220,76,3,176.48,4,1,2,1,8,Bronze
4175,2024-10-22,2025-07-19,270,37,2,131.87,4,2,2,1,9,Bronze
4176,2024-09-13,2025-08-11,332,14,7,325.44,4,4,3,1,12,Silver
4177,2025-02-04,2025-03-16,40,162,2,117.83,2,1,2,1,6,Bronze
4178,2024-10-31,2025-04-09,160,138,5,270.23,3,1,2,1,7,Bronze
4179,2025-01-30,2025-07-31,182,25,4,216.74,4,3,2,1,10,Silver
4180,2025-04-15,2025-08-18,125,7,5,153.51,3,4,2,1,10,Silver
4181,2024-08-31,2025-08-05,339,20,6,377.54,4,3,3,1,11,Silver
4182,2024-08-26,2025-05-09,256,108,4,407.79,4,1,2,1,8,Bronze
4183,2024-10-10,2025-05-17,219,100,2,136.97,4,1,2,1,8,Bronze
4184,2024-09-11,2025-05-30,261,87,3,80.71,4,1,2,1,8,Bronze
4185,2024-09-14,2025-07-23,312,33,10,464.44,4,2,4,1,11,Silver
4186,2024-10-23,2025-03-28,156,150,2,74.63,3,1,2,1,7,Bronze
4187,2024-09-12,2025-08-24,346,1,7,473.31,4,5,3,1,13,Silver
4188,2024-11-29,2025-08-18,262,7,8,283.19,4,4,3,1,12,Silver
4189,2024-11-06,2025-06-03,209,83,4,209.76,4,1,2,1,8,Bronze
4190,2024-10-09,2025-08-18,313,7,3,80.17,4,4,2,1,11,Silver
4191,2025-01-17,2025-04-28,101,119,3,101.13,3,1,2,1,7,Bronze
4192,2024-10-04,2025-03-14,161,164,5,448.30,3,1,2,1,7,Bronze
4193,2025-03-27,2025-07-29,124,27,8,279.45,3,3,3,1,10,Silver
4194,2024-09-16,2025-07-04,291,52,4,244.34,4,2,2,1,9,Bronze
4195,2024-08-28,2025-08-06,343,19,5,267.97,4,3,2,1,10,Silver
4196,2024-08-31,2025-06-23,296,63,6,248.51,4,1,3,1,9,Bronze
4197,2025-01-02,2025-07-09,188,47,3,111.99,4,2,2,1,9,Bronze
4198,2024-11-04,2025-08-05,274,20,4,212.12,4,3,2,1,10,Silver
4199,2024-12-30,2025-08-11,224,14,7,340.00,4,4,3,1,12,Silver
4200,2024-09-04,2025-07-13,312,43,5,154.36,4,2,2,1,9,Bronze
4201,2025-01-14,2025-08-25,223,0,3,153.09,4,5,2,1,12,Silver
4202,2024-09-02,2025-06-08,279,78,7,257.51,4,1,3,1,9,Bronze
4203,2024-11-23,2025-06-14,203,72,4,70.65,4,1,2,1,8,Bronze
4204,2024-09-23,2025-08-14,325,11,5,247.36,4,4,2,1,11,Silver
4205,2025-01-24,2025-05-25,121,92,5,372.12,3,1,2,1,7,Bronze
4206,2024-10-04,2025-03-21,168,157,5,326.26,3,1,2,1,7,Bronze
4207,2024-11-21,2024-11-21,0,277,1,47.37,1,1,1,1,4,Bronze
4208,2024-10-10,2025-03-14,155,164,6,497.24,3,1,3,1,8,Bronze
4209,2024-10-01,2025-07-25,297,31,7,458.74,4,2,3,1,10,Silver
4210,2024-11-06,2025-08-23,290,2,6,204.14,4,5,3,1,13,Silver
4211,2024-12-16,2025-04-22,127,125,2,79.92,3,1,2,1,7,Bronze
4212,2024-08-26,2025-06-13,291,73,6,262.02,4,1,3,1,9,Bronze
4213,2024-10-29,2025-08-04,279,21,4,273.54,4,3,2,1,10,Silver
4214,2024-10-09,2024-10-09,0,320,1,61.26,1,1,1,1,4,Bronze
4215,2024-11-04,2025-06-01,209,85,4,270.42,4,1,2,1,8,Bronze
4216,2024-09-17,2025-07-24,310,32,8,642.61,4,2,3,2,11,Silver
4217,2024-12-30,2025-07-03,185,53,5,149.88,4,2,2,1,9,Bronze
4218,2024-10-06,2025-07-17,284,39,2,38.45,4,2,2,1,9,Bronze
4219,2024-09-17,2025-07-04,290,52,3,58.26,4,2,2,1,9,Bronze
4220,2024-09-18,2025-07-27,312,29,3,173.52,4,3,2,1,10,Silver
4221,2024-10-11,2025-07-17,279,39,12,787.41,4,2,4,2,12,Silver
4222,2024-09-17,2025-03-31,195,147,6,322.52,4,1,3,1,9,Bronze
4223,2024-11-11,2025-05-14,184,103,3,110.65,4,1,2,1,8,Bronze
4224,2024-09-28,2025-04-19,203,128,3,109.22,4,1,2,1,8,Bronze
4225,2024-09-07,2024-09-07,0,352,1,26.05,1,1,1,1,4,Bronze
4226,2025-02-21,2025-08-19,179,6,3,118.36,3,4,2,1,10,Silver
4227,2024-10-19,2025-07-29,283,27,7,445.18,4,3,3,1,11,Silver
4228,2024-09-02,2025-06-15,286,71,4,130.25,4,1,2,1,8,Bronze
4229,2024-09-06,2025-07-17,314,39,7,242.69,4,2,3,1,10,Silver
4230,2024-12-11,2025-07-27,228,29,3,208.02,4,3,2,1,10,Silver
4231,2024-10-28,2025-05-01,185,116,5,124.83,4,1,2,1,8,Bronze
4232,2024-09-04,2025-05-24,262,93,4,145.37,4,1,2,1,8,Bronze
4233,2024-09-28,2025-06-29,274,57,4,302.40,4,2,2,1,9,Bronze
4234,2024-08-26,2025-05-05,252,112,5,197.22,4,1,2,1,8,Bronze
4235,2025-01-22,2025-07-15,174,41,5,129.45,3,2,2,1,8,Bronze
4236,2025-01-23,2025-06-07,135,79,2,155.65,3,1,2,1,7,Bronze
4237,2024-09-17,2025-08-16,333,9,7,144.18,4,4,3,1,12,Silver
4238,2024-11-21,2025-08-12,264,13,7,260.48,4,4,3,1,12,Silver
4239,2024-12-27,2025-08-05,221,20,6,211.23,4,3,3,1,11,Silver
4240,2024-10-09,2025-06-27,261,59,5,170.89,4,2,2,1,9,Bronze
4241,2024-09-30,2025-08-11,315,14,6,375.46,4,4,3,1,12,Silver
4242,2024-10-25,2025-06-27,245,59,3,100.03,4,2,2,1,9,Bronze
4243,2025-08-13,2025-08-13,0,12,1,114.58,1,4,1,1,7,Bronze
4244,2024-11-24,2025-07-18,236,38,6,132.08,4,2,3,1,10,Silver
4245,2025-05-04,2025-06-10,37,76,2,15.03,2,1,2,1,6,Bronze
4246,2024-09-15,2025-06-07,265,79,4,366.22,4,1,2,1,8,Bronze
4247,2024-10-04,2025-04-14,192,133,5,196.57,4,1,2,1,8,Bronze
4248,2024-09-07,2025-08-22,349,3,7,380.34,4,5,3,1,13,Silver
4249,2025-04-30,2025-05-09,9,108,2,54.89,1,1,2,1,5,Bronze
4250,2024-10-03,2025-08-13,314,12,3,107.08,4,4,2,1,11,Silver
4251,2024-09-20,2025-06-13,266,73,6,165.79,4,1,3,1,9,Bronze
4252,2024-10-22,2025-08-15,297,10,4,160.21,4,4,2,1,11,Silver
4253,2025-02-22,2025-06-26,124,60,2,130.21,3,2,2,1,8,Bronze
4254,2025-03-07,2025-07-23,138,33,6,365.26,3,2,3,1,9,Bronze
4256,2024-10-22,2025-08-07,289,18,4,178.78,4,3,2,1,10,Silver
4257,2024-11-07,2025-07-11,246,45,5,149.11,4,2,2,1,9,Bronze
4258,2024-09-09,2025-08-01,326,24,7,272.45,4,3,3,1,11,Silver
4259,2024-11-17,2025-08-09,265,16,6,374.91,4,3,3,1,11,Silver
4260,2024-08-29,2025-06-20,295,66,5,208.77,4,1,2,1,8,Bronze
4261,2024-10-05,2025-06-09,247,77,3,68.41,4,1,2,1,8,Bronze
4262,2024-09-12,2025-08-20,342,5,4,168.65,4,5,2,1,12,Silver
4263,2024-09-08,2025-06-26,291,60,6,238.61,4,2,3,1,10,Silver
4264,2024-12-23,2025-04-07,105,140,3,197.31,3,1,2,1,7,Bronze
4265,2024-09-12,2025-08-22,344,3,4,130.04,4,5,2,1,12,Silver
4266,2024-09-12,2025-07-30,321,26,10,336.53,4,3,4,1,12,Silver
4267,2024-09-04,2025-01-13,131,224,3,120.01,3,1,2,1,7,Bronze
4268,2024-10-22,2025-05-07,197,110,7,390.91,4,1,3,1,9,Bronze
4269,2024-11-01,2025-04-21,171,126,5,153.38,3,1,2,1,7,Bronze
4270,2024-10-05,2025-06-25,263,61,8,347.70,4,1,3,1,9,Bronze
4271,2024-12-18,2025-08-18,243,7,9,434.40,4,4,3,1,12,Silver
4272,2024-10-02,2025-03-31,180,147,6,343.06,4,1,3,1,9,Bronze
4273,2025-05-18,2025-08-08,82,17,2,224.92,2,3,2,1,8,Bronze
4274,2024-11-27,2025-07-27,242,29,3,102.09,4,3,2,1,10,Silver
4275,2024-10-13,2025-06-18,248,68,6,245.03,4,1,3,1,9,Bronze
4276,2024-09-14,2025-08-21,341,4,5,431.44,4,5,2,1,12,Silver
4277,2024-09-04,2025-08-20,350,5,5,331.78,4,5,2,1,12,Silver
4278,2025-04-17,2025-07-28,102,28,4,74.02,3,3,2,1,9,Bronze
4279,2024-09-14,2025-07-30,319,26,5,239.58,4,3,2,1,10,Silver
4280,2025-01-11,2025-05-21,130,96,5,112.67,3,1,2,1,7,Bronze
4281,2025-02-22,2025-07-16,144,40,5,332.81,3,2,2,1,8,Bronze
4282,2024-10-25,2025-08-16,295,9,5,205.40,4,4,2,1,11,Silver
4283,2025-01-18,2025-07-04,167,52,4,136.46,3,2,2,1,8,Bronze
4284,2025-06-18,2025-06-18,0,68,1,51.66,1,1,1,1,4,Bronze
4285,2024-10-24,2025-03-20,147,158,3,199.82,3,1,2,1,7,Bronze
4286,2024-09-20,2025-08-19,333,6,9,240.17,4,4,3,1,12,Silver
4287,2024-09-01,2025-06-14,286,72,7,270.30,4,1,3,1,9,Bronze
4288,2024-10-27,2025-08-18,295,7,6,253.12,4,4,3,1,12,Silver
4289,2024-09-15,2025-08-23,342,2,7,260.73,4,5,3,1,13,Silver
4290,2024-11-04,2025-07-16,254,40,3,131.44,4,2,2,1,9,Bronze
4291,2024-10-01,2025-02-01,123,205,3,128.03,3,1,2,1,7,Bronze
4292,2024-09-26,2025-04-14,200,133,4,366.63,4,1,2,1,8,Bronze
4293,2024-09-15,2025-08-10,329,15,4,287.36,4,4,2,1,11,Silver
4294,2024-12-06,2025-07-28,234,28,3,125.48,4,3,2,1,10,Silver
4295,2024-09-19,2025-08-14,329,11,8,376.25,4,4,3,1,12,Silver
4296,2024-09-11,2025-07-28,320,28,3,195.10,4,3,2,1,10,Silver
4297,2024-09-01,2025-03-25,205,153,3,181.98,4,1,2,1,8,Bronze
4298,2024-09-19,2025-03-02,164,176,2,52.13,3,1,2,1,7,Bronze
4299,2025-07-14,2025-07-31,17,25,2,60.73,1,3,2,1,7,Bronze
4300,2024-09-28,2025-08-05,311,20,4,487.57,4,3,2,1,10,Silver
4301,2024-11-30,2025-07-11,223,45,4,83.24,4,2,2,1,9,Bronze
4302,2024-09-20,2025-06-19,272,67,5,146.41,4,1,2,1,8,Bronze
4303,2024-11-05,2025-08-16,284,9,5,235.96,4,4,2,1,11,Silver
4304,2024-08-29,2025-05-25,269,92,4,185.97,4,1,2,1,8,Bronze
4305,2024-12-22,2025-05-08,137,109,6,393.99,3,1,3,1,8,Bronze
4306,2024-11-26,2025-05-07,162,110,3,98.98,3,1,2,1,7,Bronze
4307,2024-10-03,2024-12-09,67,259,3,125.81,2,1,2,1,6,Bronze
4308,2025-02-07,2025-08-08,182,17,3,137.14,4,3,2,1,10,Silver
4309,2025-04-09,2025-08-11,124,14,2,46.96,3,4,2,1,10,Silver
4310,2024-10-30,2025-04-13,165,134,4,290.24,3,1,2,1,7,Bronze
4311,2025-02-14,2025-07-20,156,36,3,162.51,3,2,2,1,8,Bronze
4312,2025-08-01,2025-08-16,15,9,3,191.63,1,4,2,1,8,Bronze
4313,2024-10-31,2025-08-14,287,11,5,364.19,4,4,2,1,11,Silver
4314,2024-09-04,2025-08-11,341,14,3,46.77,4,4,2,1,11,Silver
4315,2025-02-13,2025-08-22,190,3,4,285.76,4,5,2,1,12,Silver
4316,2024-11-14,2025-03-10,116,168,4,185.59,3,1,2,1,7,Bronze
4317,2024-11-22,2025-06-14,204,72,3,84.13,4,1,2,1,8,Bronze
4318,2025-04-01,2025-07-06,96,50,2,30.73,3,2,2,1,8,Bronze
4319,2024-11-29,2025-05-23,175,94,2,51.01,3,1,2,1,7,Bronze
4320,2024-09-26,2025-06-24,271,62,7,502.08,4,1,3,2,10,Silver
4321,2024-11-28,2025-02-12,76,194,3,116.73,2,1,2,1,6,Bronze
4322,2024-09-13,2025-06-22,282,64,6,319.09,4,1,3,1,9,Bronze
4323,2024-09-03,2025-05-11,250,106,4,183.80,4,1,2,1,8,Bronze
4324,2024-10-05,2024-10-05,0,324,1,73.72,1,1,1,1,4,Bronze
4325,2025-02-01,2025-03-07,34,171,3,180.28,2,1,2,1,6,Bronze
4326,2024-10-06,2025-04-02,178,145,4,153.55,3,1,2,1,7,Bronze
4327,2024-08-28,2025-08-04,341,21,4,313.50,4,3,2,1,10,Silver
4328,2025-04-03,2025-05-12,39,105,2,128.12,2,1,2,1,6,Bronze
4329,2025-01-19,2025-04-23,94,124,5,155.99,3,1,2,1,7,Bronze
4330,2024-09-01,2025-05-29,270,88,4,353.36,4,1,2,1,8,Bronze
4331,2024-09-24,2025-08-16,326,9,5,353.18,4,4,2,1,11,Silver
4332,2025-02-16,2025-02-16,0,190,1,1.42,1,1,1,1,4,Bronze
4333,2024-09-13,2024-09-15,2,344,2,10.98,1,1,2,1,5,Bronze
4334,2024-11-19,2025-08-18,272,7,6,291.24,4,4,3,1,12,Silver
4335,2024-09-09,2025-08-17,342,8,6,235.45,4,4,3,1,12,Silver
4336,2024-12-20,2025-02-22,64,184,3,376.66,2,1,2,1,6,Bronze
4337,2025-03-18,2025-03-18,0,160,1,44.71,1,1,1,1,4,Bronze
4338,2025-01-03,2025-04-01,88,146,5,253.17,2,1,2,1,6,Bronze
4339,2025-01-21,2025-06-25,155,61,3,120.52,3,1,2,1,7,Bronze
4340,2024-11-19,2025-06-26,219,60,4,84.70,4,2,2,1,9,Bronze
4341,2024-08-29,2025-07-28,333,28,8,332.52,4,3,3,1,11,Silver
4342,2024-09-28,2025-06-06,251,80,2,38.74,4,1,2,1,8,Bronze
4343,2024-09-26,2025-04-11,197,136,2,208.23,4,1,2,1,8,Bronze
4344,2024-12-28,2025-08-13,228,12,5,230.32,4,4,2,1,11,Silver
4345,2024-10-31,2025-04-30,181,117,5,53.90,4,1,2,1,8,Bronze
4346,2024-11-03,2025-06-08,217,78,6,195.21,4,1,3,1,9,Bronze
4347,2024-11-13,2025-06-01,200,85,4,201.50,4,1,2,1,8,Bronze
4348,2024-11-12,2025-07-04,234,52,6,257.82,4,2,3,1,10,Silver
4349,2024-11-01,2025-07-26,267,30,4,121.99,4,3,2,1,10,Silver
4350,2024-10-20,2025-08-12,296,13,6,479.35,4,4,3,1,12,Silver
4351,2025-01-11,2025-06-22,162,64,4,248.29,3,1,2,1,7,Bronze
4352,2024-08-26,2025-05-27,274,90,7,245.69,4,1,3,1,9,Bronze
4353,2025-01-25,2025-08-13,200,12,5,136.20,4,4,2,1,11,Silver
4354,2024-10-25,2025-06-03,221,83,7,389.91,4,1,3,1,9,Bronze
4355,2024-09-11,2025-07-27,319,29,6,304.53,4,3,3,1,11,Silver
4356,2024-09-28,2025-05-09,223,108,4,222.46,4,1,2,1,8,Bronze
4357,2025-01-04,2025-03-01,56,177,4,185.25,2,1,2,1,6,Bronze
4358,2024-10-04,2025-05-14,222,103,5,325.36,4,1,2,1,8,Bronze
4359,2024-09-22,2025-06-18,269,68,2,59.90,4,1,2,1,8,Bronze
4360,2024-09-12,2025-08-08,330,17,8,372.04,4,3,3,1,11,Silver
4361,2024-08-31,2025-08-05,339,20,9,619.80,4,3,3,2,12,Silver
4362,2024-09-10,2025-05-05,237,112,6,326.22,4,1,3,1,9,Bronze
4363,2024-09-02,2025-08-24,356,1,4,174.94,4,5,2,1,12,Silver
4364,2025-05-10,2025-06-12,33,74,2,154.59,2,1,2,1,6,Bronze
4365,2024-10-19,2025-07-13,267,43,5,349.56,4,2,2,1,9,Bronze
4366,2024-12-22,2025-08-08,229,17,6,202.39,4,3,3,1,11,Silver
4367,2024-09-11,2025-01-11,122,226,3,152.56,3,1,2,1,7,Bronze
4368,2024-09-16,2025-07-26,313,30,3,176.67,4,3,2,1,10,Silver
4369,2024-11-03,2025-06-02,211,84,7,500.30,4,1,3,2,10,Silver
4370,2024-10-04,2025-07-06,275,50,5,134.62,4,2,2,1,9,Bronze
4371,2024-11-05,2025-07-16,253,40,5,272.66,4,2,2,1,9,Bronze
4372,2024-10-25,2025-08-01,280,24,5,377.59,4,3,2,1,10,Silver
4373,2025-01-27,2025-05-31,124,86,2,120.03,3,1,2,1,7,Bronze
4374,2024-09-12,2024-09-12,0,347,1,5.45,1,1,1,1,4,Bronze
4375,2024-09-22,2025-05-22,242,95,6,453.27,4,1,3,1,9,Bronze
4376,2024-12-05,2025-07-11,218,45,7,374.24,4,2,3,1,10,Silver
4377,2024-10-02,2025-06-14,255,72,6,337.84,4,1,3,1,9,Bronze
4378,2024-10-22,2025-03-02,131,176,5,416.37,3,1,2,1,7,Bronze
4379,2024-11-18,2025-07-27,251,29,6,251.75,4,3,3,1,11,Silver
4380,2024-09-28,2025-08-22,328,3,6,480.18,4,5,3,1,13,Silver
4381,2025-03-01,2025-03-15,14,163,2,106.40,1,1,2,1,5,Bronze
4382,2024-09-16,2025-03-10,175,168,2,134.41,3,1,2,1,7,Bronze
4383,2025-02-11,2025-06-11,120,75,2,49.87,3,1,2,1,7,Bronze
4384,2024-11-09,2025-03-29,140,149,4,143.21,3,1,2,1,7,Bronze
4385,2025-06-28,2025-08-17,50,8,4,103.66,2,4,2,1,9,Bronze
4386,2025-07-24,2025-08-18,25,7,3,116.83,1,4,2,1,8,Bronze
4387,2025-08-01,2025-08-02,1,23,2,196.83,1,3,2,1,7,Bronze
4388,2025-03-08,2025-06-04,88,82,3,231.16,2,1,2,1,6,Bronze
4389,2024-11-25,2025-03-19,114,159,3,169.14,3,1,2,1,7,Bronze
4390,2024-12-18,2025-05-11,144,106,3,138.99,3,1,2,1,7,Bronze
4391,2024-11-22,2025-07-02,222,54,3,133.10,4,2,2,1,9,Bronze
4392,2024-11-11,2025-08-13,275,12,6,179.43,4,4,3,1,12,Silver
4393,2025-02-05,2025-06-24,139,62,3,146.91,3,1,2,1,7,Bronze
4394,2024-09-16,2025-08-14,332,11,8,513.87,4,4,3,2,13,Silver
4395,2024-10-03,2025-04-10,189,137,4,140.69,4,1,2,1,8,Bronze
4396,2025-01-28,2025-06-30,153,56,3,177.98,3,2,2,1,8,Bronze
4397,2025-04-02,2025-08-21,141,4,4,150.41,3,5,2,1,11,Silver
4398,2024-10-26,2025-08-10,288,15,9,470.77,4,4,3,1,12,Silver
4399,2024-08-30,2025-03-10,192,168,2,41.60,4,1,2,1,8,Bronze
4400,2024-09-24,2025-08-09,319,16,3,279.61,4,3,2,1,10,Silver
4401,2025-04-05,2025-04-05,0,142,1,36.70,1,1,1,1,4,Bronze
4402,2024-08-29,2025-07-21,326,35,4,218.78,4,2,2,1,9,Bronze
4403,2024-11-24,2025-03-12,108,166,6,166.39,3,1,3,1,8,Bronze
4404,2024-09-20,2025-08-05,319,20,5,350.74,4,3,2,1,10,Silver
4405,2024-09-21,2025-06-04,256,82,8,454.80,4,1,3,1,9,Bronze
4407,2024-09-11,2025-07-04,296,52,6,203.77,4,2,3,1,10,Silver
4408,2024-11-21,2025-04-09,139,138,4,95.36,3,1,2,1,7,Bronze
4409,2024-12-25,2025-08-15,233,10,4,162.64,4,4,2,1,11,Silver
4410,2024-09-29,2025-03-03,155,175,5,209.20,3,1,2,1,7,Bronze
4411,2024-11-18,2025-07-29,253,27,5,310.88,4,3,2,1,10,Silver
4412,2024-08-27,2025-08-16,354,9,6,148.59,4,4,3,1,12,Silver
4413,2024-08-26,2025-06-21,299,65,4,106.74,4,1,2,1,8,Bronze
4414,2024-12-10,2025-07-04,206,52,3,150.78,4,2,2,1,9,Bronze
4415,2025-04-08,2025-05-27,49,90,3,238.97,2,1,2,1,6,Bronze
4416,2024-11-09,2025-05-18,190,99,4,245.25,4,1,2,1,8,Bronze
4417,2024-10-18,2025-06-19,244,67,4,114.26,4,1,2,1,8,Bronze
4418,2024-10-17,2025-08-06,293,19,2,66.47,4,3,2,1,10,Silver
4419,2024-10-16,2025-07-17,274,39,5,432.97,4,2,2,1,9,Bronze
4420,2024-08-27,2025-08-17,355,8,10,480.35,4,4,4,1,13,Silver
4421,2024-09-20,2025-04-16,208,131,4,202.95,4,1,2,1,8,Bronze
4422,2024-10-15,2025-08-11,300,14,8,356.37,4,4,3,1,12,Silver
4423,2024-12-06,2025-05-22,167,95,4,247.26,3,1,2,1,7,Bronze
4424,2024-10-26,2025-07-28,275,28,5,327.42,4,3,2,1,10,Silver
4425,2024-09-10,2025-08-08,332,17,4,115.61,4,3,2,1,10,Silver
4426,2024-12-21,2025-08-05,227,20,6,184.17,4,3,3,1,11,Silver
4427,2024-10-10,2025-04-06,178,141,3,66.02,3,1,2,1,7,Bronze
4428,2025-02-20,2025-02-20,0,186,1,13.34,1,1,1,1,4,Bronze
4429,2024-09-12,2025-07-15,306,41,7,360.87,4,2,3,1,10,Silver
4430,2024-08-28,2025-04-18,233,129,5,153.52,4,1,2,1,8,Bronze
4431,2025-03-15,2025-06-03,80,83,2,82.18,2,1,2,1,6,Bronze
4432,2024-09-17,2025-07-15,301,41,6,299.71,4,2,3,1,10,Silver
4433,2024-10-09,2025-08-12,307,13,3,189.62,4,4,2,1,11,Silver
4434,2024-09-20,2025-04-16,208,131,3,235.64,4,1,2,1,8,Bronze
4435,2024-10-13,2025-04-28,197,119,4,191.16,4,1,2,1,8,Bronze
4436,2024-09-06,2025-08-10,338,15,6,179.35,4,4,3,1,12,Silver
4437,2024-08-28,2025-06-16,292,70,5,196.34,4,1,2,1,8,Bronze
4438,2025-01-19,2025-06-21,153,65,4,155.99,3,1,2,1,7,Bronze
4439,2024-09-12,2025-03-05,174,173,10,781.36,3,1,4,2,10,Silver
4440,2024-11-03,2025-08-02,272,23,7,456.39,4,3,3,1,11,Silver
4441,2024-09-09,2025-03-21,193,157,4,150.21,4,1,2,1,8,Bronze
4442,2025-01-22,2025-04-04,72,143,2,59.56,2,1,2,1,6,Bronze
4443,2025-02-01,2025-05-08,96,109,4,181.42,3,1,2,1,7,Bronze
4444,2024-12-19,2025-01-07,19,230,2,89.15,1,1,2,1,5,Bronze
4445,2024-10-08,2025-03-21,164,157,5,422.72,3,1,2,1,7,Bronze
4446,2024-08-29,2025-04-29,243,118,3,100.38,4,1,2,1,8,Bronze
4447,2025-03-22,2025-08-09,140,16,3,145.58,3,3,2,1,9,Bronze
4448,2024-12-16,2025-08-09,236,16,3,203.37,4,3,2,1,10,Silver
4449,2024-09-02,2025-06-15,286,71,6,291.03,4,1,3,1,9,Bronze
4450,2025-01-24,2025-06-15,142,71,3,40.62,3,1,2,1,7,Bronze
4451,2024-09-23,2025-07-04,284,52,7,344.24,4,2,3,1,10,Silver
4452,2024-10-02,2025-07-07,278,49,9,531.85,4,2,3,2,11,Silver
4453,2024-08-28,2025-06-12,288,74,4,136.35,4,1,2,1,8,Bronze
4454,2024-09-05,2025-08-22,351,3,3,29.74,4,5,2,1,12,Silver
4455,2024-11-02,2025-08-20,291,5,3,43.93,4,5,2,1,12,Silver
4456,2024-09-20,2025-08-23,337,2,5,383.64,4,5,2,1,12,Silver
4457,2025-02-02,2025-06-17,135,69,4,160.03,3,1,2,1,7,Bronze
4458,2025-02-07,2025-07-14,157,42,9,306.71,3,2,3,1,9,Bronze
4459,2025-02-14,2025-04-29,74,118,3,198.23,2,1,2,1,6,Bronze
4460,2024-11-08,2025-07-25,259,31,4,240.99,4,2,2,1,9,Bronze
4461,2024-10-08,2024-10-08,0,321,1,8.14,1,1,1,1,4,Bronze
4462,2024-11-21,2025-08-24,276,1,7,406.70,4,5,3,1,13,Silver
4463,2024-10-08,2025-08-04,300,21,6,299.09,4,3,3,1,11,Silver
4464,2025-01-07,2025-04-07,90,140,3,170.40,3,1,2,1,7,Bronze
4465,2024-10-26,2025-08-08,286,17,7,255.48,4,3,3,1,11,Silver
4466,2024-11-10,2025-06-24,226,62,4,211.03,4,1,2,1,8,Bronze
4467,2024-11-23,2025-04-05,133,142,3,138.05,3,1,2,1,7,Bronze
4468,2024-11-01,2025-05-16,196,101,4,216.46,4,1,2,1,8,Bronze
4469,2024-10-28,2025-06-13,228,73,4,263.71,4,1,2,1,8,Bronze
4470,2024-11-15,2025-08-19,277,6,9,351.33,4,4,3,1,12,Silver
4471,2024-09-13,2025-08-11,332,14,6,266.80,4,4,3,1,12,Silver
4472,2024-10-02,2025-06-23,264,63,4,197.02,4,1,2,1,8,Bronze
4473,2024-08-28,2025-01-30,155,207,2,59.38,3,1,2,1,7,Bronze
4474,2024-08-29,2025-06-10,285,76,5,158.63,4,1,2,1,8,Bronze
4475,2024-12-28,2025-07-21,205,35,3,183.70,4,2,2,1,9,Bronze
4476,2024-10-09,2025-06-11,245,75,5,200.37,4,1,2,1,8,Bronze
4477,2024-09-26,2025-08-16,324,9,6,252.68,4,4,3,1,12,Silver
4478,2024-08-30,2025-07-08,312,48,9,417.52,4,2,3,1,10,Silver
4479,2024-09-29,2025-02-23,147,183,2,153.94,3,1,2,1,7,Bronze
4480,2025-02-12,2025-07-31,169,25,3,283.80,3,3,2,1,9,Bronze
4481,2024-09-02,2025-03-22,201,156,4,153.06,4,1,2,1,8,Bronze
4482,2024-09-16,2025-04-20,216,127,4,58.44,4,1,2,1,8,Bronze
4483,2024-09-05,2025-08-07,336,18,7,441.15,4,3,3,1,11,Silver
4484,2025-01-01,2025-05-26,145,91,3,137.37,3,1,2,1,7,Bronze
4485,2025-01-31,2025-07-31,181,25,4,199.95,4,3,2,1,10,Silver
4486,2025-02-07,2025-08-17,191,8,4,134.66,4,4,2,1,11,Silver
4487,2024-12-05,2025-05-16,162,101,3,171.57,3,1,2,1,7,Bronze
4488,2025-03-12,2025-08-19,160,6,3,86.55,3,4,2,1,10,Silver
4489,2025-01-18,2025-06-29,162,57,2,33.67,3,2,2,1,8,Bronze
4490,2025-04-26,2025-07-22,87,34,3,187.65,2,2,2,1,7,Bronze
4491,2025-02-02,2025-08-13,192,12,4,192.81,4,4,2,1,11,Silver
4492,2024-09-16,2025-07-20,307,36,4,121.14,4,2,2,1,9,Bronze
4493,2024-09-09,2025-06-09,273,77,5,181.78,4,1,2,1,8,Bronze
4494,2024-10-09,2025-08-06,301,19,7,428.70,4,3,3,1,11,Silver
4495,2025-04-26,2025-04-26,0,121,1,41.39,1,1,1,1,4,Bronze
4496,2024-10-09,2025-05-27,230,90,7,254.97,4,1,3,1,9,Bronze
4497,2024-10-29,2025-04-11,164,136,4,169.81,3,1,2,1,7,Bronze
4498,2024-11-28,2025-08-12,257,13,7,242.60,4,4,3,1,12,Silver
4499,2025-05-21,2025-07-27,67,29,3,286.10,2,3,2,1,8,Bronze
4500,2025-04-12,2025-05-23,41,94,2,100.59,2,1,2,1,6,Bronze
4501,2024-10-07,2024-11-16,40,282,2,29.13,2,1,2,1,6,Bronze
4502,2024-11-16,2025-04-30,165,117,4,170.64,3,1,2,1,7,Bronze
4503,2025-01-03,2025-07-14,192,42,4,245.83,4,2,2,1,9,Bronze
4504,2024-09-12,2025-05-01,231,116,2,95.64,4,1,2,1,8,Bronze
4505,2024-11-25,2025-08-16,264,9,7,580.88,4,4,3,2,13,Silver
4506,2024-10-26,2025-05-24,210,93,5,329.86,4,1,2,1,8,Bronze
4507,2024-08-31,2025-06-25,298,61,8,319.85,4,1,3,1,9,Bronze
4508,2024-09-03,2025-07-13,313,43,10,616.34,4,2,4,2,12,Silver
4509,2025-02-19,2025-02-19,0,187,1,40.62,1,1,1,1,4,Bronze
4510,2024-09-05,2025-07-31,329,25,6,453.79,4,3,3,1,11,Silver
4511,2024-09-07,2025-03-01,175,177,4,255.90,3,1,2,1,7,Bronze
4512,2024-09-28,2025-07-21,296,35,3,171.84,4,2,2,1,9,Bronze
4513,2024-12-02,2025-07-24,234,32,6,465.28,4,2,3,1,10,Silver
4514,2024-09-14,2025-06-17,276,69,3,66.42,4,1,2,1,8,Bronze
4515,2025-01-11,2025-08-11,212,14,2,129.85,4,4,2,1,11,Silver
4516,2024-09-12,2025-04-03,203,144,3,65.23,4,1,2,1,8,Bronze
4517,2024-10-07,2025-05-24,229,93,2,119.68,4,1,2,1,8,Bronze
4518,2024-11-07,2025-07-13,248,43,3,234.49,4,2,2,1,9,Bronze
4519,2024-10-22,2025-06-06,227,80,3,163.63,4,1,2,1,8,Bronze
4520,2024-11-25,2025-06-28,215,58,6,109.30,4,2,3,1,10,Silver
4521,2024-11-13,2025-08-16,276,9,5,214.99,4,4,2,1,11,Silver
4522,2024-10-27,2025-06-16,232,70,4,185.02,4,1,2,1,8,Bronze
4523,2024-10-28,2025-06-12,227,74,3,95.66,4,1,2,1,8,Bronze
4524,2024-10-02,2025-08-04,306,21,9,531.77,4,3,3,2,12,Silver
4525,2024-09-07,2025-07-24,320,32,3,120.57,4,2,2,1,9,Bronze
4526,2025-05-02,2025-08-09,99,16,4,335.97,3,3,2,1,9,Bronze
4527,2025-03-14,2025-07-25,133,31,2,167.36,3,2,2,1,8,Bronze
4528,2024-09-24,2025-07-13,292,43,3,247.40,4,2,2,1,9,Bronze
4529,2024-09-22,2025-05-30,250,87,6,334.09,4,1,3,1,9,Bronze
4530,2025-01-19,2025-07-25,187,31,5,471.91,4,2,2,1,9,Bronze
4531,2024-11-05,2025-05-31,207,86,3,122.85,4,1,2,1,8,Bronze
4532,2024-11-04,2025-07-18,256,38,5,138.27,4,2,2,1,9,Bronze
4533,2024-12-24,2025-07-08,196,48,7,437.82,4,2,3,1,10,Silver
4534,2025-01-10,2025-08-06,208,19,3,159.61,4,3,2,1,10,Silver
4535,2024-10-14,2025-08-12,302,13,5,272.27,4,4,2,1,11,Silver
4536,2024-09-16,2025-07-28,315,28,3,298.32,4,3,2,1,10,Silver
4537,2024-10-21,2025-08-22,305,3,4,241.61,4,5,2,1,12,Silver
4538,2024-10-19,2025-08-10,295,15,5,289.34,4,4,2,1,11,Silver
4539,2025-01-09,2025-06-26,168,60,4,164.09,3,2,2,1,8,Bronze
4540,2024-09-30,2025-01-17,109,220,2,138.59,3,1,2,1,7,Bronze
4541,2024-10-29,2025-05-15,198,102,2,100.00,4,1,2,1,8,Bronze
4542,2025-02-11,2025-05-03,81,114,6,480.17,2,1,3,1,7,Bronze
4543,2025-01-31,2025-08-22,203,3,4,49.04,4,5,2,1,12,Silver
4544,2025-03-12,2025-03-12,0,166,1,64.34,1,1,1,1,4,Bronze
4545,2025-05-28,2025-06-28,31,58,2,27.60,2,2,2,1,7,Bronze
4546,2024-09-28,2025-07-29,304,27,7,603.41,4,3,3,2,12,Silver
4547,2024-12-01,2025-02-16,77,190,2,127.57,2,1,2,1,6,Bronze
4548,2025-03-04,2025-03-04,0,174,1,20.07,1,1,1,1,4,Bronze
4549,2024-08-26,2025-06-16,294,70,5,204.59,4,1,2,1,8,Bronze
4550,2024-08-27,2025-03-27,212,151,7,536.70,4,1,3,2,10,Silver
4551,2025-01-07,2025-02-12,36,194,2,229.28,2,1,2,1,6,Bronze
4552,2025-02-23,2025-08-13,171,12,9,473.72,3,4,3,1,11,Silver
4553,2025-02-27,2025-07-21,144,35,4,238.81,3,2,2,1,8,Bronze
4554,2025-05-04,2025-08-05,93,20,3,184.41,3,3,2,1,9,Bronze
4555,2025-01-16,2025-05-07,111,110,3,68.69,3,1,2,1,7,Bronze
4556,2025-02-07,2025-08-17,191,8,3,187.16,4,4,2,1,11,Silver
4557,2024-10-09,2025-07-11,275,45,6,354.96,4,2,3,1,10,Silver
4558,2024-09-06,2025-01-07,123,230,5,328.21,3,1,2,1,7,Bronze
4559,2024-10-14,2025-07-13,272,43,4,141.37,4,2,2,1,9,Bronze
4560,2024-09-21,2025-08-06,319,19,6,180.99,4,3,3,1,11,Silver
4561,2024-10-14,2025-06-24,253,62,4,287.37,4,1,2,1,8,Bronze
4562,2024-09-25,2025-05-18,235,99,6,441.44,4,1,3,1,9,Bronze
4563,2024-11-02,2025-06-07,217,79,5,227.50,4,1,2,1,8,Bronze
4564,2025-01-29,2025-07-10,162,46,3,167.30,3,2,2,1,8,Bronze
4565,2024-08-27,2025-08-14,352,11,5,244.23,4,4,2,1,11,Silver
4566,2024-11-02,2024-11-10,8,288,3,77.55,1,1,2,1,5,Bronze
4567,2024-10-05,2025-08-13,312,12,4,239.96,4,4,2,1,11,Silver
4568,2025-01-04,2025-06-15,162,71,5,160.41,3,1,2,1,7,Bronze
4569,2024-10-13,2025-03-16,154,162,4,262.63,3,1,2,1,7,Bronze
4570,2024-08-31,2025-04-13,225,134,7,261.72,4,1,3,1,9,Bronze
4571,2025-02-24,2025-05-30,95,87,3,150.29,3,1,2,1,7,Bronze
4572,2024-09-12,2025-06-06,267,80,2,62.37,4,1,2,1,8,Bronze
4573,2024-11-27,2025-06-17,202,69,3,122.81,4,1,2,1,8,Bronze
4574,2024-09-28,2025-07-17,292,39,3,199.46,4,2,2,1,9,Bronze
4575,2024-10-11,2025-05-11,212,106,5,126.40,4,1,2,1,8,Bronze
4576,2024-11-09,2025-06-03,206,83,4,105.55,4,1,2,1,8,Bronze
4577,2024-12-08,2025-08-03,238,22,3,95.08,4,3,2,1,10,Silver
4578,2024-10-24,2025-08-23,303,2,6,328.33,4,5,3,1,13,Silver
4579,2024-11-11,2025-08-15,277,10,4,98.01,4,4,2,1,11,Silver
4580,2024-09-19,2025-08-13,328,12,7,392.01,4,4,3,1,12,Silver
4581,2024-08-30,2025-06-16,290,70,3,68.88,4,1,2,1,8,Bronze
4582,2024-09-27,2025-08-17,324,8,9,481.10,4,4,3,1,12,Silver
4583,2024-11-02,2025-04-09,158,138,3,140.58,3,1,2,1,7,Bronze
4584,2024-08-29,2025-06-22,297,64,8,378.52,4,1,3,1,9,Bronze
4585,2024-09-12,2025-06-12,273,74,4,96.78,4,1,2,1,8,Bronze
4586,2024-09-02,2025-05-31,271,86,6,245.32,4,1,3,1,9,Bronze
4587,2024-10-02,2025-07-31,302,25,12,281.51,4,3,4,1,12,Silver
4588,2024-10-16,2025-06-12,239,74,2,105.51,4,1,2,1,8,Bronze
4589,2025-03-02,2025-07-26,146,30,6,296.92,3,3,3,1,10,Silver
4590,2024-09-12,2025-08-25,347,0,8,258.95,4,5,3,1,13,Silver
4591,2024-09-05,2025-05-02,239,115,5,298.43,4,1,2,1,8,Bronze
4592,2025-04-03,2025-07-04,92,52,2,124.31,3,2,2,1,8,Bronze
4593,2024-10-26,2025-07-09,256,47,3,211.39,4,2,2,1,9,Bronze
4594,2024-11-27,2025-03-07,100,171,5,335.77,3,1,2,1,7,Bronze
4595,2025-04-26,2025-07-21,86,35,3,341.58,2,2,2,1,7,Bronze
4596,2024-09-01,2025-04-25,236,122,2,81.89,4,1,2,1,8,Bronze
4597,2025-07-27,2025-07-30,3,26,2,35.60,1,3,2,1,7,Bronze
4598,2024-09-02,2025-08-04,336,21,4,138.39,4,3,2,1,10,Silver
4599,2025-02-19,2025-04-09,49,138,2,90.65,2,1,2,1,6,Bronze
4600,2024-09-01,2025-06-28,300,58,6,335.61,4,2,3,1,10,Silver
4601,2024-09-18,2025-08-14,330,11,7,475.12,4,4,3,1,12,Silver
4602,2024-09-09,2025-06-14,278,72,5,148.27,4,1,2,1,8,Bronze
4603,2024-10-19,2024-10-19,0,310,1,14.81,1,1,1,1,4,Bronze
4604,2025-01-23,2025-06-15,143,71,4,210.80,3,1,2,1,7,Bronze
4605,2024-09-28,2024-09-28,0,331,1,123.26,1,1,1,1,4,Bronze
4606,2024-09-06,2025-03-31,206,147,4,58.41,4,1,2,1,8,Bronze
4607,2024-09-16,2025-07-01,288,55,5,309.73,4,2,2,1,9,Bronze
4608,2024-12-11,2025-08-09,241,16,7,393.06,4,3,3,1,11,Silver
4609,2024-10-22,2025-03-19,148,159,4,152.90,3,1,2,1,7,Bronze
4610,2024-08-28,2025-03-31,215,147,4,97.45,4,1,2,1,8,Bronze
4611,2024-09-25,2024-10-11,16,318,2,176.07,1,1,2,1,5,Bronze
4612,2024-08-27,2025-05-25,271,92,6,181.20,4,1,3,1,9,Bronze
4613,2024-09-27,2025-08-21,328,4,7,474.86,4,5,3,1,13,Silver
4614,2024-09-10,2025-08-13,337,12,3,74.02,4,4,2,1,11,Silver
4615,2024-09-07,2025-03-24,198,154,5,286.26,4,1,2,1,8,Bronze
4616,2024-09-29,2025-08-15,320,10,4,339.11,4,4,2,1,11,Silver
4617,2024-09-27,2025-08-22,329,3,7,499.61,4,5,3,1,13,Silver
4618,2024-10-18,2025-08-09,295,16,3,108.17,4,3,2,1,10,Silver
4619,2024-09-06,2025-07-30,327,26,4,114.58,4,3,2,1,10,Silver
4620,2024-10-14,2025-04-17,185,130,2,91.71,4,1,2,1,8,Bronze
4621,2024-11-15,2025-05-06,172,111,3,97.91,3,1,2,1,7,Bronze
4622,2024-08-30,2025-08-20,355,5,9,292.99,4,5,3,1,13,Silver
4623,2024-10-28,2025-07-31,276,25,6,338.10,4,3,3,1,11,Silver
4624,2024-10-21,2025-08-24,307,1,5,222.86,4,5,2,1,12,Silver
4625,2024-09-04,2025-06-29,298,57,6,195.31,4,2,3,1,10,Silver
4626,2025-02-21,2025-08-21,181,4,5,267.16,4,5,2,1,12,Silver
4627,2024-10-03,2025-06-04,244,82,4,178.59,4,1,2,1,8,Bronze
4628,2025-05-08,2025-05-08,0,109,1,44.37,1,1,1,1,4,Bronze
4629,2024-11-02,2024-12-03,31,265,3,162.36,2,1,2,1,6,Bronze
4630,2024-12-11,2025-07-15,216,41,2,124.53,4,2,2,1,9,Bronze
4631,2025-02-15,2025-02-15,0,191,1,64.52,1,1,1,1,4,Bronze
4632,2024-10-08,2025-04-18,192,129,2,89.69,4,1,2,1,8,Bronze
4633,2025-02-06,2025-07-04,148,52,5,332.15,3,2,2,1,8,Bronze
4634,2024-10-30,2025-07-09,252,47,3,72.70,4,2,2,1,9,Bronze
4635,2024-08-28,2025-08-05,342,20,13,536.75,4,3,4,2,13,Silver
4636,2024-09-04,2025-07-28,327,28,3,54.33,4,3,2,1,10,Silver
4637,2024-09-16,2025-06-17,274,69,6,229.13,4,1,3,1,9,Bronze
4638,2024-10-22,2025-08-01,283,24,4,93.62,4,3,2,1,10,Silver
4639,2024-11-17,2025-06-14,209,72,3,36.28,4,1,2,1,8,Bronze
4640,2024-12-15,2025-02-23,70,183,2,209.81,2,1,2,1,6,Bronze
4641,2024-11-29,2025-02-22,85,184,2,235.65,2,1,2,1,6,Bronze
4642,2024-10-07,2025-08-16,313,9,4,230.43,4,4,2,1,11,Silver
4643,2024-12-22,2025-03-18,86,160,5,82.54,2,1,2,1,6,Bronze
4644,2024-12-17,2025-07-06,201,50,8,732.40,4,2,3,2,11,Silver
4645,2024-09-16,2025-05-19,245,98,5,269.68,4,1,2,1,8,Bronze
4646,2024-09-27,2025-08-12,319,13,8,506.71,4,4,3,2,13,Silver
4647,2024-09-18,2025-06-20,275,66,4,139.93,4,1,2,1,8,Bronze
4648,2024-09-03,2025-05-27,266,90,7,497.05,4,1,3,1,9,Bronze
4649,2024-09-12,2025-08-17,339,8,6,159.83,4,4,3,1,12,Silver
4650,2025-01-23,2025-08-18,207,7,2,33.95,4,4,2,1,11,Silver
4651,2024-09-04,2025-07-27,326,29,8,449.37,4,3,3,1,11,Silver
4653,2024-09-10,2025-06-24,287,62,3,178.69,4,1,2,1,8,Bronze
4654,2024-10-07,2025-08-07,304,18,9,563.15,4,3,3,2,12,Silver
4655,2024-09-04,2025-08-24,354,1,6,112.05,4,5,3,1,13,Silver
4656,2024-10-14,2024-10-14,0,315,1,95.36,1,1,1,1,4,Bronze
4657,2024-09-11,2025-05-05,236,112,3,250.10,4,1,2,1,8,Bronze
4658,2024-09-05,2025-05-15,252,102,3,102.21,4,1,2,1,8,Bronze
4659,2024-10-13,2025-05-22,221,95,5,175.83,4,1,2,1,8,Bronze
4660,2024-09-22,2025-08-06,318,19,5,459.46,4,3,2,1,10,Silver
4661,2024-09-28,2025-05-24,238,93,5,420.10,4,1,2,1,8,Bronze
4662,2024-10-07,2025-05-28,233,89,5,158.02,4,1,2,1,8,Bronze
4663,2024-09-21,2025-07-14,296,42,3,300.50,4,2,2,1,9,Bronze
4664,2024-10-19,2025-05-04,197,113,6,376.44,4,1,3,1,9,Bronze
4665,2024-12-26,2025-08-07,224,18,4,178.11,4,3,2,1,10,Silver
4666,2024-09-07,2025-06-02,268,84,3,102.52,4,1,2,1,8,Bronze
4667,2025-04-09,2025-08-25,138,0,3,137.98,3,5,2,1,11,Silver
4668,2024-11-30,2025-07-11,223,45,4,237.73,4,2,2,1,9,Bronze
4669,2024-09-12,2025-07-09,300,47,5,120.45,4,2,2,1,9,Bronze
4670,2024-08-31,2025-07-30,333,26,5,334.81,4,3,2,1,10,Silver
4671,2024-10-18,2025-01-13,87,224,2,51.12,2,1,2,1,6,Bronze
4672,2024-12-26,2025-07-08,194,48,4,122.64,4,2,2,1,9,Bronze
4673,2024-11-25,2025-07-06,223,50,6,556.28,4,2,3,2,11,Silver
4674,2024-08-31,2025-08-24,358,1,5,168.66,4,5,2,1,12,Silver
4675,2024-09-01,2025-03-29,209,149,5,165.56,4,1,2,1,8,Bronze
4676,2024-09-08,2025-07-02,297,54,5,315.00,4,2,2,1,9,Bronze
4677,2024-12-20,2025-03-18,88,160,4,95.58,2,1,2,1,6,Bronze
4678,2024-10-19,2025-02-11,115,195,3,94.61,3,1,2,1,7,Bronze
4679,2024-12-29,2025-07-17,200,39,4,259.51,4,2,2,1,9,Bronze
4680,2024-09-09,2025-03-08,180,170,7,710.79,4,1,3,2,10,Silver
4681,2024-10-01,2025-04-14,195,133,4,96.05,4,1,2,1,8,Bronze
4682,2024-09-06,2025-06-12,279,74,5,222.49,4,1,2,1,8,Bronze
4683,2024-09-02,2024-12-15,104,253,4,244.22,3,1,2,1,7,Bronze
4684,2025-02-03,2025-05-14,100,103,2,244.55,3,1,2,1,7,Bronze
4685,2025-06-01,2025-06-01,0,85,1,61.83,1,1,1,1,4,Bronze
4686,2024-09-25,2025-06-20,268,66,7,454.29,4,1,3,1,9,Bronze
4687,2024-09-08,2025-08-16,342,9,8,391.21,4,4,3,1,12,Silver
4688,2024-12-07,2025-05-25,169,92,4,167.21,3,1,2,1,7,Bronze
4689,2025-01-13,2025-06-10,148,76,3,117.21,3,1,2,1,7,Bronze
4690,2025-04-06,2025-07-09,94,47,2,52.52,3,2,2,1,8,Bronze
4691,2024-12-18,2025-06-05,169,81,3,287.57,3,1,2,1,7,Bronze
4692,2024-11-08,2025-03-20,132,158,2,54.90,3,1,2,1,7,Bronze
4693,2024-11-22,2025-05-06,165,111,3,149.36,3,1,2,1,7,Bronze
4694,2024-09-04,2025-07-09,308,47,5,183.57,4,2,2,1,9,Bronze
4695,2025-02-03,2025-06-23,140,63,5,441.97,3,1,2,1,7,Bronze
4696,2024-09-08,2025-08-17,343,8,4,181.61,4,4,2,1,11,Silver
4697,2025-02-12,2025-05-03,80,114,3,116.31,2,1,2,1,6,Bronze
4698,2024-08-29,2025-06-29,304,57,2,124.95,4,2,2,1,9,Bronze
4699,2024-09-16,2025-03-22,187,156,4,188.27,4,1,2,1,8,Bronze
4700,2024-08-30,2025-06-05,279,81,4,184.29,4,1,2,1,8,Bronze
4701,2024-09-11,2025-06-14,276,72,5,244.22,4,1,2,1,8,Bronze
4702,2025-02-13,2025-08-13,181,12,6,355.43,4,4,3,1,12,Silver
4703,2024-09-23,2025-03-29,187,149,7,403.79,4,1,3,1,9,Bronze
4704,2024-10-20,2025-06-08,231,78,5,250.03,4,1,2,1,8,Bronze
4705,2025-01-29,2025-04-26,87,121,3,185.09,2,1,2,1,6,Bronze
4706,2025-01-07,2025-03-17,69,161,3,128.78,2,1,2,1,6,Bronze
4707,2024-11-26,2024-11-26,0,272,1,121.39,1,1,1,1,4,Bronze
4708,2024-09-21,2025-06-13,265,73,6,447.85,4,1,3,1,9,Bronze
4709,2024-10-07,2025-07-17,283,39,5,211.94,4,2,2,1,9,Bronze
4710,2024-09-28,2025-01-18,112,219,3,118.94,3,1,2,1,7,Bronze
4711,2025-01-28,2025-05-26,118,91,3,71.15,3,1,2,1,7,Bronze
4712,2024-10-11,2025-06-19,251,67,10,362.36,4,1,4,1,10,Silver
4713,2025-01-02,2025-08-14,224,11,3,267.93,4,4,2,1,11,Silver
4714,2024-12-13,2025-08-10,240,15,4,440.48,4,4,2,1,11,Silver
4715,2024-09-27,2025-07-24,300,32,4,274.80,4,2,2,1,9,Bronze
4716,2025-03-28,2025-06-10,74,76,3,81.19,2,1,2,1,6,Bronze
4717,2024-10-05,2025-04-06,183,141,3,88.63,4,1,2,1,8,Bronze
4718,2024-09-09,2025-07-02,296,54,2,167.97,4,2,2,1,9,Bronze
4719,2024-10-02,2025-04-22,202,125,5,271.58,4,1,2,1,8,Bronze
4720,2024-09-05,2024-09-05,0,354,1,4.25,1,1,1,1,4,Bronze
4721,2024-12-14,2024-12-14,0,254,1,103.94,1,1,1,1,4,Bronze
4722,2025-08-10,2025-08-10,0,15,1,19.51,1,4,1,1,7,Bronze
4723,2024-09-06,2025-07-10,307,46,7,267.50,4,2,3,1,10,Silver
4724,2024-09-17,2025-08-25,342,0,7,315.09,4,5,3,1,13,Silver
4725,2025-04-23,2025-07-30,98,26,4,326.68,3,3,2,1,9,Bronze
4726,2024-12-14,2025-05-11,148,106,2,195.86,3,1,2,1,7,Bronze
4727,2024-09-28,2025-07-17,292,39,5,197.82,4,2,2,1,9,Bronze
4728,2024-10-05,2025-08-06,305,19,7,450.71,4,3,3,1,11,Silver
4729,2024-08-27,2025-04-05,221,142,2,21.94,4,1,2,1,8,Bronze
4730,2024-10-02,2025-05-07,217,110,4,231.90,4,1,2,1,8,Bronze
4731,2024-12-26,2025-04-24,119,123,3,225.37,3,1,2,1,7,Bronze
4732,2024-10-05,2025-06-16,254,70,4,214.13,4,1,2,1,8,Bronze
4733,2024-09-07,2025-08-02,329,23,7,429.08,4,3,3,1,11,Silver
4734,2024-09-26,2025-06-25,272,61,6,235.84,4,1,3,1,9,Bronze
4735,2024-10-19,2025-06-21,245,65,4,190.65,4,1,2,1,8,Bronze
4736,2024-11-08,2025-05-19,192,98,2,47.38,4,1,2,1,8,Bronze
4737,2024-09-17,2025-04-02,197,145,2,110.22,4,1,2,1,8,Bronze
4738,2024-09-22,2025-07-06,287,50,4,276.86,4,2,2,1,9,Bronze
4739,2025-01-17,2025-03-18,60,160,2,68.55,2,1,2,1,6,Bronze
4740,2024-10-29,2025-02-03,97,203,4,341.32,3,1,2,1,7,Bronze
4741,2025-05-14,2025-05-23,9,94,2,53.73,1,1,2,1,5,Bronze
4742,2024-09-18,2025-04-28,222,119,5,398.48,4,1,2,1,8,Bronze
4743,2024-10-20,2024-10-20,0,309,1,45.12,1,1,1,1,4,Bronze
4744,2025-03-25,2025-07-15,112,41,3,232.23,3,2,2,1,8,Bronze
4745,2025-02-25,2025-07-21,146,35,3,134.41,3,2,2,1,8,Bronze
4746,2025-01-17,2025-07-26,190,30,3,118.77,4,3,2,1,10,Silver
4747,2024-12-29,2025-07-27,210,29,4,242.85,4,3,2,1,10,Silver
4748,2024-09-12,2025-06-28,289,58,5,296.38,4,2,2,1,9,Bronze
4749,2024-12-02,2025-08-09,250,16,8,525.42,4,3,3,2,12,Silver
4750,2024-09-01,2025-08-25,358,0,10,428.58,4,5,4,1,14,Silver
4751,2024-10-14,2025-04-14,182,133,2,70.81,4,1,2,1,8,Bronze
4752,2024-09-25,2025-05-25,242,92,5,264.56,4,1,2,1,8,Bronze
4753,2024-09-28,2025-08-14,320,11,6,232.79,4,4,3,1,12,Silver
4754,2024-09-04,2025-06-15,284,71,8,462.22,4,1,3,1,9,Bronze
4755,2025-05-30,2025-06-16,17,70,2,87.14,1,1,2,1,5,Bronze
4756,2024-09-03,2025-06-18,288,68,4,226.13,4,1,2,1,8,Bronze
4757,2024-11-10,2025-03-27,137,151,5,268.79,3,1,2,1,7,Bronze
4758,2024-08-26,2024-08-26,0,364,1,8.82,1,1,1,1,4,Bronze
4759,2024-09-18,2025-07-10,295,46,4,275.41,4,2,2,1,9,Bronze
4760,2024-12-05,2025-07-12,219,44,7,284.93,4,2,3,1,10,Silver
4761,2024-08-28,2025-07-03,309,53,6,348.59,4,2,3,1,10,Silver
4762,2024-08-27,2025-08-12,350,13,4,211.74,4,4,2,1,11,Silver
4763,2024-08-30,2024-08-30,0,360,1,8.83,1,1,1,1,4,Bronze
4764,2025-01-09,2025-03-29,79,149,2,38.86,2,1,2,1,6,Bronze
4765,2024-10-09,2025-07-22,286,34,5,286.13,4,2,2,1,9,Bronze
4766,2024-09-02,2025-07-15,316,41,5,160.18,4,2,2,1,9,Bronze
4767,2024-10-15,2025-03-30,166,148,4,134.25,3,1,2,1,7,Bronze
4768,2024-08-26,2025-02-11,169,195,3,180.37,3,1,2,1,7,Bronze
4769,2024-10-19,2024-12-07,49,261,5,348.90,2,1,2,1,6,Bronze
4770,2024-12-15,2024-12-15,0,253,1,6.66,1,1,1,1,4,Bronze
4771,2024-09-26,2025-08-17,325,8,6,190.55,4,4,3,1,12,Silver
4773,2025-01-16,2025-01-16,0,221,1,31.26,1,1,1,1,4,Bronze
4774,2024-09-26,2025-08-04,312,21,6,215.50,4,3,3,1,11,Silver
4775,2024-10-24,2025-01-05,73,232,4,126.78,2,1,2,1,6,Bronze
4776,2025-06-17,2025-08-07,51,18,3,129.39,2,3,2,1,8,Bronze
4777,2024-11-22,2025-08-23,274,2,3,205.19,4,5,2,1,12,Silver
4778,2024-08-28,2025-08-01,338,24,3,99.07,4,3,2,1,10,Silver
4779,2024-10-11,2025-07-23,285,33,4,189.30,4,2,2,1,9,Bronze
4780,2024-10-20,2025-08-04,288,21,3,80.46,4,3,2,1,10,Silver
4781,2024-10-06,2025-08-09,307,16,6,313.22,4,3,3,1,11,Silver
4782,2024-08-26,2025-08-13,352,12,7,256.13,4,4,3,1,12,Silver
4783,2024-12-18,2025-07-18,212,38,5,389.57,4,2,2,1,9,Bronze
4784,2024-11-12,2025-06-27,227,59,3,171.77,4,2,2,1,9,Bronze
4785,2024-12-10,2025-01-16,37,221,2,104.04,2,1,2,1,6,Bronze
4786,2024-12-21,2025-06-23,184,63,6,204.73,4,1,3,1,9,Bronze
4787,2024-09-18,2025-08-16,332,9,9,696.53,4,4,3,2,13,Silver
4788,2024-09-30,2025-04-19,201,128,5,349.96,4,1,2,1,8,Bronze
4789,2024-10-08,2025-05-14,218,103,5,171.90,4,1,2,1,8,Bronze
4790,2024-11-22,2025-07-28,248,28,6,352.11,4,3,3,1,11,Silver
4791,2025-01-14,2025-07-20,187,36,5,78.12,4,2,2,1,9,Bronze
4792,2024-10-03,2025-08-16,317,9,6,277.61,4,4,3,1,12,Silver
4793,2024-09-12,2025-05-31,261,86,4,102.36,4,1,2,1,8,Bronze
4794,2024-09-27,2025-07-04,280,52,3,172.09,4,2,2,1,9,Bronze
4795,2025-03-07,2025-03-07,0,171,1,9.05,1,1,1,1,4,Bronze
4796,2024-11-26,2025-06-17,203,69,5,428.36,4,1,2,1,8,Bronze
4797,2025-04-11,2025-06-08,58,78,2,66.88,2,1,2,1,6,Bronze
4798,2024-10-31,2025-08-18,291,7,4,181.80,4,4,2,1,11,Silver
4799,2024-10-01,2025-01-07,98,230,3,178.45,3,1,2,1,7,Bronze
4800,2024-10-06,2025-08-23,321,2,3,112.90,4,5,2,1,12,Silver
4801,2024-09-13,2025-05-26,255,91,2,150.42,4,1,2,1,8,Bronze
4802,2024-09-07,2025-08-15,342,10,7,394.73,4,4,3,1,12,Silver
4803,2024-09-17,2025-08-25,342,0,5,242.30,4,5,2,1,12,Silver
4804,2025-01-13,2025-06-06,144,80,2,57.10,3,1,2,1,7,Bronze
4805,2024-09-16,2025-07-20,307,36,6,300.53,4,2,3,1,10,Silver
4806,2024-10-05,2025-05-06,213,111,2,179.94,4,1,2,1,8,Bronze
4807,2024-09-16,2025-06-30,287,56,7,447.81,4,2,3,1,10,Silver
4809,2024-11-30,2025-08-16,259,9,2,78.62,4,4,2,1,11,Silver
4810,2024-11-24,2025-04-22,149,125,4,416.86,3,1,2,1,7,Bronze
4811,2024-10-03,2025-08-22,323,3,5,297.32,4,5,2,1,12,Silver
4812,2024-09-05,2025-04-27,234,120,2,49.64,4,1,2,1,8,Bronze
4813,2024-12-27,2025-06-21,176,65,3,152.84,3,1,2,1,7,Bronze
4814,2024-11-22,2025-08-10,261,15,3,238.25,4,4,2,1,11,Silver
4815,2024-11-25,2025-05-29,185,88,5,429.49,4,1,2,1,8,Bronze
4816,2024-09-01,2025-07-06,308,50,4,113.71,4,2,2,1,9,Bronze
4817,2024-10-18,2024-11-18,31,280,2,154.75,2,1,2,1,6,Bronze
4818,2025-04-05,2025-06-11,67,75,3,136.48,2,1,2,1,6,Bronze
4819,2025-02-15,2025-07-08,143,48,4,393.96,3,2,2,1,8,Bronze
4820,2024-11-15,2024-11-15,0,283,1,75.09,1,1,1,1,4,Bronze
4821,2024-09-07,2025-07-11,307,45,6,268.85,4,2,3,1,10,Silver
4822,2024-10-09,2025-05-19,222,98,7,386.47,4,1,3,1,9,Bronze
4823,2025-01-14,2025-07-16,183,40,4,129.08,4,2,2,1,9,Bronze
4824,2025-04-12,2025-06-25,74,61,2,200.20,2,1,2,1,6,Bronze
4825,2025-04-24,2025-04-24,0,123,1,12.12,1,1,1,1,4,Bronze
4826,2025-01-06,2025-08-13,219,12,6,323.35,4,4,3,1,12,Silver
4827,2024-11-30,2024-11-30,0,268,1,53.06,1,1,1,1,4,Bronze
4828,2024-09-23,2025-08-03,314,22,4,198.28,4,3,2,1,10,Silver
4829,2025-06-20,2025-06-20,0,66,1,1.33,1,1,1,1,4,Bronze
4830,2024-09-12,2025-08-05,327,20,4,181.36,4,3,2,1,10,Silver
4831,2024-11-23,2025-06-13,202,73,2,150.76,4,1,2,1,8,Bronze
4832,2024-09-19,2025-07-27,311,29,3,235.24,4,3,2,1,10,Silver
4833,2024-09-12,2025-08-05,327,20,5,308.83,4,3,2,1,10,Silver
4834,2025-05-07,2025-05-07,0,110,1,97.53,1,1,1,1,4,Bronze
4835,2024-11-25,2025-08-21,269,4,4,56.91,4,5,2,1,12,Silver
4836,2024-09-01,2025-08-19,352,6,5,225.69,4,4,2,1,11,Silver
4837,2024-11-23,2025-05-20,178,97,4,455.95,3,1,2,1,7,Bronze
4838,2024-10-27,2025-07-26,272,30,4,115.81,4,3,2,1,10,Silver
4839,2024-11-12,2025-06-26,226,60,3,164.35,4,2,2,1,9,Bronze
4840,2024-10-03,2025-07-28,298,28,3,187.14,4,3,2,1,10,Silver
4841,2024-12-18,2025-07-03,197,53,3,135.29,4,2,2,1,9,Bronze
4842,2024-08-31,2025-08-10,344,15,6,494.74,4,4,3,1,12,Silver
4843,2024-11-08,2025-07-03,237,53,4,155.82,4,2,2,1,9,Bronze
4844,2025-05-28,2025-05-28,0,89,1,10.56,1,1,1,1,4,Bronze
4845,2024-09-28,2025-05-18,232,99,4,204.22,4,1,2,1,8,Bronze
4846,2024-11-17,2025-07-23,248,33,4,214.96,4,2,2,1,9,Bronze
4847,2025-01-12,2025-06-22,161,64,4,203.00,3,1,2,1,7,Bronze
4848,2025-03-11,2025-03-11,0,167,1,35.61,1,1,1,1,4,Bronze
4849,2024-12-16,2025-03-28,102,150,5,200.45,3,1,2,1,7,Bronze
4850,2024-09-21,2025-05-15,236,102,4,108.31,4,1,2,1,8,Bronze
4851,2024-10-05,2025-04-13,190,134,3,104.64,4,1,2,1,8,Bronze
4852,2024-10-12,2024-10-18,6,311,2,91.71,1,1,2,1,5,Bronze
4853,2024-09-06,2024-12-20,105,248,5,300.79,3,1,2,1,7,Bronze
4854,2024-09-04,2025-06-04,273,82,3,72.29,4,1,2,1,8,Bronze
4855,2024-10-20,2025-07-15,268,41,8,313.47,4,2,3,1,10,Silver
4856,2024-10-04,2024-10-12,8,317,3,160.04,1,1,2,1,5,Bronze
4857,2024-12-24,2025-03-07,73,171,2,93.14,2,1,2,1,6,Bronze
4858,2024-10-16,2025-08-16,304,9,5,151.33,4,4,2,1,11,Silver
4859,2024-10-26,2025-08-20,298,5,7,164.68,4,5,3,1,13,Silver
4860,2024-12-18,2025-08-11,236,14,2,90.27,4,4,2,1,11,Silver
4861,2024-08-30,2025-05-24,267,93,6,291.60,4,1,3,1,9,Bronze
4862,2024-11-13,2025-04-06,144,141,2,82.38,3,1,2,1,7,Bronze
4863,2024-10-05,2024-10-05,0,324,1,5.97,1,1,1,1,4,Bronze
4864,2024-10-07,2025-08-22,319,3,7,369.98,4,5,3,1,13,Silver
4865,2025-01-19,2025-08-11,204,14,5,144.17,4,4,2,1,11,Silver
4866,2024-10-19,2025-08-03,288,22,6,303.76,4,3,3,1,11,Silver
4867,2024-09-11,2025-05-08,239,109,6,441.78,4,1,3,1,9,Bronze
4868,2024-09-23,2025-03-25,183,153,4,113.13,4,1,2,1,8,Bronze
4869,2025-04-30,2025-04-30,0,117,1,72.07,1,1,1,1,4,Bronze
4870,2024-10-31,2025-08-25,298,0,9,416.83,4,5,3,1,13,Silver
4871,2024-09-12,2025-07-26,317,30,4,268.90,4,3,2,1,10,Silver
4872,2024-09-26,2025-06-16,263,70,4,96.63,4,1,2,1,8,Bronze
4873,2024-08-31,2025-06-14,287,72,8,429.61,4,1,3,1,9,Bronze
4874,2024-08-28,2025-08-12,349,13,6,212.57,4,4,3,1,12,Silver
4875,2024-10-08,2025-07-28,293,28,7,278.84,4,3,3,1,11,Silver
4876,2024-09-20,2024-09-20,0,339,1,25.86,1,1,1,1,4,Bronze
4877,2024-09-07,2025-06-30,296,56,6,224.60,4,2,3,1,10,Silver
4878,2024-10-01,2025-04-20,201,127,3,328.91,4,1,2,1,8,Bronze
4879,2024-08-26,2025-04-11,228,136,5,380.60,4,1,2,1,8,Bronze
4880,2024-09-08,2025-08-09,335,16,4,278.03,4,3,2,1,10,Silver
4881,2024-10-07,2025-07-12,278,44,11,563.34,4,2,4,2,12,Silver
4882,2025-03-20,2025-08-10,143,15,2,46.68,3,4,2,1,10,Silver
4883,2025-02-22,2025-02-22,0,184,1,62.58,1,1,1,1,4,Bronze
4884,2024-09-16,2025-06-04,261,82,2,167.12,4,1,2,1,8,Bronze
4885,2024-09-07,2025-06-07,273,79,4,166.56,4,1,2,1,8,Bronze
4886,2025-01-12,2025-04-02,80,145,2,14.12,2,1,2,1,6,Bronze
4887,2024-12-07,2025-06-12,187,74,3,169.63,4,1,2,1,8,Bronze
4888,2024-12-18,2025-05-09,142,108,2,72.10,3,1,2,1,7,Bronze
4889,2024-09-01,2025-05-03,244,114,4,161.01,4,1,2,1,8,Bronze
4890,2025-04-21,2025-08-19,120,6,3,53.59,3,4,2,1,10,Silver
4891,2024-10-07,2025-04-01,176,146,4,100.46,3,1,2,1,7,Bronze
4892,2024-09-05,2025-02-05,153,201,6,363.33,3,1,3,1,8,Bronze
4893,2025-01-24,2025-03-28,63,150,2,170.37,2,1,2,1,6,Bronze
4894,2024-08-28,2025-06-15,291,71,4,160.54,4,1,2,1,8,Bronze
4895,2024-09-10,2025-06-05,268,81,4,229.25,4,1,2,1,8,Bronze
4896,2025-01-12,2025-07-30,199,26,4,102.14,4,3,2,1,10,Silver
4897,2024-10-18,2025-03-27,160,151,2,72.80,3,1,2,1,7,Bronze
4898,2025-01-08,2025-01-08,0,229,1,33.82,1,1,1,1,4,Bronze
4899,2024-08-28,2025-06-27,303,59,3,96.51,4,2,2,1,9,Bronze
4900,2024-10-16,2025-04-05,171,142,3,111.18,3,1,2,1,7,Bronze
4901,2024-11-09,2025-06-29,232,57,7,359.59,4,2,3,1,10,Silver
4902,2024-09-25,2025-07-10,288,46,7,252.35,4,2,3,1,10,Silver
4903,2024-09-30,2025-04-04,186,143,4,238.43,4,1,2,1,8,Bronze
4904,2024-12-27,2025-07-04,189,52,5,298.50,4,2,2,1,9,Bronze
4905,2024-09-11,2025-07-23,315,33,7,636.47,4,2,3,2,11,Silver
4906,2024-10-02,2025-03-28,177,150,4,290.20,3,1,2,1,7,Bronze
4907,2025-02-27,2025-08-09,163,16,4,307.17,3,3,2,1,9,Bronze
4908,2024-09-03,2025-08-19,350,6,3,179.84,4,4,2,1,11,Silver
4909,2025-01-27,2025-06-05,129,81,3,169.22,3,1,2,1,7,Bronze
4910,2024-12-20,2025-05-24,155,93,4,189.87,3,1,2,1,7,Bronze
4911,2025-02-12,2025-08-22,191,3,2,20.14,4,5,2,1,12,Silver
4912,2024-09-13,2025-05-30,259,87,6,269.82,4,1,3,1,9,Bronze
4913,2024-08-26,2025-02-26,184,180,3,129.76,4,1,2,1,8,Bronze
4914,2025-02-11,2025-07-13,152,43,6,246.11,3,2,3,1,9,Bronze
4915,2024-12-07,2025-08-05,241,20,4,268.24,4,3,2,1,10,Silver
4916,2024-09-23,2025-07-19,299,37,3,173.03,4,2,2,1,9,Bronze
4917,2024-08-28,2025-01-14,139,223,2,9.78,3,1,2,1,7,Bronze
4918,2025-02-11,2025-06-01,110,85,4,302.58,3,1,2,1,7,Bronze
4920,2024-09-22,2025-03-27,186,151,3,120.22,4,1,2,1,8,Bronze
4921,2025-02-08,2025-06-30,142,56,5,414.82,3,2,2,1,8,Bronze
4922,2024-09-17,2025-03-15,179,163,2,71.84,3,1,2,1,7,Bronze
4923,2024-10-22,2025-03-28,157,150,5,320.12,3,1,2,1,7,Bronze
4924,2024-09-07,2025-07-16,312,40,5,251.17,4,2,2,1,9,Bronze
4925,2024-12-02,2025-07-11,221,45,4,189.81,4,2,2,1,9,Bronze
4926,2024-09-08,2025-04-05,209,142,4,323.82,4,1,2,1,8,Bronze
4927,2024-09-08,2025-05-31,265,86,7,485.96,4,1,3,1,9,Bronze
4928,2025-04-17,2025-05-19,32,98,2,209.36,2,1,2,1,6,Bronze
4929,2024-10-10,2025-07-11,274,45,5,132.61,4,2,2,1,9,Bronze
4930,2024-11-26,2025-03-13,107,165,3,189.75,3,1,2,1,7,Bronze
4931,2025-03-23,2025-07-26,125,30,2,97.96,3,3,2,1,9,Bronze
4932,2024-08-31,2025-07-08,311,48,8,482.54,4,2,3,1,10,Silver
4933,2024-10-01,2025-07-29,301,27,4,83.99,4,3,2,1,10,Silver
4934,2024-11-20,2025-03-05,105,173,3,326.71,3,1,2,1,7,Bronze
4935,2024-09-17,2025-06-21,277,65,4,328.74,4,1,2,1,8,Bronze
4936,2024-09-27,2025-07-21,297,35,7,408.45,4,2,3,1,10,Silver
4937,2024-10-14,2025-03-06,143,172,2,88.00,3,1,2,1,7,Bronze
4938,2024-09-20,2025-06-15,268,71,4,142.54,4,1,2,1,8,Bronze
4939,2024-08-28,2025-08-05,342,20,5,376.06,4,3,2,1,10,Silver
4940,2024-10-13,2025-07-18,278,38,2,110.51,4,2,2,1,9,Bronze
4941,2024-12-07,2025-05-17,161,100,4,125.67,3,1,2,1,7,Bronze
4942,2024-09-19,2025-02-18,152,188,5,307.07,3,1,2,1,7,Bronze
4943,2024-10-27,2025-05-15,200,102,4,278.59,4,1,2,1,8,Bronze
4944,2024-11-11,2025-02-15,96,191,4,315.33,3,1,2,1,7,Bronze
4945,2024-10-04,2025-02-28,147,178,4,248.50,3,1,2,1,7,Bronze
4946,2025-02-11,2025-07-04,143,52,2,115.72,3,2,2,1,8,Bronze
4947,2024-09-17,2025-08-02,319,23,5,199.55,4,3,2,1,10,Silver
4948,2024-09-03,2025-01-05,124,232,3,163.19,3,1,2,1,7,Bronze
4949,2025-02-03,2025-08-25,203,0,4,307.95,4,5,2,1,12,Silver
4950,2024-11-15,2025-07-27,254,29,5,216.26,4,3,2,1,10,Silver
4951,2024-12-30,2025-05-30,151,87,6,347.32,3,1,3,1,8,Bronze
4952,2024-09-22,2025-08-18,330,7,4,173.98,4,4,2,1,11,Silver
4953,2024-12-26,2025-07-07,193,49,4,209.70,4,2,2,1,9,Bronze
4954,2024-12-07,2025-06-28,203,58,4,181.43,4,2,2,1,9,Bronze
4955,2024-10-01,2025-05-24,235,93,4,95.27,4,1,2,1,8,Bronze
4956,2025-04-29,2025-07-13,75,43,2,124.80,2,2,2,1,7,Bronze
4957,2025-04-30,2025-07-09,70,47,3,308.93,2,2,2,1,7,Bronze
4958,2024-11-13,2025-07-12,241,44,2,149.86,4,2,2,1,9,Bronze
4959,2024-12-01,2025-07-11,222,45,3,174.87,4,2,2,1,9,Bronze
4960,2024-09-24,2024-12-23,90,245,3,111.06,3,1,2,1,7,Bronze
4961,2024-10-23,2025-07-06,256,50,5,212.30,4,2,2,1,9,Bronze
4962,2025-02-02,2025-02-02,0,204,1,87.71,1,1,1,1,4,Bronze
4963,2024-11-25,2025-08-13,261,12,4,102.33,4,4,2,1,11,Silver
4964,2024-09-05,2025-07-08,306,48,2,218.35,4,2,2,1,9,Bronze
4965,2024-10-07,2025-06-28,264,58,4,290.79,4,2,2,1,9,Bronze
4966,2024-11-28,2025-06-12,196,74,4,152.31,4,1,2,1,8,Bronze
4967,2024-10-04,2025-08-09,309,16,9,463.16,4,3,3,1,11,Silver
4968,2024-09-09,2025-07-25,319,31,4,273.87,4,2,2,1,9,Bronze
4969,2025-01-31,2025-05-30,119,87,3,151.22,3,1,2,1,7,Bronze
4970,2024-09-17,2025-06-05,261,81,4,144.27,4,1,2,1,8,Bronze
4971,2024-11-25,2024-11-25,0,273,1,66.59,1,1,1,1,4,Bronze
4972,2024-09-23,2025-07-04,284,52,4,343.63,4,2,2,1,9,Bronze
4975,2024-10-20,2025-08-02,286,23,5,125.37,4,3,2,1,10,Silver
4976,2024-09-23,2025-05-02,221,115,5,342.90,4,1,2,1,8,Bronze
4977,2024-09-23,2025-05-28,247,89,6,419.15,4,1,3,1,9,Bronze
4978,2024-09-17,2025-07-22,308,34,3,125.23,4,2,2,1,9,Bronze
4979,2025-04-09,2025-04-09,0,138,1,103.40,1,1,1,1,4,Bronze
4980,2024-11-10,2024-12-14,34,254,2,164.23,2,1,2,1,6,Bronze
4981,2025-02-01,2025-07-07,156,49,6,498.81,3,2,3,1,9,Bronze
4982,2024-10-02,2024-10-02,0,327,1,21.77,1,1,1,1,4,Bronze
4983,2024-11-01,2025-06-20,231,66,4,232.36,4,1,2,1,8,Bronze
4984,2024-10-23,2025-07-18,268,38,4,118.28,4,2,2,1,9,Bronze
4986,2024-09-29,2025-04-21,204,126,4,155.96,4,1,2,1,8,Bronze
4987,2025-04-15,2025-08-16,123,9,2,162.30,3,4,2,1,10,Silver
4988,2024-10-23,2025-07-18,268,38,5,392.36,4,2,2,1,9,Bronze
4989,2024-10-08,2025-03-14,157,164,7,370.68,3,1,3,1,8,Bronze
4990,2024-12-23,2025-02-22,61,184,2,103.06,2,1,2,1,6,Bronze
4991,2024-10-04,2025-05-06,214,111,7,345.37,4,1,3,1,9,Bronze
4992,2024-11-29,2025-08-20,264,5,4,168.89,4,5,2,1,12,Silver
4993,2024-11-19,2025-02-06,79,200,3,216.58,2,1,2,1,6,Bronze
4994,2024-10-04,2025-08-14,314,11,4,164.97,4,4,2,1,11,Silver
4995,2024-11-08,2025-06-07,211,79,3,100.63,4,1,2,1,8,Bronze
4996,2024-11-17,2025-08-02,258,23,6,236.13,4,3,3,1,11,Silver
4997,2024-09-24,2025-06-23,272,63,6,427.78,4,1,3,1,9,Bronze
4998,2025-02-14,2025-07-24,160,32,2,57.27,3,2,2,1,8,Bronze
4999,2024-11-30,2025-06-07,189,79,5,269.78,4,1,2,1,8,Bronze
5000,2024-10-03,2024-12-23,81,245,3,119.87,2,1,2,1,6,Bronze
